num_gpus	runtime_s	prefill_time_s	decode_time_s	performance_1_over_s	total_flops	achieved_flops_per_s	peak_flops_per_gpu	mfu	memory_exceeded	memory_violation_gb	eval_wall_time_s	parallelism
128	573.447684	nan	nan	0.001744	6.861550e+18	1.196543e+16	3.118694e+14	0.299741	False	0.000000	89.219485	{'tp': 4, 'cp': 1, 'pp': 32, 'mb': 32, 'tp_sp': True, 'train': {'dp': 1, 'ep': 1, 'tp_ep': True}, 'inference': {'replica_count': 1, 'moe_dp': 1}}
512	211.649981	nan	nan	0.004725	6.861550e+18	3.241933e+16	3.118694e+14	0.203030	False	0.000000	131.080476	{'tp': 16, 'cp': 1, 'pp': 32, 'mb': 32, 'tp_sp': True, 'train': {'dp': 1, 'ep': 1, 'tp_ep': True}, 'inference': {'replica_count': 1, 'moe_dp': 1}}
128	601.457128	nan	nan	0.001663	6.861550e+18	1.140821e+16	3.118694e+14	0.285782	False	0.000000	131.560578	{'tp': 8, 'cp': 1, 'pp': 16, 'mb': 16, 'tp_sp': True, 'train': {'dp': 1, 'ep': 1, 'tp_ep': True}, 'inference': {'replica_count': 1, 'moe_dp': 1}}
256	347.348811	nan	nan	0.002879	6.861550e+18	1.975406e+16	3.118694e+14	0.247425	False	0.000000	144.603924	{'tp': 16, 'cp': 1, 'pp': 16, 'mb': 16, 'tp_sp': True, 'train': {'dp': 1, 'ep': 1, 'tp_ep': True}, 'inference': {'replica_count': 1, 'moe_dp': 1}}
512	224.832460	nan	nan	0.004448	6.861550e+18	3.051850e+16	3.118694e+14	0.191126	False	0.000000	344.387248	{'tp': 64, 'cp': 1, 'pp': 8, 'mb': 8, 'tp_sp': True, 'train': {'dp': 1, 'ep': 1, 'tp_ep': True}, 'inference': {'replica_count': 1, 'moe_dp': 1}}
128	534.344478	nan	nan	0.001871	6.861550e+18	1.284106e+16	3.118694e+14	0.321676	False	0.000000	215.933585	{'tp': 16, 'cp': 1, 'pp': 4, 'mb': 4, 'tp_sp': True, 'train': {'dp': 2, 'ep': 1, 'tp_ep': True}, 'inference': {'replica_count': 1, 'moe_dp': 1}}
256	293.455194	nan	nan	0.003408	6.861550e+18	2.338193e+16	3.118694e+14	0.292865	False	0.000000	220.661312	{'tp': 32, 'cp': 1, 'pp': 4, 'mb': 4, 'tp_sp': True, 'train': {'dp': 2, 'ep': 1, 'tp_ep': True}, 'inference': {'replica_count': 1, 'moe_dp': 1}}
128	473.752583	nan	nan	0.002111	6.861550e+18	1.448340e+16	3.118694e+14	0.362817	False	0.000000	400.050475	{'tp': 32, 'cp': 1, 'pp': 2, 'mb': 2, 'tp_sp': True, 'train': {'dp': 2, 'ep': 1, 'tp_ep': True}, 'inference': {'replica_count': 1, 'moe_dp': 1}}
128	586.361106	nan	nan	0.001705	6.861550e+18	1.170192e+16	3.118694e+14	0.293139	False	0.000000	403.154050	{'tp': 32, 'cp': 1, 'pp': 4, 'mb': 4, 'tp_sp': True, 'train': {'dp': 1, 'ep': 1, 'tp_ep': True}, 'inference': {'replica_count': 1, 'moe_dp': 1}}
512	173.555098	nan	nan	0.005762	6.861550e+18	3.953528e+16	3.118694e+14	0.247595	False	0.000000	272.256517	{'tp': 64, 'cp': 1, 'pp': 4, 'mb': 4, 'tp_sp': True, 'train': {'dp': 2, 'ep': 1, 'tp_ep': True}, 'inference': {'replica_count': 1, 'moe_dp': 1}}
1024	156.942200	nan	nan	0.006372	6.861550e+18	4.372024e+16	3.118694e+14	0.136902	False	0.000000	432.836155	{'tp': 64, 'cp': 1, 'pp': 16, 'mb': 16, 'tp_sp': True, 'train': {'dp': 1, 'ep': 1, 'tp_ep': True}, 'inference': {'replica_count': 1, 'moe_dp': 1}}
128	557.390582	nan	nan	0.001794	6.861550e+18	1.231013e+16	3.118694e+14	0.308375	False	0.000000	126.863743	{'tp': 8, 'cp': 1, 'pp': 8, 'mb': 8, 'tp_sp': True, 'train': {'dp': 2, 'ep': 1, 'tp_ep': True}, 'inference': {'replica_count': 1, 'moe_dp': 1}}
256	303.345948	nan	nan	0.003297	6.861550e+18	2.261955e+16	3.118694e+14	0.283316	False	0.000000	129.881690	{'tp': 16, 'cp': 1, 'pp': 8, 'mb': 8, 'tp_sp': True, 'train': {'dp': 2, 'ep': 1, 'tp_ep': True}, 'inference': {'replica_count': 1, 'moe_dp': 1}}
128	556.243621	nan	nan	0.001798	6.861550e+18	1.233551e+16	3.118694e+14	0.309011	False	0.000000	81.991319	{'tp': 4, 'cp': 1, 'pp': 16, 'mb': 16, 'tp_sp': True, 'train': {'dp': 2, 'ep': 1, 'tp_ep': True}, 'inference': {'replica_count': 1, 'moe_dp': 1}}
256	301.936274	nan	nan	0.003312	6.861550e+18	2.272516e+16	3.118694e+14	0.284639	False	0.000000	80.920386	{'tp': 8, 'cp': 1, 'pp': 16, 'mb': 16, 'tp_sp': True, 'train': {'dp': 2, 'ep': 1, 'tp_ep': True}, 'inference': {'replica_count': 1, 'moe_dp': 1}}
512	176.264726	nan	nan	0.005673	6.861550e+18	3.892753e+16	3.118694e+14	0.243789	False	0.000000	146.362059	{'tp': 32, 'cp': 1, 'pp': 8, 'mb': 8, 'tp_sp': True, 'train': {'dp': 2, 'ep': 1, 'tp_ep': True}, 'inference': {'replica_count': 1, 'moe_dp': 1}}
256	266.841782	nan	nan	0.003748	6.861550e+18	2.571393e+16	3.118694e+14	0.322074	False	0.000000	420.365001	{'tp': 64, 'cp': 1, 'pp': 2, 'mb': 2, 'tp_sp': True, 'train': {'dp': 2, 'ep': 1, 'tp_ep': True}, 'inference': {'replica_count': 1, 'moe_dp': 1}}
512	174.816696	nan	nan	0.005720	6.861550e+18	3.924997e+16	3.118694e+14	0.245808	False	0.000000	92.819096	{'tp': 16, 'cp': 1, 'pp': 16, 'mb': 16, 'tp_sp': True, 'train': {'dp': 2, 'ep': 1, 'tp_ep': True}, 'inference': {'replica_count': 1, 'moe_dp': 1}}
128	556.777952	nan	nan	0.001796	6.861550e+18	1.232367e+16	3.118694e+14	0.308715	False	0.000000	62.233878	{'tp': 2, 'cp': 1, 'pp': 32, 'mb': 32, 'tp_sp': True, 'train': {'dp': 2, 'ep': 1, 'tp_ep': True}, 'inference': {'replica_count': 1, 'moe_dp': 1}}
256	289.148516	nan	nan	0.003458	6.861550e+18	2.373019e+16	3.118694e+14	0.297227	False	0.000000	60.712658	{'tp': 4, 'cp': 1, 'pp': 32, 'mb': 32, 'tp_sp': True, 'train': {'dp': 2, 'ep': 1, 'tp_ep': True}, 'inference': {'replica_count': 1, 'moe_dp': 1}}
512	168.336218	nan	nan	0.005940	6.861550e+18	4.076099e+16	3.118694e+14	0.255271	False	0.000000	69.189421	{'tp': 8, 'cp': 1, 'pp': 32, 'mb': 32, 'tp_sp': True, 'train': {'dp': 2, 'ep': 1, 'tp_ep': True}, 'inference': {'replica_count': 1, 'moe_dp': 1}}
1024	111.223166	nan	nan	0.008991	6.861550e+18	6.169174e+16	3.118694e+14	0.193176	False	0.000000	147.743732	{'tp': 32, 'cp': 1, 'pp': 16, 'mb': 16, 'tp_sp': True, 'train': {'dp': 2, 'ep': 1, 'tp_ep': True}, 'inference': {'replica_count': 1, 'moe_dp': 1}}
1024	107.945103	nan	nan	0.009264	6.861550e+18	6.356518e+16	3.118694e+14	0.199043	False	0.000000	106.154327	{'tp': 16, 'cp': 1, 'pp': 32, 'mb': 32, 'tp_sp': True, 'train': {'dp': 2, 'ep': 1, 'tp_ep': True}, 'inference': {'replica_count': 1, 'moe_dp': 1}}
1024	112.987105	nan	nan	0.008851	6.861550e+18	6.072861e+16	3.118694e+14	0.190161	False	0.000000	255.014020	{'tp': 64, 'cp': 1, 'pp': 8, 'mb': 8, 'tp_sp': True, 'train': {'dp': 2, 'ep': 1, 'tp_ep': True}, 'inference': {'replica_count': 1, 'moe_dp': 1}}
128	508.602736	nan	nan	0.001966	6.861550e+18	1.349098e+16	3.118694e+14	0.337956	False	0.000000	123.246637	{'tp': 8, 'cp': 1, 'pp': 4, 'mb': 4, 'tp_sp': True, 'train': {'dp': 4, 'ep': 1, 'tp_ep': True}, 'inference': {'replica_count': 1, 'moe_dp': 1}}
2048	77.725736	nan	nan	0.012866	6.861550e+18	8.827900e+16	3.118694e+14	0.138215	False	0.000000	232.095605	{'tp': 32, 'cp': 1, 'pp': 32, 'mb': 32, 'tp_sp': True, 'train': {'dp': 2, 'ep': 1, 'tp_ep': True}, 'inference': {'replica_count': 1, 'moe_dp': 1}}
128	445.165826	nan	nan	0.002246	6.861550e+18	1.541347e+16	3.118694e+14	0.386116	False	0.000000	215.054617	{'tp': 16, 'cp': 1, 'pp': 2, 'mb': 2, 'tp_sp': True, 'train': {'dp': 4, 'ep': 1, 'tp_ep': True}, 'inference': {'replica_count': 1, 'moe_dp': 1}}
256	237.287498	nan	nan	0.004214	6.861550e+18	2.891661e+16	3.118694e+14	0.362188	False	0.000000	213.490725	{'tp': 32, 'cp': 1, 'pp': 2, 'mb': 2, 'tp_sp': True, 'train': {'dp': 4, 'ep': 1, 'tp_ep': True}, 'inference': {'replica_count': 1, 'moe_dp': 1}}
256	267.786094	nan	nan	0.003734	6.861550e+18	2.562325e+16	3.118694e+14	0.320938	False	0.000000	118.015869	{'tp': 16, 'cp': 1, 'pp': 4, 'mb': 4, 'tp_sp': True, 'train': {'dp': 4, 'ep': 1, 'tp_ep': True}, 'inference': {'replica_count': 1, 'moe_dp': 1}}
128	533.966268	nan	nan	0.001873	6.861550e+18	1.285016e+16	3.118694e+14	0.321903	False	0.000000	78.266684	{'tp': 4, 'cp': 1, 'pp': 8, 'mb': 8, 'tp_sp': True, 'train': {'dp': 4, 'ep': 1, 'tp_ep': True}, 'inference': {'replica_count': 1, 'moe_dp': 1}}
2048	79.536010	nan	nan	0.012573	6.861550e+18	8.626973e+16	3.118694e+14	0.135069	False	0.000000	383.336866	{'tp': 64, 'cp': 1, 'pp': 16, 'mb': 16, 'tp_sp': True, 'train': {'dp': 2, 'ep': 1, 'tp_ep': True}, 'inference': {'replica_count': 1, 'moe_dp': 1}}
512	133.818284	nan	nan	0.007473	6.861550e+18	5.127513e+16	3.118694e+14	0.321118	False	0.000000	239.600556	{'tp': 64, 'cp': 1, 'pp': 2, 'mb': 2, 'tp_sp': True, 'train': {'dp': 4, 'ep': 1, 'tp_ep': True}, 'inference': {'replica_count': 1, 'moe_dp': 1}}
256	279.728545	nan	nan	0.003575	6.861550e+18	2.452932e+16	3.118694e+14	0.307236	False	0.000000	73.800311	{'tp': 8, 'cp': 1, 'pp': 8, 'mb': 8, 'tp_sp': True, 'train': {'dp': 4, 'ep': 1, 'tp_ep': True}, 'inference': {'replica_count': 1, 'moe_dp': 1}}
512	152.643768	nan	nan	0.006551	6.861550e+18	4.495139e+16	3.118694e+14	0.281514	False	0.000000	76.722250	{'tp': 16, 'cp': 1, 'pp': 8, 'mb': 8, 'tp_sp': True, 'train': {'dp': 4, 'ep': 1, 'tp_ep': True}, 'inference': {'replica_count': 1, 'moe_dp': 1}}
512	147.321928	nan	nan	0.006788	6.861550e+18	4.657521e+16	3.118694e+14	0.291684	False	0.000000	126.102724	{'tp': 32, 'cp': 1, 'pp': 4, 'mb': 4, 'tp_sp': True, 'train': {'dp': 4, 'ep': 1, 'tp_ep': True}, 'inference': {'replica_count': 1, 'moe_dp': 1}}
128	547.153130	nan	nan	0.001828	6.861550e+18	1.254046e+16	3.118694e+14	0.314145	False	0.000000	57.824466	{'tp': 2, 'cp': 1, 'pp': 16, 'mb': 16, 'tp_sp': True, 'train': {'dp': 4, 'ep': 1, 'tp_ep': True}, 'inference': {'replica_count': 1, 'moe_dp': 1}}
256	280.100708	nan	nan	0.003570	6.861550e+18	2.449673e+16	3.118694e+14	0.306828	False	0.000000	54.180834	{'tp': 4, 'cp': 1, 'pp': 16, 'mb': 16, 'tp_sp': True, 'train': {'dp': 4, 'ep': 1, 'tp_ep': True}, 'inference': {'replica_count': 1, 'moe_dp': 1}}
512	152.748550	nan	nan	0.006547	6.861550e+18	4.492056e+16	3.118694e+14	0.281321	False	0.000000	54.484048	{'tp': 8, 'cp': 1, 'pp': 16, 'mb': 16, 'tp_sp': True, 'train': {'dp': 4, 'ep': 1, 'tp_ep': True}, 'inference': {'replica_count': 1, 'moe_dp': 1}}
1024	87.339175	nan	nan	0.011450	6.861550e+18	7.856211e+16	3.118694e+14	0.246003	False	0.000000	175.465004	{'tp': 64, 'cp': 1, 'pp': 4, 'mb': 4, 'tp_sp': True, 'train': {'dp': 4, 'ep': 1, 'tp_ep': True}, 'inference': {'replica_count': 1, 'moe_dp': 1}}
128	308.569276	nan	nan	0.003241	6.861550e+18	2.223666e+16	3.118694e+14	0.557040	True	0.776794	395.981636	{'tp': 32, 'cp': 1, 'pp': 1, 'mb': 1, 'tp_sp': True, 'train': {'dp': 4, 'ep': 1, 'tp_ep': True}, 'inference': {'replica_count': 1, 'moe_dp': 1}}
1024	89.088311	nan	nan	0.011225	6.861550e+18	7.701965e+16	3.118694e+14	0.241173	False	0.000000	69.008470	{'tp': 16, 'cp': 1, 'pp': 16, 'mb': 16, 'tp_sp': True, 'train': {'dp': 4, 'ep': 1, 'tp_ep': True}, 'inference': {'replica_count': 1, 'moe_dp': 1}}
1024	89.067645	nan	nan	0.011227	6.861550e+18	7.703752e+16	3.118694e+14	0.241229	False	0.000000	98.724537	{'tp': 32, 'cp': 1, 'pp': 8, 'mb': 8, 'tp_sp': True, 'train': {'dp': 4, 'ep': 1, 'tp_ep': True}, 'inference': {'replica_count': 1, 'moe_dp': 1}}
256	170.631513	nan	nan	0.005861	6.861550e+18	4.021268e+16	3.118694e+14	0.503675	False	0.000000	397.395356	{'tp': 64, 'cp': 1, 'pp': 1, 'mb': 1, 'tp_sp': True, 'train': {'dp': 4, 'ep': 1, 'tp_ep': True}, 'inference': {'replica_count': 1, 'moe_dp': 1}}
256	556.233971	nan	nan	0.001798	6.861550e+18	1.233573e+16	3.118694e+14	0.154508	False	0.000000	62.303168	{'tp': 2, 'cp': 1, 'pp': 32, 'mb': 32, 'tp_sp': True, 'train': {'dp': 4, 'ep': 1, 'tp_ep': True}, 'inference': {'replica_count': 1, 'moe_dp': 1}}
128	1104.069514	nan	nan	0.000906	6.861550e+18	6.214781e+15	3.118694e+14	0.155684	True	3.645752	72.846335	{'tp': 1, 'cp': 1, 'pp': 32, 'mb': 32, 'tp_sp': True, 'train': {'dp': 4, 'ep': 1, 'tp_ep': True}, 'inference': {'replica_count': 1, 'moe_dp': 1}}
512	288.597008	nan	nan	0.003465	6.861550e+18	2.377554e+16	3.118694e+14	0.148898	False	0.000000	61.570953	{'tp': 4, 'cp': 1, 'pp': 32, 'mb': 32, 'tp_sp': True, 'train': {'dp': 4, 'ep': 1, 'tp_ep': True}, 'inference': {'replica_count': 1, 'moe_dp': 1}}
1024	167.798545	nan	nan	0.005960	6.861550e+18	4.089159e+16	3.118694e+14	0.128045	False	0.000000	70.942595	{'tp': 8, 'cp': 1, 'pp': 32, 'mb': 32, 'tp_sp': True, 'train': {'dp': 4, 'ep': 1, 'tp_ep': True}, 'inference': {'replica_count': 1, 'moe_dp': 1}}
2048	58.328046	nan	nan	0.017144	6.861550e+18	1.176372e+17	3.118694e+14	0.184180	False	0.000000	119.568974	{'tp': 32, 'cp': 1, 'pp': 16, 'mb': 16, 'tp_sp': True, 'train': {'dp': 4, 'ep': 1, 'tp_ep': True}, 'inference': {'replica_count': 1, 'moe_dp': 1}}
2048	107.414347	nan	nan	0.009310	6.861550e+18	6.387927e+16	3.118694e+14	0.100013	False	0.000000	108.238969	{'tp': 16, 'cp': 1, 'pp': 32, 'mb': 32, 'tp_sp': True, 'train': {'dp': 4, 'ep': 1, 'tp_ep': True}, 'inference': {'replica_count': 1, 'moe_dp': 1}}
2048	58.123498	nan	nan	0.017205	6.861550e+18	1.180512e+17	3.118694e+14	0.184828	False	0.000000	205.647462	{'tp': 64, 'cp': 1, 'pp': 8, 'mb': 8, 'tp_sp': True, 'train': {'dp': 4, 'ep': 1, 'tp_ep': True}, 'inference': {'replica_count': 1, 'moe_dp': 1}}
128	430.873036	nan	nan	0.002321	6.861550e+18	1.592476e+16	3.118694e+14	0.398924	True	36.248901	121.600525	{'tp': 8, 'cp': 1, 'pp': 2, 'mb': 2, 'tp_sp': True, 'train': {'dp': 8, 'ep': 1, 'tp_ep': True}, 'inference': {'replica_count': 1, 'moe_dp': 1}}
256	223.058471	nan	nan	0.004483	6.861550e+18	3.076122e+16	3.118694e+14	0.385293	False	0.000000	115.767581	{'tp': 16, 'cp': 1, 'pp': 2, 'mb': 2, 'tp_sp': True, 'train': {'dp': 8, 'ep': 1, 'tp_ep': True}, 'inference': {'replica_count': 1, 'moe_dp': 1}}
128	496.065860	nan	nan	0.002016	6.861550e+18	1.383193e+16	3.118694e+14	0.346498	True	38.921265	76.936140	{'tp': 4, 'cp': 1, 'pp': 4, 'mb': 4, 'tp_sp': True, 'train': {'dp': 8, 'ep': 1, 'tp_ep': True}, 'inference': {'replica_count': 1, 'moe_dp': 1}}
512	119.102993	nan	nan	0.008396	6.861550e+18	5.761022e+16	3.118694e+14	0.360792	False	0.000000	118.520123	{'tp': 32, 'cp': 1, 'pp': 2, 'mb': 2, 'tp_sp': True, 'train': {'dp': 8, 'ep': 1, 'tp_ep': True}, 'inference': {'replica_count': 1, 'moe_dp': 1}}
4096	77.198438	nan	nan	0.012954	6.861550e+18	8.888198e+16	3.118694e+14	0.069579	False	0.000000	222.866603	{'tp': 32, 'cp': 1, 'pp': 32, 'mb': 32, 'tp_sp': True, 'train': {'dp': 4, 'ep': 1, 'tp_ep': True}, 'inference': {'replica_count': 1, 'moe_dp': 1}}
128	293.196901	nan	nan	0.003411	6.861550e+18	2.340253e+16	3.118694e+14	0.586246	True	39.705017	214.603091	{'tp': 16, 'cp': 1, 'pp': 1, 'mb': 1, 'tp_sp': True, 'train': {'dp': 8, 'ep': 1, 'tp_ep': True}, 'inference': {'replica_count': 1, 'moe_dp': 1}}
256	255.072043	nan	nan	0.003920	6.861550e+18	2.690044e+16	3.118694e+14	0.336935	False	0.000000	70.880252	{'tp': 8, 'cp': 1, 'pp': 4, 'mb': 4, 'tp_sp': True, 'train': {'dp': 8, 'ep': 1, 'tp_ep': True}, 'inference': {'replica_count': 1, 'moe_dp': 1}}
1024	67.340430	nan	nan	0.014850	6.861550e+18	1.018935e+17	3.118694e+14	0.319061	False	0.000000	140.192302	{'tp': 64, 'cp': 1, 'pp': 2, 'mb': 2, 'tp_sp': True, 'train': {'dp': 8, 'ep': 1, 'tp_ep': True}, 'inference': {'replica_count': 1, 'moe_dp': 1}}
512	134.607443	nan	nan	0.007429	6.861550e+18	5.097452e+16	3.118694e+14	0.319235	False	0.000000	69.269096	{'tp': 16, 'cp': 1, 'pp': 4, 'mb': 4, 'tp_sp': True, 'train': {'dp': 8, 'ep': 1, 'tp_ep': True}, 'inference': {'replica_count': 1, 'moe_dp': 1}}
256	154.614163	nan	nan	0.006468	6.861550e+18	4.437854e+16	3.118694e+14	0.555853	False	0.000000	210.800349	{'tp': 32, 'cp': 1, 'pp': 1, 'mb': 1, 'tp_sp': True, 'train': {'dp': 8, 'ep': 1, 'tp_ep': True}, 'inference': {'replica_count': 1, 'moe_dp': 1}}
512	85.636094	nan	nan	0.011677	6.861550e+18	8.012451e+16	3.118694e+14	0.501791	False	0.000000	212.197168	{'tp': 64, 'cp': 1, 'pp': 1, 'mb': 1, 'tp_sp': True, 'train': {'dp': 8, 'ep': 1, 'tp_ep': True}, 'inference': {'replica_count': 1, 'moe_dp': 1}}
1024	74.343165	nan	nan	0.013451	6.861550e+18	9.229564e+16	3.118694e+14	0.289007	False	0.000000	78.302019	{'tp': 32, 'cp': 1, 'pp': 4, 'mb': 4, 'tp_sp': True, 'train': {'dp': 8, 'ep': 1, 'tp_ep': True}, 'inference': {'replica_count': 1, 'moe_dp': 1}}
128	528.506447	nan	nan	0.001892	6.861550e+18	1.298291e+16	3.118694e+14	0.325229	True	41.245239	56.246779	{'tp': 2, 'cp': 1, 'pp': 8, 'mb': 8, 'tp_sp': True, 'train': {'dp': 8, 'ep': 1, 'tp_ep': True}, 'inference': {'replica_count': 1, 'moe_dp': 1}}
512	141.124429	nan	nan	0.007086	6.861550e+18	4.862057e+16	3.118694e+14	0.304493	False	0.000000	47.764035	{'tp': 8, 'cp': 1, 'pp': 8, 'mb': 8, 'tp_sp': True, 'train': {'dp': 8, 'ep': 1, 'tp_ep': True}, 'inference': {'replica_count': 1, 'moe_dp': 1}}
256	268.428069	nan	nan	0.003725	6.861550e+18	2.556197e+16	3.118694e+14	0.320171	False	0.000000	49.130287	{'tp': 4, 'cp': 1, 'pp': 8, 'mb': 8, 'tp_sp': True, 'train': {'dp': 8, 'ep': 1, 'tp_ep': True}, 'inference': {'replica_count': 1, 'moe_dp': 1}}
1024	77.488440	nan	nan	0.012905	6.861550e+18	8.854934e+16	3.118694e+14	0.277276	False	0.000000	53.570243	{'tp': 16, 'cp': 1, 'pp': 8, 'mb': 8, 'tp_sp': True, 'train': {'dp': 8, 'ep': 1, 'tp_ep': True}, 'inference': {'replica_count': 1, 'moe_dp': 1}}
4096	48.010243	nan	nan	0.020829	6.861550e+18	1.429185e+17	3.118694e+14	0.111881	False	0.000000	352.969368	{'tp': 64, 'cp': 1, 'pp': 16, 'mb': 16, 'tp_sp': True, 'train': {'dp': 4, 'ep': 1, 'tp_ep': True}, 'inference': {'replica_count': 1, 'moe_dp': 1}}
256	547.153130	nan	nan	0.001828	6.861550e+18	1.254046e+16	3.118694e+14	0.157073	False	0.000000	59.178090	{'tp': 2, 'cp': 1, 'pp': 16, 'mb': 16, 'tp_sp': True, 'train': {'dp': 8, 'ep': 1, 'tp_ep': True}, 'inference': {'replica_count': 1, 'moe_dp': 1}}
2048	52.957311	nan	nan	0.018883	6.861550e+18	1.295676e+17	3.118694e+14	0.202859	False	0.000000	77.301873	{'tp': 32, 'cp': 1, 'pp': 8, 'mb': 8, 'tp_sp': True, 'train': {'dp': 8, 'ep': 1, 'tp_ep': True}, 'inference': {'replica_count': 1, 'moe_dp': 1}}
128	1086.265170	nan	nan	0.000921	6.861550e+18	6.316644e+15	3.118694e+14	0.158235	True	49.677979	71.469521	{'tp': 1, 'cp': 1, 'pp': 16, 'mb': 16, 'tp_sp': True, 'train': {'dp': 8, 'ep': 1, 'tp_ep': True}, 'inference': {'replica_count': 1, 'moe_dp': 1}}
2048	51.393909	nan	nan	0.019458	6.861550e+18	1.335090e+17	3.118694e+14	0.209030	False	0.000000	129.797777	{'tp': 64, 'cp': 1, 'pp': 4, 'mb': 4, 'tp_sp': True, 'train': {'dp': 8, 'ep': 1, 'tp_ep': True}, 'inference': {'replica_count': 1, 'moe_dp': 1}}
512	280.100708	nan	nan	0.003570	6.861550e+18	2.449673e+16	3.118694e+14	0.153414	False	0.000000	53.196348	{'tp': 4, 'cp': 1, 'pp': 16, 'mb': 16, 'tp_sp': True, 'train': {'dp': 8, 'ep': 1, 'tp_ep': True}, 'inference': {'replica_count': 1, 'moe_dp': 1}}
1024	152.748550	nan	nan	0.006547	6.861550e+18	4.492056e+16	3.118694e+14	0.140661	False	0.000000	55.975183	{'tp': 8, 'cp': 1, 'pp': 16, 'mb': 16, 'tp_sp': True, 'train': {'dp': 8, 'ep': 1, 'tp_ep': True}, 'inference': {'replica_count': 1, 'moe_dp': 1}}
2048	89.088311	nan	nan	0.011225	6.861550e+18	7.701965e+16	3.118694e+14	0.120587	False	0.000000	69.007964	{'tp': 16, 'cp': 1, 'pp': 16, 'mb': 16, 'tp_sp': True, 'train': {'dp': 8, 'ep': 1, 'tp_ep': True}, 'inference': {'replica_count': 1, 'moe_dp': 1}}
1024	288.018254	nan	nan	0.003472	6.861550e+18	2.382332e+16	3.118694e+14	0.074598	False	0.000000	61.829068	{'tp': 4, 'cp': 1, 'pp': 32, 'mb': 32, 'tp_sp': True, 'train': {'dp': 8, 'ep': 1, 'tp_ep': True}, 'inference': {'replica_count': 1, 'moe_dp': 1}}
512	555.663101	nan	nan	0.001800	6.861550e+18	1.234840e+16	3.118694e+14	0.077334	False	0.000000	64.304756	{'tp': 2, 'cp': 1, 'pp': 32, 'mb': 32, 'tp_sp': True, 'train': {'dp': 8, 'ep': 1, 'tp_ep': True}, 'inference': {'replica_count': 1, 'moe_dp': 1}}
256	1103.444171	nan	nan	0.000906	6.861550e+18	6.218303e+15	3.118694e+14	0.077886	False	0.000000	74.992545	{'tp': 1, 'cp': 1, 'pp': 32, 'mb': 32, 'tp_sp': True, 'train': {'dp': 8, 'ep': 1, 'tp_ep': True}, 'inference': {'replica_count': 1, 'moe_dp': 1}}
2048	167.234318	nan	nan	0.005980	6.861550e+18	4.102956e+16	3.118694e+14	0.064238	False	0.000000	71.556429	{'tp': 8, 'cp': 1, 'pp': 32, 'mb': 32, 'tp_sp': True, 'train': {'dp': 8, 'ep': 1, 'tp_ep': True}, 'inference': {'replica_count': 1, 'moe_dp': 1}}
4096	58.328046	nan	nan	0.017144	6.861550e+18	1.176372e+17	3.118694e+14	0.092090	False	0.000000	121.813869	{'tp': 32, 'cp': 1, 'pp': 16, 'mb': 16, 'tp_sp': True, 'train': {'dp': 8, 'ep': 1, 'tp_ep': True}, 'inference': {'replica_count': 1, 'moe_dp': 1}}
4096	43.039937	nan	nan	0.023234	6.861550e+18	1.594229e+17	3.118694e+14	0.124801	False	0.000000	187.764147	{'tp': 64, 'cp': 1, 'pp': 8, 'mb': 8, 'tp_sp': True, 'train': {'dp': 8, 'ep': 1, 'tp_ep': True}, 'inference': {'replica_count': 1, 'moe_dp': 1}}
4096	106.857383	nan	nan	0.009358	6.861550e+18	6.421222e+16	3.118694e+14	0.050267	False	0.000000	106.991739	{'tp': 16, 'cp': 1, 'pp': 32, 'mb': 32, 'tp_sp': True, 'train': {'dp': 8, 'ep': 1, 'tp_ep': True}, 'inference': {'replica_count': 1, 'moe_dp': 1}}
128	285.455442	nan	nan	0.003503	6.861550e+18	2.403720e+16	3.118694e+14	0.602145	True	129.672791	119.766392	{'tp': 8, 'cp': 1, 'pp': 1, 'mb': 1, 'tp_sp': True, 'train': {'dp': 16, 'ep': 1, 'tp_ep': True}, 'inference': {'replica_count': 1, 'moe_dp': 1}}
256	215.959495	nan	nan	0.004630	6.861550e+18	3.177239e+16	3.118694e+14	0.397958	True	25.371521	69.778793	{'tp': 8, 'cp': 1, 'pp': 2, 'mb': 2, 'tp_sp': True, 'train': {'dp': 16, 'ep': 1, 'tp_ep': True}, 'inference': {'replica_count': 1, 'moe_dp': 1}}
256	146.915628	nan	nan	0.006807	6.861550e+18	4.670402e+16	3.118694e+14	0.584981	True	26.854950	114.838353	{'tp': 16, 'cp': 1, 'pp': 1, 'mb': 1, 'tp_sp': True, 'train': {'dp': 16, 'ep': 1, 'tp_ep': True}, 'inference': {'replica_count': 1, 'moe_dp': 1}}
128	423.922983	nan	nan	0.002359	6.861550e+18	1.618584e+16	3.118694e+14	0.405464	True	130.490723	76.236217	{'tp': 4, 'cp': 1, 'pp': 2, 'mb': 2, 'tp_sp': True, 'train': {'dp': 16, 'ep': 1, 'tp_ep': True}, 'inference': {'replica_count': 1, 'moe_dp': 1}}
512	112.005632	nan	nan	0.008928	6.861550e+18	6.126076e+16	3.118694e+14	0.383654	False	0.000000	66.508134	{'tp': 16, 'cp': 1, 'pp': 2, 'mb': 2, 'tp_sp': True, 'train': {'dp': 16, 'ep': 1, 'tp_ep': True}, 'inference': {'replica_count': 1, 'moe_dp': 1}}
512	77.613590	nan	nan	0.012884	6.861550e+18	8.840655e+16	3.118694e+14	0.553658	False	0.000000	110.022829	{'tp': 32, 'cp': 1, 'pp': 1, 'mb': 1, 'tp_sp': True, 'train': {'dp': 16, 'ep': 1, 'tp_ep': True}, 'inference': {'replica_count': 1, 'moe_dp': 1}}
1024	60.001104	nan	nan	0.016666	6.861550e+18	1.143571e+17	3.118694e+14	0.358088	False	0.000000	70.376795	{'tp': 32, 'cp': 1, 'pp': 2, 'mb': 2, 'tp_sp': True, 'train': {'dp': 16, 'ep': 1, 'tp_ep': True}, 'inference': {'replica_count': 1, 'moe_dp': 1}}
128	492.361029	nan	nan	0.002031	6.861550e+18	1.393601e+16	3.118694e+14	0.349105	True	135.878296	55.572159	{'tp': 2, 'cp': 1, 'pp': 4, 'mb': 4, 'tp_sp': True, 'train': {'dp': 16, 'ep': 1, 'tp_ep': True}, 'inference': {'replica_count': 1, 'moe_dp': 1}}
256	249.012795	nan	nan	0.004016	6.861550e+18	2.755501e+16	3.118694e+14	0.345134	True	27.939148	47.484493	{'tp': 4, 'cp': 1, 'pp': 4, 'mb': 4, 'tp_sp': True, 'train': {'dp': 16, 'ep': 1, 'tp_ep': True}, 'inference': {'replica_count': 1, 'moe_dp': 1}}
512	128.350680	nan	nan	0.007791	6.861550e+18	5.345940e+16	3.118694e+14	0.334797	False	0.000000	44.157884	{'tp': 8, 'cp': 1, 'pp': 4, 'mb': 4, 'tp_sp': True, 'train': {'dp': 16, 'ep': 1, 'tp_ep': True}, 'inference': {'replica_count': 1, 'moe_dp': 1}}
1024	68.034629	nan	nan	0.014698	6.861550e+18	1.008538e+17	3.118694e+14	0.315805	False	0.000000	45.098084	{'tp': 16, 'cp': 1, 'pp': 4, 'mb': 4, 'tp_sp': True, 'train': {'dp': 16, 'ep': 1, 'tp_ep': True}, 'inference': {'replica_count': 1, 'moe_dp': 1}}
1024	43.106022	nan	nan	0.023199	6.861550e+18	1.591785e+17	3.118694e+14	0.498438	False	0.000000	122.414071	{'tp': 64, 'cp': 1, 'pp': 1, 'mb': 1, 'tp_sp': True, 'train': {'dp': 16, 'ep': 1, 'tp_ep': True}, 'inference': {'replica_count': 1, 'moe_dp': 1}}
2048	49.297696	nan	nan	0.020285	6.861550e+18	1.391860e+17	3.118694e+14	0.217918	False	0.000000	54.951299	{'tp': 32, 'cp': 1, 'pp': 4, 'mb': 4, 'tp_sp': True, 'train': {'dp': 16, 'ep': 1, 'tp_ep': True}, 'inference': {'replica_count': 1, 'moe_dp': 1}}
2048	45.219157	nan	nan	0.022115	6.861550e+18	1.517399e+17	3.118694e+14	0.237573	False	0.000000	94.753697	{'tp': 64, 'cp': 1, 'pp': 2, 'mb': 2, 'tp_sp': True, 'train': {'dp': 16, 'ep': 1, 'tp_ep': True}, 'inference': {'replica_count': 1, 'moe_dp': 1}}
128	1050.021306	nan	nan	0.000952	6.861550e+18	6.534677e+15	3.118694e+14	0.163697	True	143.944092	72.538134	{'tp': 1, 'cp': 1, 'pp': 8, 'mb': 8, 'tp_sp': True, 'train': {'dp': 16, 'ep': 1, 'tp_ep': True}, 'inference': {'replica_count': 1, 'moe_dp': 1}}
512	268.422005	nan	nan	0.003725	6.861550e+18	2.556255e+16	3.118694e+14	0.160089	False	0.000000	50.846689	{'tp': 4, 'cp': 1, 'pp': 8, 'mb': 8, 'tp_sp': True, 'train': {'dp': 16, 'ep': 1, 'tp_ep': True}, 'inference': {'replica_count': 1, 'moe_dp': 1}}
1024	141.118498	nan	nan	0.007086	6.861550e+18	4.862261e+16	3.118694e+14	0.152253	False	0.000000	48.298229	{'tp': 8, 'cp': 1, 'pp': 8, 'mb': 8, 'tp_sp': True, 'train': {'dp': 16, 'ep': 1, 'tp_ep': True}, 'inference': {'replica_count': 1, 'moe_dp': 1}}
256	528.501536	nan	nan	0.001892	6.861550e+18	1.298303e+16	3.118694e+14	0.162616	True	31.972046	56.517481	{'tp': 2, 'cp': 1, 'pp': 8, 'mb': 8, 'tp_sp': True, 'train': {'dp': 16, 'ep': 1, 'tp_ep': True}, 'inference': {'replica_count': 1, 'moe_dp': 1}}
2048	77.482576	nan	nan	0.012906	6.861550e+18	8.855604e+16	3.118694e+14	0.138649	False	0.000000	54.316362	{'tp': 16, 'cp': 1, 'pp': 8, 'mb': 8, 'tp_sp': True, 'train': {'dp': 16, 'ep': 1, 'tp_ep': True}, 'inference': {'replica_count': 1, 'moe_dp': 1}}
4096	40.395468	nan	nan	0.024755	6.861550e+18	1.698594e+17	3.118694e+14	0.132971	False	0.000000	104.170346	{'tp': 64, 'cp': 1, 'pp': 4, 'mb': 4, 'tp_sp': True, 'train': {'dp': 16, 'ep': 1, 'tp_ep': True}, 'inference': {'replica_count': 1, 'moe_dp': 1}}
512	547.153130	nan	nan	0.001828	6.861550e+18	1.254046e+16	3.118694e+14	0.078536	False	0.000000	59.737715	{'tp': 2, 'cp': 1, 'pp': 16, 'mb': 16, 'tp_sp': True, 'train': {'dp': 16, 'ep': 1, 'tp_ep': True}, 'inference': {'replica_count': 1, 'moe_dp': 1}}
4096	52.874538	nan	nan	0.018913	6.861550e+18	1.297704e+17	3.118694e+14	0.101588	False	0.000000	75.777292	{'tp': 32, 'cp': 1, 'pp': 8, 'mb': 8, 'tp_sp': True, 'train': {'dp': 16, 'ep': 1, 'tp_ep': True}, 'inference': {'replica_count': 1, 'moe_dp': 1}}
256	1086.265170	nan	nan	0.000921	6.861550e+18	6.316644e+15	3.118694e+14	0.079118	True	40.037842	75.480119	{'tp': 1, 'cp': 1, 'pp': 16, 'mb': 16, 'tp_sp': True, 'train': {'dp': 16, 'ep': 1, 'tp_ep': True}, 'inference': {'replica_count': 1, 'moe_dp': 1}}
1024	280.100708	nan	nan	0.003570	6.861550e+18	2.449673e+16	3.118694e+14	0.076707	False	0.000000	53.806867	{'tp': 4, 'cp': 1, 'pp': 16, 'mb': 16, 'tp_sp': True, 'train': {'dp': 16, 'ep': 1, 'tp_ep': True}, 'inference': {'replica_count': 1, 'moe_dp': 1}}
2048	152.748550	nan	nan	0.006547	6.861550e+18	4.492056e+16	3.118694e+14	0.070330	False	0.000000	56.903541	{'tp': 8, 'cp': 1, 'pp': 16, 'mb': 16, 'tp_sp': True, 'train': {'dp': 16, 'ep': 1, 'tp_ep': True}, 'inference': {'replica_count': 1, 'moe_dp': 1}}
1024	555.353434	nan	nan	0.001801	6.861550e+18	1.235529e+16	3.118694e+14	0.038688	False	0.000000	66.805846	{'tp': 2, 'cp': 1, 'pp': 32, 'mb': 32, 'tp_sp': True, 'train': {'dp': 16, 'ep': 1, 'tp_ep': True}, 'inference': {'replica_count': 1, 'moe_dp': 1}}
4096	89.088311	nan	nan	0.011225	6.861550e+18	7.701965e+16	3.118694e+14	0.060293	False	0.000000	71.053266	{'tp': 16, 'cp': 1, 'pp': 16, 'mb': 16, 'tp_sp': True, 'train': {'dp': 16, 'ep': 1, 'tp_ep': True}, 'inference': {'replica_count': 1, 'moe_dp': 1}}
512	1103.104823	nan	nan	0.000907	6.861550e+18	6.220216e+15	3.118694e+14	0.038955	False	0.000000	79.092513	{'tp': 1, 'cp': 1, 'pp': 32, 'mb': 32, 'tp_sp': True, 'train': {'dp': 16, 'ep': 1, 'tp_ep': True}, 'inference': {'replica_count': 1, 'moe_dp': 1}}
2048	287.704381	nan	nan	0.003476	6.861550e+18	2.384931e+16	3.118694e+14	0.037340	False	0.000000	65.997807	{'tp': 4, 'cp': 1, 'pp': 32, 'mb': 32, 'tp_sp': True, 'train': {'dp': 16, 'ep': 1, 'tp_ep': True}, 'inference': {'replica_count': 1, 'moe_dp': 1}}
4096	166.928359	nan	nan	0.005991	6.861550e+18	4.110476e+16	3.118694e+14	0.032178	False	0.000000	75.461580	{'tp': 8, 'cp': 1, 'pp': 32, 'mb': 32, 'tp_sp': True, 'train': {'dp': 16, 'ep': 1, 'tp_ep': True}, 'inference': {'replica_count': 1, 'moe_dp': 1}}
1024	39.688538	nan	nan	0.025196	6.861550e+18	1.728849e+17	3.118694e+14	0.541358	False	0.000000	63.630480	{'tp': 32, 'cp': 1, 'pp': 1, 'mb': 1, 'tp_sp': True, 'train': {'dp': 32, 'ep': 1, 'tp_ep': True}, 'inference': {'replica_count': 1, 'moe_dp': 1}}
512	73.764931	nan	nan	0.013557	6.861550e+18	9.301914e+16	3.118694e+14	0.582545	True	20.429916	66.150185	{'tp': 16, 'cp': 1, 'pp': 1, 'mb': 1, 'tp_sp': True, 'train': {'dp': 32, 'ep': 1, 'tp_ep': True}, 'inference': {'replica_count': 1, 'moe_dp': 1}}
256	143.065373	nan	nan	0.006990	6.861550e+18	4.796094e+16	3.118694e+14	0.600724	True	118.841278	67.803644	{'tp': 8, 'cp': 1, 'pp': 1, 'mb': 1, 'tp_sp': True, 'train': {'dp': 32, 'ep': 1, 'tp_ep': True}, 'inference': {'replica_count': 1, 'moe_dp': 1}}
128	281.703432	nan	nan	0.003550	6.861550e+18	2.435735e+16	3.118694e+14	0.610165	True	317.595821	75.530554	{'tp': 4, 'cp': 1, 'pp': 1, 'mb': 1, 'tp_sp': True, 'train': {'dp': 32, 'ep': 1, 'tp_ep': True}, 'inference': {'replica_count': 1, 'moe_dp': 1}}
256	212.638709	nan	nan	0.004703	6.861550e+18	3.226858e+16	3.118694e+14	0.404173	True	119.739502	46.431156	{'tp': 4, 'cp': 1, 'pp': 2, 'mb': 2, 'tp_sp': True, 'train': {'dp': 32, 'ep': 1, 'tp_ep': True}, 'inference': {'replica_count': 1, 'moe_dp': 1}}
1024	57.612957	nan	nan	0.017357	6.861550e+18	1.190973e+17	3.118694e+14	0.372932	False	0.000000	41.189765	{'tp': 16, 'cp': 1, 'pp': 2, 'mb': 2, 'tp_sp': True, 'train': {'dp': 32, 'ep': 1, 'tp_ep': True}, 'inference': {'replica_count': 1, 'moe_dp': 1}}
512	108.518911	nan	nan	0.009215	6.861550e+18	6.322907e+16	3.118694e+14	0.395981	True	19.932831	42.732805	{'tp': 8, 'cp': 1, 'pp': 2, 'mb': 2, 'tp_sp': True, 'train': {'dp': 32, 'ep': 1, 'tp_ep': True}, 'inference': {'replica_count': 1, 'moe_dp': 1}}
128	420.813660	nan	nan	0.002376	6.861550e+18	1.630544e+16	3.118694e+14	0.408460	True	319.479004	55.291948	{'tp': 2, 'cp': 1, 'pp': 2, 'mb': 2, 'tp_sp': True, 'train': {'dp': 32, 'ep': 1, 'tp_ep': True}, 'inference': {'replica_count': 1, 'moe_dp': 1}}
2048	35.006209	nan	nan	0.028566	6.861550e+18	1.960095e+17	3.118694e+14	0.306884	False	0.000000	76.416671	{'tp': 64, 'cp': 1, 'pp': 1, 'mb': 1, 'tp_sp': True, 'train': {'dp': 32, 'ep': 1, 'tp_ep': True}, 'inference': {'replica_count': 1, 'moe_dp': 1}}
2048	44.034233	nan	nan	0.022710	6.861550e+18	1.558231e+17	3.118694e+14	0.243966	False	0.000000	45.153629	{'tp': 32, 'cp': 1, 'pp': 2, 'mb': 2, 'tp_sp': True, 'train': {'dp': 32, 'ep': 1, 'tp_ep': True}, 'inference': {'replica_count': 1, 'moe_dp': 1}}
512	249.009548	nan	nan	0.004016	6.861550e+18	2.755537e+16	3.118694e+14	0.172569	True	23.394287	47.859443	{'tp': 4, 'cp': 1, 'pp': 4, 'mb': 4, 'tp_sp': True, 'train': {'dp': 32, 'ep': 1, 'tp_ep': True}, 'inference': {'replica_count': 1, 'moe_dp': 1}}
1024	128.347504	nan	nan	0.007791	6.861550e+18	5.346072e+16	3.118694e+14	0.167403	False	0.000000	44.985576	{'tp': 8, 'cp': 1, 'pp': 4, 'mb': 4, 'tp_sp': True, 'train': {'dp': 32, 'ep': 1, 'tp_ep': True}, 'inference': {'replica_count': 1, 'moe_dp': 1}}
256	492.359023	nan	nan	0.002031	6.861550e+18	1.393607e+16	3.118694e+14	0.174553	True	126.788574	56.674706	{'tp': 2, 'cp': 1, 'pp': 4, 'mb': 4, 'tp_sp': True, 'train': {'dp': 32, 'ep': 1, 'tp_ep': True}, 'inference': {'replica_count': 1, 'moe_dp': 1}}
2048	68.031487	nan	nan	0.014699	6.861550e+18	1.008584e+17	3.118694e+14	0.157910	False	0.000000	45.983776	{'tp': 16, 'cp': 1, 'pp': 4, 'mb': 4, 'tp_sp': True, 'train': {'dp': 32, 'ep': 1, 'tp_ep': True}, 'inference': {'replica_count': 1, 'moe_dp': 1}}
4096	37.287705	nan	nan	0.026818	6.861550e+18	1.840164e+17	3.118694e+14	0.144054	False	0.000000	69.636948	{'tp': 64, 'cp': 1, 'pp': 2, 'mb': 2, 'tp_sp': True, 'train': {'dp': 32, 'ep': 1, 'tp_ep': True}, 'inference': {'replica_count': 1, 'moe_dp': 1}}
128	978.761970	nan	nan	0.001022	6.861550e+18	7.010438e+15	3.118694e+14	0.175615	True	333.577148	71.961828	{'tp': 1, 'cp': 1, 'pp': 4, 'mb': 4, 'tp_sp': True, 'train': {'dp': 32, 'ep': 1, 'tp_ep': True}, 'inference': {'replica_count': 1, 'moe_dp': 1}}
4096	49.217896	nan	nan	0.020318	6.861550e+18	1.394117e+17	3.118694e+14	0.109136	False	0.000000	55.796297	{'tp': 32, 'cp': 1, 'pp': 4, 'mb': 4, 'tp_sp': True, 'train': {'dp': 32, 'ep': 1, 'tp_ep': True}, 'inference': {'replica_count': 1, 'moe_dp': 1}}
512	528.501536	nan	nan	0.001892	6.861550e+18	1.298303e+16	3.118694e+14	0.081308	True	27.335449	57.610259	{'tp': 2, 'cp': 1, 'pp': 8, 'mb': 8, 'tp_sp': True, 'train': {'dp': 32, 'ep': 1, 'tp_ep': True}, 'inference': {'replica_count': 1, 'moe_dp': 1}}
1024	268.422005	nan	nan	0.003725	6.861550e+18	2.556255e+16	3.118694e+14	0.080044	False	0.000000	50.262380	{'tp': 4, 'cp': 1, 'pp': 8, 'mb': 8, 'tp_sp': True, 'train': {'dp': 32, 'ep': 1, 'tp_ep': True}, 'inference': {'replica_count': 1, 'moe_dp': 1}}
256	1050.021306	nan	nan	0.000952	6.861550e+18	6.534677e+15	3.118694e+14	0.081849	True	134.670898	73.270638	{'tp': 1, 'cp': 1, 'pp': 8, 'mb': 8, 'tp_sp': True, 'train': {'dp': 32, 'ep': 1, 'tp_ep': True}, 'inference': {'replica_count': 1, 'moe_dp': 1}}
2048	141.118498	nan	nan	0.007086	6.861550e+18	4.862261e+16	3.118694e+14	0.076126	False	0.000000	49.703704	{'tp': 8, 'cp': 1, 'pp': 8, 'mb': 8, 'tp_sp': True, 'train': {'dp': 32, 'ep': 1, 'tp_ep': True}, 'inference': {'replica_count': 1, 'moe_dp': 1}}
4096	77.482576	nan	nan	0.012906	6.861550e+18	8.855604e+16	3.118694e+14	0.069324	False	0.000000	54.394673	{'tp': 16, 'cp': 1, 'pp': 8, 'mb': 8, 'tp_sp': True, 'train': {'dp': 32, 'ep': 1, 'tp_ep': True}, 'inference': {'replica_count': 1, 'moe_dp': 1}}
2048	280.100708	nan	nan	0.003570	6.861550e+18	2.449673e+16	3.118694e+14	0.038354	False	0.000000	58.120961	{'tp': 4, 'cp': 1, 'pp': 16, 'mb': 16, 'tp_sp': True, 'train': {'dp': 32, 'ep': 1, 'tp_ep': True}, 'inference': {'replica_count': 1, 'moe_dp': 1}}
1024	547.153130	nan	nan	0.001828	6.861550e+18	1.254046e+16	3.118694e+14	0.039268	False	0.000000	62.282944	{'tp': 2, 'cp': 1, 'pp': 16, 'mb': 16, 'tp_sp': True, 'train': {'dp': 32, 'ep': 1, 'tp_ep': True}, 'inference': {'replica_count': 1, 'moe_dp': 1}}
4096	152.748550	nan	nan	0.006547	6.861550e+18	4.492056e+16	3.118694e+14	0.035165	False	0.000000	60.238567	{'tp': 8, 'cp': 1, 'pp': 16, 'mb': 16, 'tp_sp': True, 'train': {'dp': 32, 'ep': 1, 'tp_ep': True}, 'inference': {'replica_count': 1, 'moe_dp': 1}}
512	1086.265170	nan	nan	0.000921	6.861550e+18	6.316644e+15	3.118694e+14	0.039559	True	35.217773	77.347611	{'tp': 1, 'cp': 1, 'pp': 16, 'mb': 16, 'tp_sp': True, 'train': {'dp': 32, 'ep': 1, 'tp_ep': True}, 'inference': {'replica_count': 1, 'moe_dp': 1}}
256	141.292617	nan	nan	0.007078	6.861550e+18	4.856269e+16	3.118694e+14	0.608261	True	306.807676	47.813556	{'tp': 4, 'cp': 1, 'pp': 1, 'mb': 1, 'tp_sp': True, 'train': {'dp': 64, 'ep': 1, 'tp_ep': True}, 'inference': {'replica_count': 1, 'moe_dp': 1}}
128	280.069577	nan	nan	0.003571	6.861550e+18	2.449945e+16	3.118694e+14	0.613725	True	693.615353	55.298999	{'tp': 2, 'cp': 1, 'pp': 1, 'mb': 1, 'tp_sp': True, 'train': {'dp': 64, 'ep': 1, 'tp_ep': True}, 'inference': {'replica_count': 1, 'moe_dp': 1}}
512	71.882590	nan	nan	0.013912	6.861550e+18	9.545497e+16	3.118694e+14	0.597800	True	113.425522	43.022617	{'tp': 8, 'cp': 1, 'pp': 1, 'mb': 1, 'tp_sp': True, 'train': {'dp': 64, 'ep': 1, 'tp_ep': True}, 'inference': {'replica_count': 1, 'moe_dp': 1}}
2048	555.142852	nan	nan	0.001801	6.861550e+18	1.235997e+16	3.118694e+14	0.019352	False	0.000000	75.388146	{'tp': 2, 'cp': 1, 'pp': 32, 'mb': 32, 'tp_sp': True, 'train': {'dp': 32, 'ep': 1, 'tp_ep': True}, 'inference': {'replica_count': 1, 'moe_dp': 1}}
1024	1102.874710	nan	nan	0.000907	6.861550e+18	6.221514e+15	3.118694e+14	0.019482	False	0.000000	86.448580	{'tp': 1, 'cp': 1, 'pp': 32, 'mb': 32, 'tp_sp': True, 'train': {'dp': 32, 'ep': 1, 'tp_ep': True}, 'inference': {'replica_count': 1, 'moe_dp': 1}}
1024	39.322305	nan	nan	0.025431	6.861550e+18	1.744951e+17	3.118694e+14	0.546400	True	17.217400	40.417857	{'tp': 16, 'cp': 1, 'pp': 1, 'mb': 1, 'tp_sp': True, 'train': {'dp': 64, 'ep': 1, 'tp_ep': True}, 'inference': {'replica_count': 1, 'moe_dp': 1}}
4096	287.490151	nan	nan	0.003478	6.861550e+18	2.386708e+16	3.118694e+14	0.018684	False	0.000000	74.123087	{'tp': 4, 'cp': 1, 'pp': 32, 'mb': 32, 'tp_sp': True, 'train': {'dp': 32, 'ep': 1, 'tp_ep': True}, 'inference': {'replica_count': 1, 'moe_dp': 1}}
2048	34.525321	nan	nan	0.028964	6.861550e+18	1.987396e+17	3.118694e+14	0.311159	False	0.000000	43.565693	{'tp': 32, 'cp': 1, 'pp': 1, 'mb': 1, 'tp_sp': True, 'train': {'dp': 64, 'ep': 1, 'tp_ep': True}, 'inference': {'replica_count': 1, 'moe_dp': 1}}
4096	32.152932	nan	nan	0.031101	6.861550e+18	2.134036e+17	3.118694e+14	0.167059	False	0.000000	54.518529	{'tp': 64, 'cp': 1, 'pp': 1, 'mb': 1, 'tp_sp': True, 'train': {'dp': 64, 'ep': 1, 'tp_ep': True}, 'inference': {'replica_count': 1, 'moe_dp': 1}}
512	212.637771	nan	nan	0.004703	6.861550e+18	3.226873e+16	3.118694e+14	0.202087	True	115.310089	47.932935	{'tp': 4, 'cp': 1, 'pp': 2, 'mb': 2, 'tp_sp': True, 'train': {'dp': 64, 'ep': 1, 'tp_ep': True}, 'inference': {'replica_count': 1, 'moe_dp': 1}}
1024	108.517990	nan	nan	0.009215	6.861550e+18	6.322961e+16	3.118694e+14	0.197992	True	17.718124	44.091036	{'tp': 8, 'cp': 1, 'pp': 2, 'mb': 2, 'tp_sp': True, 'train': {'dp': 64, 'ep': 1, 'tp_ep': True}, 'inference': {'replica_count': 1, 'moe_dp': 1}}
2048	57.574300	nan	nan	0.017369	6.861550e+18	1.191773e+17	3.118694e+14	0.186591	False	0.000000	42.798446	{'tp': 16, 'cp': 1, 'pp': 2, 'mb': 2, 'tp_sp': True, 'train': {'dp': 64, 'ep': 1, 'tp_ep': True}, 'inference': {'replica_count': 1, 'moe_dp': 1}}
256	420.812687	nan	nan	0.002376	6.861550e+18	1.630547e+16	3.118694e+14	0.204231	True	310.620178	56.903882	{'tp': 2, 'cp': 1, 'pp': 2, 'mb': 2, 'tp_sp': True, 'train': {'dp': 64, 'ep': 1, 'tp_ep': True}, 'inference': {'replica_count': 1, 'moe_dp': 1}}
4096	43.995614	nan	nan	0.022730	6.861550e+18	1.559599e+17	3.118694e+14	0.122090	False	0.000000	47.293032	{'tp': 32, 'cp': 1, 'pp': 2, 'mb': 2, 'tp_sp': True, 'train': {'dp': 64, 'ep': 1, 'tp_ep': True}, 'inference': {'replica_count': 1, 'moe_dp': 1}}
128	834.942346	nan	nan	0.001198	6.861550e+18	8.217993e+15	3.118694e+14	0.205865	True	701.240356	74.087471	{'tp': 1, 'cp': 1, 'pp': 2, 'mb': 2, 'tp_sp': True, 'train': {'dp': 64, 'ep': 1, 'tp_ep': True}, 'inference': {'replica_count': 1, 'moe_dp': 1}}
1024	249.004864	nan	nan	0.004016	6.861550e+18	2.755589e+16	3.118694e+14	0.086286	True	21.121857	49.392978	{'tp': 4, 'cp': 1, 'pp': 4, 'mb': 4, 'tp_sp': True, 'train': {'dp': 64, 'ep': 1, 'tp_ep': True}, 'inference': {'replica_count': 1, 'moe_dp': 1}}
512	492.356129	nan	nan	0.002031	6.861550e+18	1.393615e+16	3.118694e+14	0.087277	True	122.243713	57.701116	{'tp': 2, 'cp': 1, 'pp': 4, 'mb': 4, 'tp_sp': True, 'train': {'dp': 64, 'ep': 1, 'tp_ep': True}, 'inference': {'replica_count': 1, 'moe_dp': 1}}
2048	128.342920	nan	nan	0.007792	6.861550e+18	5.346263e+16	3.118694e+14	0.083704	False	0.000000	46.045062	{'tp': 8, 'cp': 1, 'pp': 4, 'mb': 4, 'tp_sp': True, 'train': {'dp': 64, 'ep': 1, 'tp_ep': True}, 'inference': {'replica_count': 1, 'moe_dp': 1}}
256	978.758877	nan	nan	0.001022	6.861550e+18	7.010460e+15	3.118694e+14	0.087808	True	324.487427	75.539366	{'tp': 1, 'cp': 1, 'pp': 4, 'mb': 4, 'tp_sp': True, 'train': {'dp': 64, 'ep': 1, 'tp_ep': True}, 'inference': {'replica_count': 1, 'moe_dp': 1}}
4096	68.026953	nan	nan	0.014700	6.861550e+18	1.008652e+17	3.118694e+14	0.078960	False	0.000000	48.054931	{'tp': 16, 'cp': 1, 'pp': 4, 'mb': 4, 'tp_sp': True, 'train': {'dp': 64, 'ep': 1, 'tp_ep': True}, 'inference': {'replica_count': 1, 'moe_dp': 1}}
2048	268.422005	nan	nan	0.003725	6.861550e+18	2.556255e+16	3.118694e+14	0.040022	False	0.000000	54.684648	{'tp': 4, 'cp': 1, 'pp': 8, 'mb': 8, 'tp_sp': True, 'train': {'dp': 64, 'ep': 1, 'tp_ep': True}, 'inference': {'replica_count': 1, 'moe_dp': 1}}
4096	141.118498	nan	nan	0.007086	6.861550e+18	4.862261e+16	3.118694e+14	0.038063	False	0.000000	52.616707	{'tp': 8, 'cp': 1, 'pp': 8, 'mb': 8, 'tp_sp': True, 'train': {'dp': 64, 'ep': 1, 'tp_ep': True}, 'inference': {'replica_count': 1, 'moe_dp': 1}}
1024	528.501536	nan	nan	0.001892	6.861550e+18	1.298303e+16	3.118694e+14	0.040654	True	25.017151	61.838622	{'tp': 2, 'cp': 1, 'pp': 8, 'mb': 8, 'tp_sp': True, 'train': {'dp': 64, 'ep': 1, 'tp_ep': True}, 'inference': {'replica_count': 1, 'moe_dp': 1}}
512	1050.021306	nan	nan	0.000952	6.861550e+18	6.534677e+15	3.118694e+14	0.040924	True	130.034302	78.207836	{'tp': 1, 'cp': 1, 'pp': 8, 'mb': 8, 'tp_sp': True, 'train': {'dp': 64, 'ep': 1, 'tp_ep': True}, 'inference': {'replica_count': 1, 'moe_dp': 1}}
4096	280.100708	nan	nan	0.003570	6.861550e+18	2.449673e+16	3.118694e+14	0.019177	False	0.000000	64.398309	{'tp': 4, 'cp': 1, 'pp': 16, 'mb': 16, 'tp_sp': True, 'train': {'dp': 64, 'ep': 1, 'tp_ep': True}, 'inference': {'replica_count': 1, 'moe_dp': 1}}
2048	547.153130	nan	nan	0.001828	6.861550e+18	1.254046e+16	3.118694e+14	0.019634	False	0.000000	70.211200	{'tp': 2, 'cp': 1, 'pp': 16, 'mb': 16, 'tp_sp': True, 'train': {'dp': 64, 'ep': 1, 'tp_ep': True}, 'inference': {'replica_count': 1, 'moe_dp': 1}}
1024	1086.265170	nan	nan	0.000921	6.861550e+18	6.316644e+15	3.118694e+14	0.019779	True	32.807739	84.309341	{'tp': 1, 'cp': 1, 'pp': 16, 'mb': 16, 'tp_sp': True, 'train': {'dp': 64, 'ep': 1, 'tp_ep': True}, 'inference': {'replica_count': 1, 'moe_dp': 1}}
1024	71.882304	nan	nan	0.013912	6.861550e+18	9.545535e+16	3.118694e+14	0.298901	True	111.222282	44.670764	{'tp': 8, 'cp': 1, 'pp': 1, 'mb': 1, 'tp_sp': True, 'train': {'dp': 128, 'ep': 1, 'tp_ep': True}, 'inference': {'replica_count': 1, 'moe_dp': 1}}
512	141.292327	nan	nan	0.007078	6.861550e+18	4.856279e+16	3.118694e+14	0.304131	True	302.401197	49.380428	{'tp': 4, 'cp': 1, 'pp': 1, 'mb': 1, 'tp_sp': True, 'train': {'dp': 128, 'ep': 1, 'tp_ep': True}, 'inference': {'replica_count': 1, 'moe_dp': 1}}
256	280.069278	nan	nan	0.003571	6.861550e+18	2.449947e+16	3.118694e+14	0.306863	True	684.802395	58.512156	{'tp': 2, 'cp': 1, 'pp': 1, 'mb': 1, 'tp_sp': True, 'train': {'dp': 128, 'ep': 1, 'tp_ep': True}, 'inference': {'replica_count': 1, 'moe_dp': 1}}
2048	39.304247	nan	nan	0.025443	6.861550e+18	1.745753e+17	3.118694e+14	0.273325	True	16.115780	42.976501	{'tp': 16, 'cp': 1, 'pp': 1, 'mb': 1, 'tp_sp': True, 'train': {'dp': 128, 'ep': 1, 'tp_ep': True}, 'inference': {'replica_count': 1, 'moe_dp': 1}}
128	556.143062	nan	nan	0.001798	6.861550e+18	1.233774e+16	3.118694e+14	0.309067	True	1449.604790	75.517051	{'tp': 1, 'cp': 1, 'pp': 1, 'mb': 1, 'tp_sp': True, 'train': {'dp': 128, 'ep': 1, 'tp_ep': True}, 'inference': {'replica_count': 1, 'moe_dp': 1}}
4096	34.507291	nan	nan	0.028979	6.861550e+18	1.988435e+17	3.118694e+14	0.155661	False	0.000000	45.930531	{'tp': 32, 'cp': 1, 'pp': 1, 'mb': 1, 'tp_sp': True, 'train': {'dp': 128, 'ep': 1, 'tp_ep': True}, 'inference': {'replica_count': 1, 'moe_dp': 1}}
4096	555.038232	nan	nan	0.001802	6.861550e+18	1.236230e+16	3.118694e+14	0.009678	False	0.000000	93.025084	{'tp': 2, 'cp': 1, 'pp': 32, 'mb': 32, 'tp_sp': True, 'train': {'dp': 64, 'ep': 1, 'tp_ep': True}, 'inference': {'replica_count': 1, 'moe_dp': 1}}
2048	1102.759639	nan	nan	0.000907	6.861550e+18	6.222163e+15	3.118694e+14	0.009742	False	0.000000	105.013116	{'tp': 1, 'cp': 1, 'pp': 32, 'mb': 32, 'tp_sp': True, 'train': {'dp': 64, 'ep': 1, 'tp_ep': True}, 'inference': {'replica_count': 1, 'moe_dp': 1}}
512	420.811270	nan	nan	0.002376	6.861550e+18	1.630553e+16	3.118694e+14	0.102116	True	306.190765	59.990475	{'tp': 2, 'cp': 1, 'pp': 2, 'mb': 2, 'tp_sp': True, 'train': {'dp': 128, 'ep': 1, 'tp_ep': True}, 'inference': {'replica_count': 1, 'moe_dp': 1}}
2048	108.516648	nan	nan	0.009215	6.861550e+18	6.323039e+16	3.118694e+14	0.098997	True	16.610771	47.281962	{'tp': 8, 'cp': 1, 'pp': 2, 'mb': 2, 'tp_sp': True, 'train': {'dp': 128, 'ep': 1, 'tp_ep': True}, 'inference': {'replica_count': 1, 'moe_dp': 1}}
1024	212.636403	nan	nan	0.004703	6.861550e+18	3.226893e+16	3.118694e+14	0.101044	True	113.095383	51.961667	{'tp': 4, 'cp': 1, 'pp': 2, 'mb': 2, 'tp_sp': True, 'train': {'dp': 128, 'ep': 1, 'tp_ep': True}, 'inference': {'replica_count': 1, 'moe_dp': 1}}
4096	57.517941	nan	nan	0.017386	6.861550e+18	1.192941e+17	3.118694e+14	0.093387	False	0.000000	46.536208	{'tp': 16, 'cp': 1, 'pp': 2, 'mb': 2, 'tp_sp': True, 'train': {'dp': 128, 'ep': 1, 'tp_ep': True}, 'inference': {'replica_count': 1, 'moe_dp': 1}}
256	834.940829	nan	nan	0.001198	6.861550e+18	8.218008e+15	3.118694e+14	0.102933	True	692.381531	76.868194	{'tp': 1, 'cp': 1, 'pp': 2, 'mb': 2, 'tp_sp': True, 'train': {'dp': 128, 'ep': 1, 'tp_ep': True}, 'inference': {'replica_count': 1, 'moe_dp': 1}}
1024	492.354232	nan	nan	0.002031	6.861550e+18	1.393621e+16	3.118694e+14	0.043639	True	119.971283	63.881990	{'tp': 2, 'cp': 1, 'pp': 4, 'mb': 4, 'tp_sp': True, 'train': {'dp': 128, 'ep': 1, 'tp_ep': True}, 'inference': {'replica_count': 1, 'moe_dp': 1}}
4096	128.339916	nan	nan	0.007792	6.861550e+18	5.346388e+16	3.118694e+14	0.041853	False	0.000000	51.604778	{'tp': 8, 'cp': 1, 'pp': 4, 'mb': 4, 'tp_sp': True, 'train': {'dp': 128, 'ep': 1, 'tp_ep': True}, 'inference': {'replica_count': 1, 'moe_dp': 1}}
2048	249.001794	nan	nan	0.004016	6.861550e+18	2.755623e+16	3.118694e+14	0.043144	True	19.985641	55.668133	{'tp': 4, 'cp': 1, 'pp': 4, 'mb': 4, 'tp_sp': True, 'train': {'dp': 128, 'ep': 1, 'tp_ep': True}, 'inference': {'replica_count': 1, 'moe_dp': 1}}
512	978.756847	nan	nan	0.001022	6.861550e+18	7.010475e+15	3.118694e+14	0.043904	True	319.942566	79.477943	{'tp': 1, 'cp': 1, 'pp': 4, 'mb': 4, 'tp_sp': True, 'train': {'dp': 128, 'ep': 1, 'tp_ep': True}, 'inference': {'replica_count': 1, 'moe_dp': 1}}
4096	268.422005	nan	nan	0.003725	6.861550e+18	2.556255e+16	3.118694e+14	0.020011	False	0.000000	62.089936	{'tp': 4, 'cp': 1, 'pp': 8, 'mb': 8, 'tp_sp': True, 'train': {'dp': 128, 'ep': 1, 'tp_ep': True}, 'inference': {'replica_count': 1, 'moe_dp': 1}}
1024	1050.021306	nan	nan	0.000952	6.861550e+18	6.534677e+15	3.118694e+14	0.020462	True	127.716003	84.971554	{'tp': 1, 'cp': 1, 'pp': 8, 'mb': 8, 'tp_sp': True, 'train': {'dp': 128, 'ep': 1, 'tp_ep': True}, 'inference': {'replica_count': 1, 'moe_dp': 1}}
2048	528.501536	nan	nan	0.001892	6.861550e+18	1.298303e+16	3.118694e+14	0.020327	True	23.858002	70.557042	{'tp': 2, 'cp': 1, 'pp': 8, 'mb': 8, 'tp_sp': True, 'train': {'dp': 128, 'ep': 1, 'tp_ep': True}, 'inference': {'replica_count': 1, 'moe_dp': 1}}
1024	141.291895	nan	nan	0.007078	6.861550e+18	4.856294e+16	3.118694e+14	0.152066	True	300.197958	55.499929	{'tp': 4, 'cp': 1, 'pp': 1, 'mb': 1, 'tp_sp': True, 'train': {'dp': 256, 'ep': 1, 'tp_ep': True}, 'inference': {'replica_count': 1, 'moe_dp': 1}}
512	280.068833	nan	nan	0.003571	6.861550e+18	2.449951e+16	3.118694e+14	0.153432	True	680.395916	62.285945	{'tp': 2, 'cp': 1, 'pp': 1, 'mb': 1, 'tp_sp': True, 'train': {'dp': 256, 'ep': 1, 'tp_ep': True}, 'inference': {'replica_count': 1, 'moe_dp': 1}}
2048	71.881878	nan	nan	0.013912	6.861550e+18	9.545591e+16	3.118694e+14	0.149451	True	110.120663	51.230618	{'tp': 8, 'cp': 1, 'pp': 1, 'mb': 1, 'tp_sp': True, 'train': {'dp': 256, 'ep': 1, 'tp_ep': True}, 'inference': {'replica_count': 1, 'moe_dp': 1}}
4096	547.153130	nan	nan	0.001828	6.861550e+18	1.254046e+16	3.118694e+14	0.009817	False	0.000000	86.885932	{'tp': 2, 'cp': 1, 'pp': 16, 'mb': 16, 'tp_sp': True, 'train': {'dp': 128, 'ep': 1, 'tp_ep': True}, 'inference': {'replica_count': 1, 'moe_dp': 1}}
2048	1086.265170	nan	nan	0.000921	6.861550e+18	6.316644e+15	3.118694e+14	0.009890	True	31.602722	102.659377	{'tp': 1, 'cp': 1, 'pp': 16, 'mb': 16, 'tp_sp': True, 'train': {'dp': 128, 'ep': 1, 'tp_ep': True}, 'inference': {'replica_count': 1, 'moe_dp': 1}}
256	556.142593	nan	nan	0.001798	6.861550e+18	1.233775e+16	3.118694e+14	0.154534	True	1440.791832	79.305672	{'tp': 1, 'cp': 1, 'pp': 1, 'mb': 1, 'tp_sp': True, 'train': {'dp': 256, 'ep': 1, 'tp_ep': True}, 'inference': {'replica_count': 1, 'moe_dp': 1}}
4096	39.277336	nan	nan	0.025460	6.861550e+18	1.746949e+17	3.118694e+14	0.136756	True	15.564970	49.181541	{'tp': 16, 'cp': 1, 'pp': 1, 'mb': 1, 'tp_sp': True, 'train': {'dp': 256, 'ep': 1, 'tp_ep': True}, 'inference': {'replica_count': 1, 'moe_dp': 1}}
1024	420.810352	nan	nan	0.002376	6.861550e+18	1.630556e+16	3.118694e+14	0.051058	True	303.976059	70.519925	{'tp': 2, 'cp': 1, 'pp': 2, 'mb': 2, 'tp_sp': True, 'train': {'dp': 256, 'ep': 1, 'tp_ep': True}, 'inference': {'replica_count': 1, 'moe_dp': 1}}
4096	108.515779	nan	nan	0.009215	6.861550e+18	6.323090e+16	3.118694e+14	0.049499	True	16.057095	59.140954	{'tp': 8, 'cp': 1, 'pp': 2, 'mb': 2, 'tp_sp': True, 'train': {'dp': 256, 'ep': 1, 'tp_ep': True}, 'inference': {'replica_count': 1, 'moe_dp': 1}}
2048	212.635518	nan	nan	0.004703	6.861550e+18	3.226907e+16	3.118694e+14	0.050522	True	111.988029	62.477355	{'tp': 4, 'cp': 1, 'pp': 2, 'mb': 2, 'tp_sp': True, 'train': {'dp': 256, 'ep': 1, 'tp_ep': True}, 'inference': {'replica_count': 1, 'moe_dp': 1}}
512	834.939845	nan	nan	0.001198	6.861550e+18	8.218017e+15	3.118694e+14	0.051466	True	687.952118	86.784951	{'tp': 1, 'cp': 1, 'pp': 2, 'mb': 2, 'tp_sp': True, 'train': {'dp': 256, 'ep': 1, 'tp_ep': True}, 'inference': {'replica_count': 1, 'moe_dp': 1}}
4096	1102.700033	nan	nan	0.000907	6.861550e+18	6.222499e+15	3.118694e+14	0.004871	False	0.000000	145.306435	{'tp': 1, 'cp': 1, 'pp': 32, 'mb': 32, 'tp_sp': True, 'train': {'dp': 128, 'ep': 1, 'tp_ep': True}, 'inference': {'replica_count': 1, 'moe_dp': 1}}
2048	492.353194	nan	nan	0.002031	6.861550e+18	1.393624e+16	3.118694e+14	0.021819	True	118.835068	78.715158	{'tp': 2, 'cp': 1, 'pp': 4, 'mb': 4, 'tp_sp': True, 'train': {'dp': 256, 'ep': 1, 'tp_ep': True}, 'inference': {'replica_count': 1, 'moe_dp': 1}}
4096	249.000115	nan	nan	0.004016	6.861550e+18	2.755641e+16	3.118694e+14	0.021572	True	19.417534	69.010601	{'tp': 4, 'cp': 1, 'pp': 4, 'mb': 4, 'tp_sp': True, 'train': {'dp': 256, 'ep': 1, 'tp_ep': True}, 'inference': {'replica_count': 1, 'moe_dp': 1}}
1024	978.755735	nan	nan	0.001022	6.861550e+18	7.010483e+15	3.118694e+14	0.021952	True	317.670135	92.028194	{'tp': 1, 'cp': 1, 'pp': 4, 'mb': 4, 'tp_sp': True, 'train': {'dp': 256, 'ep': 1, 'tp_ep': True}, 'inference': {'replica_count': 1, 'moe_dp': 1}}
4096	528.501536	nan	nan	0.001892	6.861550e+18	1.298303e+16	3.118694e+14	0.010163	True	23.278427	90.330866	{'tp': 2, 'cp': 1, 'pp': 8, 'mb': 8, 'tp_sp': True, 'train': {'dp': 256, 'ep': 1, 'tp_ep': True}, 'inference': {'replica_count': 1, 'moe_dp': 1}}
2048	1050.021306	nan	nan	0.000952	6.861550e+18	6.534677e+15	3.118694e+14	0.010231	True	126.556854	106.754978	{'tp': 1, 'cp': 1, 'pp': 8, 'mb': 8, 'tp_sp': True, 'train': {'dp': 256, 'ep': 1, 'tp_ep': True}, 'inference': {'replica_count': 1, 'moe_dp': 1}}
4096	71.881609	nan	nan	0.013912	6.861550e+18	9.545627e+16	3.118694e+14	0.074726	True	109.569853	64.426030	{'tp': 8, 'cp': 1, 'pp': 1, 'mb': 1, 'tp_sp': True, 'train': {'dp': 512, 'ep': 1, 'tp_ep': True}, 'inference': {'replica_count': 1, 'moe_dp': 1}}
2048	141.291622	nan	nan	0.007078	6.861550e+18	4.856304e+16	3.118694e+14	0.076033	True	299.096338	68.466942	{'tp': 4, 'cp': 1, 'pp': 1, 'mb': 1, 'tp_sp': True, 'train': {'dp': 512, 'ep': 1, 'tp_ep': True}, 'inference': {'replica_count': 1, 'moe_dp': 1}}
1024	280.068552	nan	nan	0.003571	6.861550e+18	2.449954e+16	3.118694e+14	0.076716	True	678.192677	77.017132	{'tp': 2, 'cp': 1, 'pp': 1, 'mb': 1, 'tp_sp': True, 'train': {'dp': 512, 'ep': 1, 'tp_ep': True}, 'inference': {'replica_count': 1, 'moe_dp': 1}}
512	556.142295	nan	nan	0.001798	6.861550e+18	1.233776e+16	3.118694e+14	0.077267	True	1436.385353	93.133556	{'tp': 1, 'cp': 1, 'pp': 1, 'mb': 1, 'tp_sp': True, 'train': {'dp': 512, 'ep': 1, 'tp_ep': True}, 'inference': {'replica_count': 1, 'moe_dp': 1}}
4096	1086.265170	nan	nan	0.000921	6.861550e+18	6.316644e+15	3.118694e+14	0.004945	True	31.000214	141.756341	{'tp': 1, 'cp': 1, 'pp': 16, 'mb': 16, 'tp_sp': True, 'train': {'dp': 256, 'ep': 1, 'tp_ep': True}, 'inference': {'replica_count': 1, 'moe_dp': 1}}
2048	420.809863	nan	nan	0.002376	6.861550e+18	1.630558e+16	3.118694e+14	0.025529	True	302.868706	113.910990	{'tp': 2, 'cp': 1, 'pp': 2, 'mb': 2, 'tp_sp': True, 'train': {'dp': 512, 'ep': 1, 'tp_ep': True}, 'inference': {'replica_count': 1, 'moe_dp': 1}}
4096	212.635047	nan	nan	0.004703	6.861550e+18	3.226914e+16	3.118694e+14	0.025261	True	111.434353	103.821605	{'tp': 4, 'cp': 1, 'pp': 2, 'mb': 2, 'tp_sp': True, 'train': {'dp': 512, 'ep': 1, 'tp_ep': True}, 'inference': {'replica_count': 1, 'moe_dp': 1}}
1024	834.939318	nan	nan	0.001198	6.861550e+18	8.218023e+15	3.118694e+14	0.025733	True	685.737411	122.278832	{'tp': 1, 'cp': 1, 'pp': 2, 'mb': 2, 'tp_sp': True, 'train': {'dp': 512, 'ep': 1, 'tp_ep': True}, 'inference': {'replica_count': 1, 'moe_dp': 1}}
2048	978.755176	nan	nan	0.001022	6.861550e+18	7.010487e+15	3.118694e+14	0.010976	True	316.533920	132.686910	{'tp': 1, 'cp': 1, 'pp': 4, 'mb': 4, 'tp_sp': True, 'train': {'dp': 512, 'ep': 1, 'tp_ep': True}, 'inference': {'replica_count': 1, 'moe_dp': 1}}
4096	492.352674	nan	nan	0.002031	6.861550e+18	1.393625e+16	3.118694e+14	0.010910	True	118.266960	121.656841	{'tp': 2, 'cp': 1, 'pp': 4, 'mb': 4, 'tp_sp': True, 'train': {'dp': 512, 'ep': 1, 'tp_ep': True}, 'inference': {'replica_count': 1, 'moe_dp': 1}}
2048	280.068412	nan	nan	0.003571	6.861550e+18	2.449955e+16	3.118694e+14	0.038358	True	677.091057	113.058532	{'tp': 2, 'cp': 1, 'pp': 1, 'mb': 1, 'tp_sp': True, 'train': {'dp': 1024, 'ep': 1, 'tp_ep': True}, 'inference': {'replica_count': 1, 'moe_dp': 1}}
4096	141.291486	nan	nan	0.007078	6.861550e+18	4.856308e+16	3.118694e+14	0.038017	True	298.545528	105.892446	{'tp': 4, 'cp': 1, 'pp': 1, 'mb': 1, 'tp_sp': True, 'train': {'dp': 1024, 'ep': 1, 'tp_ep': True}, 'inference': {'replica_count': 1, 'moe_dp': 1}}
1024	556.142145	nan	nan	0.001798	6.861550e+18	1.233776e+16	3.118694e+14	0.038633	True	1434.182114	131.410912	{'tp': 1, 'cp': 1, 'pp': 1, 'mb': 1, 'tp_sp': True, 'train': {'dp': 1024, 'ep': 1, 'tp_ep': True}, 'inference': {'replica_count': 1, 'moe_dp': 1}}
4096	1050.021306	nan	nan	0.000952	6.861550e+18	6.534677e+15	3.118694e+14	0.005116	True	125.977280	171.482448	{'tp': 1, 'cp': 1, 'pp': 8, 'mb': 8, 'tp_sp': True, 'train': {'dp': 512, 'ep': 1, 'tp_ep': True}, 'inference': {'replica_count': 1, 'moe_dp': 1}}
4096	420.809633	nan	nan	0.002376	6.861550e+18	1.630559e+16	3.118694e+14	0.012764	True	302.315029	215.134208	{'tp': 2, 'cp': 1, 'pp': 2, 'mb': 2, 'tp_sp': True, 'train': {'dp': 1024, 'ep': 1, 'tp_ep': True}, 'inference': {'replica_count': 1, 'moe_dp': 1}}
2048	834.939069	nan	nan	0.001198	6.861550e+18	8.218025e+15	3.118694e+14	0.012867	True	684.630058	230.571581	{'tp': 1, 'cp': 1, 'pp': 2, 'mb': 2, 'tp_sp': True, 'train': {'dp': 1024, 'ep': 1, 'tp_ep': True}, 'inference': {'replica_count': 1, 'moe_dp': 1}}
128	526.144312	nan	nan	0.001901	6.861550e+18	1.304119e+16	3.118694e+14	0.326689	False	0.000000	196.484263	{'tp': 8, 'cp': 2, 'pp': 8, 'mb': 8, 'tp_sp': True, 'train': {'dp': 1, 'ep': 1, 'tp_ep': True}, 'inference': {'replica_count': 1, 'moe_dp': 1}}
4096	978.754919	nan	nan	0.001022	6.861550e+18	7.010489e+15	3.118694e+14	0.005488	True	315.965813	272.911812	{'tp': 1, 'cp': 1, 'pp': 4, 'mb': 4, 'tp_sp': True, 'train': {'dp': 1024, 'ep': 1, 'tp_ep': True}, 'inference': {'replica_count': 1, 'moe_dp': 1}}
256	318.072986	nan	nan	0.003144	6.861550e+18	2.157225e+16	3.118694e+14	0.270198	False	0.000000	215.913377	{'tp': 16, 'cp': 2, 'pp': 8, 'mb': 8, 'tp_sp': True, 'train': {'dp': 1, 'ep': 1, 'tp_ep': True}, 'inference': {'replica_count': 1, 'moe_dp': 1}}
128	516.100212	nan	nan	0.001938	6.861550e+18	1.329500e+16	3.118694e+14	0.333047	False	0.000000	121.127951	{'tp': 4, 'cp': 2, 'pp': 16, 'mb': 16, 'tp_sp': True, 'train': {'dp': 1, 'ep': 1, 'tp_ep': True}, 'inference': {'replica_count': 1, 'moe_dp': 1}}
256	307.785041	nan	nan	0.003249	6.861550e+18	2.229332e+16	3.118694e+14	0.279230	False	0.000000	129.156581	{'tp': 8, 'cp': 2, 'pp': 16, 'mb': 16, 'tp_sp': True, 'train': {'dp': 1, 'ep': 1, 'tp_ep': True}, 'inference': {'replica_count': 1, 'moe_dp': 1}}
128	523.192674	nan	nan	0.001911	6.861550e+18	1.311477e+16	3.118694e+14	0.328532	False	0.000000	354.979919	{'tp': 16, 'cp': 2, 'pp': 4, 'mb': 4, 'tp_sp': True, 'train': {'dp': 1, 'ep': 1, 'tp_ep': True}, 'inference': {'replica_count': 1, 'moe_dp': 1}}
512	213.976227	nan	nan	0.004673	6.861550e+18	3.206688e+16	3.118694e+14	0.200823	False	0.000000	320.125505	{'tp': 32, 'cp': 2, 'pp': 8, 'mb': 8, 'tp_sp': True, 'train': {'dp': 1, 'ep': 1, 'tp_ep': True}, 'inference': {'replica_count': 1, 'moe_dp': 1}}
128	490.329161	nan	nan	0.002039	6.861550e+18	1.399376e+16	3.118694e+14	0.350551	False	0.000000	84.168420	{'tp': 2, 'cp': 2, 'pp': 32, 'mb': 32, 'tp_sp': True, 'train': {'dp': 1, 'ep': 1, 'tp_ep': True}, 'inference': {'replica_count': 1, 'moe_dp': 1}}
512	203.659796	nan	nan	0.004910	6.861550e+18	3.369124e+16	3.118694e+14	0.210996	False	0.000000	180.923753	{'tp': 16, 'cp': 2, 'pp': 16, 'mb': 16, 'tp_sp': True, 'train': {'dp': 1, 'ep': 1, 'tp_ep': True}, 'inference': {'replica_count': 1, 'moe_dp': 1}}
256	291.959829	nan	nan	0.003425	6.861550e+18	2.350169e+16	3.118694e+14	0.294365	False	0.000000	92.811367	{'tp': 4, 'cp': 2, 'pp': 32, 'mb': 32, 'tp_sp': True, 'train': {'dp': 1, 'ep': 1, 'tp_ep': True}, 'inference': {'replica_count': 1, 'moe_dp': 1}}
256	325.882519	nan	nan	0.003069	6.861550e+18	2.105529e+16	3.118694e+14	0.263723	False	0.000000	405.114240	{'tp': 32, 'cp': 2, 'pp': 4, 'mb': 4, 'tp_sp': True, 'train': {'dp': 1, 'ep': 1, 'tp_ep': True}, 'inference': {'replica_count': 1, 'moe_dp': 1}}
512	192.984685	nan	nan	0.005182	6.861550e+18	3.555489e+16	3.118694e+14	0.222667	False	0.000000	125.710179	{'tp': 8, 'cp': 2, 'pp': 32, 'mb': 32, 'tp_sp': True, 'train': {'dp': 1, 'ep': 1, 'tp_ep': True}, 'inference': {'replica_count': 1, 'moe_dp': 1}}
1024	143.512302	nan	nan	0.006968	6.861550e+18	4.781158e+16	3.118694e+14	0.149713	False	0.000000	244.719692	{'tp': 16, 'cp': 2, 'pp': 32, 'mb': 32, 'tp_sp': True, 'train': {'dp': 1, 'ep': 1, 'tp_ep': True}, 'inference': {'replica_count': 1, 'moe_dp': 1}}
128	459.172555	nan	nan	0.002178	6.861550e+18	1.494329e+16	3.118694e+14	0.374338	True	12.154663	188.025832	{'tp': 8, 'cp': 2, 'pp': 4, 'mb': 4, 'tp_sp': True, 'train': {'dp': 2, 'ep': 1, 'tp_ep': True}, 'inference': {'replica_count': 1, 'moe_dp': 1}}
1024	151.563439	nan	nan	0.006598	6.861550e+18	4.527180e+16	3.118694e+14	0.141760	False	0.000000	425.683644	{'tp': 32, 'cp': 2, 'pp': 16, 'mb': 16, 'tp_sp': True, 'train': {'dp': 1, 'ep': 1, 'tp_ep': True}, 'inference': {'replica_count': 1, 'moe_dp': 1}}
256	261.938490	nan	nan	0.003818	6.861550e+18	2.619527e+16	3.118694e+14	0.328103	False	0.000000	192.992345	{'tp': 16, 'cp': 2, 'pp': 4, 'mb': 4, 'tp_sp': True, 'train': {'dp': 2, 'ep': 1, 'tp_ep': True}, 'inference': {'replica_count': 1, 'moe_dp': 1}}
128	419.238012	nan	nan	0.002385	6.861550e+18	1.636672e+16	3.118694e+14	0.409995	True	14.036743	348.208791	{'tp': 16, 'cp': 2, 'pp': 2, 'mb': 2, 'tp_sp': True, 'train': {'dp': 2, 'ep': 1, 'tp_ep': True}, 'inference': {'replica_count': 1, 'moe_dp': 1}}
128	472.045530	nan	nan	0.002118	6.861550e+18	1.453578e+16	3.118694e+14	0.364129	True	11.848511	113.974593	{'tp': 4, 'cp': 2, 'pp': 8, 'mb': 8, 'tp_sp': True, 'train': {'dp': 2, 'ep': 1, 'tp_ep': True}, 'inference': {'replica_count': 1, 'moe_dp': 1}}
256	248.968630	nan	nan	0.004017	6.861550e+18	2.755990e+16	3.118694e+14	0.345195	False	0.000000	365.812118	{'tp': 32, 'cp': 2, 'pp': 2, 'mb': 2, 'tp_sp': True, 'train': {'dp': 2, 'ep': 1, 'tp_ep': True}, 'inference': {'replica_count': 1, 'moe_dp': 1}}
256	263.788111	nan	nan	0.003791	6.861550e+18	2.601160e+16	3.118694e+14	0.325802	False	0.000000	114.489156	{'tp': 8, 'cp': 2, 'pp': 8, 'mb': 8, 'tp_sp': True, 'train': {'dp': 2, 'ep': 1, 'tp_ep': True}, 'inference': {'replica_count': 1, 'moe_dp': 1}}
512	163.263533	nan	nan	0.006125	6.861550e+18	4.202745e+16	3.118694e+14	0.263203	False	0.000000	245.379376	{'tp': 32, 'cp': 2, 'pp': 4, 'mb': 4, 'tp_sp': True, 'train': {'dp': 2, 'ep': 1, 'tp_ep': True}, 'inference': {'replica_count': 1, 'moe_dp': 1}}
512	159.691741	nan	nan	0.006262	6.861550e+18	4.296747e+16	3.118694e+14	0.269090	False	0.000000	133.930559	{'tp': 16, 'cp': 2, 'pp': 8, 'mb': 8, 'tp_sp': True, 'train': {'dp': 2, 'ep': 1, 'tp_ep': True}, 'inference': {'replica_count': 1, 'moe_dp': 1}}
128	468.619224	nan	nan	0.002134	6.861550e+18	1.464206e+16	3.118694e+14	0.366792	True	14.264038	78.272038	{'tp': 2, 'cp': 2, 'pp': 16, 'mb': 16, 'tp_sp': True, 'train': {'dp': 2, 'ep': 1, 'tp_ep': True}, 'inference': {'replica_count': 1, 'moe_dp': 1}}
256	259.486282	nan	nan	0.003854	6.861550e+18	2.644282e+16	3.118694e+14	0.331204	False	0.000000	74.832263	{'tp': 4, 'cp': 2, 'pp': 16, 'mb': 16, 'tp_sp': True, 'train': {'dp': 2, 'ep': 1, 'tp_ep': True}, 'inference': {'replica_count': 1, 'moe_dp': 1}}
128	460.101969	nan	nan	0.002173	6.861550e+18	1.491311e+16	3.118694e+14	0.373581	True	20.609009	58.545606	{'tp': 1, 'cp': 2, 'pp': 32, 'mb': 32, 'tp_sp': True, 'train': {'dp': 2, 'ep': 1, 'tp_ep': True}, 'inference': {'replica_count': 1, 'moe_dp': 1}}
512	155.140787	nan	nan	0.006446	6.861550e+18	4.422789e+16	3.118694e+14	0.276983	False	0.000000	87.558461	{'tp': 8, 'cp': 2, 'pp': 16, 'mb': 16, 'tp_sp': True, 'train': {'dp': 2, 'ep': 1, 'tp_ep': True}, 'inference': {'replica_count': 1, 'moe_dp': 1}}
256	247.826028	nan	nan	0.004035	6.861550e+18	2.768696e+16	3.118694e+14	0.346787	False	0.000000	59.717981	{'tp': 2, 'cp': 2, 'pp': 32, 'mb': 32, 'tp_sp': True, 'train': {'dp': 2, 'ep': 1, 'tp_ep': True}, 'inference': {'replica_count': 1, 'moe_dp': 1}}
512	148.365919	nan	nan	0.006740	6.861550e+18	4.624748e+16	3.118694e+14	0.289631	False	0.000000	71.137147	{'tp': 4, 'cp': 2, 'pp': 32, 'mb': 32, 'tp_sp': True, 'train': {'dp': 2, 'ep': 1, 'tp_ep': True}, 'inference': {'replica_count': 1, 'moe_dp': 1}}
1024	102.984077	nan	nan	0.009710	6.861550e+18	6.662729e+16	3.118694e+14	0.208631	False	0.000000	139.088276	{'tp': 16, 'cp': 2, 'pp': 16, 'mb': 16, 'tp_sp': True, 'train': {'dp': 2, 'ep': 1, 'tp_ep': True}, 'inference': {'replica_count': 1, 'moe_dp': 1}}
1024	107.609826	nan	nan	0.009293	6.861550e+18	6.376323e+16	3.118694e+14	0.199663	False	0.000000	248.318094	{'tp': 32, 'cp': 2, 'pp': 8, 'mb': 8, 'tp_sp': True, 'train': {'dp': 2, 'ep': 1, 'tp_ep': True}, 'inference': {'replica_count': 1, 'moe_dp': 1}}
1024	98.732147	nan	nan	0.010128	6.861550e+18	6.949662e+16	3.118694e+14	0.217616	False	0.000000	108.732367	{'tp': 8, 'cp': 2, 'pp': 32, 'mb': 32, 'tp_sp': True, 'train': {'dp': 2, 'ep': 1, 'tp_ep': True}, 'inference': {'replica_count': 1, 'moe_dp': 1}}
2048	73.882911	nan	nan	0.013535	6.861550e+18	9.287060e+16	3.118694e+14	0.145404	False	0.000000	227.623563	{'tp': 16, 'cp': 2, 'pp': 32, 'mb': 32, 'tp_sp': True, 'train': {'dp': 2, 'ep': 1, 'tp_ep': True}, 'inference': {'replica_count': 1, 'moe_dp': 1}}
128	380.291853	nan	nan	0.002630	6.861550e+18	1.804285e+16	3.118694e+14	0.451983	True	57.246704	184.292178	{'tp': 8, 'cp': 2, 'pp': 2, 'mb': 2, 'tp_sp': True, 'train': {'dp': 4, 'ep': 1, 'tp_ep': True}, 'inference': {'replica_count': 1, 'moe_dp': 1}}
2048	76.881930	nan	nan	0.013007	6.861550e+18	8.924789e+16	3.118694e+14	0.139732	False	0.000000	376.642301	{'tp': 32, 'cp': 2, 'pp': 16, 'mb': 16, 'tp_sp': True, 'train': {'dp': 2, 'ep': 1, 'tp_ep': True}, 'inference': {'replica_count': 1, 'moe_dp': 1}}
256	210.088364	nan	nan	0.004760	6.861550e+18	3.266031e+16	3.118694e+14	0.409079	False	0.000000	186.774443	{'tp': 16, 'cp': 2, 'pp': 2, 'mb': 2, 'tp_sp': True, 'train': {'dp': 4, 'ep': 1, 'tp_ep': True}, 'inference': {'replica_count': 1, 'moe_dp': 1}}
256	158.716208	nan	nan	0.006301	6.861550e+18	4.323157e+16	3.118694e+14	0.541487	False	0.000000	345.166812	{'tp': 32, 'cp': 2, 'pp': 1, 'mb': 1, 'tp_sp': True, 'train': {'dp': 4, 'ep': 1, 'tp_ep': True}, 'inference': {'replica_count': 1, 'moe_dp': 1}}
128	272.226488	nan	nan	0.003673	6.861550e+18	2.520530e+16	3.118694e+14	0.631407	True	60.611084	352.679710	{'tp': 16, 'cp': 2, 'pp': 1, 'mb': 1, 'tp_sp': True, 'train': {'dp': 4, 'ep': 1, 'tp_ep': True}, 'inference': {'replica_count': 1, 'moe_dp': 1}}
128	427.691840	nan	nan	0.002338	6.861550e+18	1.604321e+16	3.118694e+14	0.401891	True	58.614624	109.368910	{'tp': 4, 'cp': 2, 'pp': 4, 'mb': 4, 'tp_sp': True, 'train': {'dp': 4, 'ep': 1, 'tp_ep': True}, 'inference': {'replica_count': 1, 'moe_dp': 1}}
256	230.283533	nan	nan	0.004342	6.861550e+18	2.979610e+16	3.118694e+14	0.373204	False	0.000000	104.294835	{'tp': 8, 'cp': 2, 'pp': 4, 'mb': 4, 'tp_sp': True, 'train': {'dp': 4, 'ep': 1, 'tp_ep': True}, 'inference': {'replica_count': 1, 'moe_dp': 1}}
512	124.936629	nan	nan	0.008004	6.861550e+18	5.492024e+16	3.118694e+14	0.343946	False	0.000000	212.815324	{'tp': 32, 'cp': 2, 'pp': 2, 'mb': 2, 'tp_sp': True, 'train': {'dp': 4, 'ep': 1, 'tp_ep': True}, 'inference': {'replica_count': 1, 'moe_dp': 1}}
512	131.610039	nan	nan	0.007598	6.861550e+18	5.213546e+16	3.118694e+14	0.326505	False	0.000000	112.425001	{'tp': 16, 'cp': 2, 'pp': 4, 'mb': 4, 'tp_sp': True, 'train': {'dp': 4, 'ep': 1, 'tp_ep': True}, 'inference': {'replica_count': 1, 'moe_dp': 1}}
256	237.278553	nan	nan	0.004214	6.861550e+18	2.891770e+16	3.118694e+14	0.362202	False	0.000000	69.543674	{'tp': 4, 'cp': 2, 'pp': 8, 'mb': 8, 'tp_sp': True, 'train': {'dp': 4, 'ep': 1, 'tp_ep': True}, 'inference': {'replica_count': 1, 'moe_dp': 1}}
128	446.341871	nan	nan	0.002240	6.861550e+18	1.537286e+16	3.118694e+14	0.385098	True	60.296265	75.442209	{'tp': 2, 'cp': 2, 'pp': 8, 'mb': 8, 'tp_sp': True, 'train': {'dp': 4, 'ep': 1, 'tp_ep': True}, 'inference': {'replica_count': 1, 'moe_dp': 1}}
512	132.967858	nan	nan	0.007521	6.861550e+18	5.160307e+16	3.118694e+14	0.323171	False	0.000000	71.308200	{'tp': 8, 'cp': 2, 'pp': 8, 'mb': 8, 'tp_sp': True, 'train': {'dp': 4, 'ep': 1, 'tp_ep': True}, 'inference': {'replica_count': 1, 'moe_dp': 1}}
512	102.274682	nan	nan	0.009778	6.861550e+18	6.708943e+16	3.118694e+14	0.420157	False	0.000000	408.853170	{'tp': 64, 'cp': 2, 'pp': 1, 'mb': 1, 'tp_sp': True, 'train': {'dp': 4, 'ep': 1, 'tp_ep': True}, 'inference': {'replica_count': 1, 'moe_dp': 1}}
256	236.508515	nan	nan	0.004228	6.861550e+18	2.901185e+16	3.118694e+14	0.363381	False	0.000000	51.619239	{'tp': 2, 'cp': 2, 'pp': 16, 'mb': 16, 'tp_sp': True, 'train': {'dp': 4, 'ep': 1, 'tp_ep': True}, 'inference': {'replica_count': 1, 'moe_dp': 1}}
128	452.014500	nan	nan	0.002212	6.861550e+18	1.517993e+16	3.118694e+14	0.380266	True	65.173462	57.407376	{'tp': 1, 'cp': 2, 'pp': 16, 'mb': 16, 'tp_sp': True, 'train': {'dp': 4, 'ep': 1, 'tp_ep': True}, 'inference': {'replica_count': 1, 'moe_dp': 1}}
512	131.681259	nan	nan	0.007594	6.861550e+18	5.210726e+16	3.118694e+14	0.326329	False	0.000000	54.525249	{'tp': 4, 'cp': 2, 'pp': 16, 'mb': 16, 'tp_sp': True, 'train': {'dp': 4, 'ep': 1, 'tp_ep': True}, 'inference': {'replica_count': 1, 'moe_dp': 1}}
1024	80.828557	nan	nan	0.012372	6.861550e+18	8.489017e+16	3.118694e+14	0.265818	False	0.000000	95.787331	{'tp': 16, 'cp': 2, 'pp': 8, 'mb': 8, 'tp_sp': True, 'train': {'dp': 4, 'ep': 1, 'tp_ep': True}, 'inference': {'replica_count': 1, 'moe_dp': 1}}
1024	82.241316	nan	nan	0.012159	6.861550e+18	8.343191e+16	3.118694e+14	0.261252	False	0.000000	163.625355	{'tp': 32, 'cp': 2, 'pp': 4, 'mb': 4, 'tp_sp': True, 'train': {'dp': 4, 'ep': 1, 'tp_ep': True}, 'inference': {'replica_count': 1, 'moe_dp': 1}}
1024	79.369171	nan	nan	0.012599	6.861550e+18	8.645107e+16	3.118694e+14	0.270706	False	0.000000	69.804220	{'tp': 8, 'cp': 2, 'pp': 16, 'mb': 16, 'tp_sp': True, 'train': {'dp': 4, 'ep': 1, 'tp_ep': True}, 'inference': {'replica_count': 1, 'moe_dp': 1}}
256	459.506108	nan	nan	0.002176	6.861550e+18	1.493245e+16	3.118694e+14	0.187033	False	0.000000	61.120514	{'tp': 1, 'cp': 2, 'pp': 32, 'mb': 32, 'tp_sp': True, 'train': {'dp': 4, 'ep': 1, 'tp_ep': True}, 'inference': {'replica_count': 1, 'moe_dp': 1}}
512	247.246850	nan	nan	0.004045	6.861550e+18	2.775182e+16	3.118694e+14	0.173800	False	0.000000	60.271428	{'tp': 2, 'cp': 2, 'pp': 32, 'mb': 32, 'tp_sp': True, 'train': {'dp': 4, 'ep': 1, 'tp_ep': True}, 'inference': {'replica_count': 1, 'moe_dp': 1}}
1024	147.814411	nan	nan	0.006765	6.861550e+18	4.642004e+16	3.118694e+14	0.145356	False	0.000000	70.159957	{'tp': 4, 'cp': 2, 'pp': 32, 'mb': 32, 'tp_sp': True, 'train': {'dp': 4, 'ep': 1, 'tp_ep': True}, 'inference': {'replica_count': 1, 'moe_dp': 1}}
1024	82.577924	nan	nan	0.012110	6.861550e+18	8.309182e+16	3.118694e+14	0.260187	False	0.000000	348.460317	{'tp': 64, 'cp': 2, 'pp': 2, 'mb': 2, 'tp_sp': True, 'train': {'dp': 4, 'ep': 1, 'tp_ep': True}, 'inference': {'replica_count': 1, 'moe_dp': 1}}
2048	55.815205	nan	nan	0.017916	6.861550e+18	1.229333e+17	3.118694e+14	0.192472	False	0.000000	117.104447	{'tp': 16, 'cp': 2, 'pp': 16, 'mb': 16, 'tp_sp': True, 'train': {'dp': 4, 'ep': 1, 'tp_ep': True}, 'inference': {'replica_count': 1, 'moe_dp': 1}}
2048	98.194474	nan	nan	0.010184	6.861550e+18	6.987715e+16	3.118694e+14	0.109404	False	0.000000	104.971144	{'tp': 8, 'cp': 2, 'pp': 32, 'mb': 32, 'tp_sp': True, 'train': {'dp': 4, 'ep': 1, 'tp_ep': True}, 'inference': {'replica_count': 1, 'moe_dp': 1}}
2048	56.668310	nan	nan	0.017647	6.861550e+18	1.210827e+17	3.118694e+14	0.189574	False	0.000000	203.590873	{'tp': 32, 'cp': 2, 'pp': 8, 'mb': 8, 'tp_sp': True, 'train': {'dp': 4, 'ep': 1, 'tp_ep': True}, 'inference': {'replica_count': 1, 'moe_dp': 1}}
128	361.044105	nan	nan	0.002770	6.861550e+18	1.900474e+16	3.118694e+14	0.476079	True	149.722290	106.213203	{'tp': 4, 'cp': 2, 'pp': 2, 'mb': 2, 'tp_sp': True, 'train': {'dp': 8, 'ep': 1, 'tp_ep': True}, 'inference': {'replica_count': 1, 'moe_dp': 1}}
256	190.692387	nan	nan	0.005244	6.861550e+18	3.598230e+16	3.118694e+14	0.450688	True	35.870422	101.135872	{'tp': 8, 'cp': 2, 'pp': 2, 'mb': 2, 'tp_sp': True, 'train': {'dp': 8, 'ep': 1, 'tp_ep': True}, 'inference': {'replica_count': 1, 'moe_dp': 1}}
128	249.947759	nan	nan	0.004001	6.861550e+18	2.745194e+16	3.118694e+14	0.687686	True	150.578857	181.063460	{'tp': 8, 'cp': 2, 'pp': 1, 'mb': 1, 'tp_sp': True, 'train': {'dp': 8, 'ep': 1, 'tp_ep': True}, 'inference': {'replica_count': 1, 'moe_dp': 1}}
256	136.481494	nan	nan	0.007327	6.861550e+18	5.027458e+16	3.118694e+14	0.629703	True	37.307983	175.194798	{'tp': 16, 'cp': 2, 'pp': 1, 'mb': 1, 'tp_sp': True, 'train': {'dp': 8, 'ep': 1, 'tp_ep': True}, 'inference': {'replica_count': 1, 'moe_dp': 1}}
512	79.715034	nan	nan	0.012545	6.861550e+18	8.607599e+16	3.118694e+14	0.539063	False	0.000000	187.341090	{'tp': 32, 'cp': 2, 'pp': 1, 'mb': 1, 'tp_sp': True, 'train': {'dp': 8, 'ep': 1, 'tp_ep': True}, 'inference': {'replica_count': 1, 'moe_dp': 1}}
4096	73.352155	nan	nan	0.013633	6.861550e+18	9.354258e+16	3.118694e+14	0.073228	False	0.000000	232.574194	{'tp': 16, 'cp': 2, 'pp': 32, 'mb': 32, 'tp_sp': True, 'train': {'dp': 4, 'ep': 1, 'tp_ep': True}, 'inference': {'replica_count': 1, 'moe_dp': 1}}
128	412.982265	nan	nan	0.002421	6.861550e+18	1.661464e+16	3.118694e+14	0.416206	True	154.562378	70.347150	{'tp': 2, 'cp': 2, 'pp': 4, 'mb': 4, 'tp_sp': True, 'train': {'dp': 8, 'ep': 1, 'tp_ep': True}, 'inference': {'replica_count': 1, 'moe_dp': 1}}
512	105.542988	nan	nan	0.009475	6.861550e+18	6.501190e+16	3.118694e+14	0.407146	False	0.000000	103.975953	{'tp': 16, 'cp': 2, 'pp': 2, 'mb': 2, 'tp_sp': True, 'train': {'dp': 8, 'ep': 1, 'tp_ep': True}, 'inference': {'replica_count': 1, 'moe_dp': 1}}
256	214.821689	nan	nan	0.004655	6.861550e+18	3.194068e+16	3.118694e+14	0.400066	True	37.785828	63.708896	{'tp': 4, 'cp': 2, 'pp': 4, 'mb': 4, 'tp_sp': True, 'train': {'dp': 8, 'ep': 1, 'tp_ep': True}, 'inference': {'replica_count': 1, 'moe_dp': 1}}
512	115.950880	nan	nan	0.008624	6.861550e+18	5.917635e+16	3.118694e+14	0.370600	False	0.000000	64.939778	{'tp': 8, 'cp': 2, 'pp': 4, 'mb': 4, 'tp_sp': True, 'train': {'dp': 8, 'ep': 1, 'tp_ep': True}, 'inference': {'replica_count': 1, 'moe_dp': 1}}
4096	47.300422	nan	nan	0.021141	6.861550e+18	1.450632e+17	3.118694e+14	0.113560	False	0.000000	364.147847	{'tp': 32, 'cp': 2, 'pp': 16, 'mb': 16, 'tp_sp': True, 'train': {'dp': 4, 'ep': 1, 'tp_ep': True}, 'inference': {'replica_count': 1, 'moe_dp': 1}}
1024	62.940693	nan	nan	0.015888	6.861550e+18	1.090161e+17	3.118694e+14	0.341364	False	0.000000	125.977269	{'tp': 32, 'cp': 2, 'pp': 2, 'mb': 2, 'tp_sp': True, 'train': {'dp': 8, 'ep': 1, 'tp_ep': True}, 'inference': {'replica_count': 1, 'moe_dp': 1}}
1024	51.476579	nan	nan	0.019426	6.861550e+18	1.332946e+17	3.118694e+14	0.417388	False	0.000000	254.876268	{'tp': 64, 'cp': 2, 'pp': 1, 'mb': 1, 'tp_sp': True, 'train': {'dp': 8, 'ep': 1, 'tp_ep': True}, 'inference': {'replica_count': 1, 'moe_dp': 1}}
1024	66.530692	nan	nan	0.015031	6.861550e+18	1.031336e+17	3.118694e+14	0.322944	False	0.000000	72.152410	{'tp': 16, 'cp': 2, 'pp': 4, 'mb': 4, 'tp_sp': True, 'train': {'dp': 8, 'ep': 1, 'tp_ep': True}, 'inference': {'replica_count': 1, 'moe_dp': 1}}
256	224.808475	nan	nan	0.004448	6.861550e+18	3.052176e+16	3.118694e+14	0.382293	True	39.605164	47.984609	{'tp': 2, 'cp': 2, 'pp': 8, 'mb': 8, 'tp_sp': True, 'train': {'dp': 8, 'ep': 1, 'tp_ep': True}, 'inference': {'replica_count': 1, 'moe_dp': 1}}
512	120.043436	nan	nan	0.008330	6.861550e+18	5.715889e+16	3.118694e+14	0.357965	False	0.000000	45.493871	{'tp': 4, 'cp': 2, 'pp': 8, 'mb': 8, 'tp_sp': True, 'train': {'dp': 8, 'ep': 1, 'tp_ep': True}, 'inference': {'replica_count': 1, 'moe_dp': 1}}
128	436.401420	nan	nan	0.002291	6.861550e+18	1.572302e+16	3.118694e+14	0.393870	True	158.705688	57.153111	{'tp': 1, 'cp': 2, 'pp': 8, 'mb': 8, 'tp_sp': True, 'train': {'dp': 8, 'ep': 1, 'tp_ep': True}, 'inference': {'replica_count': 1, 'moe_dp': 1}}
1024	67.762450	nan	nan	0.014757	6.861550e+18	1.012589e+17	3.118694e+14	0.317074	False	0.000000	50.403878	{'tp': 8, 'cp': 2, 'pp': 8, 'mb': 8, 'tp_sp': True, 'train': {'dp': 8, 'ep': 1, 'tp_ep': True}, 'inference': {'replica_count': 1, 'moe_dp': 1}}
2048	50.147664	nan	nan	0.019941	6.861550e+18	1.368269e+17	3.118694e+14	0.214224	False	0.000000	122.424983	{'tp': 32, 'cp': 2, 'pp': 4, 'mb': 4, 'tp_sp': True, 'train': {'dp': 8, 'ep': 1, 'tp_ep': True}, 'inference': {'replica_count': 1, 'moe_dp': 1}}
2048	50.607673	nan	nan	0.019760	6.861550e+18	1.355832e+17	3.118694e+14	0.212277	False	0.000000	74.945365	{'tp': 16, 'cp': 2, 'pp': 8, 'mb': 8, 'tp_sp': True, 'train': {'dp': 8, 'ep': 1, 'tp_ep': True}, 'inference': {'replica_count': 1, 'moe_dp': 1}}
256	452.014500	nan	nan	0.002212	6.861550e+18	1.517993e+16	3.118694e+14	0.190133	True	45.893188	57.836335	{'tp': 1, 'cp': 2, 'pp': 16, 'mb': 16, 'tp_sp': True, 'train': {'dp': 8, 'ep': 1, 'tp_ep': True}, 'inference': {'replica_count': 1, 'moe_dp': 1}}
512	236.508515	nan	nan	0.004228	6.861550e+18	2.901185e+16	3.118694e+14	0.181691	False	0.000000	53.424760	{'tp': 2, 'cp': 2, 'pp': 16, 'mb': 16, 'tp_sp': True, 'train': {'dp': 8, 'ep': 1, 'tp_ep': True}, 'inference': {'replica_count': 1, 'moe_dp': 1}}
1024	131.681259	nan	nan	0.007594	6.861550e+18	5.210726e+16	3.118694e+14	0.163164	False	0.000000	55.343138	{'tp': 4, 'cp': 2, 'pp': 16, 'mb': 16, 'tp_sp': True, 'train': {'dp': 8, 'ep': 1, 'tp_ep': True}, 'inference': {'replica_count': 1, 'moe_dp': 1}}
2048	79.369171	nan	nan	0.012599	6.861550e+18	8.645107e+16	3.118694e+14	0.135353	False	0.000000	68.202771	{'tp': 8, 'cp': 2, 'pp': 16, 'mb': 16, 'tp_sp': True, 'train': {'dp': 8, 'ep': 1, 'tp_ep': True}, 'inference': {'replica_count': 1, 'moe_dp': 1}}
512	458.880765	nan	nan	0.002179	6.861550e+18	1.495280e+16	3.118694e+14	0.093644	False	0.000000	61.709620	{'tp': 1, 'cp': 2, 'pp': 32, 'mb': 32, 'tp_sp': True, 'train': {'dp': 8, 'ep': 1, 'tp_ep': True}, 'inference': {'replica_count': 1, 'moe_dp': 1}}
1024	246.639044	nan	nan	0.004055	6.861550e+18	2.782021e+16	3.118694e+14	0.087114	False	0.000000	62.966278	{'tp': 2, 'cp': 2, 'pp': 32, 'mb': 32, 'tp_sp': True, 'train': {'dp': 8, 'ep': 1, 'tp_ep': True}, 'inference': {'replica_count': 1, 'moe_dp': 1}}
2048	48.349248	nan	nan	0.020683	6.861550e+18	1.419164e+17	3.118694e+14	0.222193	False	0.000000	267.420275	{'tp': 64, 'cp': 2, 'pp': 2, 'mb': 2, 'tp_sp': True, 'train': {'dp': 8, 'ep': 1, 'tp_ep': True}, 'inference': {'replica_count': 1, 'moe_dp': 1}}
2048	147.235657	nan	nan	0.006792	6.861550e+18	4.660250e+16	3.118694e+14	0.072964	False	0.000000	71.114907	{'tp': 4, 'cp': 2, 'pp': 32, 'mb': 32, 'tp_sp': True, 'train': {'dp': 8, 'ep': 1, 'tp_ep': True}, 'inference': {'replica_count': 1, 'moe_dp': 1}}
4096	55.815205	nan	nan	0.017916	6.861550e+18	1.229333e+17	3.118694e+14	0.096236	False	0.000000	120.238522	{'tp': 16, 'cp': 2, 'pp': 16, 'mb': 16, 'tp_sp': True, 'train': {'dp': 8, 'ep': 1, 'tp_ep': True}, 'inference': {'replica_count': 1, 'moe_dp': 1}}
4096	42.390177	nan	nan	0.023590	6.861550e+18	1.618665e+17	3.118694e+14	0.126714	False	0.000000	182.695812	{'tp': 32, 'cp': 2, 'pp': 8, 'mb': 8, 'tp_sp': True, 'train': {'dp': 8, 'ep': 1, 'tp_ep': True}, 'inference': {'replica_count': 1, 'moe_dp': 1}}
128	238.902165	nan	nan	0.004186	6.861550e+18	2.872117e+16	3.118694e+14	0.719481	True	336.570068	107.150001	{'tp': 4, 'cp': 2, 'pp': 1, 'mb': 1, 'tp_sp': True, 'train': {'dp': 16, 'ep': 1, 'tp_ep': True}, 'inference': {'replica_count': 1, 'moe_dp': 1}}
4096	97.630247	nan	nan	0.010243	6.861550e+18	7.028099e+16	3.118694e+14	0.055018	False	0.000000	109.905359	{'tp': 8, 'cp': 2, 'pp': 32, 'mb': 32, 'tp_sp': True, 'train': {'dp': 8, 'ep': 1, 'tp_ep': True}, 'inference': {'replica_count': 1, 'moe_dp': 1}}
256	125.337910	nan	nan	0.007978	6.861550e+18	5.474441e+16	3.118694e+14	0.685689	True	129.294312	99.908947	{'tp': 8, 'cp': 2, 'pp': 1, 'mb': 1, 'tp_sp': True, 'train': {'dp': 16, 'ep': 1, 'tp_ep': True}, 'inference': {'replica_count': 1, 'moe_dp': 1}}
128	352.211022	nan	nan	0.002839	6.861550e+18	1.948136e+16	3.118694e+14	0.488019	True	337.701294	70.856222	{'tp': 2, 'cp': 2, 'pp': 2, 'mb': 2, 'tp_sp': True, 'train': {'dp': 16, 'ep': 1, 'tp_ep': True}, 'inference': {'replica_count': 1, 'moe_dp': 1}}
256	181.218048	nan	nan	0.005518	6.861550e+18	3.786350e+16	3.118694e+14	0.474251	True	129.355286	61.795545	{'tp': 4, 'cp': 2, 'pp': 2, 'mb': 2, 'tp_sp': True, 'train': {'dp': 16, 'ep': 1, 'tp_ep': True}, 'inference': {'replica_count': 1, 'moe_dp': 1}}
512	68.573423	nan	nan	0.014583	6.861550e+18	1.000614e+17	3.118694e+14	0.626648	True	25.656433	99.399855	{'tp': 16, 'cp': 2, 'pp': 1, 'mb': 1, 'tp_sp': True, 'train': {'dp': 16, 'ep': 1, 'tp_ep': True}, 'inference': {'replica_count': 1, 'moe_dp': 1}}
1024	40.383731	nan	nan	0.024762	6.861550e+18	1.699088e+17	3.118694e+14	0.532038	False	0.000000	110.857634	{'tp': 32, 'cp': 2, 'pp': 1, 'mb': 1, 'tp_sp': True, 'train': {'dp': 16, 'ep': 1, 'tp_ep': True}, 'inference': {'replica_count': 1, 'moe_dp': 1}}
512	95.902342	nan	nan	0.010427	6.861550e+18	7.154726e+16	3.118694e+14	0.448075	True	25.182281	59.488193	{'tp': 8, 'cp': 2, 'pp': 2, 'mb': 2, 'tp_sp': True, 'train': {'dp': 16, 'ep': 1, 'tp_ep': True}, 'inference': {'replica_count': 1, 'moe_dp': 1}}
1024	55.393985	nan	nan	0.018053	6.861550e+18	1.238681e+17	3.118694e+14	0.387871	False	0.000000	63.846489	{'tp': 16, 'cp': 2, 'pp': 2, 'mb': 2, 'tp_sp': True, 'train': {'dp': 16, 'ep': 1, 'tp_ep': True}, 'inference': {'replica_count': 1, 'moe_dp': 1}}
256	207.633651	nan	nan	0.004816	6.861550e+18	3.304643e+16	3.118694e+14	0.413916	True	134.238220	45.807178	{'tp': 2, 'cp': 2, 'pp': 4, 'mb': 4, 'tp_sp': True, 'train': {'dp': 16, 'ep': 1, 'tp_ep': True}, 'inference': {'replica_count': 1, 'moe_dp': 1}}
512	108.352054	nan	nan	0.009229	6.861550e+18	6.332644e+16	3.118694e+14	0.396591	True	27.371429	42.029215	{'tp': 4, 'cp': 2, 'pp': 4, 'mb': 4, 'tp_sp': True, 'train': {'dp': 16, 'ep': 1, 'tp_ep': True}, 'inference': {'replica_count': 1, 'moe_dp': 1}}
128	406.389862	nan	nan	0.002461	6.861550e+18	1.688416e+16	3.118694e+14	0.422957	True	347.971802	55.020652	{'tp': 1, 'cp': 2, 'pp': 4, 'mb': 4, 'tp_sp': True, 'train': {'dp': 16, 'ep': 1, 'tp_ep': True}, 'inference': {'replica_count': 1, 'moe_dp': 1}}
2048	44.351031	nan	nan	0.022547	6.861550e+18	1.547100e+17	3.118694e+14	0.242223	False	0.000000	86.410517	{'tp': 32, 'cp': 2, 'pp': 2, 'mb': 2, 'tp_sp': True, 'train': {'dp': 16, 'ep': 1, 'tp_ep': True}, 'inference': {'replica_count': 1, 'moe_dp': 1}}
1024	62.041042	nan	nan	0.016118	6.861550e+18	1.105970e+17	3.118694e+14	0.346314	False	0.000000	42.604230	{'tp': 8, 'cp': 2, 'pp': 4, 'mb': 4, 'tp_sp': True, 'train': {'dp': 16, 'ep': 1, 'tp_ep': True}, 'inference': {'replica_count': 1, 'moe_dp': 1}}
2048	47.239212	nan	nan	0.021169	6.861550e+18	1.452512e+17	3.118694e+14	0.227414	False	0.000000	51.254418	{'tp': 16, 'cp': 2, 'pp': 4, 'mb': 4, 'tp_sp': True, 'train': {'dp': 16, 'ep': 1, 'tp_ep': True}, 'inference': {'replica_count': 1, 'moe_dp': 1}}
2048	36.634244	nan	nan	0.027297	6.861550e+18	1.872988e+17	3.118694e+14	0.293246	False	0.000000	179.279796	{'tp': 64, 'cp': 2, 'pp': 1, 'mb': 1, 'tp_sp': True, 'train': {'dp': 16, 'ep': 1, 'tp_ep': True}, 'inference': {'replica_count': 1, 'moe_dp': 1}}
1024	120.037372	nan	nan	0.008331	6.861550e+18	5.716178e+16	3.118694e+14	0.178992	False	0.000000	45.962637	{'tp': 4, 'cp': 2, 'pp': 8, 'mb': 8, 'tp_sp': True, 'train': {'dp': 16, 'ep': 1, 'tp_ep': True}, 'inference': {'replica_count': 1, 'moe_dp': 1}}
512	224.802143	nan	nan	0.004448	6.861550e+18	3.052262e+16	3.118694e+14	0.191152	True	30.331970	48.326355	{'tp': 2, 'cp': 2, 'pp': 8, 'mb': 8, 'tp_sp': True, 'train': {'dp': 16, 'ep': 1, 'tp_ep': True}, 'inference': {'replica_count': 1, 'moe_dp': 1}}
256	436.396108	nan	nan	0.002291	6.861550e+18	1.572322e+16	3.118694e+14	0.196938	True	140.159302	56.142604	{'tp': 1, 'cp': 2, 'pp': 8, 'mb': 8, 'tp_sp': True, 'train': {'dp': 16, 'ep': 1, 'tp_ep': True}, 'inference': {'replica_count': 1, 'moe_dp': 1}}
2048	67.756519	nan	nan	0.014759	6.861550e+18	1.012677e+17	3.118694e+14	0.158551	False	0.000000	51.643429	{'tp': 8, 'cp': 2, 'pp': 8, 'mb': 8, 'tp_sp': True, 'train': {'dp': 16, 'ep': 1, 'tp_ep': True}, 'inference': {'replica_count': 1, 'moe_dp': 1}}
4096	50.524374	nan	nan	0.019792	6.861550e+18	1.358067e+17	3.118694e+14	0.106314	False	0.000000	74.711253	{'tp': 16, 'cp': 2, 'pp': 8, 'mb': 8, 'tp_sp': True, 'train': {'dp': 16, 'ep': 1, 'tp_ep': True}, 'inference': {'replica_count': 1, 'moe_dp': 1}}
4096	39.845014	nan	nan	0.025097	6.861550e+18	1.722060e+17	3.118694e+14	0.134808	False	0.000000	104.121883	{'tp': 32, 'cp': 2, 'pp': 4, 'mb': 4, 'tp_sp': True, 'train': {'dp': 16, 'ep': 1, 'tp_ep': True}, 'inference': {'replica_count': 1, 'moe_dp': 1}}
512	452.014500	nan	nan	0.002212	6.861550e+18	1.517993e+16	3.118694e+14	0.095066	True	36.253052	59.656335	{'tp': 1, 'cp': 2, 'pp': 16, 'mb': 16, 'tp_sp': True, 'train': {'dp': 16, 'ep': 1, 'tp_ep': True}, 'inference': {'replica_count': 1, 'moe_dp': 1}}
1024	236.508515	nan	nan	0.004228	6.861550e+18	2.901185e+16	3.118694e+14	0.090845	False	0.000000	53.806850	{'tp': 2, 'cp': 2, 'pp': 16, 'mb': 16, 'tp_sp': True, 'train': {'dp': 16, 'ep': 1, 'tp_ep': True}, 'inference': {'replica_count': 1, 'moe_dp': 1}}
2048	131.681259	nan	nan	0.007594	6.861550e+18	5.210726e+16	3.118694e+14	0.081582	False	0.000000	56.020054	{'tp': 4, 'cp': 2, 'pp': 16, 'mb': 16, 'tp_sp': True, 'train': {'dp': 16, 'ep': 1, 'tp_ep': True}, 'inference': {'replica_count': 1, 'moe_dp': 1}}
4096	42.903950	nan	nan	0.023308	6.861550e+18	1.599282e+17	3.118694e+14	0.125197	False	0.000000	417.352872	{'tp': 64, 'cp': 2, 'pp': 4, 'mb': 4, 'tp_sp': True, 'train': {'dp': 8, 'ep': 1, 'tp_ep': True}, 'inference': {'replica_count': 1, 'moe_dp': 1}}
4096	79.369171	nan	nan	0.012599	6.861550e+18	8.645107e+16	3.118694e+14	0.067676	False	0.000000	70.877652	{'tp': 8, 'cp': 2, 'pp': 16, 'mb': 16, 'tp_sp': True, 'train': {'dp': 16, 'ep': 1, 'tp_ep': True}, 'inference': {'replica_count': 1, 'moe_dp': 1}}
1024	458.541417	nan	nan	0.002181	6.861550e+18	1.496386e+16	3.118694e+14	0.046857	False	0.000000	65.785582	{'tp': 1, 'cp': 2, 'pp': 32, 'mb': 32, 'tp_sp': True, 'train': {'dp': 16, 'ep': 1, 'tp_ep': True}, 'inference': {'replica_count': 1, 'moe_dp': 1}}
2048	246.309340	nan	nan	0.004060	6.861550e+18	2.785745e+16	3.118694e+14	0.043615	False	0.000000	66.247309	{'tp': 2, 'cp': 2, 'pp': 32, 'mb': 32, 'tp_sp': True, 'train': {'dp': 16, 'ep': 1, 'tp_ep': True}, 'inference': {'replica_count': 1, 'moe_dp': 1}}
512	63.028721	nan	nan	0.015866	6.861550e+18	1.088639e+17	3.118694e+14	0.681775	True	118.652039	57.219508	{'tp': 8, 'cp': 2, 'pp': 1, 'mb': 1, 'tp_sp': True, 'train': {'dp': 32, 'ep': 1, 'tp_ep': True}, 'inference': {'replica_count': 1, 'moe_dp': 1}}
256	119.903043	nan	nan	0.008340	6.861550e+18	5.722582e+16	3.118694e+14	0.716769	True	316.294800	62.354966	{'tp': 4, 'cp': 2, 'pp': 1, 'mb': 1, 'tp_sp': True, 'train': {'dp': 32, 'ep': 1, 'tp_ep': True}, 'inference': {'replica_count': 1, 'moe_dp': 1}}
1024	38.725708	nan	nan	0.025823	6.861550e+18	1.771833e+17	3.118694e+14	0.554817	True	19.830658	57.509791	{'tp': 16, 'cp': 2, 'pp': 1, 'mb': 1, 'tp_sp': True, 'train': {'dp': 32, 'ep': 1, 'tp_ep': True}, 'inference': {'replica_count': 1, 'moe_dp': 1}}
4096	38.865828	nan	nan	0.025730	6.861550e+18	1.765446e+17	3.118694e+14	0.138204	False	0.000000	229.862747	{'tp': 64, 'cp': 2, 'pp': 2, 'mb': 2, 'tp_sp': True, 'train': {'dp': 16, 'ep': 1, 'tp_ep': True}, 'inference': {'replica_count': 1, 'moe_dp': 1}}
128	233.892726	nan	nan	0.004275	6.861550e+18	2.933631e+16	3.118694e+14	0.734891	True	711.580322	70.273304	{'tp': 2, 'cp': 2, 'pp': 1, 'mb': 1, 'tp_sp': True, 'train': {'dp': 32, 'ep': 1, 'tp_ep': True}, 'inference': {'replica_count': 1, 'moe_dp': 1}}
4096	146.921784	nan	nan	0.006806	6.861550e+18	4.670206e+16	3.118694e+14	0.036560	False	0.000000	76.406174	{'tp': 4, 'cp': 2, 'pp': 32, 'mb': 32, 'tp_sp': True, 'train': {'dp': 16, 'ep': 1, 'tp_ep': True}, 'inference': {'replica_count': 1, 'moe_dp': 1}}
128	347.631801	nan	nan	0.002877	6.861550e+18	1.973798e+16	3.118694e+14	0.494447	True	715.173218	55.741269	{'tp': 1, 'cp': 2, 'pp': 2, 'mb': 2, 'tp_sp': True, 'train': {'dp': 32, 'ep': 1, 'tp_ep': True}, 'inference': {'replica_count': 1, 'moe_dp': 1}}
256	176.914060	nan	nan	0.005652	6.861550e+18	3.878465e+16	3.118694e+14	0.485788	True	317.838928	46.438767	{'tp': 2, 'cp': 2, 'pp': 2, 'mb': 2, 'tp_sp': True, 'train': {'dp': 32, 'ep': 1, 'tp_ep': True}, 'inference': {'replica_count': 1, 'moe_dp': 1}}
2048	34.879220	nan	nan	0.028670	6.861550e+18	1.967232e+17	3.118694e+14	0.308001	False	0.000000	71.215480	{'tp': 32, 'cp': 2, 'pp': 1, 'mb': 1, 'tp_sp': True, 'train': {'dp': 32, 'ep': 1, 'tp_ep': True}, 'inference': {'replica_count': 1, 'moe_dp': 1}}
1024	53.793749	nan	nan	0.018590	6.861550e+18	1.275529e+17	3.118694e+14	0.399409	True	19.838211	39.236182	{'tp': 8, 'cp': 2, 'pp': 2, 'mb': 2, 'tp_sp': True, 'train': {'dp': 32, 'ep': 1, 'tp_ep': True}, 'inference': {'replica_count': 1, 'moe_dp': 1}}
512	91.252882	nan	nan	0.010959	6.861550e+18	7.519270e+16	3.118694e+14	0.470905	True	119.171783	40.572313	{'tp': 4, 'cp': 2, 'pp': 2, 'mb': 2, 'tp_sp': True, 'train': {'dp': 32, 'ep': 1, 'tp_ep': True}, 'inference': {'replica_count': 1, 'moe_dp': 1}}
2048	42.543822	nan	nan	0.023505	6.861550e+18	1.612819e+17	3.118694e+14	0.252513	False	0.000000	42.950437	{'tp': 16, 'cp': 2, 'pp': 2, 'mb': 2, 'tp_sp': True, 'train': {'dp': 32, 'ep': 1, 'tp_ep': True}, 'inference': {'replica_count': 1, 'moe_dp': 1}}
512	207.630265	nan	nan	0.004816	6.861550e+18	3.304697e+16	3.118694e+14	0.206961	True	125.148499	46.804406	{'tp': 2, 'cp': 2, 'pp': 4, 'mb': 4, 'tp_sp': True, 'train': {'dp': 32, 'ep': 1, 'tp_ep': True}, 'inference': {'replica_count': 1, 'moe_dp': 1}}
1024	108.348807	nan	nan	0.009229	6.861550e+18	6.332834e+16	3.118694e+14	0.198301	True	22.826569	42.744173	{'tp': 4, 'cp': 2, 'pp': 4, 'mb': 4, 'tp_sp': True, 'train': {'dp': 32, 'ep': 1, 'tp_ep': True}, 'inference': {'replica_count': 1, 'moe_dp': 1}}
2048	61.960088	nan	nan	0.016139	6.861550e+18	1.107415e+17	3.118694e+14	0.173383	False	0.000000	43.353159	{'tp': 8, 'cp': 2, 'pp': 4, 'mb': 4, 'tp_sp': True, 'train': {'dp': 32, 'ep': 1, 'tp_ep': True}, 'inference': {'replica_count': 1, 'moe_dp': 1}}
256	406.387716	nan	nan	0.002461	6.861550e+18	1.688425e+16	3.118694e+14	0.211480	True	329.792358	56.857974	{'tp': 1, 'cp': 2, 'pp': 4, 'mb': 4, 'tp_sp': True, 'train': {'dp': 32, 'ep': 1, 'tp_ep': True}, 'inference': {'replica_count': 1, 'moe_dp': 1}}
4096	36.920537	nan	nan	0.027085	6.861550e+18	1.858464e+17	3.118694e+14	0.145486	False	0.000000	65.541127	{'tp': 32, 'cp': 2, 'pp': 2, 'mb': 2, 'tp_sp': True, 'train': {'dp': 32, 'ep': 1, 'tp_ep': True}, 'inference': {'replica_count': 1, 'moe_dp': 1}}
4096	47.158862	nan	nan	0.021205	6.861550e+18	1.454986e+17	3.118694e+14	0.113901	False	0.000000	53.251325	{'tp': 16, 'cp': 2, 'pp': 4, 'mb': 4, 'tp_sp': True, 'train': {'dp': 32, 'ep': 1, 'tp_ep': True}, 'inference': {'replica_count': 1, 'moe_dp': 1}}
1024	224.802143	nan	nan	0.004448	6.861550e+18	3.052262e+16	3.118694e+14	0.095576	True	25.695374	50.318092	{'tp': 2, 'cp': 2, 'pp': 8, 'mb': 8, 'tp_sp': True, 'train': {'dp': 32, 'ep': 1, 'tp_ep': True}, 'inference': {'replica_count': 1, 'moe_dp': 1}}
2048	120.037372	nan	nan	0.008331	6.861550e+18	5.716178e+16	3.118694e+14	0.089496	False	0.000000	47.846456	{'tp': 4, 'cp': 2, 'pp': 8, 'mb': 8, 'tp_sp': True, 'train': {'dp': 32, 'ep': 1, 'tp_ep': True}, 'inference': {'replica_count': 1, 'moe_dp': 1}}
512	436.396108	nan	nan	0.002291	6.861550e+18	1.572322e+16	3.118694e+14	0.098469	True	130.886108	58.580163	{'tp': 1, 'cp': 2, 'pp': 8, 'mb': 8, 'tp_sp': True, 'train': {'dp': 32, 'ep': 1, 'tp_ep': True}, 'inference': {'replica_count': 1, 'moe_dp': 1}}
4096	32.972907	nan	nan	0.030328	6.861550e+18	2.080966e+17	3.118694e+14	0.162904	False	0.000000	141.239820	{'tp': 64, 'cp': 2, 'pp': 1, 'mb': 1, 'tp_sp': True, 'train': {'dp': 32, 'ep': 1, 'tp_ep': True}, 'inference': {'replica_count': 1, 'moe_dp': 1}}
4096	67.756519	nan	nan	0.014759	6.861550e+18	1.012677e+17	3.118694e+14	0.079275	False	0.000000	52.797342	{'tp': 8, 'cp': 2, 'pp': 8, 'mb': 8, 'tp_sp': True, 'train': {'dp': 32, 'ep': 1, 'tp_ep': True}, 'inference': {'replica_count': 1, 'moe_dp': 1}}
2048	236.508515	nan	nan	0.004228	6.861550e+18	2.901185e+16	3.118694e+14	0.045423	False	0.000000	56.256280	{'tp': 2, 'cp': 2, 'pp': 16, 'mb': 16, 'tp_sp': True, 'train': {'dp': 32, 'ep': 1, 'tp_ep': True}, 'inference': {'replica_count': 1, 'moe_dp': 1}}
4096	131.681259	nan	nan	0.007594	6.861550e+18	5.210726e+16	3.118694e+14	0.040791	False	0.000000	58.286378	{'tp': 4, 'cp': 2, 'pp': 16, 'mb': 16, 'tp_sp': True, 'train': {'dp': 32, 'ep': 1, 'tp_ep': True}, 'inference': {'replica_count': 1, 'moe_dp': 1}}
1024	452.014500	nan	nan	0.002212	6.861550e+18	1.517993e+16	3.118694e+14	0.047533	True	31.432983	62.139907	{'tp': 1, 'cp': 2, 'pp': 16, 'mb': 16, 'tp_sp': True, 'train': {'dp': 32, 'ep': 1, 'tp_ep': True}, 'inference': {'replica_count': 1, 'moe_dp': 1}}
512	60.370183	nan	nan	0.016564	6.861550e+18	1.136579e+17	3.118694e+14	0.711798	True	306.157166	40.077018	{'tp': 4, 'cp': 2, 'pp': 1, 'mb': 1, 'tp_sp': True, 'train': {'dp': 64, 'ep': 1, 'tp_ep': True}, 'inference': {'replica_count': 1, 'moe_dp': 1}}
256	117.472744	nan	nan	0.008513	6.861550e+18	5.840972e+16	3.118694e+14	0.731598	True	691.809692	45.882135	{'tp': 2, 'cp': 2, 'pp': 1, 'mb': 1, 'tp_sp': True, 'train': {'dp': 64, 'ep': 1, 'tp_ep': True}, 'inference': {'replica_count': 1, 'moe_dp': 1}}
1024	38.205619	nan	nan	0.026174	6.861550e+18	1.795953e+17	3.118694e+14	0.562370	True	113.330902	37.868350	{'tp': 8, 'cp': 2, 'pp': 1, 'mb': 1, 'tp_sp': True, 'train': {'dp': 64, 'ep': 1, 'tp_ep': True}, 'inference': {'replica_count': 1, 'moe_dp': 1}}
2048	458.311304	nan	nan	0.002182	6.861550e+18	1.497137e+16	3.118694e+14	0.023440	False	0.000000	73.643597	{'tp': 1, 'cp': 2, 'pp': 32, 'mb': 32, 'tp_sp': True, 'train': {'dp': 32, 'ep': 1, 'tp_ep': True}, 'inference': {'replica_count': 1, 'moe_dp': 1}}
128	231.274789	nan	nan	0.004324	6.861550e+18	2.966839e+16	3.118694e+14	0.743209	True	1463.280331	56.499886	{'tp': 1, 'cp': 2, 'pp': 1, 'mb': 1, 'tp_sp': True, 'train': {'dp': 64, 'ep': 1, 'tp_ep': True}, 'inference': {'replica_count': 1, 'moe_dp': 1}}
2048	34.163872	nan	nan	0.029271	6.861550e+18	2.008423e+17	3.118694e+14	0.314451	True	16.917770	39.060838	{'tp': 16, 'cp': 2, 'pp': 1, 'mb': 1, 'tp_sp': True, 'train': {'dp': 64, 'ep': 1, 'tp_ep': True}, 'inference': {'replica_count': 1, 'moe_dp': 1}}
4096	246.084649	nan	nan	0.004064	6.861550e+18	2.788289e+16	3.118694e+14	0.021828	False	0.000000	73.451202	{'tp': 2, 'cp': 2, 'pp': 32, 'mb': 32, 'tp_sp': True, 'train': {'dp': 32, 'ep': 1, 'tp_ep': True}, 'inference': {'replica_count': 1, 'moe_dp': 1}}
512	176.913087	nan	nan	0.005652	6.861550e+18	3.878486e+16	3.118694e+14	0.242896	True	308.980103	47.184733	{'tp': 2, 'cp': 2, 'pp': 2, 'mb': 2, 'tp_sp': True, 'train': {'dp': 64, 'ep': 1, 'tp_ep': True}, 'inference': {'replica_count': 1, 'moe_dp': 1}}
4096	32.144638	nan	nan	0.031109	6.861550e+18	2.134586e+17	3.118694e+14	0.167102	False	0.000000	51.859279	{'tp': 32, 'cp': 2, 'pp': 1, 'mb': 1, 'tp_sp': True, 'train': {'dp': 64, 'ep': 1, 'tp_ep': True}, 'inference': {'replica_count': 1, 'moe_dp': 1}}
256	347.630758	nan	nan	0.002877	6.861550e+18	1.973804e+16	3.118694e+14	0.247224	True	697.455566	56.715895	{'tp': 1, 'cp': 2, 'pp': 2, 'mb': 2, 'tp_sp': True, 'train': {'dp': 64, 'ep': 1, 'tp_ep': True}, 'inference': {'replica_count': 1, 'moe_dp': 1}}
2048	53.754544	nan	nan	0.018603	6.861550e+18	1.276460e+17	3.118694e+14	0.199850	True	17.623505	39.837132	{'tp': 8, 'cp': 2, 'pp': 2, 'mb': 2, 'tp_sp': True, 'train': {'dp': 64, 'ep': 1, 'tp_ep': True}, 'inference': {'replica_count': 1, 'moe_dp': 1}}
1024	91.251944	nan	nan	0.010959	6.861550e+18	7.519347e+16	3.118694e+14	0.235455	True	114.742371	41.605827	{'tp': 4, 'cp': 2, 'pp': 2, 'mb': 2, 'tp_sp': True, 'train': {'dp': 64, 'ep': 1, 'tp_ep': True}, 'inference': {'replica_count': 1, 'moe_dp': 1}}
4096	42.504928	nan	nan	0.023527	6.861550e+18	1.614295e+17	3.118694e+14	0.126372	False	0.000000	44.895394	{'tp': 16, 'cp': 2, 'pp': 2, 'mb': 2, 'tp_sp': True, 'train': {'dp': 64, 'ep': 1, 'tp_ep': True}, 'inference': {'replica_count': 1, 'moe_dp': 1}}
2048	108.344123	nan	nan	0.009230	6.861550e+18	6.333108e+16	3.118694e+14	0.099155	True	20.554138	45.018032	{'tp': 4, 'cp': 2, 'pp': 4, 'mb': 4, 'tp_sp': True, 'train': {'dp': 64, 'ep': 1, 'tp_ep': True}, 'inference': {'replica_count': 1, 'moe_dp': 1}}
1024	207.625381	nan	nan	0.004816	6.861550e+18	3.304774e+16	3.118694e+14	0.103483	True	120.603638	49.426461	{'tp': 2, 'cp': 2, 'pp': 4, 'mb': 4, 'tp_sp': True, 'train': {'dp': 64, 'ep': 1, 'tp_ep': True}, 'inference': {'replica_count': 1, 'moe_dp': 1}}
4096	61.843256	nan	nan	0.016170	6.861550e+18	1.109507e+17	3.118694e+14	0.086855	False	0.000000	45.665388	{'tp': 8, 'cp': 2, 'pp': 4, 'mb': 4, 'tp_sp': True, 'train': {'dp': 64, 'ep': 1, 'tp_ep': True}, 'inference': {'replica_count': 1, 'moe_dp': 1}}
512	406.384623	nan	nan	0.002461	6.861550e+18	1.688437e+16	3.118694e+14	0.105741	True	320.702637	58.405389	{'tp': 1, 'cp': 2, 'pp': 4, 'mb': 4, 'tp_sp': True, 'train': {'dp': 64, 'ep': 1, 'tp_ep': True}, 'inference': {'replica_count': 1, 'moe_dp': 1}}
2048	224.802143	nan	nan	0.004448	6.861550e+18	3.052262e+16	3.118694e+14	0.047788	True	23.377075	53.408991	{'tp': 2, 'cp': 2, 'pp': 8, 'mb': 8, 'tp_sp': True, 'train': {'dp': 64, 'ep': 1, 'tp_ep': True}, 'inference': {'replica_count': 1, 'moe_dp': 1}}
4096	120.037372	nan	nan	0.008331	6.861550e+18	5.716178e+16	3.118694e+14	0.044748	False	0.000000	50.834667	{'tp': 4, 'cp': 2, 'pp': 8, 'mb': 8, 'tp_sp': True, 'train': {'dp': 64, 'ep': 1, 'tp_ep': True}, 'inference': {'replica_count': 1, 'moe_dp': 1}}
1024	436.396108	nan	nan	0.002291	6.861550e+18	1.572322e+16	3.118694e+14	0.049234	True	126.249512	61.805493	{'tp': 1, 'cp': 2, 'pp': 8, 'mb': 8, 'tp_sp': True, 'train': {'dp': 64, 'ep': 1, 'tp_ep': True}, 'inference': {'replica_count': 1, 'moe_dp': 1}}
1024	60.369893	nan	nan	0.016565	6.861550e+18	1.136585e+17	3.118694e+14	0.355901	True	301.750687	42.429095	{'tp': 4, 'cp': 2, 'pp': 1, 'mb': 1, 'tp_sp': True, 'train': {'dp': 128, 'ep': 1, 'tp_ep': True}, 'inference': {'replica_count': 1, 'moe_dp': 1}}
2048	38.187178	nan	nan	0.026187	6.861550e+18	1.796820e+17	3.118694e+14	0.281321	True	111.127663	40.218692	{'tp': 8, 'cp': 2, 'pp': 1, 'mb': 1, 'tp_sp': True, 'train': {'dp': 128, 'ep': 1, 'tp_ep': True}, 'inference': {'replica_count': 1, 'moe_dp': 1}}
512	117.472445	nan	nan	0.008513	6.861550e+18	5.840987e+16	3.118694e+14	0.365800	True	682.996735	47.703558	{'tp': 2, 'cp': 2, 'pp': 1, 'mb': 1, 'tp_sp': True, 'train': {'dp': 128, 'ep': 1, 'tp_ep': True}, 'inference': {'replica_count': 1, 'moe_dp': 1}}
4096	236.508515	nan	nan	0.004228	6.861550e+18	2.901185e+16	3.118694e+14	0.022711	False	0.000000	64.426875	{'tp': 2, 'cp': 2, 'pp': 16, 'mb': 16, 'tp_sp': True, 'train': {'dp': 64, 'ep': 1, 'tp_ep': True}, 'inference': {'replica_count': 1, 'moe_dp': 1}}
2048	452.014500	nan	nan	0.002212	6.861550e+18	1.517993e+16	3.118694e+14	0.023767	True	29.022949	69.764751	{'tp': 1, 'cp': 2, 'pp': 16, 'mb': 16, 'tp_sp': True, 'train': {'dp': 64, 'ep': 1, 'tp_ep': True}, 'inference': {'replica_count': 1, 'moe_dp': 1}}
256	231.274472	nan	nan	0.004324	6.861550e+18	2.966843e+16	3.118694e+14	0.371605	True	1445.654415	58.945966	{'tp': 1, 'cp': 2, 'pp': 1, 'mb': 1, 'tp_sp': True, 'train': {'dp': 128, 'ep': 1, 'tp_ep': True}, 'inference': {'replica_count': 1, 'moe_dp': 1}}
4096	34.145705	nan	nan	0.029286	6.861550e+18	2.009491e+17	3.118694e+14	0.157309	True	15.816151	44.094731	{'tp': 16, 'cp': 2, 'pp': 1, 'mb': 1, 'tp_sp': True, 'train': {'dp': 128, 'ep': 1, 'tp_ep': True}, 'inference': {'replica_count': 1, 'moe_dp': 1}}
4096	458.196233	nan	nan	0.002182	6.861550e+18	1.497513e+16	3.118694e+14	0.011723	False	0.000000	93.520203	{'tp': 1, 'cp': 2, 'pp': 32, 'mb': 32, 'tp_sp': True, 'train': {'dp': 64, 'ep': 1, 'tp_ep': True}, 'inference': {'replica_count': 1, 'moe_dp': 1}}
1024	176.911670	nan	nan	0.005653	6.861550e+18	3.878518e+16	3.118694e+14	0.121449	True	304.550690	51.019036	{'tp': 2, 'cp': 2, 'pp': 2, 'mb': 2, 'tp_sp': True, 'train': {'dp': 128, 'ep': 1, 'tp_ep': True}, 'inference': {'replica_count': 1, 'moe_dp': 1}}
2048	91.250576	nan	nan	0.010959	6.861550e+18	7.519459e+16	3.118694e+14	0.117729	True	112.527664	45.204623	{'tp': 4, 'cp': 2, 'pp': 2, 'mb': 2, 'tp_sp': True, 'train': {'dp': 128, 'ep': 1, 'tp_ep': True}, 'inference': {'replica_count': 1, 'moe_dp': 1}}
4096	53.697399	nan	nan	0.018623	6.861550e+18	1.277818e+17	3.118694e+14	0.100031	True	16.516151	45.084412	{'tp': 8, 'cp': 2, 'pp': 2, 'mb': 2, 'tp_sp': True, 'train': {'dp': 128, 'ep': 1, 'tp_ep': True}, 'inference': {'replica_count': 1, 'moe_dp': 1}}
512	347.629241	nan	nan	0.002877	6.861550e+18	1.973813e+16	3.118694e+14	0.123613	True	688.596741	60.688162	{'tp': 1, 'cp': 2, 'pp': 2, 'mb': 2, 'tp_sp': True, 'train': {'dp': 128, 'ep': 1, 'tp_ep': True}, 'inference': {'replica_count': 1, 'moe_dp': 1}}
4096	108.341053	nan	nan	0.009230	6.861550e+18	6.333287e+16	3.118694e+14	0.049579	True	19.417923	49.443873	{'tp': 4, 'cp': 2, 'pp': 4, 'mb': 4, 'tp_sp': True, 'train': {'dp': 128, 'ep': 1, 'tp_ep': True}, 'inference': {'replica_count': 1, 'moe_dp': 1}}
2048	207.622179	nan	nan	0.004816	6.861550e+18	3.304825e+16	3.118694e+14	0.051742	True	118.331207	54.307612	{'tp': 2, 'cp': 2, 'pp': 4, 'mb': 4, 'tp_sp': True, 'train': {'dp': 128, 'ep': 1, 'tp_ep': True}, 'inference': {'replica_count': 1, 'moe_dp': 1}}
1024	406.382593	nan	nan	0.002461	6.861550e+18	1.688446e+16	3.118694e+14	0.052871	True	316.157776	64.432784	{'tp': 1, 'cp': 2, 'pp': 4, 'mb': 4, 'tp_sp': True, 'train': {'dp': 128, 'ep': 1, 'tp_ep': True}, 'inference': {'replica_count': 1, 'moe_dp': 1}}
2048	436.396108	nan	nan	0.002291	6.861550e+18	1.572322e+16	3.118694e+14	0.024617	True	123.931213	71.693326	{'tp': 1, 'cp': 2, 'pp': 8, 'mb': 8, 'tp_sp': True, 'train': {'dp': 128, 'ep': 1, 'tp_ep': True}, 'inference': {'replica_count': 1, 'moe_dp': 1}}
4096	224.802143	nan	nan	0.004448	6.861550e+18	3.052262e+16	3.118694e+14	0.023894	True	22.217926	62.657187	{'tp': 2, 'cp': 2, 'pp': 8, 'mb': 8, 'tp_sp': True, 'train': {'dp': 128, 'ep': 1, 'tp_ep': True}, 'inference': {'replica_count': 1, 'moe_dp': 1}}
2048	60.369461	nan	nan	0.016565	6.861550e+18	1.136593e+17	3.118694e+14	0.177952	True	299.547447	48.706978	{'tp': 4, 'cp': 2, 'pp': 1, 'mb': 1, 'tp_sp': True, 'train': {'dp': 256, 'ep': 1, 'tp_ep': True}, 'inference': {'replica_count': 1, 'moe_dp': 1}}
4096	38.159711	nan	nan	0.026206	6.861550e+18	1.798114e+17	3.118694e+14	0.140762	True	110.026043	48.440022	{'tp': 8, 'cp': 2, 'pp': 1, 'mb': 1, 'tp_sp': True, 'train': {'dp': 256, 'ep': 1, 'tp_ep': True}, 'inference': {'replica_count': 1, 'moe_dp': 1}}
1024	117.472000	nan	nan	0.008513	6.861550e+18	5.841009e+16	3.118694e+14	0.182901	True	678.590256	53.873303	{'tp': 2, 'cp': 2, 'pp': 1, 'mb': 1, 'tp_sp': True, 'train': {'dp': 256, 'ep': 1, 'tp_ep': True}, 'inference': {'replica_count': 1, 'moe_dp': 1}}
512	231.274003	nan	nan	0.004324	6.861550e+18	2.966849e+16	3.118694e+14	0.185803	True	1436.841457	65.277634	{'tp': 1, 'cp': 2, 'pp': 1, 'mb': 1, 'tp_sp': True, 'train': {'dp': 256, 'ep': 1, 'tp_ep': True}, 'inference': {'replica_count': 1, 'moe_dp': 1}}
2048	176.910752	nan	nan	0.005653	6.861550e+18	3.878538e+16	3.118694e+14	0.060725	True	302.335983	61.867421	{'tp': 2, 'cp': 2, 'pp': 2, 'mb': 2, 'tp_sp': True, 'train': {'dp': 256, 'ep': 1, 'tp_ep': True}, 'inference': {'replica_count': 1, 'moe_dp': 1}}
4096	91.249691	nan	nan	0.010959	6.861550e+18	7.519532e+16	3.118694e+14	0.058865	True	111.420311	55.753730	{'tp': 4, 'cp': 2, 'pp': 2, 'mb': 2, 'tp_sp': True, 'train': {'dp': 256, 'ep': 1, 'tp_ep': True}, 'inference': {'replica_count': 1, 'moe_dp': 1}}
4096	452.014500	nan	nan	0.002212	6.861550e+18	1.517993e+16	3.118694e+14	0.011883	True	27.817932	86.096061	{'tp': 1, 'cp': 2, 'pp': 16, 'mb': 16, 'tp_sp': True, 'train': {'dp': 128, 'ep': 1, 'tp_ep': True}, 'inference': {'replica_count': 1, 'moe_dp': 1}}
1024	347.628257	nan	nan	0.002877	6.861550e+18	1.973818e+16	3.118694e+14	0.061807	True	684.167328	72.947981	{'tp': 1, 'cp': 2, 'pp': 2, 'mb': 2, 'tp_sp': True, 'train': {'dp': 256, 'ep': 1, 'tp_ep': True}, 'inference': {'replica_count': 1, 'moe_dp': 1}}
4096	207.620426	nan	nan	0.004816	6.861550e+18	3.304853e+16	3.118694e+14	0.025871	True	117.194992	69.912365	{'tp': 2, 'cp': 2, 'pp': 4, 'mb': 4, 'tp_sp': True, 'train': {'dp': 256, 'ep': 1, 'tp_ep': True}, 'inference': {'replica_count': 1, 'moe_dp': 1}}
2048	406.381481	nan	nan	0.002461	6.861550e+18	1.688450e+16	3.118694e+14	0.026435	True	313.885345	80.074270	{'tp': 1, 'cp': 2, 'pp': 4, 'mb': 4, 'tp_sp': True, 'train': {'dp': 256, 'ep': 1, 'tp_ep': True}, 'inference': {'replica_count': 1, 'moe_dp': 1}}
2048	117.471719	nan	nan	0.008513	6.861550e+18	5.841023e+16	3.118694e+14	0.091451	True	676.387016	68.026178	{'tp': 2, 'cp': 2, 'pp': 1, 'mb': 1, 'tp_sp': True, 'train': {'dp': 512, 'ep': 1, 'tp_ep': True}, 'inference': {'replica_count': 1, 'moe_dp': 1}}
4096	60.369188	nan	nan	0.016565	6.861550e+18	1.136598e+17	3.118694e+14	0.088976	True	298.445827	63.257106	{'tp': 4, 'cp': 2, 'pp': 1, 'mb': 1, 'tp_sp': True, 'train': {'dp': 512, 'ep': 1, 'tp_ep': True}, 'inference': {'replica_count': 1, 'moe_dp': 1}}
1024	231.273705	nan	nan	0.004324	6.861550e+18	2.966853e+16	3.118694e+14	0.092902	True	1432.434978	78.953115	{'tp': 1, 'cp': 2, 'pp': 1, 'mb': 1, 'tp_sp': True, 'train': {'dp': 512, 'ep': 1, 'tp_ep': True}, 'inference': {'replica_count': 1, 'moe_dp': 1}}
4096	436.396108	nan	nan	0.002291	6.861550e+18	1.572322e+16	3.118694e+14	0.012309	True	122.772064	90.650297	{'tp': 1, 'cp': 2, 'pp': 8, 'mb': 8, 'tp_sp': True, 'train': {'dp': 256, 'ep': 1, 'tp_ep': True}, 'inference': {'replica_count': 1, 'moe_dp': 1}}
4096	176.910263	nan	nan	0.005653	6.861550e+18	3.878548e+16	3.118694e+14	0.030362	True	301.228630	95.851224	{'tp': 2, 'cp': 2, 'pp': 2, 'mb': 2, 'tp_sp': True, 'train': {'dp': 512, 'ep': 1, 'tp_ep': True}, 'inference': {'replica_count': 1, 'moe_dp': 1}}
2048	347.627730	nan	nan	0.002877	6.861550e+18	1.973821e+16	3.118694e+14	0.030903	True	681.952621	107.214740	{'tp': 1, 'cp': 2, 'pp': 2, 'mb': 2, 'tp_sp': True, 'train': {'dp': 512, 'ep': 1, 'tp_ep': True}, 'inference': {'replica_count': 1, 'moe_dp': 1}}
2048	231.273555	nan	nan	0.004324	6.861550e+18	2.966855e+16	3.118694e+14	0.046451	True	1430.231739	113.290333	{'tp': 1, 'cp': 2, 'pp': 1, 'mb': 1, 'tp_sp': True, 'train': {'dp': 1024, 'ep': 1, 'tp_ep': True}, 'inference': {'replica_count': 1, 'moe_dp': 1}}
4096	406.380922	nan	nan	0.002461	6.861550e+18	1.688453e+16	3.118694e+14	0.013218	True	312.749130	123.646791	{'tp': 1, 'cp': 2, 'pp': 4, 'mb': 4, 'tp_sp': True, 'train': {'dp': 512, 'ep': 1, 'tp_ep': True}, 'inference': {'replica_count': 1, 'moe_dp': 1}}
4096	117.471579	nan	nan	0.008513	6.861550e+18	5.841030e+16	3.118694e+14	0.045725	True	675.285397	101.233846	{'tp': 2, 'cp': 2, 'pp': 1, 'mb': 1, 'tp_sp': True, 'train': {'dp': 1024, 'ep': 1, 'tp_ep': True}, 'inference': {'replica_count': 1, 'moe_dp': 1}}
4096	347.627481	nan	nan	0.002877	6.861550e+18	1.973823e+16	3.118694e+14	0.015452	True	680.845268	220.551572	{'tp': 1, 'cp': 2, 'pp': 2, 'mb': 2, 'tp_sp': True, 'train': {'dp': 1024, 'ep': 1, 'tp_ep': True}, 'inference': {'replica_count': 1, 'moe_dp': 1}}
128	467.375958	nan	nan	0.002140	6.861550e+18	1.468101e+16	3.118694e+14	0.367767	True	48.941284	180.839910	{'tp': 4, 'cp': 4, 'pp': 8, 'mb': 8, 'tp_sp': True, 'train': {'dp': 1, 'ep': 1, 'tp_ep': True}, 'inference': {'replica_count': 1, 'moe_dp': 1}}
256	282.573199	nan	nan	0.003539	6.861550e+18	2.428238e+16	3.118694e+14	0.304143	False	0.000000	202.665626	{'tp': 8, 'cp': 4, 'pp': 8, 'mb': 8, 'tp_sp': True, 'train': {'dp': 1, 'ep': 1, 'tp_ep': True}, 'inference': {'replica_count': 1, 'moe_dp': 1}}
128	455.745566	nan	nan	0.002194	6.861550e+18	1.505566e+16	3.118694e+14	0.377153	True	48.513550	320.969691	{'tp': 8, 'cp': 4, 'pp': 4, 'mb': 4, 'tp_sp': True, 'train': {'dp': 1, 'ep': 1, 'tp_ep': True}, 'inference': {'replica_count': 1, 'moe_dp': 1}}
128	464.234957	nan	nan	0.002154	6.861550e+18	1.478034e+16	3.118694e+14	0.370256	True	52.824585	115.931365	{'tp': 2, 'cp': 4, 'pp': 16, 'mb': 16, 'tp_sp': True, 'train': {'dp': 1, 'ep': 1, 'tp_ep': True}, 'inference': {'replica_count': 1, 'moe_dp': 1}}
256	278.593465	nan	nan	0.003589	6.861550e+18	2.462926e+16	3.118694e+14	0.308488	False	0.000000	125.298293	{'tp': 4, 'cp': 4, 'pp': 16, 'mb': 16, 'tp_sp': True, 'train': {'dp': 1, 'ep': 1, 'tp_ep': True}, 'inference': {'replica_count': 1, 'moe_dp': 1}}
256	280.739320	nan	nan	0.003562	6.861550e+18	2.444100e+16	3.118694e+14	0.306130	False	0.000000	364.040844	{'tp': 16, 'cp': 4, 'pp': 4, 'mb': 4, 'tp_sp': True, 'train': {'dp': 1, 'ep': 1, 'tp_ep': True}, 'inference': {'replica_count': 1, 'moe_dp': 1}}
512	190.204857	nan	nan	0.005257	6.861550e+18	3.607453e+16	3.118694e+14	0.225922	False	0.000000	311.376683	{'tp': 16, 'cp': 4, 'pp': 8, 'mb': 8, 'tp_sp': True, 'train': {'dp': 1, 'ep': 1, 'tp_ep': True}, 'inference': {'replica_count': 1, 'moe_dp': 1}}
512	185.994364	nan	nan	0.005377	6.861550e+18	3.689117e+16	3.118694e+14	0.231036	False	0.000000	173.941695	{'tp': 8, 'cp': 4, 'pp': 16, 'mb': 16, 'tp_sp': True, 'train': {'dp': 1, 'ep': 1, 'tp_ep': True}, 'inference': {'replica_count': 1, 'moe_dp': 1}}
128	444.957557	nan	nan	0.002247	6.861550e+18	1.542068e+16	3.118694e+14	0.386297	True	62.105103	77.165138	{'tp': 1, 'cp': 4, 'pp': 32, 'mb': 32, 'tp_sp': True, 'train': {'dp': 1, 'ep': 1, 'tp_ep': True}, 'inference': {'replica_count': 1, 'moe_dp': 1}}
256	267.501113	nan	nan	0.003738	6.861550e+18	2.565055e+16	3.118694e+14	0.321280	False	0.000000	91.161716	{'tp': 2, 'cp': 4, 'pp': 32, 'mb': 32, 'tp_sp': True, 'train': {'dp': 1, 'ep': 1, 'tp_ep': True}, 'inference': {'replica_count': 1, 'moe_dp': 1}}
512	179.252658	nan	nan	0.005579	6.861550e+18	3.827865e+16	3.118694e+14	0.239725	False	0.000000	123.313918	{'tp': 4, 'cp': 4, 'pp': 32, 'mb': 32, 'tp_sp': True, 'train': {'dp': 1, 'ep': 1, 'tp_ep': True}, 'inference': {'replica_count': 1, 'moe_dp': 1}}
1024	135.224759	nan	nan	0.007395	6.861550e+18	5.074182e+16	3.118694e+14	0.158889	False	0.000000	243.871736	{'tp': 8, 'cp': 4, 'pp': 32, 'mb': 32, 'tp_sp': True, 'train': {'dp': 1, 'ep': 1, 'tp_ep': True}, 'inference': {'replica_count': 1, 'moe_dp': 1}}
1024	139.710976	nan	nan	0.007158	6.861550e+18	4.911246e+16	3.118694e+14	0.153787	False	0.000000	414.639233	{'tp': 16, 'cp': 4, 'pp': 16, 'mb': 16, 'tp_sp': True, 'train': {'dp': 1, 'ep': 1, 'tp_ep': True}, 'inference': {'replica_count': 1, 'moe_dp': 1}}
128	361.031538	nan	nan	0.002770	6.861550e+18	1.900540e+16	3.118694e+14	0.476096	True	92.682007	310.562799	{'tp': 8, 'cp': 4, 'pp': 2, 'mb': 2, 'tp_sp': True, 'train': {'dp': 2, 'ep': 1, 'tp_ep': True}, 'inference': {'replica_count': 1, 'moe_dp': 1}}
256	210.010082	nan	nan	0.004762	6.861550e+18	3.267248e+16	3.118694e+14	0.409232	True	8.359558	326.801683	{'tp': 16, 'cp': 4, 'pp': 2, 'mb': 2, 'tp_sp': True, 'train': {'dp': 2, 'ep': 1, 'tp_ep': True}, 'inference': {'replica_count': 1, 'moe_dp': 1}}
128	403.462772	nan	nan	0.002479	6.861550e+18	1.700665e+16	3.118694e+14	0.426026	True	94.973511	171.888821	{'tp': 4, 'cp': 4, 'pp': 4, 'mb': 4, 'tp_sp': True, 'train': {'dp': 2, 'ep': 1, 'tp_ep': True}, 'inference': {'replica_count': 1, 'moe_dp': 1}}
256	228.285682	nan	nan	0.004380	6.861550e+18	3.005686e+16	3.118694e+14	0.376470	True	8.496033	181.142622	{'tp': 8, 'cp': 4, 'pp': 4, 'mb': 4, 'tp_sp': True, 'train': {'dp': 2, 'ep': 1, 'tp_ep': True}, 'inference': {'replica_count': 1, 'moe_dp': 1}}
128	420.204002	nan	nan	0.002380	6.861550e+18	1.632909e+16	3.118694e+14	0.409053	True	97.389038	106.182017	{'tp': 2, 'cp': 4, 'pp': 8, 'mb': 8, 'tp_sp': True, 'train': {'dp': 2, 'ep': 1, 'tp_ep': True}, 'inference': {'replica_count': 1, 'moe_dp': 1}}
256	234.608399	nan	nan	0.004262	6.861550e+18	2.924682e+16	3.118694e+14	0.366324	True	9.199158	110.014258	{'tp': 4, 'cp': 4, 'pp': 8, 'mb': 8, 'tp_sp': True, 'train': {'dp': 2, 'ep': 1, 'tp_ep': True}, 'inference': {'replica_count': 1, 'moe_dp': 1}}
512	140.728457	nan	nan	0.007106	6.861550e+18	4.875738e+16	3.118694e+14	0.305350	False	0.000000	231.329277	{'tp': 16, 'cp': 4, 'pp': 4, 'mb': 4, 'tp_sp': True, 'train': {'dp': 2, 'ep': 1, 'tp_ep': True}, 'inference': {'replica_count': 1, 'moe_dp': 1}}
512	142.032242	nan	nan	0.007041	6.861550e+18	4.830981e+16	3.118694e+14	0.302547	False	0.000000	131.524038	{'tp': 8, 'cp': 4, 'pp': 8, 'mb': 8, 'tp_sp': True, 'train': {'dp': 2, 'ep': 1, 'tp_ep': True}, 'inference': {'replica_count': 1, 'moe_dp': 1}}
128	420.858636	nan	nan	0.002376	6.861550e+18	1.630369e+16	3.118694e+14	0.408416	True	103.734009	74.098203	{'tp': 1, 'cp': 4, 'pp': 16, 'mb': 16, 'tp_sp': True, 'train': {'dp': 2, 'ep': 1, 'tp_ep': True}, 'inference': {'replica_count': 1, 'moe_dp': 1}}
256	233.735928	nan	nan	0.004278	6.861550e+18	2.935599e+16	3.118694e+14	0.367692	True	12.119324	75.673572	{'tp': 2, 'cp': 4, 'pp': 16, 'mb': 16, 'tp_sp': True, 'train': {'dp': 2, 'ep': 1, 'tp_ep': True}, 'inference': {'replica_count': 1, 'moe_dp': 1}}
512	140.680603	nan	nan	0.007108	6.861550e+18	4.877396e+16	3.118694e+14	0.305454	False	0.000000	86.520055	{'tp': 4, 'cp': 4, 'pp': 16, 'mb': 16, 'tp_sp': True, 'train': {'dp': 2, 'ep': 1, 'tp_ep': True}, 'inference': {'replica_count': 1, 'moe_dp': 1}}
256	226.134444	nan	nan	0.004422	6.861550e+18	3.034279e+16	3.118694e+14	0.380052	True	18.716614	55.357266	{'tp': 1, 'cp': 4, 'pp': 32, 'mb': 32, 'tp_sp': True, 'train': {'dp': 2, 'ep': 1, 'tp_ep': True}, 'inference': {'replica_count': 1, 'moe_dp': 1}}
1024	94.254565	nan	nan	0.010610	6.861550e+18	7.279807e+16	3.118694e+14	0.227954	False	0.000000	137.108627	{'tp': 8, 'cp': 4, 'pp': 16, 'mb': 16, 'tp_sp': True, 'train': {'dp': 2, 'ep': 1, 'tp_ep': True}, 'inference': {'replica_count': 1, 'moe_dp': 1}}
1024	95.760329	nan	nan	0.010443	6.861550e+18	7.165337e+16	3.118694e+14	0.224370	False	0.000000	240.385000	{'tp': 16, 'cp': 4, 'pp': 8, 'mb': 8, 'tp_sp': True, 'train': {'dp': 2, 'ep': 1, 'tp_ep': True}, 'inference': {'replica_count': 1, 'moe_dp': 1}}
512	136.622228	nan	nan	0.007319	6.861550e+18	5.022279e+16	3.118694e+14	0.314527	False	0.000000	71.397749	{'tp': 2, 'cp': 4, 'pp': 32, 'mb': 32, 'tp_sp': True, 'train': {'dp': 2, 'ep': 1, 'tp_ep': True}, 'inference': {'replica_count': 1, 'moe_dp': 1}}
1024	92.067631	nan	nan	0.010862	6.861550e+18	7.452728e+16	3.118694e+14	0.233369	False	0.000000	109.408333	{'tp': 4, 'cp': 4, 'pp': 32, 'mb': 32, 'tp_sp': True, 'train': {'dp': 2, 'ep': 1, 'tp_ep': True}, 'inference': {'replica_count': 1, 'moe_dp': 1}}
2048	69.817112	nan	nan	0.014323	6.861550e+18	9.827892e+16	3.118694e+14	0.153871	False	0.000000	231.032108	{'tp': 8, 'cp': 4, 'pp': 32, 'mb': 32, 'tp_sp': True, 'train': {'dp': 2, 'ep': 1, 'tp_ep': True}, 'inference': {'replica_count': 1, 'moe_dp': 1}}
2048	71.006664	nan	nan	0.014083	6.861550e+18	9.663248e+16	3.118694e+14	0.151294	False	0.000000	377.744352	{'tp': 16, 'cp': 4, 'pp': 16, 'mb': 16, 'tp_sp': True, 'train': {'dp': 2, 'ep': 1, 'tp_ep': True}, 'inference': {'replica_count': 1, 'moe_dp': 1}}
128	233.422690	nan	nan	0.004284	6.861550e+18	2.939539e+16	3.118694e+14	0.736370	True	185.830688	304.238892	{'tp': 8, 'cp': 4, 'pp': 1, 'mb': 1, 'tp_sp': True, 'train': {'dp': 4, 'ep': 1, 'tp_ep': True}, 'inference': {'replica_count': 1, 'moe_dp': 1}}
128	332.214400	nan	nan	0.003010	6.861550e+18	2.065398e+16	3.118694e+14	0.517394	True	185.157593	177.144421	{'tp': 4, 'cp': 4, 'pp': 2, 'mb': 2, 'tp_sp': True, 'train': {'dp': 4, 'ep': 1, 'tp_ep': True}, 'inference': {'replica_count': 1, 'moe_dp': 1}}
256	181.045956	nan	nan	0.005523	6.861550e+18	3.789949e+16	3.118694e+14	0.474702	True	53.588074	169.178548	{'tp': 8, 'cp': 4, 'pp': 2, 'mb': 2, 'tp_sp': True, 'train': {'dp': 4, 'ep': 1, 'tp_ep': True}, 'inference': {'replica_count': 1, 'moe_dp': 1}}
256	132.744102	nan	nan	0.007533	6.861550e+18	5.169006e+16	3.118694e+14	0.647432	True	54.933899	318.580403	{'tp': 16, 'cp': 4, 'pp': 1, 'mb': 1, 'tp_sp': True, 'train': {'dp': 4, 'ep': 1, 'tp_ep': True}, 'inference': {'replica_count': 1, 'moe_dp': 1}}
128	378.544672	nan	nan	0.002642	6.861550e+18	1.812613e+16	3.118694e+14	0.454069	True	190.921265	107.830178	{'tp': 2, 'cp': 4, 'pp': 4, 'mb': 4, 'tp_sp': True, 'train': {'dp': 4, 'ep': 1, 'tp_ep': True}, 'inference': {'replica_count': 1, 'moe_dp': 1}}
512	105.488763	nan	nan	0.009480	6.861550e+18	6.504532e+16	3.118694e+14	0.407355	False	0.000000	191.856526	{'tp': 16, 'cp': 4, 'pp': 2, 'mb': 2, 'tp_sp': True, 'train': {'dp': 4, 'ep': 1, 'tp_ep': True}, 'inference': {'replica_count': 1, 'moe_dp': 1}}
512	82.371859	nan	nan	0.012140	6.861550e+18	8.329969e+16	3.118694e+14	0.521676	False	0.000000	380.891417	{'tp': 32, 'cp': 4, 'pp': 1, 'mb': 1, 'tp_sp': True, 'train': {'dp': 4, 'ep': 1, 'tp_ep': True}, 'inference': {'replica_count': 1, 'moe_dp': 1}}
256	202.620297	nan	nan	0.004935	6.861550e+18	3.386408e+16	3.118694e+14	0.424157	True	55.965271	102.598303	{'tp': 4, 'cp': 4, 'pp': 4, 'mb': 4, 'tp_sp': True, 'train': {'dp': 4, 'ep': 1, 'tp_ep': True}, 'inference': {'replica_count': 1, 'moe_dp': 1}}
512	114.868240	nan	nan	0.008706	6.861550e+18	5.973409e+16	3.118694e+14	0.374093	False	0.000000	107.785024	{'tp': 8, 'cp': 4, 'pp': 4, 'mb': 4, 'tp_sp': True, 'train': {'dp': 4, 'ep': 1, 'tp_ep': True}, 'inference': {'replica_count': 1, 'moe_dp': 1}}
128	398.581283	nan	nan	0.002509	6.861550e+18	1.721493e+16	3.118694e+14	0.431243	True	195.798462	73.251773	{'tp': 1, 'cp': 4, 'pp': 8, 'mb': 8, 'tp_sp': True, 'train': {'dp': 4, 'ep': 1, 'tp_ep': True}, 'inference': {'replica_count': 1, 'moe_dp': 1}}
256	211.528199	nan	nan	0.004728	6.861550e+18	3.243799e+16	3.118694e+14	0.406295	True	58.151550	67.464327	{'tp': 2, 'cp': 4, 'pp': 8, 'mb': 8, 'tp_sp': True, 'train': {'dp': 4, 'ep': 1, 'tp_ep': True}, 'inference': {'replica_count': 1, 'moe_dp': 1}}
1024	71.007539	nan	nan	0.014083	6.861550e+18	9.663129e+16	3.118694e+14	0.302583	False	0.000000	156.804417	{'tp': 16, 'cp': 4, 'pp': 4, 'mb': 4, 'tp_sp': True, 'train': {'dp': 4, 'ep': 1, 'tp_ep': True}, 'inference': {'replica_count': 1, 'moe_dp': 1}}
512	118.507674	nan	nan	0.008438	6.861550e+18	5.789963e+16	3.118694e+14	0.362604	False	0.000000	69.714297	{'tp': 4, 'cp': 4, 'pp': 8, 'mb': 8, 'tp_sp': True, 'train': {'dp': 4, 'ep': 1, 'tp_ep': True}, 'inference': {'replica_count': 1, 'moe_dp': 1}}
1024	72.099044	nan	nan	0.013870	6.861550e+18	9.516839e+16	3.118694e+14	0.298003	False	0.000000	92.629197	{'tp': 8, 'cp': 4, 'pp': 8, 'mb': 8, 'tp_sp': True, 'train': {'dp': 4, 'ep': 1, 'tp_ep': True}, 'inference': {'replica_count': 1, 'moe_dp': 1}}
1024	67.682667	nan	nan	0.014775	6.861550e+18	1.013782e+17	3.118694e+14	0.317448	False	0.000000	333.108607	{'tp': 32, 'cp': 4, 'pp': 2, 'mb': 2, 'tp_sp': True, 'train': {'dp': 4, 'ep': 1, 'tp_ep': True}, 'inference': {'replica_count': 1, 'moe_dp': 1}}
256	213.617436	nan	nan	0.004681	6.861550e+18	3.212074e+16	3.118694e+14	0.402321	True	63.281067	51.256246	{'tp': 1, 'cp': 4, 'pp': 16, 'mb': 16, 'tp_sp': True, 'train': {'dp': 4, 'ep': 1, 'tp_ep': True}, 'inference': {'replica_count': 1, 'moe_dp': 1}}
512	119.288619	nan	nan	0.008383	6.861550e+18	5.752058e+16	3.118694e+14	0.360230	False	0.000000	53.857352	{'tp': 2, 'cp': 4, 'pp': 16, 'mb': 16, 'tp_sp': True, 'train': {'dp': 4, 'ep': 1, 'tp_ep': True}, 'inference': {'replica_count': 1, 'moe_dp': 1}}
1024	72.336747	nan	nan	0.013824	6.861550e+18	9.485566e+16	3.118694e+14	0.297023	False	0.000000	68.110463	{'tp': 4, 'cp': 4, 'pp': 16, 'mb': 16, 'tp_sp': True, 'train': {'dp': 4, 'ep': 1, 'tp_ep': True}, 'inference': {'replica_count': 1, 'moe_dp': 1}}
512	225.499928	nan	nan	0.004435	6.861550e+18	3.042817e+16	3.118694e+14	0.190561	False	0.000000	55.610227	{'tp': 1, 'cp': 4, 'pp': 32, 'mb': 32, 'tp_sp': True, 'train': {'dp': 4, 'ep': 1, 'tp_ep': True}, 'inference': {'replica_count': 1, 'moe_dp': 1}}
1024	136.043050	nan	nan	0.007351	6.861550e+18	5.043661e+16	3.118694e+14	0.157933	False	0.000000	71.648813	{'tp': 2, 'cp': 4, 'pp': 32, 'mb': 32, 'tp_sp': True, 'train': {'dp': 4, 'ep': 1, 'tp_ep': True}, 'inference': {'replica_count': 1, 'moe_dp': 1}}
2048	53.087956	nan	nan	0.018837	6.861550e+18	1.292487e+17	3.118694e+14	0.202359	False	0.000000	122.997364	{'tp': 8, 'cp': 4, 'pp': 16, 'mb': 16, 'tp_sp': True, 'train': {'dp': 4, 'ep': 1, 'tp_ep': True}, 'inference': {'replica_count': 1, 'moe_dp': 1}}
2048	52.866088	nan	nan	0.018916	6.861550e+18	1.297911e+17	3.118694e+14	0.203209	False	0.000000	204.015874	{'tp': 16, 'cp': 4, 'pp': 8, 'mb': 8, 'tp_sp': True, 'train': {'dp': 4, 'ep': 1, 'tp_ep': True}, 'inference': {'replica_count': 1, 'moe_dp': 1}}
2048	91.516123	nan	nan	0.010927	6.861550e+18	7.497641e+16	3.118694e+14	0.117388	False	0.000000	106.020164	{'tp': 4, 'cp': 4, 'pp': 32, 'mb': 32, 'tp_sp': True, 'train': {'dp': 4, 'ep': 1, 'tp_ep': True}, 'inference': {'replica_count': 1, 'moe_dp': 1}}
128	217.896469	nan	nan	0.004589	6.861550e+18	3.148996e+16	3.118694e+14	0.788841	True	371.821899	174.230143	{'tp': 4, 'cp': 4, 'pp': 1, 'mb': 1, 'tp_sp': True, 'train': {'dp': 8, 'ep': 1, 'tp_ep': True}, 'inference': {'replica_count': 1, 'moe_dp': 1}}
256	117.120062	nan	nan	0.008538	6.861550e+18	5.858561e+16	3.118694e+14	0.733801	True	146.920227	164.539311	{'tp': 8, 'cp': 4, 'pp': 1, 'mb': 1, 'tp_sp': True, 'train': {'dp': 8, 'ep': 1, 'tp_ep': True}, 'inference': {'replica_count': 1, 'moe_dp': 1}}
4096	69.279439	nan	nan	0.014434	6.861550e+18	9.904165e+16	3.118694e+14	0.077533	False	0.000000	230.364967	{'tp': 8, 'cp': 4, 'pp': 32, 'mb': 32, 'tp_sp': True, 'train': {'dp': 4, 'ep': 1, 'tp_ep': True}, 'inference': {'replica_count': 1, 'moe_dp': 1}}
512	66.749877	nan	nan	0.014981	6.861550e+18	1.027949e+17	3.118694e+14	0.643767	True	34.469391	174.012792	{'tp': 16, 'cp': 4, 'pp': 1, 'mb': 1, 'tp_sp': True, 'train': {'dp': 8, 'ep': 1, 'tp_ep': True}, 'inference': {'replica_count': 1, 'moe_dp': 1}}
128	318.625987	nan	nan	0.003138	6.861550e+18	2.153481e+16	3.118694e+14	0.539459	True	373.136597	103.220210	{'tp': 2, 'cp': 4, 'pp': 2, 'mb': 2, 'tp_sp': True, 'train': {'dp': 8, 'ep': 1, 'tp_ep': True}, 'inference': {'replica_count': 1, 'moe_dp': 1}}
4096	45.380570	nan	nan	0.022036	6.861550e+18	1.512002e+17	3.118694e+14	0.118364	False	0.000000	361.679060	{'tp': 16, 'cp': 4, 'pp': 16, 'mb': 16, 'tp_sp': True, 'train': {'dp': 4, 'ep': 1, 'tp_ep': True}, 'inference': {'replica_count': 1, 'moe_dp': 1}}
1024	41.546451	nan	nan	0.024069	6.861550e+18	1.651537e+17	3.118694e+14	0.517149	False	0.000000	238.923645	{'tp': 32, 'cp': 4, 'pp': 1, 'mb': 1, 'tp_sp': True, 'train': {'dp': 8, 'ep': 1, 'tp_ep': True}, 'inference': {'replica_count': 1, 'moe_dp': 1}}
256	166.816916	nan	nan	0.005995	6.861550e+18	4.113222e+16	3.118694e+14	0.515192	True	147.072937	97.793001	{'tp': 4, 'cp': 4, 'pp': 2, 'mb': 2, 'tp_sp': True, 'train': {'dp': 8, 'ep': 1, 'tp_ep': True}, 'inference': {'replica_count': 1, 'moe_dp': 1}}
512	91.093726	nan	nan	0.010978	6.861550e+18	7.532407e+16	3.118694e+14	0.471727	True	34.041107	98.210865	{'tp': 8, 'cp': 4, 'pp': 2, 'mb': 2, 'tp_sp': True, 'train': {'dp': 8, 'ep': 1, 'tp_ep': True}, 'inference': {'replica_count': 1, 'moe_dp': 1}}
1024	53.886812	nan	nan	0.018557	6.861550e+18	1.273326e+17	3.118694e+14	0.398719	False	0.000000	121.302436	{'tp': 16, 'cp': 4, 'pp': 2, 'mb': 2, 'tp_sp': True, 'train': {'dp': 8, 'ep': 1, 'tp_ep': True}, 'inference': {'replica_count': 1, 'moe_dp': 1}}
256	190.397901	nan	nan	0.005252	6.861550e+18	3.603795e+16	3.118694e+14	0.451385	True	152.417664	62.930379	{'tp': 2, 'cp': 4, 'pp': 4, 'mb': 4, 'tp_sp': True, 'train': {'dp': 8, 'ep': 1, 'tp_ep': True}, 'inference': {'replica_count': 1, 'moe_dp': 1}}
128	367.680520	nan	nan	0.002720	6.861550e+18	1.866172e+16	3.118694e+14	0.467486	True	384.330688	71.761821	{'tp': 1, 'cp': 4, 'pp': 4, 'mb': 4, 'tp_sp': True, 'train': {'dp': 8, 'ep': 1, 'tp_ep': True}, 'inference': {'replica_count': 1, 'moe_dp': 1}}
512	102.236318	nan	nan	0.009781	6.861550e+18	6.711461e+16	3.118694e+14	0.420314	True	36.461151	60.768288	{'tp': 4, 'cp': 4, 'pp': 4, 'mb': 4, 'tp_sp': True, 'train': {'dp': 8, 'ep': 1, 'tp_ep': True}, 'inference': {'replica_count': 1, 'moe_dp': 1}}
1024	59.858437	nan	nan	0.016706	6.861550e+18	1.146296e+17	3.118694e+14	0.358942	False	0.000000	69.891940	{'tp': 8, 'cp': 4, 'pp': 4, 'mb': 4, 'tp_sp': True, 'train': {'dp': 8, 'ep': 1, 'tp_ep': True}, 'inference': {'replica_count': 1, 'moe_dp': 1}}
512	107.623395	nan	nan	0.009292	6.861550e+18	6.375519e+16	3.118694e+14	0.399276	True	38.532806	45.855667	{'tp': 2, 'cp': 4, 'pp': 8, 'mb': 8, 'tp_sp': True, 'train': {'dp': 8, 'ep': 1, 'tp_ep': True}, 'inference': {'replica_count': 1, 'moe_dp': 1}}
256	201.862592	nan	nan	0.004954	6.861550e+18	3.399119e+16	3.118694e+14	0.425749	True	156.813293	48.900284	{'tp': 1, 'cp': 4, 'pp': 8, 'mb': 8, 'tp_sp': True, 'train': {'dp': 8, 'ep': 1, 'tp_ep': True}, 'inference': {'replica_count': 1, 'moe_dp': 1}}
1024	63.042040	nan	nan	0.015862	6.861550e+18	1.088409e+17	3.118694e+14	0.340815	False	0.000000	50.132640	{'tp': 4, 'cp': 4, 'pp': 8, 'mb': 8, 'tp_sp': True, 'train': {'dp': 8, 'ep': 1, 'tp_ep': True}, 'inference': {'replica_count': 1, 'moe_dp': 1}}
2048	46.768825	nan	nan	0.021382	6.861550e+18	1.467120e+17	3.118694e+14	0.229701	False	0.000000	120.742775	{'tp': 16, 'cp': 4, 'pp': 4, 'mb': 4, 'tp_sp': True, 'train': {'dp': 8, 'ep': 1, 'tp_ep': True}, 'inference': {'replica_count': 1, 'moe_dp': 1}}
2048	48.069044	nan	nan	0.020803	6.861550e+18	1.427436e+17	3.118694e+14	0.223488	False	0.000000	72.906363	{'tp': 8, 'cp': 4, 'pp': 8, 'mb': 8, 'tp_sp': True, 'train': {'dp': 8, 'ep': 1, 'tp_ep': True}, 'inference': {'replica_count': 1, 'moe_dp': 1}}
512	213.617436	nan	nan	0.004681	6.861550e+18	3.212074e+16	3.118694e+14	0.201161	True	44.000793	52.260650	{'tp': 1, 'cp': 4, 'pp': 16, 'mb': 16, 'tp_sp': True, 'train': {'dp': 8, 'ep': 1, 'tp_ep': True}, 'inference': {'replica_count': 1, 'moe_dp': 1}}
1024	119.288619	nan	nan	0.008383	6.861550e+18	5.752058e+16	3.118694e+14	0.180115	False	0.000000	54.857637	{'tp': 2, 'cp': 4, 'pp': 16, 'mb': 16, 'tp_sp': True, 'train': {'dp': 8, 'ep': 1, 'tp_ep': True}, 'inference': {'replica_count': 1, 'moe_dp': 1}}
2048	72.336747	nan	nan	0.013824	6.861550e+18	9.485566e+16	3.118694e+14	0.148512	False	0.000000	67.681659	{'tp': 4, 'cp': 4, 'pp': 16, 'mb': 16, 'tp_sp': True, 'train': {'dp': 8, 'ep': 1, 'tp_ep': True}, 'inference': {'replica_count': 1, 'moe_dp': 1}}
2048	44.131362	nan	nan	0.022660	6.861550e+18	1.554801e+17	3.118694e+14	0.243429	False	0.000000	261.929789	{'tp': 32, 'cp': 4, 'pp': 2, 'mb': 2, 'tp_sp': True, 'train': {'dp': 8, 'ep': 1, 'tp_ep': True}, 'inference': {'replica_count': 1, 'moe_dp': 1}}
1024	224.834016	nan	nan	0.004448	6.861550e+18	3.051829e+16	3.118694e+14	0.095562	False	0.000000	57.560325	{'tp': 1, 'cp': 4, 'pp': 32, 'mb': 32, 'tp_sp': True, 'train': {'dp': 8, 'ep': 1, 'tp_ep': True}, 'inference': {'replica_count': 1, 'moe_dp': 1}}
2048	135.435244	nan	nan	0.007384	6.861550e+18	5.066296e+16	3.118694e+14	0.079321	False	0.000000	75.693866	{'tp': 2, 'cp': 4, 'pp': 32, 'mb': 32, 'tp_sp': True, 'train': {'dp': 8, 'ep': 1, 'tp_ep': True}, 'inference': {'replica_count': 1, 'moe_dp': 1}}
4096	53.087956	nan	nan	0.018837	6.861550e+18	1.292487e+17	3.118694e+14	0.101180	False	0.000000	119.220413	{'tp': 8, 'cp': 4, 'pp': 16, 'mb': 16, 'tp_sp': True, 'train': {'dp': 8, 'ep': 1, 'tp_ep': True}, 'inference': {'replica_count': 1, 'moe_dp': 1}}
4096	90.937369	nan	nan	0.010997	6.861550e+18	7.545358e+16	3.118694e+14	0.059067	False	0.000000	111.333935	{'tp': 4, 'cp': 4, 'pp': 32, 'mb': 32, 'tp_sp': True, 'train': {'dp': 8, 'ep': 1, 'tp_ep': True}, 'inference': {'replica_count': 1, 'moe_dp': 1}}
4096	40.580967	nan	nan	0.024642	6.861550e+18	1.690830e+17	3.118694e+14	0.132363	False	0.000000	183.783235	{'tp': 16, 'cp': 4, 'pp': 8, 'mb': 8, 'tp_sp': True, 'train': {'dp': 8, 'ep': 1, 'tp_ep': True}, 'inference': {'replica_count': 1, 'moe_dp': 1}}
128	210.622107	nan	nan	0.004748	6.861550e+18	3.257754e+16	3.118694e+14	0.816085	True	746.832153	102.852942	{'tp': 2, 'cp': 4, 'pp': 1, 'mb': 1, 'tp_sp': True, 'train': {'dp': 16, 'ep': 1, 'tp_ep': True}, 'inference': {'replica_count': 1, 'moe_dp': 1}}
256	109.420273	nan	nan	0.009139	6.861550e+18	6.270822e+16	3.118694e+14	0.785438	True	333.920715	93.748639	{'tp': 4, 'cp': 4, 'pp': 1, 'mb': 1, 'tp_sp': True, 'train': {'dp': 16, 'ep': 1, 'tp_ep': True}, 'inference': {'replica_count': 1, 'moe_dp': 1}}
512	58.940253	nan	nan	0.016966	6.861550e+18	1.164153e+17	3.118694e+14	0.729067	True	127.464996	94.372583	{'tp': 8, 'cp': 4, 'pp': 1, 'mb': 1, 'tp_sp': True, 'train': {'dp': 16, 'ep': 1, 'tp_ep': True}, 'inference': {'replica_count': 1, 'moe_dp': 1}}
256	160.130304	nan	nan	0.006245	6.861550e+18	4.284979e+16	3.118694e+14	0.536705	True	335.556580	61.130063	{'tp': 2, 'cp': 4, 'pp': 2, 'mb': 2, 'tp_sp': True, 'train': {'dp': 16, 'ep': 1, 'tp_ep': True}, 'inference': {'replica_count': 1, 'moe_dp': 1}}
1024	38.299291	nan	nan	0.026110	6.861550e+18	1.791561e+17	3.118694e+14	0.560995	True	24.237137	100.973754	{'tp': 16, 'cp': 4, 'pp': 1, 'mb': 1, 'tp_sp': True, 'train': {'dp': 16, 'ep': 1, 'tp_ep': True}, 'inference': {'replica_count': 1, 'moe_dp': 1}}
128	313.095633	nan	nan	0.003194	6.861550e+18	2.191519e+16	3.118694e+14	0.548987	True	750.608521	71.278151	{'tp': 1, 'cp': 4, 'pp': 2, 'mb': 2, 'tp_sp': True, 'train': {'dp': 16, 'ep': 1, 'tp_ep': True}, 'inference': {'replica_count': 1, 'moe_dp': 1}}
512	84.061647	nan	nan	0.011896	6.861550e+18	8.162522e+16	3.118694e+14	0.511189	True	128.030609	57.334261	{'tp': 4, 'cp': 4, 'pp': 2, 'mb': 2, 'tp_sp': True, 'train': {'dp': 16, 'ep': 1, 'tp_ep': True}, 'inference': {'replica_count': 1, 'moe_dp': 1}}
1024	51.748304	nan	nan	0.019324	6.861550e+18	1.325947e+17	3.118694e+14	0.415196	True	24.267624	59.356071	{'tp': 8, 'cp': 4, 'pp': 2, 'mb': 2, 'tp_sp': True, 'train': {'dp': 16, 'ep': 1, 'tp_ep': True}, 'inference': {'replica_count': 1, 'moe_dp': 1}}
256	185.828757	nan	nan	0.005381	6.861550e+18	3.692405e+16	3.118694e+14	0.462484	True	346.079407	48.018214	{'tp': 1, 'cp': 4, 'pp': 4, 'mb': 4, 'tp_sp': True, 'train': {'dp': 16, 'ep': 1, 'tp_ep': True}, 'inference': {'replica_count': 1, 'moe_dp': 1}}
512	96.551707	nan	nan	0.010357	6.861550e+18	7.106607e+16	3.118694e+14	0.445061	True	133.165863	42.073101	{'tp': 2, 'cp': 4, 'pp': 4, 'mb': 4, 'tp_sp': True, 'train': {'dp': 16, 'ep': 1, 'tp_ep': True}, 'inference': {'replica_count': 1, 'moe_dp': 1}}
2048	41.796409	nan	nan	0.023926	6.861550e+18	1.641660e+17	3.118694e+14	0.257028	False	0.000000	84.133392	{'tp': 16, 'cp': 4, 'pp': 2, 'mb': 2, 'tp_sp': True, 'train': {'dp': 16, 'ep': 1, 'tp_ep': True}, 'inference': {'replica_count': 1, 'moe_dp': 1}}
1024	58.566078	nan	nan	0.017075	6.861550e+18	1.171591e+17	3.118694e+14	0.366863	True	26.709091	41.846520	{'tp': 4, 'cp': 4, 'pp': 4, 'mb': 4, 'tp_sp': True, 'train': {'dp': 16, 'ep': 1, 'tp_ep': True}, 'inference': {'replica_count': 1, 'moe_dp': 1}}
2048	45.028827	nan	nan	0.022208	6.861550e+18	1.523813e+17	3.118694e+14	0.238577	False	0.000000	50.366267	{'tp': 8, 'cp': 4, 'pp': 4, 'mb': 4, 'tp_sp': True, 'train': {'dp': 16, 'ep': 1, 'tp_ep': True}, 'inference': {'replica_count': 1, 'moe_dp': 1}}
2048	34.931369	nan	nan	0.028628	6.861550e+18	1.964295e+17	3.118694e+14	0.307542	False	0.000000	177.284716	{'tp': 32, 'cp': 4, 'pp': 1, 'mb': 1, 'tp_sp': True, 'train': {'dp': 16, 'ep': 1, 'tp_ep': True}, 'inference': {'replica_count': 1, 'moe_dp': 1}}
1024	107.617063	nan	nan	0.009292	6.861550e+18	6.375894e+16	3.118694e+14	0.199650	True	29.259613	47.955788	{'tp': 2, 'cp': 4, 'pp': 8, 'mb': 8, 'tp_sp': True, 'train': {'dp': 16, 'ep': 1, 'tp_ep': True}, 'inference': {'replica_count': 1, 'moe_dp': 1}}
512	201.855725	nan	nan	0.004954	6.861550e+18	3.399235e+16	3.118694e+14	0.212882	True	138.266907	50.277872	{'tp': 1, 'cp': 4, 'pp': 8, 'mb': 8, 'tp_sp': True, 'train': {'dp': 16, 'ep': 1, 'tp_ep': True}, 'inference': {'replica_count': 1, 'moe_dp': 1}}
2048	62.956106	nan	nan	0.015884	6.861550e+18	1.089894e+17	3.118694e+14	0.170640	False	0.000000	50.957388	{'tp': 4, 'cp': 4, 'pp': 8, 'mb': 8, 'tp_sp': True, 'train': {'dp': 16, 'ep': 1, 'tp_ep': True}, 'inference': {'replica_count': 1, 'moe_dp': 1}}
4096	40.234235	nan	nan	0.024854	6.861550e+18	1.705401e+17	3.118694e+14	0.133504	False	0.000000	418.084239	{'tp': 32, 'cp': 4, 'pp': 4, 'mb': 4, 'tp_sp': True, 'train': {'dp': 8, 'ep': 1, 'tp_ep': True}, 'inference': {'replica_count': 1, 'moe_dp': 1}}
1024	213.617436	nan	nan	0.004681	6.861550e+18	3.212074e+16	3.118694e+14	0.100580	True	34.360657	52.417841	{'tp': 1, 'cp': 4, 'pp': 16, 'mb': 16, 'tp_sp': True, 'train': {'dp': 16, 'ep': 1, 'tp_ep': True}, 'inference': {'replica_count': 1, 'moe_dp': 1}}
4096	47.984693	nan	nan	0.020840	6.861550e+18	1.429946e+17	3.118694e+14	0.111940	False	0.000000	74.893087	{'tp': 8, 'cp': 4, 'pp': 8, 'mb': 8, 'tp_sp': True, 'train': {'dp': 16, 'ep': 1, 'tp_ep': True}, 'inference': {'replica_count': 1, 'moe_dp': 1}}
4096	38.248830	nan	nan	0.026145	6.861550e+18	1.793924e+17	3.118694e+14	0.140434	False	0.000000	103.954592	{'tp': 16, 'cp': 4, 'pp': 4, 'mb': 4, 'tp_sp': True, 'train': {'dp': 16, 'ep': 1, 'tp_ep': True}, 'inference': {'replica_count': 1, 'moe_dp': 1}}
2048	119.288619	nan	nan	0.008383	6.861550e+18	5.752058e+16	3.118694e+14	0.090058	False	0.000000	57.168267	{'tp': 2, 'cp': 4, 'pp': 16, 'mb': 16, 'tp_sp': True, 'train': {'dp': 16, 'ep': 1, 'tp_ep': True}, 'inference': {'replica_count': 1, 'moe_dp': 1}}
2048	224.472652	nan	nan	0.004455	6.861550e+18	3.056742e+16	3.118694e+14	0.047858	False	0.000000	60.643190	{'tp': 1, 'cp': 4, 'pp': 32, 'mb': 32, 'tp_sp': True, 'train': {'dp': 16, 'ep': 1, 'tp_ep': True}, 'inference': {'replica_count': 1, 'moe_dp': 1}}
4096	72.336747	nan	nan	0.013824	6.861550e+18	9.485566e+16	3.118694e+14	0.074256	False	0.000000	71.395190	{'tp': 4, 'cp': 4, 'pp': 16, 'mb': 16, 'tp_sp': True, 'train': {'dp': 16, 'ep': 1, 'tp_ep': True}, 'inference': {'replica_count': 1, 'moe_dp': 1}}
4096	135.105540	nan	nan	0.007402	6.861550e+18	5.078659e+16	3.118694e+14	0.039757	False	0.000000	77.507213	{'tp': 2, 'cp': 4, 'pp': 32, 'mb': 32, 'tp_sp': True, 'train': {'dp': 16, 'ep': 1, 'tp_ep': True}, 'inference': {'replica_count': 1, 'moe_dp': 1}}
256	105.841815	nan	nan	0.009448	6.861550e+18	6.482835e+16	3.118694e+14	0.811993	True	709.435608	61.178219	{'tp': 2, 'cp': 4, 'pp': 1, 'mb': 1, 'tp_sp': True, 'train': {'dp': 32, 'ep': 1, 'tp_ep': True}, 'inference': {'replica_count': 1, 'moe_dp': 1}}
128	207.810337	nan	nan	0.004812	6.861550e+18	3.301833e+16	3.118694e+14	0.827127	True	1498.532162	74.290176	{'tp': 1, 'cp': 4, 'pp': 1, 'mb': 1, 'tp_sp': True, 'train': {'dp': 32, 'ep': 1, 'tp_ep': True}, 'inference': {'replica_count': 1, 'moe_dp': 1}}
512	55.133559	nan	nan	0.018138	6.861550e+18	1.244532e+17	3.118694e+14	0.779405	True	314.970123	57.289322	{'tp': 4, 'cp': 4, 'pp': 1, 'mb': 1, 'tp_sp': True, 'train': {'dp': 32, 'ep': 1, 'tp_ep': True}, 'inference': {'replica_count': 1, 'moe_dp': 1}}
1024	37.528948	nan	nan	0.026646	6.861550e+18	1.828335e+17	3.118694e+14	0.572510	True	117.737381	56.322965	{'tp': 8, 'cp': 4, 'pp': 1, 'mb': 1, 'tp_sp': True, 'train': {'dp': 32, 'ep': 1, 'tp_ep': True}, 'inference': {'replica_count': 1, 'moe_dp': 1}}
2048	33.958704	nan	nan	0.029448	6.861550e+18	2.020557e+17	3.118694e+14	0.316350	True	19.121010	65.808676	{'tp': 16, 'cp': 4, 'pp': 1, 'mb': 1, 'tp_sp': True, 'train': {'dp': 32, 'ep': 1, 'tp_ep': True}, 'inference': {'replica_count': 1, 'moe_dp': 1}}
256	158.068378	nan	nan	0.006326	6.861550e+18	4.340875e+16	3.118694e+14	0.543706	True	713.280823	48.163758	{'tp': 1, 'cp': 4, 'pp': 2, 'mb': 2, 'tp_sp': True, 'train': {'dp': 32, 'ep': 1, 'tp_ep': True}, 'inference': {'replica_count': 1, 'moe_dp': 1}}
1024	51.347081	nan	nan	0.019475	6.861550e+18	1.336308e+17	3.118694e+14	0.418440	True	118.509445	39.353304	{'tp': 4, 'cp': 4, 'pp': 2, 'mb': 2, 'tp_sp': True, 'train': {'dp': 32, 'ep': 1, 'tp_ep': True}, 'inference': {'replica_count': 1, 'moe_dp': 1}}
4096	36.819876	nan	nan	0.027159	6.861550e+18	1.863545e+17	3.118694e+14	0.145884	False	0.000000	224.611950	{'tp': 32, 'cp': 4, 'pp': 2, 'mb': 2, 'tp_sp': True, 'train': {'dp': 16, 'ep': 1, 'tp_ep': True}, 'inference': {'replica_count': 1, 'moe_dp': 1}}
512	81.055140	nan	nan	0.012337	6.861550e+18	8.465287e+16	3.118694e+14	0.530150	True	316.766571	42.312971	{'tp': 2, 'cp': 4, 'pp': 2, 'mb': 2, 'tp_sp': True, 'train': {'dp': 32, 'ep': 1, 'tp_ep': True}, 'inference': {'replica_count': 1, 'moe_dp': 1}}
2048	40.945854	nan	nan	0.024422	6.861550e+18	1.675762e+17	3.118694e+14	0.262367	True	19.380882	42.669754	{'tp': 8, 'cp': 4, 'pp': 2, 'mb': 2, 'tp_sp': True, 'train': {'dp': 32, 'ep': 1, 'tp_ep': True}, 'inference': {'replica_count': 1, 'moe_dp': 1}}
4096	35.736434	nan	nan	0.027983	6.861550e+18	1.920043e+17	3.118694e+14	0.150307	False	0.000000	65.157337	{'tp': 16, 'cp': 4, 'pp': 2, 'mb': 2, 'tp_sp': True, 'train': {'dp': 32, 'ep': 1, 'tp_ep': True}, 'inference': {'replica_count': 1, 'moe_dp': 1}}
512	185.825092	nan	nan	0.005381	6.861550e+18	3.692478e+16	3.118694e+14	0.231246	True	327.899963	48.940109	{'tp': 1, 'cp': 4, 'pp': 4, 'mb': 4, 'tp_sp': True, 'train': {'dp': 32, 'ep': 1, 'tp_ep': True}, 'inference': {'replica_count': 1, 'moe_dp': 1}}
1024	96.548321	nan	nan	0.010358	6.861550e+18	7.106856e+16	3.118694e+14	0.222538	True	124.076141	43.498849	{'tp': 2, 'cp': 4, 'pp': 4, 'mb': 4, 'tp_sp': True, 'train': {'dp': 32, 'ep': 1, 'tp_ep': True}, 'inference': {'replica_count': 1, 'moe_dp': 1}}
2048	58.482432	nan	nan	0.017099	6.861550e+18	1.173267e+17	3.118694e+14	0.183694	True	22.164230	43.599668	{'tp': 4, 'cp': 4, 'pp': 4, 'mb': 4, 'tp_sp': True, 'train': {'dp': 32, 'ep': 1, 'tp_ep': True}, 'inference': {'replica_count': 1, 'moe_dp': 1}}
2048	107.617063	nan	nan	0.009292	6.861550e+18	6.375894e+16	3.118694e+14	0.099825	True	24.623016	49.254363	{'tp': 2, 'cp': 4, 'pp': 8, 'mb': 8, 'tp_sp': True, 'train': {'dp': 32, 'ep': 1, 'tp_ep': True}, 'inference': {'replica_count': 1, 'moe_dp': 1}}
4096	44.947378	nan	nan	0.022248	6.861550e+18	1.526574e+17	3.118694e+14	0.119505	False	0.000000	52.638573	{'tp': 8, 'cp': 4, 'pp': 4, 'mb': 4, 'tp_sp': True, 'train': {'dp': 32, 'ep': 1, 'tp_ep': True}, 'inference': {'replica_count': 1, 'moe_dp': 1}}
1024	201.855725	nan	nan	0.004954	6.861550e+18	3.399235e+16	3.118694e+14	0.106441	True	128.993713	52.897547	{'tp': 1, 'cp': 4, 'pp': 8, 'mb': 8, 'tp_sp': True, 'train': {'dp': 32, 'ep': 1, 'tp_ep': True}, 'inference': {'replica_count': 1, 'moe_dp': 1}}
4096	62.956106	nan	nan	0.015884	6.861550e+18	1.089894e+17	3.118694e+14	0.085320	False	0.000000	51.137946	{'tp': 4, 'cp': 4, 'pp': 8, 'mb': 8, 'tp_sp': True, 'train': {'dp': 32, 'ep': 1, 'tp_ep': True}, 'inference': {'replica_count': 1, 'moe_dp': 1}}
4096	32.175346	nan	nan	0.031080	6.861550e+18	2.132549e+17	3.118694e+14	0.166942	False	0.000000	138.388375	{'tp': 32, 'cp': 4, 'pp': 1, 'mb': 1, 'tp_sp': True, 'train': {'dp': 32, 'ep': 1, 'tp_ep': True}, 'inference': {'replica_count': 1, 'moe_dp': 1}}
2048	213.617436	nan	nan	0.004681	6.861550e+18	3.212074e+16	3.118694e+14	0.050290	True	29.540588	55.840258	{'tp': 1, 'cp': 4, 'pp': 16, 'mb': 16, 'tp_sp': True, 'train': {'dp': 32, 'ep': 1, 'tp_ep': True}, 'inference': {'replica_count': 1, 'moe_dp': 1}}
256	104.902074	nan	nan	0.009533	6.861550e+18	6.540910e+16	3.118694e+14	0.819267	True	1461.305143	49.372263	{'tp': 1, 'cp': 4, 'pp': 1, 'mb': 1, 'tp_sp': True, 'train': {'dp': 64, 'ep': 1, 'tp_ep': True}, 'inference': {'replica_count': 1, 'moe_dp': 1}}
1024	37.743253	nan	nan	0.026495	6.861550e+18	1.817954e+17	3.118694e+14	0.569259	True	305.494827	38.208967	{'tp': 4, 'cp': 4, 'pp': 1, 'mb': 1, 'tp_sp': True, 'train': {'dp': 64, 'ep': 1, 'tp_ep': True}, 'inference': {'replica_count': 1, 'moe_dp': 1}}
512	53.568248	nan	nan	0.018668	6.861550e+18	1.280899e+17	3.118694e+14	0.802180	True	690.737335	41.011963	{'tp': 2, 'cp': 4, 'pp': 1, 'mb': 1, 'tp_sp': True, 'train': {'dp': 64, 'ep': 1, 'tp_ep': True}, 'inference': {'replica_count': 1, 'moe_dp': 1}}
4096	119.288619	nan	nan	0.008383	6.861550e+18	5.752058e+16	3.118694e+14	0.045029	False	0.000000	58.308499	{'tp': 2, 'cp': 4, 'pp': 16, 'mb': 16, 'tp_sp': True, 'train': {'dp': 32, 'ep': 1, 'tp_ep': True}, 'inference': {'replica_count': 1, 'moe_dp': 1}}
2048	33.768574	nan	nan	0.029613	6.861550e+18	2.031934e+17	3.118694e+14	0.318132	True	112.873573	38.688763	{'tp': 8, 'cp': 4, 'pp': 1, 'mb': 1, 'tp_sp': True, 'train': {'dp': 64, 'ep': 1, 'tp_ep': True}, 'inference': {'replica_count': 1, 'moe_dp': 1}}
4096	31.777645	nan	nan	0.031469	6.861550e+18	2.159238e+17	3.118694e+14	0.169032	True	16.562946	49.943132	{'tp': 16, 'cp': 4, 'pp': 1, 'mb': 1, 'tp_sp': True, 'train': {'dp': 64, 'ep': 1, 'tp_ep': True}, 'inference': {'replica_count': 1, 'moe_dp': 1}}
4096	224.227040	nan	nan	0.004460	6.861550e+18	3.060090e+16	3.118694e+14	0.023955	False	0.000000	70.592578	{'tp': 1, 'cp': 4, 'pp': 32, 'mb': 32, 'tp_sp': True, 'train': {'dp': 32, 'ep': 1, 'tp_ep': True}, 'inference': {'replica_count': 1, 'moe_dp': 1}}
512	158.067335	nan	nan	0.006326	6.861550e+18	4.340903e+16	3.118694e+14	0.271855	True	695.563171	50.002470	{'tp': 1, 'cp': 4, 'pp': 2, 'mb': 2, 'tp_sp': True, 'train': {'dp': 64, 'ep': 1, 'tp_ep': True}, 'inference': {'replica_count': 1, 'moe_dp': 1}}
1024	81.054167	nan	nan	0.012337	6.861550e+18	8.465388e+16	3.118694e+14	0.265078	True	307.907745	42.716247	{'tp': 2, 'cp': 4, 'pp': 2, 'mb': 2, 'tp_sp': True, 'train': {'dp': 64, 'ep': 1, 'tp_ep': True}, 'inference': {'replica_count': 1, 'moe_dp': 1}}
2048	51.306539	nan	nan	0.019491	6.861550e+18	1.337364e+17	3.118694e+14	0.209386	True	114.080032	40.534907	{'tp': 4, 'cp': 4, 'pp': 2, 'mb': 2, 'tp_sp': True, 'train': {'dp': 64, 'ep': 1, 'tp_ep': True}, 'inference': {'replica_count': 1, 'moe_dp': 1}}
4096	40.906411	nan	nan	0.024446	6.861550e+18	1.677378e+17	3.118694e+14	0.131310	True	17.166176	42.995239	{'tp': 8, 'cp': 4, 'pp': 2, 'mb': 2, 'tp_sp': True, 'train': {'dp': 64, 'ep': 1, 'tp_ep': True}, 'inference': {'replica_count': 1, 'moe_dp': 1}}
2048	96.543437	nan	nan	0.010358	6.861550e+18	7.107215e+16	3.118694e+14	0.111275	True	119.531281	45.262776	{'tp': 2, 'cp': 4, 'pp': 4, 'mb': 4, 'tp_sp': True, 'train': {'dp': 64, 'ep': 1, 'tp_ep': True}, 'inference': {'replica_count': 1, 'moe_dp': 1}}
4096	58.361744	nan	nan	0.017135	6.861550e+18	1.175693e+17	3.118694e+14	0.092037	True	19.891800	45.193240	{'tp': 4, 'cp': 4, 'pp': 4, 'mb': 4, 'tp_sp': True, 'train': {'dp': 64, 'ep': 1, 'tp_ep': True}, 'inference': {'replica_count': 1, 'moe_dp': 1}}
1024	185.819810	nan	nan	0.005382	6.861550e+18	3.692583e+16	3.118694e+14	0.115627	True	318.810242	52.277631	{'tp': 1, 'cp': 4, 'pp': 4, 'mb': 4, 'tp_sp': True, 'train': {'dp': 64, 'ep': 1, 'tp_ep': True}, 'inference': {'replica_count': 1, 'moe_dp': 1}}
2048	201.855725	nan	nan	0.004954	6.861550e+18	3.399235e+16	3.118694e+14	0.053220	True	124.357117	55.729158	{'tp': 1, 'cp': 4, 'pp': 8, 'mb': 8, 'tp_sp': True, 'train': {'dp': 64, 'ep': 1, 'tp_ep': True}, 'inference': {'replica_count': 1, 'moe_dp': 1}}
4096	107.617063	nan	nan	0.009292	6.861550e+18	6.375894e+16	3.118694e+14	0.049912	True	22.304718	51.634811	{'tp': 2, 'cp': 4, 'pp': 8, 'mb': 8, 'tp_sp': True, 'train': {'dp': 64, 'ep': 1, 'tp_ep': True}, 'inference': {'replica_count': 1, 'moe_dp': 1}}
2048	37.724262	nan	nan	0.026508	6.861550e+18	1.818869e+17	3.118694e+14	0.284773	True	301.088348	40.945061	{'tp': 4, 'cp': 4, 'pp': 1, 'mb': 1, 'tp_sp': True, 'train': {'dp': 128, 'ep': 1, 'tp_ep': True}, 'inference': {'replica_count': 1, 'moe_dp': 1}}
1024	53.567949	nan	nan	0.018668	6.861550e+18	1.280906e+17	3.118694e+14	0.401092	True	681.924377	43.827095	{'tp': 2, 'cp': 4, 'pp': 1, 'mb': 1, 'tp_sp': True, 'train': {'dp': 128, 'ep': 1, 'tp_ep': True}, 'inference': {'replica_count': 1, 'moe_dp': 1}}
4096	33.750133	nan	nan	0.029630	6.861550e+18	2.033044e+17	3.118694e+14	0.159153	True	110.670334	42.307810	{'tp': 8, 'cp': 4, 'pp': 1, 'mb': 1, 'tp_sp': True, 'train': {'dp': 128, 'ep': 1, 'tp_ep': True}, 'inference': {'replica_count': 1, 'moe_dp': 1}}
512	104.901757	nan	nan	0.009533	6.861550e+18	6.540930e+16	3.118694e+14	0.409635	True	1443.679228	52.120792	{'tp': 1, 'cp': 4, 'pp': 1, 'mb': 1, 'tp_sp': True, 'train': {'dp': 128, 'ep': 1, 'tp_ep': True}, 'inference': {'replica_count': 1, 'moe_dp': 1}}
2048	81.052750	nan	nan	0.012338	6.861550e+18	8.465536e+16	3.118694e+14	0.132541	True	303.478333	47.158365	{'tp': 2, 'cp': 4, 'pp': 2, 'mb': 2, 'tp_sp': True, 'train': {'dp': 128, 'ep': 1, 'tp_ep': True}, 'inference': {'replica_count': 1, 'moe_dp': 1}}
1024	158.065818	nan	nan	0.006326	6.861550e+18	4.340945e+16	3.118694e+14	0.135929	True	686.704346	54.333717	{'tp': 1, 'cp': 4, 'pp': 2, 'mb': 2, 'tp_sp': True, 'train': {'dp': 128, 'ep': 1, 'tp_ep': True}, 'inference': {'replica_count': 1, 'moe_dp': 1}}
4096	213.617436	nan	nan	0.004681	6.861550e+18	3.212074e+16	3.118694e+14	0.025145	True	27.130554	64.719108	{'tp': 1, 'cp': 4, 'pp': 16, 'mb': 16, 'tp_sp': True, 'train': {'dp': 64, 'ep': 1, 'tp_ep': True}, 'inference': {'replica_count': 1, 'moe_dp': 1}}
4096	51.247476	nan	nan	0.019513	6.861550e+18	1.338905e+17	3.118694e+14	0.104813	True	111.865326	44.310755	{'tp': 4, 'cp': 4, 'pp': 2, 'mb': 2, 'tp_sp': True, 'train': {'dp': 128, 'ep': 1, 'tp_ep': True}, 'inference': {'replica_count': 1, 'moe_dp': 1}}
4096	96.540235	nan	nan	0.010358	6.861550e+18	7.107451e+16	3.118694e+14	0.055639	True	117.258850	50.072602	{'tp': 2, 'cp': 4, 'pp': 4, 'mb': 4, 'tp_sp': True, 'train': {'dp': 128, 'ep': 1, 'tp_ep': True}, 'inference': {'replica_count': 1, 'moe_dp': 1}}
2048	185.816344	nan	nan	0.005382	6.861550e+18	3.692652e+16	3.118694e+14	0.057814	True	314.265381	57.989943	{'tp': 1, 'cp': 4, 'pp': 4, 'mb': 4, 'tp_sp': True, 'train': {'dp': 128, 'ep': 1, 'tp_ep': True}, 'inference': {'replica_count': 1, 'moe_dp': 1}}
2048	53.567504	nan	nan	0.018668	6.861550e+18	1.280917e+17	3.118694e+14	0.200548	True	677.517899	49.480286	{'tp': 2, 'cp': 4, 'pp': 1, 'mb': 1, 'tp_sp': True, 'train': {'dp': 256, 'ep': 1, 'tp_ep': True}, 'inference': {'replica_count': 1, 'moe_dp': 1}}
4096	37.696010	nan	nan	0.026528	6.861550e+18	1.820232e+17	3.118694e+14	0.142493	True	298.885109	49.939002	{'tp': 4, 'cp': 4, 'pp': 1, 'mb': 1, 'tp_sp': True, 'train': {'dp': 256, 'ep': 1, 'tp_ep': True}, 'inference': {'replica_count': 1, 'moe_dp': 1}}
1024	104.901288	nan	nan	0.009533	6.861550e+18	6.540959e+16	3.118694e+14	0.204818	True	1434.866270	58.905987	{'tp': 1, 'cp': 4, 'pp': 1, 'mb': 1, 'tp_sp': True, 'train': {'dp': 256, 'ep': 1, 'tp_ep': True}, 'inference': {'replica_count': 1, 'moe_dp': 1}}
4096	201.855725	nan	nan	0.004954	6.861550e+18	3.399235e+16	3.118694e+14	0.026610	True	122.038818	64.822032	{'tp': 1, 'cp': 4, 'pp': 8, 'mb': 8, 'tp_sp': True, 'train': {'dp': 128, 'ep': 1, 'tp_ep': True}, 'inference': {'replica_count': 1, 'moe_dp': 1}}
4096	81.051832	nan	nan	0.012338	6.861550e+18	8.465632e+16	3.118694e+14	0.066271	True	301.263626	57.267243	{'tp': 2, 'cp': 4, 'pp': 2, 'mb': 2, 'tp_sp': True, 'train': {'dp': 256, 'ep': 1, 'tp_ep': True}, 'inference': {'replica_count': 1, 'moe_dp': 1}}
2048	158.064834	nan	nan	0.006327	6.861550e+18	4.340972e+16	3.118694e+14	0.067965	True	682.274933	64.349105	{'tp': 1, 'cp': 4, 'pp': 2, 'mb': 2, 'tp_sp': True, 'train': {'dp': 256, 'ep': 1, 'tp_ep': True}, 'inference': {'replica_count': 1, 'moe_dp': 1}}
4096	185.814442	nan	nan	0.005382	6.861550e+18	3.692689e+16	3.118694e+14	0.028907	True	311.992950	71.727055	{'tp': 1, 'cp': 4, 'pp': 4, 'mb': 4, 'tp_sp': True, 'train': {'dp': 256, 'ep': 1, 'tp_ep': True}, 'inference': {'replica_count': 1, 'moe_dp': 1}}
2048	104.900990	nan	nan	0.009533	6.861550e+18	6.540977e+16	3.118694e+14	0.102409	True	1430.459791	70.667834	{'tp': 1, 'cp': 4, 'pp': 1, 'mb': 1, 'tp_sp': True, 'train': {'dp': 512, 'ep': 1, 'tp_ep': True}, 'inference': {'replica_count': 1, 'moe_dp': 1}}
4096	53.567223	nan	nan	0.018668	6.861550e+18	1.280923e+17	3.118694e+14	0.100274	True	675.314659	63.512370	{'tp': 2, 'cp': 4, 'pp': 1, 'mb': 1, 'tp_sp': True, 'train': {'dp': 512, 'ep': 1, 'tp_ep': True}, 'inference': {'replica_count': 1, 'moe_dp': 1}}
4096	158.064307	nan	nan	0.006327	6.861550e+18	4.340986e+16	3.118694e+14	0.033983	True	680.060226	97.323802	{'tp': 1, 'cp': 4, 'pp': 2, 'mb': 2, 'tp_sp': True, 'train': {'dp': 512, 'ep': 1, 'tp_ep': True}, 'inference': {'replica_count': 1, 'moe_dp': 1}}
4096	104.900840	nan	nan	0.009533	6.861550e+18	6.540987e+16	3.118694e+14	0.051205	True	1428.256552	105.832341	{'tp': 1, 'cp': 4, 'pp': 1, 'mb': 1, 'tp_sp': True, 'train': {'dp': 1024, 'ep': 1, 'tp_ep': True}, 'inference': {'replica_count': 1, 'moe_dp': 1}}
128	441.011024	nan	nan	0.002268	6.861550e+18	1.555868e+16	3.118694e+14	0.389753	True	171.574585	183.756682	{'tp': 2, 'cp': 8, 'pp': 8, 'mb': 8, 'tp_sp': True, 'train': {'dp': 1, 'ep': 1, 'tp_ep': True}, 'inference': {'replica_count': 1, 'moe_dp': 1}}
256	266.723028	nan	nan	0.003749	6.861550e+18	2.572538e+16	3.118694e+14	0.322217	True	46.291931	197.004066	{'tp': 4, 'cp': 8, 'pp': 8, 'mb': 8, 'tp_sp': True, 'train': {'dp': 1, 'ep': 1, 'tp_ep': True}, 'inference': {'replica_count': 1, 'moe_dp': 1}}
128	425.325301	nan	nan	0.002351	6.861550e+18	1.613248e+16	3.118694e+14	0.404127	True	167.691284	311.763848	{'tp': 4, 'cp': 8, 'pp': 4, 'mb': 4, 'tp_sp': True, 'train': {'dp': 1, 'ep': 1, 'tp_ep': True}, 'inference': {'replica_count': 1, 'moe_dp': 1}}
128	444.195746	nan	nan	0.002251	6.861550e+18	1.544713e+16	3.118694e+14	0.386959	True	180.855103	112.235785	{'tp': 1, 'cp': 8, 'pp': 16, 'mb': 16, 'tp_sp': True, 'train': {'dp': 1, 'ep': 1, 'tp_ep': True}, 'inference': {'replica_count': 1, 'moe_dp': 1}}
512	179.799755	nan	nan	0.005562	6.861550e+18	3.816218e+16	3.118694e+14	0.238996	False	0.000000	303.570206	{'tp': 8, 'cp': 8, 'pp': 8, 'mb': 8, 'tp_sp': True, 'train': {'dp': 1, 'ep': 1, 'tp_ep': True}, 'inference': {'replica_count': 1, 'moe_dp': 1}}
256	260.851566	nan	nan	0.003834	6.861550e+18	2.630442e+16	3.118694e+14	0.329470	True	44.854919	351.835004	{'tp': 8, 'cp': 8, 'pp': 4, 'mb': 4, 'tp_sp': True, 'train': {'dp': 1, 'ep': 1, 'tp_ep': True}, 'inference': {'replica_count': 1, 'moe_dp': 1}}
256	265.545450	nan	nan	0.003766	6.861550e+18	2.583946e+16	3.118694e+14	0.323646	True	50.679871	124.115055	{'tp': 2, 'cp': 8, 'pp': 16, 'mb': 16, 'tp_sp': True, 'train': {'dp': 1, 'ep': 1, 'tp_ep': True}, 'inference': {'replica_count': 1, 'moe_dp': 1}}
512	178.179759	nan	nan	0.005612	6.861550e+18	3.850914e+16	3.118694e+14	0.241169	False	0.000000	171.143529	{'tp': 4, 'cp': 8, 'pp': 16, 'mb': 16, 'tp_sp': True, 'train': {'dp': 1, 'ep': 1, 'tp_ep': True}, 'inference': {'replica_count': 1, 'moe_dp': 1}}
256	258.800840	nan	nan	0.003864	6.861550e+18	2.651286e+16	3.118694e+14	0.332081	True	60.212708	77.927354	{'tp': 1, 'cp': 8, 'pp': 32, 'mb': 32, 'tp_sp': True, 'train': {'dp': 1, 'ep': 1, 'tp_ep': True}, 'inference': {'replica_count': 1, 'moe_dp': 1}}
512	173.454056	nan	nan	0.005765	6.861550e+18	3.955831e+16	3.118694e+14	0.247739	False	0.000000	123.260342	{'tp': 2, 'cp': 8, 'pp': 32, 'mb': 32, 'tp_sp': True, 'train': {'dp': 1, 'ep': 1, 'tp_ep': True}, 'inference': {'replica_count': 1, 'moe_dp': 1}}
1024	131.672071	nan	nan	0.007595	6.861550e+18	5.211090e+16	3.118694e+14	0.163176	False	0.000000	244.057326	{'tp': 4, 'cp': 8, 'pp': 32, 'mb': 32, 'tp_sp': True, 'train': {'dp': 1, 'ep': 1, 'tp_ep': True}, 'inference': {'replica_count': 1, 'moe_dp': 1}}
1024	134.598777	nan	nan	0.007429	6.861550e+18	5.097780e+16	3.118694e+14	0.159628	False	0.000000	407.998084	{'tp': 8, 'cp': 8, 'pp': 16, 'mb': 16, 'tp_sp': True, 'train': {'dp': 1, 'ep': 1, 'tp_ep': True}, 'inference': {'replica_count': 1, 'moe_dp': 1}}
128	334.781038	nan	nan	0.002987	6.861550e+18	2.049564e+16	3.118694e+14	0.513427	True	256.028198	299.655456	{'tp': 4, 'cp': 8, 'pp': 2, 'mb': 2, 'tp_sp': True, 'train': {'dp': 2, 'ep': 1, 'tp_ep': True}, 'inference': {'replica_count': 1, 'moe_dp': 1}}
256	192.847982	nan	nan	0.005185	6.861550e+18	3.558010e+16	3.118694e+14	0.445650	True	89.023376	311.478304	{'tp': 8, 'cp': 8, 'pp': 2, 'mb': 2, 'tp_sp': True, 'train': {'dp': 2, 'ep': 1, 'tp_ep': True}, 'inference': {'replica_count': 1, 'moe_dp': 1}}
128	378.478782	nan	nan	0.002642	6.861550e+18	1.812929e+16	3.118694e+14	0.454149	True	263.639038	171.677696	{'tp': 2, 'cp': 8, 'pp': 4, 'mb': 4, 'tp_sp': True, 'train': {'dp': 2, 'ep': 1, 'tp_ep': True}, 'inference': {'replica_count': 1, 'moe_dp': 1}}
256	213.264566	nan	nan	0.004689	6.861550e+18	3.217389e+16	3.118694e+14	0.402987	True	92.324158	173.122617	{'tp': 4, 'cp': 8, 'pp': 4, 'mb': 4, 'tp_sp': True, 'train': {'dp': 2, 'ep': 1, 'tp_ep': True}, 'inference': {'replica_count': 1, 'moe_dp': 1}}
512	130.866714	nan	nan	0.007641	6.861550e+18	5.243159e+16	3.118694e+14	0.328360	True	6.666718	218.535319	{'tp': 8, 'cp': 8, 'pp': 4, 'mb': 4, 'tp_sp': True, 'train': {'dp': 2, 'ep': 1, 'tp_ep': True}, 'inference': {'replica_count': 1, 'moe_dp': 1}}
128	400.212247	nan	nan	0.002499	6.861550e+18	1.714478e+16	3.118694e+14	0.429486	True	269.984009	104.416673	{'tp': 1, 'cp': 8, 'pp': 8, 'mb': 8, 'tp_sp': True, 'train': {'dp': 2, 'ep': 1, 'tp_ep': True}, 'inference': {'replica_count': 1, 'moe_dp': 1}}
256	221.584111	nan	nan	0.004513	6.861550e+18	3.096589e+16	3.118694e+14	0.387856	True	95.244324	111.388409	{'tp': 2, 'cp': 8, 'pp': 8, 'mb': 8, 'tp_sp': True, 'train': {'dp': 2, 'ep': 1, 'tp_ep': True}, 'inference': {'replica_count': 1, 'moe_dp': 1}}
512	134.229501	nan	nan	0.007450	6.861550e+18	5.111805e+16	3.118694e+14	0.320134	True	7.874481	125.527069	{'tp': 4, 'cp': 8, 'pp': 8, 'mb': 8, 'tp_sp': True, 'train': {'dp': 2, 'ep': 1, 'tp_ep': True}, 'inference': {'replica_count': 1, 'moe_dp': 1}}
256	224.656059	nan	nan	0.004451	6.861550e+18	3.054247e+16	3.118694e+14	0.382553	True	101.841614	69.071175	{'tp': 1, 'cp': 8, 'pp': 16, 'mb': 16, 'tp_sp': True, 'train': {'dp': 2, 'ep': 1, 'tp_ep': True}, 'inference': {'replica_count': 1, 'moe_dp': 1}}
512	134.612835	nan	nan	0.007429	6.861550e+18	5.097248e+16	3.118694e+14	0.319222	True	11.046967	84.999483	{'tp': 2, 'cp': 8, 'pp': 16, 'mb': 16, 'tp_sp': True, 'train': {'dp': 2, 'ep': 1, 'tp_ep': True}, 'inference': {'replica_count': 1, 'moe_dp': 1}}
1024	90.531492	nan	nan	0.011046	6.861550e+18	7.579186e+16	3.118694e+14	0.237328	False	0.000000	136.275982	{'tp': 4, 'cp': 8, 'pp': 16, 'mb': 16, 'tp_sp': True, 'train': {'dp': 2, 'ep': 1, 'tp_ep': True}, 'inference': {'replica_count': 1, 'moe_dp': 1}}
512	132.539339	nan	nan	0.007545	6.861550e+18	5.176991e+16	3.118694e+14	0.324216	True	17.770416	56.801326	{'tp': 1, 'cp': 8, 'pp': 32, 'mb': 32, 'tp_sp': True, 'train': {'dp': 2, 'ep': 1, 'tp_ep': True}, 'inference': {'replica_count': 1, 'moe_dp': 1}}
1024	90.654063	nan	nan	0.011031	6.861550e+18	7.568938e+16	3.118694e+14	0.237008	False	0.000000	237.970163	{'tp': 8, 'cp': 8, 'pp': 8, 'mb': 8, 'tp_sp': True, 'train': {'dp': 2, 'ep': 1, 'tp_ep': True}, 'inference': {'replica_count': 1, 'moe_dp': 1}}
1024	89.294837	nan	nan	0.011199	6.861550e+18	7.684151e+16	3.118694e+14	0.240615	False	0.000000	104.835583	{'tp': 2, 'cp': 8, 'pp': 32, 'mb': 32, 'tp_sp': True, 'train': {'dp': 2, 'ep': 1, 'tp_ep': True}, 'inference': {'replica_count': 1, 'moe_dp': 1}}
2048	68.120392	nan	nan	0.014680	6.861550e+18	1.007268e+17	3.118694e+14	0.157704	False	0.000000	233.560936	{'tp': 4, 'cp': 8, 'pp': 32, 'mb': 32, 'tp_sp': True, 'train': {'dp': 2, 'ep': 1, 'tp_ep': True}, 'inference': {'replica_count': 1, 'moe_dp': 1}}
2048	68.519696	nan	nan	0.014594	6.861550e+18	1.001398e+17	3.118694e+14	0.156785	False	0.000000	374.422346	{'tp': 8, 'cp': 8, 'pp': 16, 'mb': 16, 'tp_sp': True, 'train': {'dp': 2, 'ep': 1, 'tp_ep': True}, 'inference': {'replica_count': 1, 'moe_dp': 1}}
128	215.923395	nan	nan	0.004631	6.861550e+18	3.177771e+16	3.118694e+14	0.796049	True	442.325562	296.937478	{'tp': 4, 'cp': 8, 'pp': 1, 'mb': 1, 'tp_sp': True, 'train': {'dp': 4, 'ep': 1, 'tp_ep': True}, 'inference': {'replica_count': 1, 'moe_dp': 1}}
256	121.303220	nan	nan	0.008244	6.861550e+18	5.656528e+16	3.118694e+14	0.708496	True	182.172058	313.697971	{'tp': 8, 'cp': 8, 'pp': 1, 'mb': 1, 'tp_sp': True, 'train': {'dp': 4, 'ep': 1, 'tp_ep': True}, 'inference': {'replica_count': 1, 'moe_dp': 1}}
128	310.654580	nan	nan	0.003219	6.861550e+18	2.208739e+16	3.118694e+14	0.553301	True	444.007202	168.473198	{'tp': 2, 'cp': 8, 'pp': 2, 'mb': 2, 'tp_sp': True, 'train': {'dp': 4, 'ep': 1, 'tp_ep': True}, 'inference': {'replica_count': 1, 'moe_dp': 1}}
256	168.083380	nan	nan	0.005949	6.861550e+18	4.082230e+16	3.118694e+14	0.511310	True	182.508240	163.874518	{'tp': 4, 'cp': 8, 'pp': 2, 'mb': 2, 'tp_sp': True, 'train': {'dp': 4, 'ep': 1, 'tp_ep': True}, 'inference': {'replica_count': 1, 'moe_dp': 1}}
512	96.978370	nan	nan	0.010312	6.861550e+18	7.075341e+16	3.118694e+14	0.443103	True	51.758759	183.988679	{'tp': 8, 'cp': 8, 'pp': 2, 'mb': 2, 'tp_sp': True, 'train': {'dp': 4, 'ep': 1, 'tp_ep': True}, 'inference': {'replica_count': 1, 'moe_dp': 1}}
512	74.010647	nan	nan	0.013512	6.861550e+18	9.271031e+16	3.118694e+14	0.580611	True	52.095306	364.561316	{'tp': 16, 'cp': 8, 'pp': 1, 'mb': 1, 'tp_sp': True, 'train': {'dp': 4, 'ep': 1, 'tp_ep': True}, 'inference': {'replica_count': 1, 'moe_dp': 1}}
128	359.594037	nan	nan	0.002781	6.861550e+18	1.908138e+16	3.118694e+14	0.477999	True	457.048462	104.071963	{'tp': 1, 'cp': 8, 'pp': 4, 'mb': 4, 'tp_sp': True, 'train': {'dp': 4, 'ep': 1, 'tp_ep': True}, 'inference': {'replica_count': 1, 'moe_dp': 1}}
256	190.273889	nan	nan	0.005256	6.861550e+18	3.606144e+16	3.118694e+14	0.451679	True	188.776550	96.848509	{'tp': 2, 'cp': 8, 'pp': 4, 'mb': 4, 'tp_sp': True, 'train': {'dp': 4, 'ep': 1, 'tp_ep': True}, 'inference': {'replica_count': 1, 'moe_dp': 1}}
512	107.471483	nan	nan	0.009305	6.861550e+18	6.384531e+16	3.118694e+14	0.399840	True	54.640594	105.140405	{'tp': 4, 'cp': 8, 'pp': 4, 'mb': 4, 'tp_sp': True, 'train': {'dp': 4, 'ep': 1, 'tp_ep': True}, 'inference': {'replica_count': 1, 'moe_dp': 1}}
256	202.448330	nan	nan	0.004940	6.861550e+18	3.389285e+16	3.118694e+14	0.424517	True	193.906067	68.984989	{'tp': 1, 'cp': 8, 'pp': 8, 'mb': 8, 'tp_sp': True, 'train': {'dp': 4, 'ep': 1, 'tp_ep': True}, 'inference': {'replica_count': 1, 'moe_dp': 1}}
1024	66.166857	nan	nan	0.015113	6.861550e+18	1.037007e+17	3.118694e+14	0.324720	False	0.000000	153.071975	{'tp': 8, 'cp': 8, 'pp': 4, 'mb': 4, 'tp_sp': True, 'train': {'dp': 4, 'ep': 1, 'tp_ep': True}, 'inference': {'replica_count': 1, 'moe_dp': 1}}
512	112.439906	nan	nan	0.008894	6.861550e+18	6.102415e+16	3.118694e+14	0.382172	True	57.079193	71.243287	{'tp': 2, 'cp': 8, 'pp': 8, 'mb': 8, 'tp_sp': True, 'train': {'dp': 4, 'ep': 1, 'tp_ep': True}, 'inference': {'replica_count': 1, 'moe_dp': 1}}
1024	68.375971	nan	nan	0.014625	6.861550e+18	1.003503e+17	3.118694e+14	0.314229	False	0.000000	92.204833	{'tp': 4, 'cp': 8, 'pp': 8, 'mb': 8, 'tp_sp': True, 'train': {'dp': 4, 'ep': 1, 'tp_ep': True}, 'inference': {'replica_count': 1, 'moe_dp': 1}}
1024	61.439286	nan	nan	0.016276	6.861550e+18	1.116802e+17	3.118694e+14	0.349706	False	0.000000	319.066476	{'tp': 16, 'cp': 8, 'pp': 2, 'mb': 2, 'tp_sp': True, 'train': {'dp': 4, 'ep': 1, 'tp_ep': True}, 'inference': {'replica_count': 1, 'moe_dp': 1}}
512	114.971095	nan	nan	0.008698	6.861550e+18	5.968065e+16	3.118694e+14	0.373758	True	62.334869	49.173004	{'tp': 1, 'cp': 8, 'pp': 16, 'mb': 16, 'tp_sp': True, 'train': {'dp': 4, 'ep': 1, 'tp_ep': True}, 'inference': {'replica_count': 1, 'moe_dp': 1}}
1024	69.406560	nan	nan	0.014408	6.861550e+18	9.886025e+16	3.118694e+14	0.309563	False	0.000000	70.460183	{'tp': 2, 'cp': 8, 'pp': 16, 'mb': 16, 'tp_sp': True, 'train': {'dp': 4, 'ep': 1, 'tp_ep': True}, 'inference': {'replica_count': 1, 'moe_dp': 1}}
1024	131.904823	nan	nan	0.007581	6.861550e+18	5.201895e+16	3.118694e+14	0.162888	False	0.000000	59.885229	{'tp': 1, 'cp': 8, 'pp': 32, 'mb': 32, 'tp_sp': True, 'train': {'dp': 4, 'ep': 1, 'tp_ep': True}, 'inference': {'replica_count': 1, 'moe_dp': 1}}
2048	51.418622	nan	nan	0.019448	6.861550e+18	1.334448e+17	3.118694e+14	0.208929	False	0.000000	199.724052	{'tp': 8, 'cp': 8, 'pp': 8, 'mb': 8, 'tp_sp': True, 'train': {'dp': 4, 'ep': 1, 'tp_ep': True}, 'inference': {'replica_count': 1, 'moe_dp': 1}}
2048	52.223468	nan	nan	0.019148	6.861550e+18	1.313883e+17	3.118694e+14	0.205709	False	0.000000	122.564005	{'tp': 4, 'cp': 8, 'pp': 16, 'mb': 16, 'tp_sp': True, 'train': {'dp': 4, 'ep': 1, 'tp_ep': True}, 'inference': {'replica_count': 1, 'moe_dp': 1}}
2048	88.715659	nan	nan	0.011272	6.861550e+18	7.734317e+16	3.118694e+14	0.121093	False	0.000000	110.902918	{'tp': 2, 'cp': 8, 'pp': 32, 'mb': 32, 'tp_sp': True, 'train': {'dp': 4, 'ep': 1, 'tp_ep': True}, 'inference': {'replica_count': 1, 'moe_dp': 1}}
2048	50.210568	nan	nan	0.019916	6.861550e+18	1.366555e+17	3.118694e+14	0.213956	False	0.000000	446.747892	{'tp': 16, 'cp': 8, 'pp': 4, 'mb': 4, 'tp_sp': True, 'train': {'dp': 4, 'ep': 1, 'tp_ep': True}, 'inference': {'replica_count': 1, 'moe_dp': 1}}
256	108.478690	nan	nan	0.009218	6.861550e+18	6.325252e+16	3.118694e+14	0.792255	True	369.172546	161.474409	{'tp': 4, 'cp': 8, 'pp': 1, 'mb': 1, 'tp_sp': True, 'train': {'dp': 8, 'ep': 1, 'tp_ep': True}, 'inference': {'replica_count': 1, 'moe_dp': 1}}
128	203.523947	nan	nan	0.004913	6.861550e+18	3.371372e+16	3.118694e+14	0.844547	True	817.335815	166.389916	{'tp': 2, 'cp': 8, 'pp': 1, 'mb': 1, 'tp_sp': True, 'train': {'dp': 8, 'ep': 1, 'tp_ep': True}, 'inference': {'replica_count': 1, 'moe_dp': 1}}
4096	67.568884	nan	nan	0.014800	6.861550e+18	1.015490e+17	3.118694e+14	0.079496	False	0.000000	222.109857	{'tp': 4, 'cp': 8, 'pp': 32, 'mb': 32, 'tp_sp': True, 'train': {'dp': 4, 'ep': 1, 'tp_ep': True}, 'inference': {'replica_count': 1, 'moe_dp': 1}}
512	61.076455	nan	nan	0.016373	6.861550e+18	1.123436e+17	3.118694e+14	0.703567	True	145.090912	165.075651	{'tp': 8, 'cp': 8, 'pp': 1, 'mb': 1, 'tp_sp': True, 'train': {'dp': 8, 'ep': 1, 'tp_ep': True}, 'inference': {'replica_count': 1, 'moe_dp': 1}}
4096	44.736853	nan	nan	0.022353	6.861550e+18	1.533758e+17	3.118694e+14	0.120067	False	0.000000	366.298145	{'tp': 8, 'cp': 8, 'pp': 16, 'mb': 16, 'tp_sp': True, 'train': {'dp': 4, 'ep': 1, 'tp_ep': True}, 'inference': {'replica_count': 1, 'moe_dp': 1}}
256	156.158358	nan	nan	0.006404	6.861550e+18	4.393969e+16	3.118694e+14	0.550357	True	370.991882	96.816924	{'tp': 2, 'cp': 8, 'pp': 2, 'mb': 2, 'tp_sp': True, 'train': {'dp': 8, 'ep': 1, 'tp_ep': True}, 'inference': {'replica_count': 1, 'moe_dp': 1}}
512	84.708504	nan	nan	0.011805	6.861550e+18	8.100190e+16	3.118694e+14	0.507286	True	145.748260	93.352242	{'tp': 4, 'cp': 8, 'pp': 2, 'mb': 2, 'tp_sp': True, 'train': {'dp': 8, 'ep': 1, 'tp_ep': True}, 'inference': {'replica_count': 1, 'moe_dp': 1}}
128	302.264450	nan	nan	0.003308	6.861550e+18	2.270049e+16	3.118694e+14	0.568660	True	821.479126	106.639310	{'tp': 1, 'cp': 8, 'pp': 2, 'mb': 2, 'tp_sp': True, 'train': {'dp': 8, 'ep': 1, 'tp_ep': True}, 'inference': {'replica_count': 1, 'moe_dp': 1}}
1024	39.146185	nan	nan	0.025545	6.861550e+18	1.752802e+17	3.118694e+14	0.548858	True	33.050095	232.754896	{'tp': 16, 'cp': 8, 'pp': 1, 'mb': 1, 'tp_sp': True, 'train': {'dp': 8, 'ep': 1, 'tp_ep': True}, 'inference': {'replica_count': 1, 'moe_dp': 1}}
1024	51.830449	nan	nan	0.019294	6.861550e+18	1.323845e+17	3.118694e+14	0.414538	True	33.126450	114.520844	{'tp': 8, 'cp': 8, 'pp': 2, 'mb': 2, 'tp_sp': True, 'train': {'dp': 8, 'ep': 1, 'tp_ep': True}, 'inference': {'replica_count': 1, 'moe_dp': 1}}
256	181.767487	nan	nan	0.005502	6.861550e+18	3.774905e+16	3.118694e+14	0.472817	True	382.438293	64.702466	{'tp': 1, 'cp': 8, 'pp': 4, 'mb': 4, 'tp_sp': True, 'train': {'dp': 8, 'ep': 1, 'tp_ep': True}, 'inference': {'replica_count': 1, 'moe_dp': 1}}
512	96.472644	nan	nan	0.010366	6.861550e+18	7.112431e+16	3.118694e+14	0.445426	True	151.345306	62.705733	{'tp': 2, 'cp': 8, 'pp': 4, 'mb': 4, 'tp_sp': True, 'train': {'dp': 8, 'ep': 1, 'tp_ep': True}, 'inference': {'replica_count': 1, 'moe_dp': 1}}
512	103.251067	nan	nan	0.009685	6.861550e+18	6.645500e+16	3.118694e+14	0.416184	True	155.867096	46.484175	{'tp': 1, 'cp': 8, 'pp': 8, 'mb': 8, 'tp_sp': True, 'train': {'dp': 8, 'ep': 1, 'tp_ep': True}, 'inference': {'replica_count': 1, 'moe_dp': 1}}
1024	58.207623	nan	nan	0.017180	6.861550e+18	1.178806e+17	3.118694e+14	0.369122	True	35.798813	69.344334	{'tp': 4, 'cp': 8, 'pp': 4, 'mb': 4, 'tp_sp': True, 'train': {'dp': 8, 'ep': 1, 'tp_ep': True}, 'inference': {'replica_count': 1, 'moe_dp': 1}}
1024	62.173281	nan	nan	0.016084	6.861550e+18	1.103617e+17	3.118694e+14	0.345578	True	37.996628	51.570255	{'tp': 2, 'cp': 8, 'pp': 8, 'mb': 8, 'tp_sp': True, 'train': {'dp': 8, 'ep': 1, 'tp_ep': True}, 'inference': {'replica_count': 1, 'moe_dp': 1}}
1024	114.971095	nan	nan	0.008698	6.861550e+18	5.968065e+16	3.118694e+14	0.186879	True	43.054596	50.409218	{'tp': 1, 'cp': 8, 'pp': 16, 'mb': 16, 'tp_sp': True, 'train': {'dp': 8, 'ep': 1, 'tp_ep': True}, 'inference': {'replica_count': 1, 'moe_dp': 1}}
2048	45.568178	nan	nan	0.021945	6.861550e+18	1.505777e+17	3.118694e+14	0.235753	False	0.000000	118.588688	{'tp': 8, 'cp': 8, 'pp': 4, 'mb': 4, 'tp_sp': True, 'train': {'dp': 8, 'ep': 1, 'tp_ep': True}, 'inference': {'replica_count': 1, 'moe_dp': 1}}
2048	47.423178	nan	nan	0.021087	6.861550e+18	1.446877e+17	3.118694e+14	0.226532	False	0.000000	74.223624	{'tp': 4, 'cp': 8, 'pp': 8, 'mb': 8, 'tp_sp': True, 'train': {'dp': 8, 'ep': 1, 'tp_ep': True}, 'inference': {'replica_count': 1, 'moe_dp': 1}}
2048	42.528660	nan	nan	0.023514	6.861550e+18	1.613394e+17	3.118694e+14	0.252603	False	0.000000	257.828594	{'tp': 16, 'cp': 8, 'pp': 2, 'mb': 2, 'tp_sp': True, 'train': {'dp': 8, 'ep': 1, 'tp_ep': True}, 'inference': {'replica_count': 1, 'moe_dp': 1}}
2048	69.406560	nan	nan	0.014408	6.861550e+18	9.886025e+16	3.118694e+14	0.154781	False	0.000000	70.717166	{'tp': 2, 'cp': 8, 'pp': 16, 'mb': 16, 'tp_sp': True, 'train': {'dp': 8, 'ep': 1, 'tp_ep': True}, 'inference': {'replica_count': 1, 'moe_dp': 1}}
2048	131.238911	nan	nan	0.007620	6.861550e+18	5.228289e+16	3.118694e+14	0.081857	False	0.000000	60.111298	{'tp': 1, 'cp': 8, 'pp': 32, 'mb': 32, 'tp_sp': True, 'train': {'dp': 8, 'ep': 1, 'tp_ep': True}, 'inference': {'replica_count': 1, 'moe_dp': 1}}
4096	52.223468	nan	nan	0.019148	6.861550e+18	1.313883e+17	3.118694e+14	0.102855	False	0.000000	118.222338	{'tp': 4, 'cp': 8, 'pp': 16, 'mb': 16, 'tp_sp': True, 'train': {'dp': 8, 'ep': 1, 'tp_ep': True}, 'inference': {'replica_count': 1, 'moe_dp': 1}}
4096	88.107853	nan	nan	0.011350	6.861550e+18	7.787671e+16	3.118694e+14	0.060964	False	0.000000	106.807876	{'tp': 2, 'cp': 8, 'pp': 32, 'mb': 32, 'tp_sp': True, 'train': {'dp': 8, 'ep': 1, 'tp_ep': True}, 'inference': {'replica_count': 1, 'moe_dp': 1}}
4096	40.053221	nan	nan	0.024967	6.861550e+18	1.713108e+17	3.118694e+14	0.134107	False	0.000000	184.432854	{'tp': 8, 'cp': 8, 'pp': 8, 'mb': 8, 'tp_sp': True, 'train': {'dp': 8, 'ep': 1, 'tp_ep': True}, 'inference': {'replica_count': 1, 'moe_dp': 1}}
256	102.313255	nan	nan	0.009774	6.861550e+18	6.706414e+16	3.118694e+14	0.839997	True	744.687439	91.213051	{'tp': 2, 'cp': 8, 'pp': 1, 'mb': 1, 'tp_sp': True, 'train': {'dp': 16, 'ep': 1, 'tp_ep': True}, 'inference': {'replica_count': 1, 'moe_dp': 1}}
128	199.711790	nan	nan	0.005007	6.861550e+18	3.435726e+16	3.118694e+14	0.860668	True	1569.035824	101.638043	{'tp': 1, 'cp': 8, 'pp': 1, 'mb': 1, 'tp_sp': True, 'train': {'dp': 16, 'ep': 1, 'tp_ep': True}, 'inference': {'replica_count': 1, 'moe_dp': 1}}
512	54.682782	nan	nan	0.018287	6.861550e+18	1.254792e+17	3.118694e+14	0.785830	True	332.596039	89.925315	{'tp': 4, 'cp': 8, 'pp': 1, 'mb': 1, 'tp_sp': True, 'train': {'dp': 16, 'ep': 1, 'tp_ep': True}, 'inference': {'replica_count': 1, 'moe_dp': 1}}
256	152.662776	nan	nan	0.006550	6.861550e+18	4.494580e+16	3.118694e+14	0.562958	True	748.716125	64.426978	{'tp': 1, 'cp': 8, 'pp': 2, 'mb': 2, 'tp_sp': True, 'train': {'dp': 16, 'ep': 1, 'tp_ep': True}, 'inference': {'replica_count': 1, 'moe_dp': 1}}
512	79.077837	nan	nan	0.012646	6.861550e+18	8.676957e+16	3.118694e+14	0.543406	True	334.484222	58.271008	{'tp': 2, 'cp': 8, 'pp': 2, 'mb': 2, 'tp_sp': True, 'train': {'dp': 16, 'ep': 1, 'tp_ep': True}, 'inference': {'replica_count': 1, 'moe_dp': 1}}
1024	37.715633	nan	nan	0.026514	6.861550e+18	1.819285e+17	3.118694e+14	0.569676	True	126.550339	99.977559	{'tp': 8, 'cp': 8, 'pp': 1, 'mb': 1, 'tp_sp': True, 'train': {'dp': 16, 'ep': 1, 'tp_ep': True}, 'inference': {'replica_count': 1, 'moe_dp': 1}}
1024	50.724934	nan	nan	0.019714	6.861550e+18	1.352698e+17	3.118694e+14	0.423573	True	127.368271	60.810534	{'tp': 4, 'cp': 8, 'pp': 2, 'mb': 2, 'tp_sp': True, 'train': {'dp': 16, 'ep': 1, 'tp_ep': True}, 'inference': {'replica_count': 1, 'moe_dp': 1}}
2048	40.988694	nan	nan	0.024397	6.861550e+18	1.674010e+17	3.118694e+14	0.262093	True	23.810295	84.128902	{'tp': 8, 'cp': 8, 'pp': 2, 'mb': 2, 'tp_sp': True, 'train': {'dp': 16, 'ep': 1, 'tp_ep': True}, 'inference': {'replica_count': 1, 'moe_dp': 1}}
512	92.355508	nan	nan	0.010828	6.861550e+18	7.429497e+16	3.118694e+14	0.465282	True	345.133209	45.765167	{'tp': 1, 'cp': 8, 'pp': 4, 'mb': 4, 'tp_sp': True, 'train': {'dp': 16, 'ep': 1, 'tp_ep': True}, 'inference': {'replica_count': 1, 'moe_dp': 1}}
1024	58.113880	nan	nan	0.017208	6.861550e+18	1.180708e+17	3.118694e+14	0.369717	True	132.629684	44.138018	{'tp': 2, 'cp': 8, 'pp': 4, 'mb': 4, 'tp_sp': True, 'train': {'dp': 16, 'ep': 1, 'tp_ep': True}, 'inference': {'replica_count': 1, 'moe_dp': 1}}
2048	44.607657	nan	nan	0.022418	6.861550e+18	1.538200e+17	3.118694e+14	0.240830	True	26.377922	53.086406	{'tp': 4, 'cp': 8, 'pp': 4, 'mb': 4, 'tp_sp': True, 'train': {'dp': 16, 'ep': 1, 'tp_ep': True}, 'inference': {'replica_count': 1, 'moe_dp': 1}}
1024	103.244200	nan	nan	0.009686	6.861550e+18	6.645942e+16	3.118694e+14	0.208106	True	137.320709	47.505458	{'tp': 1, 'cp': 8, 'pp': 8, 'mb': 8, 'tp_sp': True, 'train': {'dp': 16, 'ep': 1, 'tp_ep': True}, 'inference': {'replica_count': 1, 'moe_dp': 1}}
2048	34.394512	nan	nan	0.029074	6.861550e+18	1.994955e+17	3.118694e+14	0.312342	True	23.527489	169.300909	{'tp': 16, 'cp': 8, 'pp': 1, 'mb': 1, 'tp_sp': True, 'train': {'dp': 16, 'ep': 1, 'tp_ep': True}, 'inference': {'replica_count': 1, 'moe_dp': 1}}
2048	62.083135	nan	nan	0.016107	6.861550e+18	1.105220e+17	3.118694e+14	0.173040	True	28.723434	52.986633	{'tp': 2, 'cp': 8, 'pp': 8, 'mb': 8, 'tp_sp': True, 'train': {'dp': 16, 'ep': 1, 'tp_ep': True}, 'inference': {'replica_count': 1, 'moe_dp': 1}}
4096	39.243357	nan	nan	0.025482	6.861550e+18	1.748462e+17	3.118694e+14	0.136875	False	0.000000	410.693638	{'tp': 16, 'cp': 8, 'pp': 4, 'mb': 4, 'tp_sp': True, 'train': {'dp': 8, 'ep': 1, 'tp_ep': True}, 'inference': {'replica_count': 1, 'moe_dp': 1}}
4096	37.852548	nan	nan	0.026418	6.861550e+18	1.812705e+17	3.118694e+14	0.141904	False	0.000000	103.097705	{'tp': 8, 'cp': 8, 'pp': 4, 'mb': 4, 'tp_sp': True, 'train': {'dp': 16, 'ep': 1, 'tp_ep': True}, 'inference': {'replica_count': 1, 'moe_dp': 1}}
2048	114.971095	nan	nan	0.008698	6.861550e+18	5.968065e+16	3.118694e+14	0.093440	True	33.414459	53.328348	{'tp': 1, 'cp': 8, 'pp': 16, 'mb': 16, 'tp_sp': True, 'train': {'dp': 16, 'ep': 1, 'tp_ep': True}, 'inference': {'replica_count': 1, 'moe_dp': 1}}
4096	47.336721	nan	nan	0.021125	6.861550e+18	1.449520e+17	3.118694e+14	0.113473	False	0.000000	75.096904	{'tp': 4, 'cp': 8, 'pp': 8, 'mb': 8, 'tp_sp': True, 'train': {'dp': 16, 'ep': 1, 'tp_ep': True}, 'inference': {'replica_count': 1, 'moe_dp': 1}}
4096	130.877547	nan	nan	0.007641	6.861550e+18	5.242725e+16	3.118694e+14	0.041042	False	0.000000	64.620875	{'tp': 1, 'cp': 8, 'pp': 32, 'mb': 32, 'tp_sp': True, 'train': {'dp': 16, 'ep': 1, 'tp_ep': True}, 'inference': {'replica_count': 1, 'moe_dp': 1}}
256	100.858000	nan	nan	0.009915	6.861550e+18	6.803179e+16	3.118694e+14	0.852117	True	1496.556974	63.683427	{'tp': 1, 'cp': 8, 'pp': 1, 'mb': 1, 'tp_sp': True, 'train': {'dp': 32, 'ep': 1, 'tp_ep': True}, 'inference': {'replica_count': 1, 'moe_dp': 1}}
4096	69.406560	nan	nan	0.014408	6.861550e+18	9.886025e+16	3.118694e+14	0.077391	False	0.000000	72.011266	{'tp': 2, 'cp': 8, 'pp': 16, 'mb': 16, 'tp_sp': True, 'train': {'dp': 16, 'ep': 1, 'tp_ep': True}, 'inference': {'replica_count': 1, 'moe_dp': 1}}
512	51.808287	nan	nan	0.019302	6.861550e+18	1.324412e+17	3.118694e+14	0.829431	True	708.363251	56.773859	{'tp': 2, 'cp': 8, 'pp': 1, 'mb': 1, 'tp_sp': True, 'train': {'dp': 32, 'ep': 1, 'tp_ep': True}, 'inference': {'replica_count': 1, 'moe_dp': 1}}
1024	37.592107	nan	nan	0.026601	6.861550e+18	1.825264e+17	3.118694e+14	0.571548	True	314.307785	54.820082	{'tp': 4, 'cp': 8, 'pp': 1, 'mb': 1, 'tp_sp': True, 'train': {'dp': 32, 'ep': 1, 'tp_ep': True}, 'inference': {'replica_count': 1, 'moe_dp': 1}}
512	77.406003	nan	nan	0.012919	6.861550e+18	8.864364e+16	3.118694e+14	0.555143	True	712.334625	43.551329	{'tp': 1, 'cp': 8, 'pp': 2, 'mb': 2, 'tp_sp': True, 'train': {'dp': 32, 'ep': 1, 'tp_ep': True}, 'inference': {'replica_count': 1, 'moe_dp': 1}}
2048	33.866552	nan	nan	0.029528	6.861550e+18	2.026055e+17	3.118694e+14	0.317211	True	117.280052	64.284962	{'tp': 8, 'cp': 8, 'pp': 1, 'mb': 1, 'tp_sp': True, 'train': {'dp': 32, 'ep': 1, 'tp_ep': True}, 'inference': {'replica_count': 1, 'moe_dp': 1}}
1024	51.413610	nan	nan	0.019450	6.861550e+18	1.334579e+17	3.118694e+14	0.417899	True	316.230392	40.338546	{'tp': 2, 'cp': 8, 'pp': 2, 'mb': 2, 'tp_sp': True, 'train': {'dp': 32, 'ep': 1, 'tp_ep': True}, 'inference': {'replica_count': 1, 'moe_dp': 1}}
2048	40.828432	nan	nan	0.024493	6.861550e+18	1.680581e+17	3.118694e+14	0.263122	True	118.178276	43.288192	{'tp': 4, 'cp': 8, 'pp': 2, 'mb': 2, 'tp_sp': True, 'train': {'dp': 32, 'ep': 1, 'tp_ep': True}, 'inference': {'replica_count': 1, 'moe_dp': 1}}
1024	92.351843	nan	nan	0.010828	6.861550e+18	7.429792e+16	3.118694e+14	0.232650	True	326.953766	46.518730	{'tp': 1, 'cp': 8, 'pp': 4, 'mb': 4, 'tp_sp': True, 'train': {'dp': 32, 'ep': 1, 'tp_ep': True}, 'inference': {'replica_count': 1, 'moe_dp': 1}}
2048	58.025839	nan	nan	0.017234	6.861550e+18	1.182499e+17	3.118694e+14	0.185139	True	123.539963	45.732213	{'tp': 2, 'cp': 8, 'pp': 4, 'mb': 4, 'tp_sp': True, 'train': {'dp': 32, 'ep': 1, 'tp_ep': True}, 'inference': {'replica_count': 1, 'moe_dp': 1}}
4096	36.111573	nan	nan	0.027692	6.861550e+18	1.900097e+17	3.118694e+14	0.148745	False	0.000000	229.526442	{'tp': 16, 'cp': 8, 'pp': 2, 'mb': 2, 'tp_sp': True, 'train': {'dp': 16, 'ep': 1, 'tp_ep': True}, 'inference': {'replica_count': 1, 'moe_dp': 1}}
4096	35.533155	nan	nan	0.028143	6.861550e+18	1.931028e+17	3.118694e+14	0.151167	True	19.152218	65.160942	{'tp': 8, 'cp': 8, 'pp': 2, 'mb': 2, 'tp_sp': True, 'train': {'dp': 32, 'ep': 1, 'tp_ep': True}, 'inference': {'replica_count': 1, 'moe_dp': 1}}
4096	44.524011	nan	nan	0.022460	6.861550e+18	1.541090e+17	3.118694e+14	0.120641	True	21.833061	52.594291	{'tp': 4, 'cp': 8, 'pp': 4, 'mb': 4, 'tp_sp': True, 'train': {'dp': 32, 'ep': 1, 'tp_ep': True}, 'inference': {'replica_count': 1, 'moe_dp': 1}}
2048	103.244200	nan	nan	0.009686	6.861550e+18	6.645942e+16	3.118694e+14	0.104053	True	128.047516	48.651474	{'tp': 1, 'cp': 8, 'pp': 8, 'mb': 8, 'tp_sp': True, 'train': {'dp': 32, 'ep': 1, 'tp_ep': True}, 'inference': {'replica_count': 1, 'moe_dp': 1}}
4096	62.083135	nan	nan	0.016107	6.861550e+18	1.105220e+17	3.118694e+14	0.086520	True	24.086838	53.590230	{'tp': 2, 'cp': 8, 'pp': 8, 'mb': 8, 'tp_sp': True, 'train': {'dp': 32, 'ep': 1, 'tp_ep': True}, 'inference': {'replica_count': 1, 'moe_dp': 1}}
4096	32.000120	nan	nan	0.031250	6.861550e+18	2.144226e+17	3.118694e+14	0.167856	True	18.766186	133.463954	{'tp': 16, 'cp': 8, 'pp': 1, 'mb': 1, 'tp_sp': True, 'train': {'dp': 32, 'ep': 1, 'tp_ep': True}, 'inference': {'replica_count': 1, 'moe_dp': 1}}
512	51.128608	nan	nan	0.019559	6.861550e+18	1.342018e+17	3.118694e+14	0.840457	True	1460.317550	45.126548	{'tp': 1, 'cp': 8, 'pp': 1, 'mb': 1, 'tp_sp': True, 'train': {'dp': 64, 'ep': 1, 'tp_ep': True}, 'inference': {'replica_count': 1, 'moe_dp': 1}}
1024	38.698187	nan	nan	0.025841	6.861550e+18	1.773093e+17	3.118694e+14	0.555212	True	690.201157	38.949239	{'tp': 2, 'cp': 8, 'pp': 1, 'mb': 1, 'tp_sp': True, 'train': {'dp': 64, 'ep': 1, 'tp_ep': True}, 'inference': {'replica_count': 1, 'moe_dp': 1}}
2048	34.185562	nan	nan	0.029252	6.861550e+18	2.007149e+17	3.118694e+14	0.314251	True	305.163658	39.517228	{'tp': 4, 'cp': 8, 'pp': 1, 'mb': 1, 'tp_sp': True, 'train': {'dp': 64, 'ep': 1, 'tp_ep': True}, 'inference': {'replica_count': 1, 'moe_dp': 1}}
4096	114.971095	nan	nan	0.008698	6.861550e+18	5.968065e+16	3.118694e+14	0.046720	True	28.594391	54.797871	{'tp': 1, 'cp': 8, 'pp': 16, 'mb': 16, 'tp_sp': True, 'train': {'dp': 32, 'ep': 1, 'tp_ep': True}, 'inference': {'replica_count': 1, 'moe_dp': 1}}
1024	77.404960	nan	nan	0.012919	6.861550e+18	8.864484e+16	3.118694e+14	0.277575	True	694.616974	45.636015	{'tp': 1, 'cp': 8, 'pp': 2, 'mb': 2, 'tp_sp': True, 'train': {'dp': 64, 'ep': 1, 'tp_ep': True}, 'inference': {'replica_count': 1, 'moe_dp': 1}}
2048	51.370871	nan	nan	0.019466	6.861550e+18	1.335689e+17	3.118694e+14	0.209123	True	307.371567	42.304432	{'tp': 2, 'cp': 8, 'pp': 2, 'mb': 2, 'tp_sp': True, 'train': {'dp': 64, 'ep': 1, 'tp_ep': True}, 'inference': {'replica_count': 1, 'moe_dp': 1}}
4096	31.925281	nan	nan	0.031323	6.861550e+18	2.149253e+17	3.118694e+14	0.168250	True	112.644909	49.714093	{'tp': 8, 'cp': 8, 'pp': 1, 'mb': 1, 'tp_sp': True, 'train': {'dp': 64, 'ep': 1, 'tp_ep': True}, 'inference': {'replica_count': 1, 'moe_dp': 1}}
4096	40.787890	nan	nan	0.024517	6.861550e+18	1.682252e+17	3.118694e+14	0.131692	True	113.748863	43.569777	{'tp': 4, 'cp': 8, 'pp': 2, 'mb': 2, 'tp_sp': True, 'train': {'dp': 64, 'ep': 1, 'tp_ep': True}, 'inference': {'replica_count': 1, 'moe_dp': 1}}
2048	92.346561	nan	nan	0.010829	6.861550e+18	7.430217e+16	3.118694e+14	0.116332	True	317.864044	48.324995	{'tp': 1, 'cp': 8, 'pp': 4, 'mb': 4, 'tp_sp': True, 'train': {'dp': 64, 'ep': 1, 'tp_ep': True}, 'inference': {'replica_count': 1, 'moe_dp': 1}}
4096	57.898869	nan	nan	0.017271	6.861550e+18	1.185092e+17	3.118694e+14	0.092773	True	118.995102	46.788292	{'tp': 2, 'cp': 8, 'pp': 4, 'mb': 4, 'tp_sp': True, 'train': {'dp': 64, 'ep': 1, 'tp_ep': True}, 'inference': {'replica_count': 1, 'moe_dp': 1}}
2048	38.678098	nan	nan	0.025854	6.861550e+18	1.774014e+17	3.118694e+14	0.277750	True	681.388199	43.700379	{'tp': 2, 'cp': 8, 'pp': 1, 'mb': 1, 'tp_sp': True, 'train': {'dp': 128, 'ep': 1, 'tp_ep': True}, 'inference': {'replica_count': 1, 'moe_dp': 1}}
1024	51.128291	nan	nan	0.019559	6.861550e+18	1.342026e+17	3.118694e+14	0.420231	True	1442.691634	47.211727	{'tp': 1, 'cp': 8, 'pp': 1, 'mb': 1, 'tp_sp': True, 'train': {'dp': 128, 'ep': 1, 'tp_ep': True}, 'inference': {'replica_count': 1, 'moe_dp': 1}}
4096	103.244200	nan	nan	0.009686	6.861550e+18	6.645942e+16	3.118694e+14	0.052026	True	123.410919	51.926244	{'tp': 1, 'cp': 8, 'pp': 8, 'mb': 8, 'tp_sp': True, 'train': {'dp': 64, 'ep': 1, 'tp_ep': True}, 'inference': {'replica_count': 1, 'moe_dp': 1}}
4096	34.166571	nan	nan	0.029268	6.861550e+18	2.008264e+17	3.118694e+14	0.157213	True	300.757179	42.952316	{'tp': 4, 'cp': 8, 'pp': 1, 'mb': 1, 'tp_sp': True, 'train': {'dp': 128, 'ep': 1, 'tp_ep': True}, 'inference': {'replica_count': 1, 'moe_dp': 1}}
4096	51.308667	nan	nan	0.019490	6.861550e+18	1.337308e+17	3.118694e+14	0.104688	True	302.942154	46.392970	{'tp': 2, 'cp': 8, 'pp': 2, 'mb': 2, 'tp_sp': True, 'train': {'dp': 128, 'ep': 1, 'tp_ep': True}, 'inference': {'replica_count': 1, 'moe_dp': 1}}
2048	77.403443	nan	nan	0.012919	6.861550e+18	8.864657e+16	3.118694e+14	0.138790	True	685.758148	50.006146	{'tp': 1, 'cp': 8, 'pp': 2, 'mb': 2, 'tp_sp': True, 'train': {'dp': 128, 'ep': 1, 'tp_ep': True}, 'inference': {'replica_count': 1, 'moe_dp': 1}}
4096	92.343095	nan	nan	0.010829	6.861550e+18	7.430496e+16	3.118694e+14	0.058168	True	313.319183	53.173106	{'tp': 1, 'cp': 8, 'pp': 4, 'mb': 4, 'tp_sp': True, 'train': {'dp': 128, 'ep': 1, 'tp_ep': True}, 'inference': {'replica_count': 1, 'moe_dp': 1}}
4096	38.648276	nan	nan	0.025874	6.861550e+18	1.775383e+17	3.118694e+14	0.138982	True	676.981720	52.473975	{'tp': 2, 'cp': 8, 'pp': 1, 'mb': 1, 'tp_sp': True, 'train': {'dp': 256, 'ep': 1, 'tp_ep': True}, 'inference': {'replica_count': 1, 'moe_dp': 1}}
2048	51.127822	nan	nan	0.019559	6.861550e+18	1.342038e+17	3.118694e+14	0.210117	True	1433.878676	53.366002	{'tp': 1, 'cp': 8, 'pp': 1, 'mb': 1, 'tp_sp': True, 'train': {'dp': 256, 'ep': 1, 'tp_ep': True}, 'inference': {'replica_count': 1, 'moe_dp': 1}}
4096	77.402459	nan	nan	0.012919	6.861550e+18	8.864770e+16	3.118694e+14	0.069396	True	681.328735	60.531393	{'tp': 1, 'cp': 8, 'pp': 2, 'mb': 2, 'tp_sp': True, 'train': {'dp': 256, 'ep': 1, 'tp_ep': True}, 'inference': {'replica_count': 1, 'moe_dp': 1}}
4096	51.127524	nan	nan	0.019559	6.861550e+18	1.342046e+17	3.118694e+14	0.105059	True	1429.472198	67.642395	{'tp': 1, 'cp': 8, 'pp': 1, 'mb': 1, 'tp_sp': True, 'train': {'dp': 512, 'ep': 1, 'tp_ep': True}, 'inference': {'replica_count': 1, 'moe_dp': 1}}
128	438.379742	nan	nan	0.002281	6.861550e+18	1.565207e+16	3.118694e+14	0.392093	True	418.355103	171.354459	{'tp': 1, 'cp': 16, 'pp': 8, 'mb': 8, 'tp_sp': True, 'train': {'dp': 1, 'ep': 1, 'tp_ep': True}, 'inference': {'replica_count': 1, 'moe_dp': 1}}
256	259.764173	nan	nan	0.003850	6.861550e+18	2.641454e+16	3.118694e+14	0.330849	True	169.429871	196.423155	{'tp': 2, 'cp': 16, 'pp': 8, 'mb': 8, 'tp_sp': True, 'train': {'dp': 1, 'ep': 1, 'tp_ep': True}, 'inference': {'replica_count': 1, 'moe_dp': 1}}
128	411.877686	nan	nan	0.002428	6.861550e+18	1.665919e+16	3.118694e+14	0.417322	True	409.074585	307.852076	{'tp': 2, 'cp': 16, 'pp': 4, 'mb': 4, 'tp_sp': True, 'train': {'dp': 1, 'ep': 1, 'tp_ep': True}, 'inference': {'replica_count': 1, 'moe_dp': 1}}
256	265.071246	nan	nan	0.003773	6.861550e+18	2.588568e+16	3.118694e+14	0.324225	True	178.962708	107.283617	{'tp': 1, 'cp': 16, 'pp': 16, 'mb': 16, 'tp_sp': True, 'train': {'dp': 1, 'ep': 1, 'tp_ep': True}, 'inference': {'replica_count': 1, 'moe_dp': 1}}
512	175.178263	nan	nan	0.005708	6.861550e+18	3.916896e+16	3.118694e+14	0.245301	True	44.967255	301.219360	{'tp': 4, 'cp': 16, 'pp': 8, 'mb': 8, 'tp_sp': True, 'train': {'dp': 1, 'ep': 1, 'tp_ep': True}, 'inference': {'replica_count': 1, 'moe_dp': 1}}
256	251.877533	nan	nan	0.003970	6.861550e+18	2.724161e+16	3.118694e+14	0.341209	True	165.041931	351.026610	{'tp': 4, 'cp': 16, 'pp': 4, 'mb': 4, 'tp_sp': True, 'train': {'dp': 1, 'ep': 1, 'tp_ep': True}, 'inference': {'replica_count': 1, 'moe_dp': 1}}
512	175.109096	nan	nan	0.005711	6.861550e+18	3.918443e+16	3.118694e+14	0.245398	True	49.607513	175.785945	{'tp': 2, 'cp': 16, 'pp': 16, 'mb': 16, 'tp_sp': True, 'train': {'dp': 1, 'ep': 1, 'tp_ep': True}, 'inference': {'replica_count': 1, 'moe_dp': 1}}
512	173.300258	nan	nan	0.005770	6.861550e+18	3.959342e+16	3.118694e+14	0.247959	True	59.266510	89.807457	{'tp': 1, 'cp': 16, 'pp': 32, 'mb': 32, 'tp_sp': True, 'train': {'dp': 1, 'ep': 1, 'tp_ep': True}, 'inference': {'replica_count': 1, 'moe_dp': 1}}
1024	130.244271	nan	nan	0.007678	6.861550e+18	5.268216e+16	3.118694e+14	0.164965	False	0.000000	317.872157	{'tp': 2, 'cp': 16, 'pp': 32, 'mb': 32, 'tp_sp': True, 'train': {'dp': 1, 'ep': 1, 'tp_ep': True}, 'inference': {'replica_count': 1, 'moe_dp': 1}}
128	323.180774	nan	nan	0.003094	6.861550e+18	2.123131e+16	3.118694e+14	0.531856	True	585.748413	360.066288	{'tp': 2, 'cp': 16, 'pp': 2, 'mb': 2, 'tp_sp': True, 'train': {'dp': 2, 'ep': 1, 'tp_ep': True}, 'inference': {'replica_count': 1, 'moe_dp': 1}}
256	185.105874	nan	nan	0.005402	6.861550e+18	3.706825e+16	3.118694e+14	0.464290	True	253.378845	386.125617	{'tp': 4, 'cp': 16, 'pp': 2, 'mb': 2, 'tp_sp': True, 'train': {'dp': 2, 'ep': 1, 'tp_ep': True}, 'inference': {'replica_count': 1, 'moe_dp': 1}}
128	376.006865	nan	nan	0.002660	6.861550e+18	1.824847e+16	3.118694e+14	0.457134	True	602.484009	170.854667	{'tp': 1, 'cp': 16, 'pp': 4, 'mb': 4, 'tp_sp': True, 'train': {'dp': 2, 'ep': 1, 'tp_ep': True}, 'inference': {'replica_count': 1, 'moe_dp': 1}}
256	206.678547	nan	nan	0.004838	6.861550e+18	3.319914e+16	3.118694e+14	0.415828	True	261.494324	168.664877	{'tp': 2, 'cp': 16, 'pp': 4, 'mb': 4, 'tp_sp': True, 'train': {'dp': 2, 'ep': 1, 'tp_ep': True}, 'inference': {'replica_count': 1, 'moe_dp': 1}}
512	126.490969	nan	nan	0.007906	6.861550e+18	5.424538e+16	3.118694e+14	0.339719	True	90.999481	216.769725	{'tp': 4, 'cp': 16, 'pp': 4, 'mb': 4, 'tp_sp': True, 'train': {'dp': 2, 'ep': 1, 'tp_ep': True}, 'inference': {'replica_count': 1, 'moe_dp': 1}}
256	221.157363	nan	nan	0.004522	6.861550e+18	3.102565e+16	3.118694e+14	0.388605	True	268.091614	101.997855	{'tp': 1, 'cp': 16, 'pp': 8, 'mb': 8, 'tp_sp': True, 'train': {'dp': 2, 'ep': 1, 'tp_ep': True}, 'inference': {'replica_count': 1, 'moe_dp': 1}}
512	131.182565	nan	nan	0.007623	6.861550e+18	5.230535e+16	3.118694e+14	0.327569	True	94.171967	128.042777	{'tp': 2, 'cp': 16, 'pp': 8, 'mb': 8, 'tp_sp': True, 'train': {'dp': 2, 'ep': 1, 'tp_ep': True}, 'inference': {'replica_count': 1, 'moe_dp': 1}}
512	134.547741	nan	nan	0.007432	6.861550e+18	5.099714e+16	3.118694e+14	0.319377	True	100.895416	73.586598	{'tp': 1, 'cp': 16, 'pp': 16, 'mb': 16, 'tp_sp': True, 'train': {'dp': 2, 'ep': 1, 'tp_ep': True}, 'inference': {'replica_count': 1, 'moe_dp': 1}}
1024	88.515442	nan	nan	0.011297	6.861550e+18	7.751811e+16	3.118694e+14	0.242734	True	7.212143	233.275407	{'tp': 4, 'cp': 16, 'pp': 8, 'mb': 8, 'tp_sp': True, 'train': {'dp': 2, 'ep': 1, 'tp_ep': True}, 'inference': {'replica_count': 1, 'moe_dp': 1}}
1024	89.074022	nan	nan	0.011227	6.861550e+18	7.703200e+16	3.118694e+14	0.241212	True	10.510788	137.802994	{'tp': 2, 'cp': 16, 'pp': 16, 'mb': 16, 'tp_sp': True, 'train': {'dp': 2, 'ep': 1, 'tp_ep': True}, 'inference': {'replica_count': 1, 'moe_dp': 1}}
1024	90.098933	nan	nan	0.011099	6.861550e+18	7.615573e+16	3.118694e+14	0.238468	True	17.297318	70.443524	{'tp': 1, 'cp': 16, 'pp': 32, 'mb': 32, 'tp_sp': True, 'train': {'dp': 2, 'ep': 1, 'tp_ep': True}, 'inference': {'replica_count': 1, 'moe_dp': 1}}
2048	67.826240	nan	nan	0.014744	6.861550e+18	1.011637e+17	3.118694e+14	0.158388	False	0.000000	230.482057	{'tp': 2, 'cp': 16, 'pp': 32, 'mb': 32, 'tp_sp': True, 'train': {'dp': 2, 'ep': 1, 'tp_ep': True}, 'inference': {'replica_count': 1, 'moe_dp': 1}}
2048	67.499554	nan	nan	0.014815	6.861550e+18	1.016533e+17	3.118694e+14	0.159154	False	0.000000	373.124533	{'tp': 4, 'cp': 16, 'pp': 16, 'mb': 16, 'tp_sp': True, 'train': {'dp': 2, 'ep': 1, 'tp_ep': True}, 'inference': {'replica_count': 1, 'moe_dp': 1}}
128	208.191961	nan	nan	0.004803	6.861550e+18	3.295781e+16	3.118694e+14	0.825611	True	958.343140	301.183542	{'tp': 2, 'cp': 16, 'pp': 1, 'mb': 1, 'tp_sp': True, 'train': {'dp': 4, 'ep': 1, 'tp_ep': True}, 'inference': {'replica_count': 1, 'moe_dp': 1}}
128	308.524693	nan	nan	0.003241	6.861550e+18	2.223987e+16	3.118694e+14	0.557121	True	963.220337	163.278066	{'tp': 1, 'cp': 16, 'pp': 2, 'mb': 2, 'tp_sp': True, 'train': {'dp': 4, 'ep': 1, 'tp_ep': True}, 'inference': {'replica_count': 1, 'moe_dp': 1}}
256	116.142853	nan	nan	0.008610	6.861550e+18	5.907854e+16	3.118694e+14	0.739975	True	439.676208	309.674064	{'tp': 4, 'cp': 16, 'pp': 1, 'mb': 1, 'tp_sp': True, 'train': {'dp': 4, 'ep': 1, 'tp_ep': True}, 'inference': {'replica_count': 1, 'moe_dp': 1}}
256	162.401261	nan	nan	0.006158	6.861550e+18	4.225060e+16	3.118694e+14	0.529200	True	441.862488	166.498358	{'tp': 2, 'cp': 16, 'pp': 2, 'mb': 2, 'tp_sp': True, 'train': {'dp': 4, 'ep': 1, 'tp_ep': True}, 'inference': {'replica_count': 1, 'moe_dp': 1}}
512	93.202895	nan	nan	0.010729	6.861550e+18	7.361950e+16	3.118694e+14	0.461052	True	181.183563	178.143713	{'tp': 4, 'cp': 16, 'pp': 2, 'mb': 2, 'tp_sp': True, 'train': {'dp': 4, 'ep': 1, 'tp_ep': True}, 'inference': {'replica_count': 1, 'moe_dp': 1}}
512	70.239259	nan	nan	0.014237	6.861550e+18	9.768825e+16	3.118694e+14	0.611786	True	180.342743	376.680237	{'tp': 8, 'cp': 16, 'pp': 1, 'mb': 1, 'tp_sp': True, 'train': {'dp': 4, 'ep': 1, 'tp_ep': True}, 'inference': {'replica_count': 1, 'moe_dp': 1}}
256	189.871897	nan	nan	0.005267	6.861550e+18	3.613779e+16	3.118694e+14	0.452636	True	455.156067	96.662243	{'tp': 1, 'cp': 16, 'pp': 4, 'mb': 4, 'tp_sp': True, 'train': {'dp': 4, 'ep': 1, 'tp_ep': True}, 'inference': {'replica_count': 1, 'moe_dp': 1}}
512	104.584123	nan	nan	0.009562	6.861550e+18	6.560795e+16	3.118694e+14	0.410879	True	187.704193	106.026167	{'tp': 2, 'cp': 16, 'pp': 4, 'mb': 4, 'tp_sp': True, 'train': {'dp': 4, 'ep': 1, 'tp_ep': True}, 'inference': {'replica_count': 1, 'moe_dp': 1}}
512	112.374812	nan	nan	0.008899	6.861550e+18	6.105950e+16	3.118694e+14	0.382393	True	192.959869	66.253064	{'tp': 1, 'cp': 16, 'pp': 8, 'mb': 8, 'tp_sp': True, 'train': {'dp': 4, 'ep': 1, 'tp_ep': True}, 'inference': {'replica_count': 1, 'moe_dp': 1}}
1024	64.139980	nan	nan	0.015591	6.861550e+18	1.069777e+17	3.118694e+14	0.334981	True	53.978256	153.259126	{'tp': 4, 'cp': 16, 'pp': 4, 'mb': 4, 'tp_sp': True, 'train': {'dp': 4, 'ep': 1, 'tp_ep': True}, 'inference': {'replica_count': 1, 'moe_dp': 1}}
1024	66.918501	nan	nan	0.014944	6.861550e+18	1.025359e+17	3.118694e+14	0.321073	True	56.543015	94.106561	{'tp': 2, 'cp': 16, 'pp': 8, 'mb': 8, 'tp_sp': True, 'train': {'dp': 4, 'ep': 1, 'tp_ep': True}, 'inference': {'replica_count': 1, 'moe_dp': 1}}
1024	58.686589	nan	nan	0.017040	6.861550e+18	1.169185e+17	3.118694e+14	0.366109	True	50.844101	316.136027	{'tp': 8, 'cp': 16, 'pp': 2, 'mb': 2, 'tp_sp': True, 'train': {'dp': 4, 'ep': 1, 'tp_ep': True}, 'inference': {'replica_count': 1, 'moe_dp': 1}}
1024	70.243801	nan	nan	0.014236	6.861550e+18	9.768193e+16	3.118694e+14	0.305873	True	61.861771	55.813310	{'tp': 1, 'cp': 16, 'pp': 16, 'mb': 16, 'tp_sp': True, 'train': {'dp': 4, 'ep': 1, 'tp_ep': True}, 'inference': {'replica_count': 1, 'moe_dp': 1}}
2048	52.690678	nan	nan	0.018979	6.861550e+18	1.302232e+17	3.118694e+14	0.203885	False	0.000000	119.046698	{'tp': 2, 'cp': 16, 'pp': 16, 'mb': 16, 'tp_sp': True, 'train': {'dp': 4, 'ep': 1, 'tp_ep': True}, 'inference': {'replica_count': 1, 'moe_dp': 1}}
2048	89.464417	nan	nan	0.011178	6.861550e+18	7.669586e+16	3.118694e+14	0.120080	False	0.000000	71.685357	{'tp': 1, 'cp': 16, 'pp': 32, 'mb': 32, 'tp_sp': True, 'train': {'dp': 4, 'ep': 1, 'tp_ep': True}, 'inference': {'replica_count': 1, 'moe_dp': 1}}
2048	51.106725	nan	nan	0.019567	6.861550e+18	1.342592e+17	3.118694e+14	0.210204	False	0.000000	200.702211	{'tp': 4, 'cp': 16, 'pp': 8, 'mb': 8, 'tp_sp': True, 'train': {'dp': 4, 'ep': 1, 'tp_ep': True}, 'inference': {'replica_count': 1, 'moe_dp': 1}}
4096	67.247062	nan	nan	0.014871	6.861550e+18	1.020349e+17	3.118694e+14	0.079876	False	0.000000	219.909218	{'tp': 2, 'cp': 16, 'pp': 32, 'mb': 32, 'tp_sp': True, 'train': {'dp': 4, 'ep': 1, 'tp_ep': True}, 'inference': {'replica_count': 1, 'moe_dp': 1}}
256	104.691302	nan	nan	0.009552	6.861550e+18	6.554078e+16	3.118694e+14	0.820916	True	815.191101	158.498545	{'tp': 2, 'cp': 16, 'pp': 1, 'mb': 1, 'tp_sp': True, 'train': {'dp': 8, 'ep': 1, 'tp_ep': True}, 'inference': {'replica_count': 1, 'moe_dp': 1}}
128	202.105406	nan	nan	0.004948	6.861550e+18	3.395035e+16	3.118694e+14	0.850475	True	1710.043148	164.557695	{'tp': 1, 'cp': 16, 'pp': 1, 'mb': 1, 'tp_sp': True, 'train': {'dp': 8, 'ep': 1, 'tp_ep': True}, 'inference': {'replica_count': 1, 'moe_dp': 1}}
2048	49.431764	nan	nan	0.020230	6.861550e+18	1.388085e+17	3.118694e+14	0.217327	False	0.000000	442.175813	{'tp': 8, 'cp': 16, 'pp': 4, 'mb': 4, 'tp_sp': True, 'train': {'dp': 4, 'ep': 1, 'tp_ep': True}, 'inference': {'replica_count': 1, 'moe_dp': 1}}
512	58.559817	nan	nan	0.017077	6.861550e+18	1.171716e+17	3.118694e+14	0.733803	True	367.847870	163.302231	{'tp': 4, 'cp': 16, 'pp': 1, 'mb': 1, 'tp_sp': True, 'train': {'dp': 8, 'ep': 1, 'tp_ep': True}, 'inference': {'replica_count': 1, 'moe_dp': 1}}
512	82.213234	nan	nan	0.012163	6.861550e+18	8.346041e+16	3.118694e+14	0.522682	True	369.919525	95.890196	{'tp': 2, 'cp': 16, 'pp': 2, 'mb': 2, 'tp_sp': True, 'train': {'dp': 8, 'ep': 1, 'tp_ep': True}, 'inference': {'replica_count': 1, 'moe_dp': 1}}
256	155.804554	nan	nan	0.006418	6.861550e+18	4.403947e+16	3.118694e+14	0.551606	True	819.586731	96.968474	{'tp': 1, 'cp': 16, 'pp': 2, 'mb': 2, 'tp_sp': True, 'train': {'dp': 8, 'ep': 1, 'tp_ep': True}, 'inference': {'replica_count': 1, 'moe_dp': 1}}
1024	51.396260	nan	nan	0.019457	6.861550e+18	1.335029e+17	3.118694e+14	0.418040	True	145.085922	117.313912	{'tp': 4, 'cp': 16, 'pp': 2, 'mb': 2, 'tp_sp': True, 'train': {'dp': 8, 'ep': 1, 'tp_ep': True}, 'inference': {'replica_count': 1, 'moe_dp': 1}}
4096	44.863940	nan	nan	0.022290	6.861550e+18	1.529413e+17	3.118694e+14	0.119727	False	0.000000	361.635385	{'tp': 4, 'cp': 16, 'pp': 16, 'mb': 16, 'tp_sp': True, 'train': {'dp': 4, 'ep': 1, 'tp_ep': True}, 'inference': {'replica_count': 1, 'moe_dp': 1}}
512	96.388705	nan	nan	0.010375	6.861550e+18	7.118625e+16	3.118694e+14	0.445814	True	381.492096	62.942123	{'tp': 1, 'cp': 16, 'pp': 4, 'mb': 4, 'tp_sp': True, 'train': {'dp': 8, 'ep': 1, 'tp_ep': True}, 'inference': {'replica_count': 1, 'moe_dp': 1}}
1024	58.405136	nan	nan	0.017122	6.861550e+18	1.174820e+17	3.118694e+14	0.367873	True	150.809128	71.629271	{'tp': 2, 'cp': 16, 'pp': 4, 'mb': 4, 'tp_sp': True, 'train': {'dp': 8, 'ep': 1, 'tp_ep': True}, 'inference': {'replica_count': 1, 'moe_dp': 1}}
1024	38.806119	nan	nan	0.025769	6.861550e+18	1.768162e+17	3.118694e+14	0.553668	True	144.176254	229.908393	{'tp': 8, 'cp': 16, 'pp': 1, 'mb': 1, 'tp_sp': True, 'train': {'dp': 8, 'ep': 1, 'tp_ep': True}, 'inference': {'replica_count': 1, 'moe_dp': 1}}
1024	64.919221	nan	nan	0.015404	6.861550e+18	1.056937e+17	3.118694e+14	0.330960	True	155.393997	49.024897	{'tp': 1, 'cp': 16, 'pp': 8, 'mb': 8, 'tp_sp': True, 'train': {'dp': 8, 'ep': 1, 'tp_ep': True}, 'inference': {'replica_count': 1, 'moe_dp': 1}}
2048	70.243801	nan	nan	0.014236	6.861550e+18	9.768193e+16	3.118694e+14	0.152937	True	42.581497	56.316659	{'tp': 1, 'cp': 16, 'pp': 16, 'mb': 16, 'tp_sp': True, 'train': {'dp': 8, 'ep': 1, 'tp_ep': True}, 'inference': {'replica_count': 1, 'moe_dp': 1}}
2048	48.250305	nan	nan	0.020725	6.861550e+18	1.422074e+17	3.118694e+14	0.222648	True	37.728539	76.542317	{'tp': 2, 'cp': 16, 'pp': 8, 'mb': 8, 'tp_sp': True, 'train': {'dp': 8, 'ep': 1, 'tp_ep': True}, 'inference': {'replica_count': 1, 'moe_dp': 1}}
2048	45.498451	nan	nan	0.021979	6.861550e+18	1.508084e+17	3.118694e+14	0.236115	True	35.467644	118.547047	{'tp': 4, 'cp': 16, 'pp': 4, 'mb': 4, 'tp_sp': True, 'train': {'dp': 8, 'ep': 1, 'tp_ep': True}, 'inference': {'replica_count': 1, 'moe_dp': 1}}
2048	42.058719	nan	nan	0.023776	6.861550e+18	1.631422e+17	3.118694e+14	0.255425	True	32.669121	261.108446	{'tp': 8, 'cp': 16, 'pp': 2, 'mb': 2, 'tp_sp': True, 'train': {'dp': 8, 'ep': 1, 'tp_ep': True}, 'inference': {'replica_count': 1, 'moe_dp': 1}}
4096	88.798505	nan	nan	0.011261	6.861550e+18	7.727101e+16	3.118694e+14	0.060490	False	0.000000	75.057303	{'tp': 1, 'cp': 16, 'pp': 32, 'mb': 32, 'tp_sp': True, 'train': {'dp': 8, 'ep': 1, 'tp_ep': True}, 'inference': {'replica_count': 1, 'moe_dp': 1}}
4096	52.690678	nan	nan	0.018979	6.861550e+18	1.302232e+17	3.118694e+14	0.101943	False	0.000000	119.920768	{'tp': 2, 'cp': 16, 'pp': 16, 'mb': 16, 'tp_sp': True, 'train': {'dp': 8, 'ep': 1, 'tp_ep': True}, 'inference': {'replica_count': 1, 'moe_dp': 1}}
256	102.074760	nan	nan	0.009797	6.861550e+18	6.722083e+16	3.118694e+14	0.841959	True	1567.060637	94.563177	{'tp': 1, 'cp': 16, 'pp': 1, 'mb': 1, 'tp_sp': True, 'train': {'dp': 16, 'ep': 1, 'tp_ep': True}, 'inference': {'replica_count': 1, 'moe_dp': 1}}
512	53.017956	nan	nan	0.018862	6.861550e+18	1.294194e+17	3.118694e+14	0.810506	True	743.615082	89.915494	{'tp': 2, 'cp': 16, 'pp': 1, 'mb': 1, 'tp_sp': True, 'train': {'dp': 16, 'ep': 1, 'tp_ep': True}, 'inference': {'replica_count': 1, 'moe_dp': 1}}
4096	40.364010	nan	nan	0.024775	6.861550e+18	1.699918e+17	3.118694e+14	0.133075	False	0.000000	183.492634	{'tp': 4, 'cp': 16, 'pp': 8, 'mb': 8, 'tp_sp': True, 'train': {'dp': 8, 'ep': 1, 'tp_ep': True}, 'inference': {'replica_count': 1, 'moe_dp': 1}}
1024	37.987154	nan	nan	0.026325	6.861550e+18	1.806282e+17	3.118694e+14	0.565604	True	331.933701	99.107568	{'tp': 4, 'cp': 16, 'pp': 1, 'mb': 1, 'tp_sp': True, 'train': {'dp': 16, 'ep': 1, 'tp_ep': True}, 'inference': {'replica_count': 1, 'moe_dp': 1}}
512	78.986034	nan	nan	0.012660	6.861550e+18	8.687042e+16	3.118694e+14	0.544038	True	747.769928	62.435989	{'tp': 1, 'cp': 16, 'pp': 2, 'mb': 2, 'tp_sp': True, 'train': {'dp': 16, 'ep': 1, 'tp_ep': True}, 'inference': {'replica_count': 1, 'moe_dp': 1}}
1024	51.346017	nan	nan	0.019476	6.861550e+18	1.336335e+17	3.118694e+14	0.418449	True	333.948044	60.555789	{'tp': 2, 'cp': 16, 'pp': 2, 'mb': 2, 'tp_sp': True, 'train': {'dp': 16, 'ep': 1, 'tp_ep': True}, 'inference': {'replica_count': 1, 'moe_dp': 1}}
2048	41.168313	nan	nan	0.024291	6.861550e+18	1.666707e+17	3.118694e+14	0.260949	True	127.037102	83.435018	{'tp': 4, 'cp': 16, 'pp': 2, 'mb': 2, 'tp_sp': True, 'train': {'dp': 16, 'ep': 1, 'tp_ep': True}, 'inference': {'replica_count': 1, 'moe_dp': 1}}
1024	61.251195	nan	nan	0.016326	6.861550e+18	1.120231e+17	3.118694e+14	0.350780	True	344.660110	43.778991	{'tp': 1, 'cp': 16, 'pp': 4, 'mb': 4, 'tp_sp': True, 'train': {'dp': 16, 'ep': 1, 'tp_ep': True}, 'inference': {'replica_count': 1, 'moe_dp': 1}}
2048	45.675685	nan	nan	0.021893	6.861550e+18	1.502233e+17	3.118694e+14	0.235198	True	132.361595	53.303000	{'tp': 2, 'cp': 16, 'pp': 4, 'mb': 4, 'tp_sp': True, 'train': {'dp': 16, 'ep': 1, 'tp_ep': True}, 'inference': {'replica_count': 1, 'moe_dp': 1}}
2048	34.426575	nan	nan	0.029047	6.861550e+18	1.993097e+17	3.118694e+14	0.312051	True	126.093010	169.493619	{'tp': 8, 'cp': 16, 'pp': 1, 'mb': 1, 'tp_sp': True, 'train': {'dp': 16, 'ep': 1, 'tp_ep': True}, 'inference': {'replica_count': 1, 'moe_dp': 1}}
2048	64.820653	nan	nan	0.015427	6.861550e+18	1.058544e+17	3.118694e+14	0.165732	True	136.847610	48.197181	{'tp': 1, 'cp': 16, 'pp': 8, 'mb': 8, 'tp_sp': True, 'train': {'dp': 16, 'ep': 1, 'tp_ep': True}, 'inference': {'replica_count': 1, 'moe_dp': 1}}
4096	70.243801	nan	nan	0.014236	6.861550e+18	9.768193e+16	3.118694e+14	0.076468	True	32.941360	57.160604	{'tp': 1, 'cp': 16, 'pp': 16, 'mb': 16, 'tp_sp': True, 'train': {'dp': 16, 'ep': 1, 'tp_ep': True}, 'inference': {'replica_count': 1, 'moe_dp': 1}}
4096	38.293893	nan	nan	0.026114	6.861550e+18	1.791813e+17	3.118694e+14	0.140268	True	26.212337	104.146353	{'tp': 4, 'cp': 16, 'pp': 4, 'mb': 4, 'tp_sp': True, 'train': {'dp': 16, 'ep': 1, 'tp_ep': True}, 'inference': {'replica_count': 1, 'moe_dp': 1}}
512	51.741622	nan	nan	0.019327	6.861550e+18	1.326118e+17	3.118694e+14	0.830500	True	1495.569381	60.301235	{'tp': 1, 'cp': 16, 'pp': 1, 'mb': 1, 'tp_sp': True, 'train': {'dp': 32, 'ep': 1, 'tp_ep': True}, 'inference': {'replica_count': 1, 'moe_dp': 1}}
4096	48.159636	nan	nan	0.020764	6.861550e+18	1.424751e+17	3.118694e+14	0.111534	True	28.455345	76.479066	{'tp': 2, 'cp': 16, 'pp': 8, 'mb': 8, 'tp_sp': True, 'train': {'dp': 16, 'ep': 1, 'tp_ep': True}, 'inference': {'replica_count': 1, 'moe_dp': 1}}
1024	38.735117	nan	nan	0.025816	6.861550e+18	1.771403e+17	3.118694e+14	0.554683	True	707.827072	57.189221	{'tp': 2, 'cp': 16, 'pp': 1, 'mb': 1, 'tp_sp': True, 'train': {'dp': 32, 'ep': 1, 'tp_ep': True}, 'inference': {'replica_count': 1, 'moe_dp': 1}}
4096	39.047983	nan	nan	0.025610	6.861550e+18	1.757210e+17	3.118694e+14	0.137560	False	0.000000	405.629979	{'tp': 8, 'cp': 16, 'pp': 4, 'mb': 4, 'tp_sp': True, 'train': {'dp': 8, 'ep': 1, 'tp_ep': True}, 'inference': {'replica_count': 1, 'moe_dp': 1}}
1024	54.681030	nan	nan	0.018288	6.861550e+18	1.254832e+17	3.118694e+14	0.392928	True	711.861526	43.087716	{'tp': 1, 'cp': 16, 'pp': 2, 'mb': 2, 'tp_sp': True, 'train': {'dp': 32, 'ep': 1, 'tp_ep': True}, 'inference': {'replica_count': 1, 'moe_dp': 1}}
2048	42.060063	nan	nan	0.023776	6.861550e+18	1.631369e+17	3.118694e+14	0.255417	True	315.962303	43.859640	{'tp': 2, 'cp': 16, 'pp': 2, 'mb': 2, 'tp_sp': True, 'train': {'dp': 32, 'ep': 1, 'tp_ep': True}, 'inference': {'replica_count': 1, 'moe_dp': 1}}
2048	34.387469	nan	nan	0.029080	6.861550e+18	1.995364e+17	3.118694e+14	0.312406	True	313.976616	66.492871	{'tp': 4, 'cp': 16, 'pp': 1, 'mb': 1, 'tp_sp': True, 'train': {'dp': 32, 'ep': 1, 'tp_ep': True}, 'inference': {'replica_count': 1, 'moe_dp': 1}}
2048	61.154366	nan	nan	0.016352	6.861550e+18	1.122005e+17	3.118694e+14	0.175668	True	326.480667	45.028604	{'tp': 1, 'cp': 16, 'pp': 4, 'mb': 4, 'tp_sp': True, 'train': {'dp': 32, 'ep': 1, 'tp_ep': True}, 'inference': {'replica_count': 1, 'moe_dp': 1}}
4096	36.077818	nan	nan	0.027718	6.861550e+18	1.901875e+17	3.118694e+14	0.148884	True	118.012691	65.823062	{'tp': 4, 'cp': 16, 'pp': 2, 'mb': 2, 'tp_sp': True, 'train': {'dp': 32, 'ep': 1, 'tp_ep': True}, 'inference': {'replica_count': 1, 'moe_dp': 1}}
4096	64.820653	nan	nan	0.015427	6.861550e+18	1.058544e+17	3.118694e+14	0.082866	True	127.574417	49.886893	{'tp': 1, 'cp': 16, 'pp': 8, 'mb': 8, 'tp_sp': True, 'train': {'dp': 32, 'ep': 1, 'tp_ep': True}, 'inference': {'replica_count': 1, 'moe_dp': 1}}
1024	41.897032	nan	nan	0.023868	6.861550e+18	1.637717e+17	3.118694e+14	0.512821	True	1459.823753	42.329761	{'tp': 1, 'cp': 16, 'pp': 1, 'mb': 1, 'tp_sp': True, 'train': {'dp': 64, 'ep': 1, 'tp_ep': True}, 'inference': {'replica_count': 1, 'moe_dp': 1}}
4096	45.587644	nan	nan	0.021936	6.861550e+18	1.505134e+17	3.118694e+14	0.117826	True	123.271873	53.520704	{'tp': 2, 'cp': 16, 'pp': 4, 'mb': 4, 'tp_sp': True, 'train': {'dp': 32, 'ep': 1, 'tp_ep': True}, 'inference': {'replica_count': 1, 'moe_dp': 1}}
2048	35.584772	nan	nan	0.028102	6.861550e+18	1.928226e+17	3.118694e+14	0.301895	True	689.933067	41.402261	{'tp': 2, 'cp': 16, 'pp': 1, 'mb': 1, 'tp_sp': True, 'train': {'dp': 64, 'ep': 1, 'tp_ep': True}, 'inference': {'replica_count': 1, 'moe_dp': 1}}
4096	32.597419	nan	nan	0.030677	6.861550e+18	2.104937e+17	3.118694e+14	0.164781	True	304.998074	51.178917	{'tp': 4, 'cp': 16, 'pp': 1, 'mb': 1, 'tp_sp': True, 'train': {'dp': 64, 'ep': 1, 'tp_ep': True}, 'inference': {'replica_count': 1, 'moe_dp': 1}}
2048	54.633897	nan	nan	0.018304	6.861550e+18	1.255914e+17	3.118694e+14	0.196633	True	694.143875	44.184337	{'tp': 1, 'cp': 16, 'pp': 2, 'mb': 2, 'tp_sp': True, 'train': {'dp': 64, 'ep': 1, 'tp_ep': True}, 'inference': {'replica_count': 1, 'moe_dp': 1}}
4096	42.017324	nan	nan	0.023800	6.861550e+18	1.633029e+17	3.118694e+14	0.127838	True	307.103477	44.483244	{'tp': 2, 'cp': 16, 'pp': 2, 'mb': 2, 'tp_sp': True, 'train': {'dp': 64, 'ep': 1, 'tp_ep': True}, 'inference': {'replica_count': 1, 'moe_dp': 1}}
4096	36.077025	nan	nan	0.027718	6.861550e+18	1.901917e+17	3.118694e+14	0.148888	True	23.581631	226.748872	{'tp': 8, 'cp': 16, 'pp': 2, 'mb': 2, 'tp_sp': True, 'train': {'dp': 16, 'ep': 1, 'tp_ep': True}, 'inference': {'replica_count': 1, 'moe_dp': 1}}
4096	61.014830	nan	nan	0.016389	6.861550e+18	1.124571e+17	3.118694e+14	0.088035	True	317.390945	47.395796	{'tp': 1, 'cp': 16, 'pp': 4, 'mb': 4, 'tp_sp': True, 'train': {'dp': 64, 'ep': 1, 'tp_ep': True}, 'inference': {'replica_count': 1, 'moe_dp': 1}}
4096	35.564683	nan	nan	0.028118	6.861550e+18	1.929316e+17	3.118694e+14	0.151033	True	681.120110	45.227146	{'tp': 2, 'cp': 16, 'pp': 1, 'mb': 1, 'tp_sp': True, 'train': {'dp': 128, 'ep': 1, 'tp_ep': True}, 'inference': {'replica_count': 1, 'moe_dp': 1}}
4096	32.209738	nan	nan	0.031047	6.861550e+18	2.130272e+17	3.118694e+14	0.166764	True	117.051388	133.802083	{'tp': 8, 'cp': 16, 'pp': 1, 'mb': 1, 'tp_sp': True, 'train': {'dp': 32, 'ep': 1, 'tp_ep': True}, 'inference': {'replica_count': 1, 'moe_dp': 1}}
2048	41.874744	nan	nan	0.023881	6.861550e+18	1.638589e+17	3.118694e+14	0.256547	True	1442.197837	47.232949	{'tp': 1, 'cp': 16, 'pp': 1, 'mb': 1, 'tp_sp': True, 'train': {'dp': 128, 'ep': 1, 'tp_ep': True}, 'inference': {'replica_count': 1, 'moe_dp': 1}}
4096	54.565409	nan	nan	0.018327	6.861550e+18	1.257491e+17	3.118694e+14	0.098440	True	685.285049	49.291490	{'tp': 1, 'cp': 16, 'pp': 2, 'mb': 2, 'tp_sp': True, 'train': {'dp': 128, 'ep': 1, 'tp_ep': True}, 'inference': {'replica_count': 1, 'moe_dp': 1}}
4096	41.841781	nan	nan	0.023900	6.861550e+18	1.639880e+17	3.118694e+14	0.128375	True	1433.384880	56.588077	{'tp': 1, 'cp': 16, 'pp': 1, 'mb': 1, 'tp_sp': True, 'train': {'dp': 256, 'ep': 1, 'tp_ep': True}, 'inference': {'replica_count': 1, 'moe_dp': 1}}
256	267.864458	nan	nan	0.003733	6.861550e+18	2.561575e+16	3.118694e+14	0.320844	True	416.462708	171.690285	{'tp': 1, 'cp': 32, 'pp': 8, 'mb': 8, 'tp_sp': True, 'train': {'dp': 1, 'ep': 1, 'tp_ep': True}, 'inference': {'replica_count': 1, 'moe_dp': 1}}
128	425.639367	nan	nan	0.002349	6.861550e+18	1.612057e+16	3.118694e+14	0.403829	True	893.355103	302.428341	{'tp': 1, 'cp': 32, 'pp': 4, 'mb': 4, 'tp_sp': True, 'train': {'dp': 1, 'ep': 1, 'tp_ep': True}, 'inference': {'replica_count': 1, 'moe_dp': 1}}
512	179.233178	nan	nan	0.005579	6.861550e+18	3.828281e+16	3.118694e+14	0.239751	True	178.016510	123.830346	{'tp': 1, 'cp': 32, 'pp': 16, 'mb': 16, 'tp_sp': True, 'train': {'dp': 1, 'ep': 1, 'tp_ep': True}, 'inference': {'replica_count': 1, 'moe_dp': 1}}
512	173.706582	nan	nan	0.005757	6.861550e+18	3.950081e+16	3.118694e+14	0.247379	True	168.357513	301.493289	{'tp': 2, 'cp': 32, 'pp': 8, 'mb': 8, 'tp_sp': True, 'train': {'dp': 1, 'ep': 1, 'tp_ep': True}, 'inference': {'replica_count': 1, 'moe_dp': 1}}
256	248.314045	nan	nan	0.004027	6.861550e+18	2.763255e+16	3.118694e+14	0.346105	True	406.929871	348.010771	{'tp': 2, 'cp': 32, 'pp': 4, 'mb': 4, 'tp_sp': True, 'train': {'dp': 1, 'ep': 1, 'tp_ep': True}, 'inference': {'replica_count': 1, 'moe_dp': 1}}
1024	132.884037	nan	nan	0.007525	6.861550e+18	5.163562e+16	3.118694e+14	0.161688	True	58.793411	130.588799	{'tp': 1, 'cp': 32, 'pp': 32, 'mb': 32, 'tp_sp': True, 'train': {'dp': 1, 'ep': 1, 'tp_ep': True}, 'inference': {'replica_count': 1, 'moe_dp': 1}}
1024	131.741914	nan	nan	0.007591	6.861550e+18	5.208327e+16	3.118694e+14	0.163089	True	49.071335	423.097423	{'tp': 2, 'cp': 32, 'pp': 16, 'mb': 16, 'tp_sp': True, 'train': {'dp': 1, 'ep': 1, 'tp_ep': True}, 'inference': {'replica_count': 1, 'moe_dp': 1}}
128	335.067717	nan	nan	0.002984	6.861550e+18	2.047810e+16	3.118694e+14	0.512988	True	1246.702759	306.153348	{'tp': 1, 'cp': 32, 'pp': 2, 'mb': 2, 'tp_sp': True, 'train': {'dp': 2, 'ep': 1, 'tp_ep': True}, 'inference': {'replica_count': 1, 'moe_dp': 1}}
256	182.035747	nan	nan	0.005493	6.861550e+18	3.769342e+16	3.118694e+14	0.472120	True	583.603699	314.279225	{'tp': 2, 'cp': 32, 'pp': 2, 'mb': 2, 'tp_sp': True, 'train': {'dp': 2, 'ep': 1, 'tp_ep': True}, 'inference': {'replica_count': 1, 'moe_dp': 1}}
256	214.380713	nan	nan	0.004665	6.861550e+18	3.200638e+16	3.118694e+14	0.400889	True	600.591614	165.034262	{'tp': 1, 'cp': 32, 'pp': 4, 'mb': 4, 'tp_sp': True, 'train': {'dp': 2, 'ep': 1, 'tp_ep': True}, 'inference': {'replica_count': 1, 'moe_dp': 1}}
512	113.840581	nan	nan	0.008784	6.861550e+18	6.027332e+16	3.118694e+14	0.377470	True	252.054169	448.122870	{'tp': 4, 'cp': 32, 'pp': 2, 'mb': 2, 'tp_sp': True, 'train': {'dp': 2, 'ep': 1, 'tp_ep': True}, 'inference': {'replica_count': 1, 'moe_dp': 1}}
512	135.354103	nan	nan	0.007388	6.861550e+18	5.069333e+16	3.118694e+14	0.317474	True	267.145416	108.462601	{'tp': 1, 'cp': 32, 'pp': 8, 'mb': 8, 'tp_sp': True, 'train': {'dp': 2, 'ep': 1, 'tp_ep': True}, 'inference': {'replica_count': 1, 'moe_dp': 1}}
512	125.107076	nan	nan	0.007993	6.861550e+18	5.484542e+16	3.118694e+14	0.343477	True	260.421967	222.241608	{'tp': 2, 'cp': 32, 'pp': 4, 'mb': 4, 'tp_sp': True, 'train': {'dp': 2, 'ep': 1, 'tp_ep': True}, 'inference': {'replica_count': 1, 'moe_dp': 1}}
1024	91.955564	nan	nan	0.010875	6.861550e+18	7.461811e+16	3.118694e+14	0.233653	True	100.422318	89.831542	{'tp': 1, 'cp': 32, 'pp': 16, 'mb': 16, 'tp_sp': True, 'train': {'dp': 2, 'ep': 1, 'tp_ep': True}, 'inference': {'replica_count': 1, 'moe_dp': 1}}
1024	87.832791	nan	nan	0.011385	6.861550e+18	7.812060e+16	3.118694e+14	0.244620	True	93.635788	236.952227	{'tp': 2, 'cp': 32, 'pp': 8, 'mb': 8, 'tp_sp': True, 'train': {'dp': 2, 'ep': 1, 'tp_ep': True}, 'inference': {'replica_count': 1, 'moe_dp': 1}}
2048	69.934481	nan	nan	0.014299	6.861550e+18	9.811398e+16	3.118694e+14	0.153613	True	17.060883	112.304846	{'tp': 1, 'cp': 32, 'pp': 32, 'mb': 32, 'tp_sp': True, 'train': {'dp': 2, 'ep': 1, 'tp_ep': True}, 'inference': {'replica_count': 1, 'moe_dp': 1}}
2048	67.534806	nan	nan	0.014807	6.861550e+18	1.016002e+17	3.118694e+14	0.159071	True	10.242699	380.543125	{'tp': 2, 'cp': 32, 'pp': 16, 'mb': 16, 'tp_sp': True, 'train': {'dp': 2, 'ep': 1, 'tp_ep': True}, 'inference': {'replica_count': 1, 'moe_dp': 1}}
128	216.120740	nan	nan	0.004627	6.861550e+18	3.174869e+16	3.118694e+14	0.795322	True	1992.057796	287.534040	{'tp': 1, 'cp': 32, 'pp': 1, 'mb': 1, 'tp_sp': True, 'train': {'dp': 4, 'ep': 1, 'tp_ep': True}, 'inference': {'replica_count': 1, 'moe_dp': 1}}
256	114.098177	nan	nan	0.008764	6.861550e+18	6.013725e+16	3.118694e+14	0.753235	True	956.198425	292.652622	{'tp': 2, 'cp': 32, 'pp': 1, 'mb': 1, 'tp_sp': True, 'train': {'dp': 4, 'ep': 1, 'tp_ep': True}, 'inference': {'replica_count': 1, 'moe_dp': 1}}
256	169.051747	nan	nan	0.005915	6.861550e+18	4.058846e+16	3.118694e+14	0.508382	True	961.327942	158.427356	{'tp': 1, 'cp': 32, 'pp': 2, 'mb': 2, 'tp_sp': True, 'train': {'dp': 4, 'ep': 1, 'tp_ep': True}, 'inference': {'replica_count': 1, 'moe_dp': 1}}
512	108.541545	nan	nan	0.009213	6.861550e+18	6.321589e+16	3.118694e+14	0.395898	True	454.209869	99.884001	{'tp': 1, 'cp': 32, 'pp': 4, 'mb': 4, 'tp_sp': True, 'train': {'dp': 4, 'ep': 1, 'tp_ep': True}, 'inference': {'replica_count': 1, 'moe_dp': 1}}
512	92.010282	nan	nan	0.010868	6.861550e+18	7.457373e+16	3.118694e+14	0.467028	True	440.790131	181.393046	{'tp': 2, 'cp': 32, 'pp': 2, 'mb': 2, 'tp_sp': True, 'train': {'dp': 4, 'ep': 1, 'tp_ep': True}, 'inference': {'replica_count': 1, 'moe_dp': 1}}
512	68.634108	nan	nan	0.014570	6.861550e+18	9.997289e+16	3.118694e+14	0.626094	True	438.351532	355.261683	{'tp': 4, 'cp': 32, 'pp': 1, 'mb': 1, 'tp_sp': True, 'train': {'dp': 4, 'ep': 1, 'tp_ep': True}, 'inference': {'replica_count': 1, 'moe_dp': 1}}
1024	69.800043	nan	nan	0.014327	6.861550e+18	9.830295e+16	3.118694e+14	0.307818	True	192.486771	73.403599	{'tp': 1, 'cp': 32, 'pp': 8, 'mb': 8, 'tp_sp': True, 'train': {'dp': 4, 'ep': 1, 'tp_ep': True}, 'inference': {'replica_count': 1, 'moe_dp': 1}}
1024	63.494085	nan	nan	0.015749	6.861550e+18	1.080660e+17	3.118694e+14	0.338389	True	187.168015	152.216707	{'tp': 2, 'cp': 32, 'pp': 4, 'mb': 4, 'tp_sp': True, 'train': {'dp': 4, 'ep': 1, 'tp_ep': True}, 'inference': {'replica_count': 1, 'moe_dp': 1}}
1024	57.617216	nan	nan	0.017356	6.861550e+18	1.190885e+17	3.118694e+14	0.372904	True	180.521225	320.611209	{'tp': 4, 'cp': 32, 'pp': 2, 'mb': 2, 'tp_sp': True, 'train': {'dp': 4, 'ep': 1, 'tp_ep': True}, 'inference': {'replica_count': 1, 'moe_dp': 1}}
2048	55.639564	nan	nan	0.017973	6.861550e+18	1.233214e+17	3.118694e+14	0.193079	True	61.625336	72.151655	{'tp': 1, 'cp': 32, 'pp': 16, 'mb': 16, 'tp_sp': True, 'train': {'dp': 4, 'ep': 1, 'tp_ep': True}, 'inference': {'replica_count': 1, 'moe_dp': 1}}
2048	51.833042	nan	nan	0.019293	6.861550e+18	1.323779e+17	3.118694e+14	0.207259	True	56.274925	200.749839	{'tp': 2, 'cp': 32, 'pp': 8, 'mb': 8, 'tp_sp': True, 'train': {'dp': 4, 'ep': 1, 'tp_ep': True}, 'inference': {'replica_count': 1, 'moe_dp': 1}}
4096	69.299965	nan	nan	0.014430	6.861550e+18	9.901232e+16	3.118694e+14	0.077510	False	0.000000	114.930956	{'tp': 1, 'cp': 32, 'pp': 32, 'mb': 32, 'tp_sp': True, 'train': {'dp': 4, 'ep': 1, 'tp_ep': True}, 'inference': {'replica_count': 1, 'moe_dp': 1}}
256	109.126343	nan	nan	0.009164	6.861550e+18	6.287712e+16	3.118694e+14	0.787553	True	1708.067961	164.604198	{'tp': 1, 'cp': 32, 'pp': 1, 'mb': 1, 'tp_sp': True, 'train': {'dp': 8, 'ep': 1, 'tp_ep': True}, 'inference': {'replica_count': 1, 'moe_dp': 1}}
512	57.765433	nan	nan	0.017311	6.861550e+18	1.187830e+17	3.118694e+14	0.743895	True	814.118744	169.394531	{'tp': 2, 'cp': 32, 'pp': 1, 'mb': 1, 'tp_sp': True, 'train': {'dp': 8, 'ep': 1, 'tp_ep': True}, 'inference': {'replica_count': 1, 'moe_dp': 1}}
2048	49.424335	nan	nan	0.020233	6.861550e+18	1.388294e+17	3.118694e+14	0.217360	True	53.647087	445.315899	{'tp': 4, 'cp': 32, 'pp': 4, 'mb': 4, 'tp_sp': True, 'train': {'dp': 4, 'ep': 1, 'tp_ep': True}, 'inference': {'replica_count': 1, 'moe_dp': 1}}
512	85.621664	nan	nan	0.011679	6.861550e+18	8.013801e+16	3.118694e+14	0.501875	True	818.640533	96.858836	{'tp': 1, 'cp': 32, 'pp': 2, 'mb': 2, 'tp_sp': True, 'train': {'dp': 8, 'ep': 1, 'tp_ep': True}, 'inference': {'replica_count': 1, 'moe_dp': 1}}
1024	52.142605	nan	nan	0.019178	6.861550e+18	1.315920e+17	3.118694e+14	0.412056	True	369.383347	118.711296	{'tp': 2, 'cp': 32, 'pp': 2, 'mb': 2, 'tp_sp': True, 'train': {'dp': 8, 'ep': 1, 'tp_ep': True}, 'inference': {'replica_count': 1, 'moe_dp': 1}}
1024	39.097082	nan	nan	0.025577	6.861550e+18	1.755003e+17	3.118694e+14	0.549547	True	367.185532	231.457843	{'tp': 4, 'cp': 32, 'pp': 1, 'mb': 1, 'tp_sp': True, 'train': {'dp': 8, 'ep': 1, 'tp_ep': True}, 'inference': {'replica_count': 1, 'moe_dp': 1}}
1024	62.485535	nan	nan	0.016004	6.861550e+18	1.098102e+17	3.118694e+14	0.343851	True	381.018997	63.122581	{'tp': 1, 'cp': 32, 'pp': 4, 'mb': 4, 'tp_sp': True, 'train': {'dp': 8, 'ep': 1, 'tp_ep': True}, 'inference': {'replica_count': 1, 'moe_dp': 1}}
4096	45.840694	nan	nan	0.021815	6.861550e+18	1.496825e+17	3.118694e+14	0.117176	False	0.000000	365.081887	{'tp': 2, 'cp': 32, 'pp': 16, 'mb': 16, 'tp_sp': True, 'train': {'dp': 4, 'ep': 1, 'tp_ep': True}, 'inference': {'replica_count': 1, 'moe_dp': 1}}
2048	51.859214	nan	nan	0.019283	6.861550e+18	1.323111e+17	3.118694e+14	0.207154	True	155.157562	55.645605	{'tp': 1, 'cp': 32, 'pp': 8, 'mb': 8, 'tp_sp': True, 'train': {'dp': 8, 'ep': 1, 'tp_ep': True}, 'inference': {'replica_count': 1, 'moe_dp': 1}}
2048	46.576905	nan	nan	0.021470	6.861550e+18	1.473166e+17	3.118694e+14	0.230648	True	150.541039	118.644349	{'tp': 2, 'cp': 32, 'pp': 4, 'mb': 4, 'tp_sp': True, 'train': {'dp': 8, 'ep': 1, 'tp_ep': True}, 'inference': {'replica_count': 1, 'moe_dp': 1}}
4096	55.639564	nan	nan	0.017973	6.861550e+18	1.233214e+17	3.118694e+14	0.096540	True	42.345062	72.847254	{'tp': 1, 'cp': 32, 'pp': 16, 'mb': 16, 'tp_sp': True, 'train': {'dp': 8, 'ep': 1, 'tp_ep': True}, 'inference': {'replica_count': 1, 'moe_dp': 1}}
512	55.287617	nan	nan	0.018087	6.861550e+18	1.241065e+17	3.118694e+14	0.777234	True	1566.073043	93.000451	{'tp': 1, 'cp': 32, 'pp': 1, 'mb': 1, 'tp_sp': True, 'train': {'dp': 16, 'ep': 1, 'tp_ep': True}, 'inference': {'replica_count': 1, 'moe_dp': 1}}
2048	42.312163	nan	nan	0.023634	6.861550e+18	1.621650e+17	3.118694e+14	0.253895	True	144.754753	256.520681	{'tp': 4, 'cp': 32, 'pp': 2, 'mb': 2, 'tp_sp': True, 'train': {'dp': 8, 'ep': 1, 'tp_ep': True}, 'inference': {'replica_count': 1, 'moe_dp': 1}}
1024	39.143184	nan	nan	0.025547	6.861550e+18	1.752936e+17	3.118694e+14	0.548900	True	743.078903	99.132272	{'tp': 2, 'cp': 32, 'pp': 1, 'mb': 1, 'tp_sp': True, 'train': {'dp': 16, 'ep': 1, 'tp_ep': True}, 'inference': {'replica_count': 1, 'moe_dp': 1}}
1024	55.476258	nan	nan	0.018026	6.861550e+18	1.236844e+17	3.118694e+14	0.387295	True	747.296829	60.114353	{'tp': 1, 'cp': 32, 'pp': 2, 'mb': 2, 'tp_sp': True, 'train': {'dp': 16, 'ep': 1, 'tp_ep': True}, 'inference': {'replica_count': 1, 'moe_dp': 1}}
4096	41.681865	nan	nan	0.023991	6.861550e+18	1.646172e+17	3.118694e+14	0.128867	True	37.594559	183.898491	{'tp': 2, 'cp': 32, 'pp': 8, 'mb': 8, 'tp_sp': True, 'train': {'dp': 8, 'ep': 1, 'tp_ep': True}, 'inference': {'replica_count': 1, 'moe_dp': 1}}
2048	42.463714	nan	nan	0.023550	6.861550e+18	1.615862e+17	3.118694e+14	0.252989	True	333.679955	82.018238	{'tp': 2, 'cp': 32, 'pp': 2, 'mb': 2, 'tp_sp': True, 'train': {'dp': 16, 'ep': 1, 'tp_ep': True}, 'inference': {'replica_count': 1, 'moe_dp': 1}}
2048	49.588737	nan	nan	0.020166	6.861550e+18	1.383691e+17	3.118694e+14	0.216639	True	344.423676	46.588851	{'tp': 1, 'cp': 32, 'pp': 4, 'mb': 4, 'tp_sp': True, 'train': {'dp': 16, 'ep': 1, 'tp_ep': True}, 'inference': {'replica_count': 1, 'moe_dp': 1}}
2048	34.959168	nan	nan	0.028605	6.861550e+18	1.962733e+17	3.118694e+14	0.307297	True	331.602531	168.545737	{'tp': 4, 'cp': 32, 'pp': 1, 'mb': 1, 'tp_sp': True, 'train': {'dp': 16, 'ep': 1, 'tp_ep': True}, 'inference': {'replica_count': 1, 'moe_dp': 1}}
4096	51.760123	nan	nan	0.019320	6.861550e+18	1.325644e+17	3.118694e+14	0.103775	True	136.611176	56.607123	{'tp': 1, 'cp': 32, 'pp': 8, 'mb': 8, 'tp_sp': True, 'train': {'dp': 16, 'ep': 1, 'tp_ep': True}, 'inference': {'replica_count': 1, 'moe_dp': 1}}
1024	42.313516	nan	nan	0.023633	6.861550e+18	1.621598e+17	3.118694e+14	0.507774	True	1495.075584	60.305844	{'tp': 1, 'cp': 32, 'pp': 1, 'mb': 1, 'tp_sp': True, 'train': {'dp': 32, 'ep': 1, 'tp_ep': True}, 'inference': {'replica_count': 1, 'moe_dp': 1}}
4096	39.803209	nan	nan	0.025124	6.861550e+18	1.723869e+17	3.118694e+14	0.134950	True	132.227615	105.778700	{'tp': 2, 'cp': 32, 'pp': 4, 'mb': 4, 'tp_sp': True, 'train': {'dp': 16, 'ep': 1, 'tp_ep': True}, 'inference': {'replica_count': 1, 'moe_dp': 1}}
2048	35.793315	nan	nan	0.027938	6.861550e+18	1.916992e+17	3.118694e+14	0.300136	True	707.558983	66.976388	{'tp': 2, 'cp': 32, 'pp': 1, 'mb': 1, 'tp_sp': True, 'train': {'dp': 32, 'ep': 1, 'tp_ep': True}, 'inference': {'replica_count': 1, 'moe_dp': 1}}
2048	45.915978	nan	nan	0.021779	6.861550e+18	1.494371e+17	3.118694e+14	0.233968	True	711.625092	43.001682	{'tp': 1, 'cp': 32, 'pp': 2, 'mb': 2, 'tp_sp': True, 'train': {'dp': 32, 'ep': 1, 'tp_ep': True}, 'inference': {'replica_count': 1, 'moe_dp': 1}}
4096	49.491908	nan	nan	0.020205	6.861550e+18	1.386398e+17	3.118694e+14	0.108531	True	326.244232	47.373407	{'tp': 1, 'cp': 32, 'pp': 4, 'mb': 4, 'tp_sp': True, 'train': {'dp': 32, 'ep': 1, 'tp_ep': True}, 'inference': {'replica_count': 1, 'moe_dp': 1}}
2048	38.992651	nan	nan	0.025646	6.861550e+18	1.759703e+17	3.118694e+14	0.275510	True	1459.576974	42.873706	{'tp': 1, 'cp': 32, 'pp': 1, 'mb': 1, 'tp_sp': True, 'train': {'dp': 64, 'ep': 1, 'tp_ep': True}, 'inference': {'replica_count': 1, 'moe_dp': 1}}
4096	37.645953	nan	nan	0.026563	6.861550e+18	1.822653e+17	3.118694e+14	0.142683	True	315.828323	68.763762	{'tp': 2, 'cp': 32, 'pp': 2, 'mb': 2, 'tp_sp': True, 'train': {'dp': 32, 'ep': 1, 'tp_ep': True}, 'inference': {'replica_count': 1, 'moe_dp': 1}}
4096	34.120613	nan	nan	0.029308	6.861550e+18	2.010969e+17	3.118694e+14	0.157425	True	689.799088	52.422178	{'tp': 2, 'cp': 32, 'pp': 1, 'mb': 1, 'tp_sp': True, 'train': {'dp': 64, 'ep': 1, 'tp_ep': True}, 'inference': {'replica_count': 1, 'moe_dp': 1}}
4096	45.868845	nan	nan	0.021801	6.861550e+18	1.495906e+17	3.118694e+14	0.117104	True	693.907440	44.802692	{'tp': 1, 'cp': 32, 'pp': 2, 'mb': 2, 'tp_sp': True, 'train': {'dp': 64, 'ep': 1, 'tp_ep': True}, 'inference': {'replica_count': 1, 'moe_dp': 1}}
4096	36.658410	nan	nan	0.027279	6.861550e+18	1.871753e+17	3.118694e+14	0.146526	True	126.871517	225.327136	{'tp': 4, 'cp': 32, 'pp': 2, 'mb': 2, 'tp_sp': True, 'train': {'dp': 16, 'ep': 1, 'tp_ep': True}, 'inference': {'replica_count': 1, 'moe_dp': 1}}
4096	38.970363	nan	nan	0.025661	6.861550e+18	1.760710e+17	3.118694e+14	0.137834	True	1441.951058	46.914095	{'tp': 1, 'cp': 32, 'pp': 1, 'mb': 1, 'tp_sp': True, 'train': {'dp': 128, 'ep': 1, 'tp_ep': True}, 'inference': {'replica_count': 1, 'moe_dp': 1}}
4096	39.500538	nan	nan	0.025316	6.861550e+18	1.737078e+17	3.118694e+14	0.135984	True	35.302059	408.308266	{'tp': 4, 'cp': 32, 'pp': 4, 'mb': 4, 'tp_sp': True, 'train': {'dp': 8, 'ep': 1, 'tp_ep': True}, 'inference': {'replica_count': 1, 'moe_dp': 1}}
4096	32.887651	nan	nan	0.030407	6.861550e+18	2.086361e+17	3.118694e+14	0.163326	True	313.811031	143.152355	{'tp': 4, 'cp': 32, 'pp': 1, 'mb': 1, 'tp_sp': True, 'train': {'dp': 32, 'ep': 1, 'tp_ep': True}, 'inference': {'replica_count': 1, 'moe_dp': 1}}
512	184.195638	nan	nan	0.005429	6.861550e+18	3.725143e+16	3.118694e+14	0.233292	True	415.516510	201.312730	{'tp': 1, 'cp': 64, 'pp': 8, 'mb': 8, 'tp_sp': True, 'train': {'dp': 1, 'ep': 1, 'tp_ep': True}, 'inference': {'replica_count': 1, 'moe_dp': 1}}
1024	137.707759	nan	nan	0.007262	6.861550e+18	4.982690e+16	3.118694e+14	0.156024	True	177.543411	188.763368	{'tp': 1, 'cp': 64, 'pp': 16, 'mb': 16, 'tp_sp': True, 'train': {'dp': 1, 'ep': 1, 'tp_ep': True}, 'inference': {'replica_count': 1, 'moe_dp': 1}}
256	268.060120	nan	nan	0.003731	6.861550e+18	2.559706e+16	3.118694e+14	0.320610	True	891.462708	299.986030	{'tp': 1, 'cp': 64, 'pp': 4, 'mb': 4, 'tp_sp': True, 'train': {'dp': 1, 'ep': 1, 'tp_ep': True}, 'inference': {'replica_count': 1, 'moe_dp': 1}}
1024	93.846092	nan	nan	0.010656	6.861550e+18	7.311493e+16	3.118694e+14	0.228946	True	266.672318	145.570379	{'tp': 1, 'cp': 64, 'pp': 8, 'mb': 8, 'tp_sp': True, 'train': {'dp': 2, 'ep': 1, 'tp_ep': True}, 'inference': {'replica_count': 1, 'moe_dp': 1}}
512	135.073921	nan	nan	0.007403	6.861550e+18	5.079848e+16	3.118694e+14	0.318132	True	599.645416	183.900648	{'tp': 1, 'cp': 64, 'pp': 4, 'mb': 4, 'tp_sp': True, 'train': {'dp': 2, 'ep': 1, 'tp_ep': True}, 'inference': {'replica_count': 1, 'moe_dp': 1}}
256	199.087304	nan	nan	0.005023	6.861550e+18	3.446503e+16	3.118694e+14	0.431684	True	1244.810364	300.209968	{'tp': 1, 'cp': 64, 'pp': 2, 'mb': 2, 'tp_sp': True, 'train': {'dp': 2, 'ep': 1, 'tp_ep': True}, 'inference': {'replica_count': 1, 'moe_dp': 1}}
2048	71.239863	nan	nan	0.014037	6.861550e+18	9.631616e+16	3.118694e+14	0.150798	True	100.185883	158.471450	{'tp': 1, 'cp': 64, 'pp': 16, 'mb': 16, 'tp_sp': True, 'train': {'dp': 2, 'ep': 1, 'tp_ep': True}, 'inference': {'replica_count': 1, 'moe_dp': 1}}
512	100.615217	nan	nan	0.009939	6.861550e+18	6.819595e+16	3.118694e+14	0.427086	True	960.381744	164.798210	{'tp': 1, 'cp': 64, 'pp': 2, 'mb': 2, 'tp_sp': True, 'train': {'dp': 4, 'ep': 1, 'tp_ep': True}, 'inference': {'replica_count': 1, 'moe_dp': 1}}
4096	62.284038	nan	nan	0.016055	6.861550e+18	1.101655e+17	3.118694e+14	0.086241	True	16.942551	268.898851	{'tp': 1, 'cp': 64, 'pp': 32, 'mb': 32, 'tp_sp': True, 'train': {'dp': 2, 'ep': 1, 'tp_ep': True}, 'inference': {'replica_count': 1, 'moe_dp': 1}}
256	125.470032	nan	nan	0.007970	6.861550e+18	5.468676e+16	3.118694e+14	0.684967	True	1990.082609	299.392501	{'tp': 1, 'cp': 64, 'pp': 1, 'mb': 1, 'tp_sp': True, 'train': {'dp': 4, 'ep': 1, 'tp_ep': True}, 'inference': {'replica_count': 1, 'moe_dp': 1}}
512	68.356456	nan	nan	0.014629	6.861550e+18	1.003790e+17	3.118694e+14	0.628637	True	955.126068	360.150157	{'tp': 2, 'cp': 64, 'pp': 1, 'mb': 1, 'tp_sp': True, 'train': {'dp': 4, 'ep': 1, 'tp_ep': True}, 'inference': {'replica_count': 1, 'moe_dp': 1}}
1024	69.197594	nan	nan	0.014451	6.861550e+18	9.915880e+16	3.118694e+14	0.310498	True	453.736771	108.657250	{'tp': 1, 'cp': 64, 'pp': 4, 'mb': 4, 'tp_sp': True, 'train': {'dp': 4, 'ep': 1, 'tp_ep': True}, 'inference': {'replica_count': 1, 'moe_dp': 1}}
1024	57.440289	nan	nan	0.017409	6.861550e+18	1.194554e+17	3.118694e+14	0.374053	True	440.253952	327.075048	{'tp': 2, 'cp': 64, 'pp': 2, 'mb': 2, 'tp_sp': True, 'train': {'dp': 4, 'ep': 1, 'tp_ep': True}, 'inference': {'replica_count': 1, 'moe_dp': 1}}
2048	55.886119	nan	nan	0.017894	6.861550e+18	1.227774e+17	3.118694e+14	0.192227	True	192.250336	101.273299	{'tp': 1, 'cp': 64, 'pp': 8, 'mb': 8, 'tp_sp': True, 'train': {'dp': 4, 'ep': 1, 'tp_ep': True}, 'inference': {'replica_count': 1, 'moe_dp': 1}}
4096	48.903751	nan	nan	0.020448	6.861550e+18	1.403072e+17	3.118694e+14	0.109837	True	61.507004	138.663484	{'tp': 1, 'cp': 64, 'pp': 16, 'mb': 16, 'tp_sp': True, 'train': {'dp': 4, 'ep': 1, 'tp_ep': True}, 'inference': {'replica_count': 1, 'moe_dp': 1}}
512	63.503440	nan	nan	0.015747	6.861550e+18	1.080501e+17	3.118694e+14	0.676678	True	1707.080367	175.507339	{'tp': 1, 'cp': 64, 'pp': 1, 'mb': 1, 'tp_sp': True, 'train': {'dp': 8, 'ep': 1, 'tp_ep': True}, 'inference': {'replica_count': 1, 'moe_dp': 1}}
1024	40.097512	nan	nan	0.024939	6.861550e+18	1.711216e+17	3.118694e+14	0.535836	True	813.582565	236.562318	{'tp': 2, 'cp': 64, 'pp': 1, 'mb': 1, 'tp_sp': True, 'train': {'dp': 8, 'ep': 1, 'tp_ep': True}, 'inference': {'replica_count': 1, 'moe_dp': 1}}
1024	57.530727	nan	nan	0.017382	6.861550e+18	1.192676e+17	3.118694e+14	0.373465	True	818.167435	99.706003	{'tp': 1, 'cp': 64, 'pp': 2, 'mb': 2, 'tp_sp': True, 'train': {'dp': 8, 'ep': 1, 'tp_ep': True}, 'inference': {'replica_count': 1, 'moe_dp': 1}}
2048	50.278986	nan	nan	0.019889	6.861550e+18	1.364695e+17	3.118694e+14	0.213665	True	186.899925	447.892225	{'tp': 2, 'cp': 64, 'pp': 4, 'mb': 4, 'tp_sp': True, 'train': {'dp': 4, 'ep': 1, 'tp_ep': True}, 'inference': {'replica_count': 1, 'moe_dp': 1}}
2048	51.110685	nan	nan	0.019565	6.861550e+18	1.342488e+17	3.118694e+14	0.210188	True	380.782562	77.807034	{'tp': 1, 'cp': 64, 'pp': 4, 'mb': 4, 'tp_sp': True, 'train': {'dp': 8, 'ep': 1, 'tp_ep': True}, 'inference': {'replica_count': 1, 'moe_dp': 1}}
4096	45.401353	nan	nan	0.022026	6.861550e+18	1.511310e+17	3.118694e+14	0.118310	True	155.039230	86.598153	{'tp': 1, 'cp': 64, 'pp': 8, 'mb': 8, 'tp_sp': True, 'train': {'dp': 8, 'ep': 1, 'tp_ep': True}, 'inference': {'replica_count': 1, 'moe_dp': 1}}
1024	43.303788	nan	nan	0.023093	6.861550e+18	1.584515e+17	3.118694e+14	0.496162	True	1565.579246	96.935218	{'tp': 1, 'cp': 64, 'pp': 1, 'mb': 1, 'tp_sp': True, 'train': {'dp': 16, 'ep': 1, 'tp_ep': True}, 'inference': {'replica_count': 1, 'moe_dp': 1}}
2048	43.488381	nan	nan	0.022995	6.861550e+18	1.577789e+17	3.118694e+14	0.247028	True	369.115257	262.489421	{'tp': 2, 'cp': 64, 'pp': 2, 'mb': 2, 'tp_sp': True, 'train': {'dp': 8, 'ep': 1, 'tp_ep': True}, 'inference': {'replica_count': 1, 'moe_dp': 1}}
2048	46.941990	nan	nan	0.021303	6.861550e+18	1.461708e+17	3.118694e+14	0.228854	True	747.060394	65.410560	{'tp': 1, 'cp': 64, 'pp': 2, 'mb': 2, 'tp_sp': True, 'train': {'dp': 16, 'ep': 1, 'tp_ep': True}, 'inference': {'replica_count': 1, 'moe_dp': 1}}
4096	43.816524	nan	nan	0.022822	6.861550e+18	1.565973e+17	3.118694e+14	0.122589	True	344.305344	59.630159	{'tp': 1, 'cp': 64, 'pp': 4, 'mb': 4, 'tp_sp': True, 'train': {'dp': 16, 'ep': 1, 'tp_ep': True}, 'inference': {'replica_count': 1, 'moe_dp': 1}}
2048	36.287062	nan	nan	0.027558	6.861550e+18	1.890908e+17	3.118694e+14	0.296052	True	742.810814	171.705277	{'tp': 2, 'cp': 64, 'pp': 1, 'mb': 1, 'tp_sp': True, 'train': {'dp': 16, 'ep': 1, 'tp_ep': True}, 'inference': {'replica_count': 1, 'moe_dp': 1}}
2048	39.492548	nan	nan	0.025321	6.861550e+18	1.737429e+17	3.118694e+14	0.272022	True	1494.828805	65.814586	{'tp': 1, 'cp': 64, 'pp': 1, 'mb': 1, 'tp_sp': True, 'train': {'dp': 32, 'ep': 1, 'tp_ep': True}, 'inference': {'replica_count': 1, 'moe_dp': 1}}
4096	41.579933	nan	nan	0.024050	6.861550e+18	1.650207e+17	3.118694e+14	0.129183	True	711.506760	49.163586	{'tp': 1, 'cp': 64, 'pp': 2, 'mb': 2, 'tp_sp': True, 'train': {'dp': 32, 'ep': 1, 'tp_ep': True}, 'inference': {'replica_count': 1, 'moe_dp': 1}}
4096	37.561378	nan	nan	0.026623	6.861550e+18	1.826757e+17	3.118694e+14	0.143004	True	1459.453465	45.633855	{'tp': 1, 'cp': 64, 'pp': 1, 'mb': 1, 'tp_sp': True, 'train': {'dp': 64, 'ep': 1, 'tp_ep': True}, 'inference': {'replica_count': 1, 'moe_dp': 1}}
4096	34.371995	nan	nan	0.029093	6.861550e+18	1.996262e+17	3.118694e+14	0.156273	True	707.425003	138.541784	{'tp': 2, 'cp': 64, 'pp': 1, 'mb': 1, 'tp_sp': True, 'train': {'dp': 32, 'ep': 1, 'tp_ep': True}, 'inference': {'replica_count': 1, 'moe_dp': 1}}
4096	38.167238	nan	nan	0.026200	6.861550e+18	1.797759e+17	3.118694e+14	0.140734	True	333.545975	226.104272	{'tp': 2, 'cp': 64, 'pp': 2, 'mb': 2, 'tp_sp': True, 'train': {'dp': 16, 'ep': 1, 'tp_ep': True}, 'inference': {'replica_count': 1, 'moe_dp': 1}}
4096	40.858949	nan	nan	0.024474	6.861550e+18	1.679326e+17	3.118694e+14	0.131463	True	150.407059	410.935343	{'tp': 2, 'cp': 64, 'pp': 4, 'mb': 4, 'tp_sp': True, 'train': {'dp': 8, 'ep': 1, 'tp_ep': True}, 'inference': {'replica_count': 1, 'moe_dp': 1}}
128	605.438234	nan	nan	0.001652	6.861550e+18	1.133320e+16	3.118694e+14	0.283903	False	0.000000	222.747162	{'tp': 16, 'cp': 1, 'pp': 8, 'mb': 8, 'tp_sp': True, 'train': {'dp': 1, 'ep': 1, 'tp_ep': True}, 'inference': {'replica_count': 1, 'moe_dp': 1}}
256	351.318128	nan	nan	0.002846	6.861550e+18	1.953087e+16	3.118694e+14	0.244630	False	0.000000	244.594275	{'tp': 32, 'cp': 1, 'pp': 8, 'mb': 8, 'tp_sp': True, 'train': {'dp': 1, 'ep': 1, 'tp_ep': True}, 'inference': {'replica_count': 1, 'moe_dp': 1}}
256	332.227648	nan	nan	0.003010	6.861550e+18	2.065316e+16	3.118694e+14	0.258686	False	0.000000	97.405032	{'tp': 8, 'cp': 1, 'pp': 32, 'mb': 32, 'tp_sp': True, 'train': {'dp': 1, 'ep': 1, 'tp_ep': True}, 'inference': {'replica_count': 1, 'moe_dp': 1}}
512	220.235747	nan	nan	0.004541	6.861550e+18	3.115548e+16	3.118694e+14	0.195115	False	0.000000	196.217397	{'tp': 32, 'cp': 1, 'pp': 16, 'mb': 16, 'tp_sp': True, 'train': {'dp': 1, 'ep': 1, 'tp_ep': True}, 'inference': {'replica_count': 1, 'moe_dp': 1}}
1024	151.329141	nan	nan	0.006608	6.861550e+18	4.534190e+16	3.118694e+14	0.141980	False	0.000000	244.840448	{'tp': 32, 'cp': 1, 'pp': 32, 'mb': 32, 'tp_sp': True, 'train': {'dp': 1, 'ep': 1, 'tp_ep': True}, 'inference': {'replica_count': 1, 'moe_dp': 1}}
