num_gpus	runtime_s	prefill_time_s	decode_time_s	performance_1_over_s	total_flops	achieved_flops_per_s	peak_flops_per_gpu	mfu	memory_exceeded	memory_violation_gb	eval_wall_time_s	parallelism
128	572.070020	nan	nan	0.001748	6.861550e+18	1.199425e+16	3.118694e+14	0.300462	False	0.000000	90.404511	{'tp': 4, 'cp': 1, 'pp': 32, 'mb': 32, 'tp_sp': True, 'train': {'dp': 1, 'ep': 1, 'tp_ep': True}, 'inference': {'replica_count': 1, 'moe_dp': 1}}
256	330.849984	nan	nan	0.003023	6.861550e+18	2.073916e+16	3.118694e+14	0.259764	False	0.000000	97.504448	{'tp': 8, 'cp': 1, 'pp': 32, 'mb': 32, 'tp_sp': True, 'train': {'dp': 1, 'ep': 1, 'tp_ep': True}, 'inference': {'replica_count': 1, 'moe_dp': 1}}
512	210.272317	nan	nan	0.004756	6.861550e+18	3.263173e+16	3.118694e+14	0.204361	False	0.000000	134.435605	{'tp': 16, 'cp': 1, 'pp': 32, 'mb': 32, 'tp_sp': True, 'train': {'dp': 1, 'ep': 1, 'tp_ep': True}, 'inference': {'replica_count': 1, 'moe_dp': 1}}
256	345.993015	nan	nan	0.002890	6.861550e+18	1.983147e+16	3.118694e+14	0.248395	False	0.000000	147.308420	{'tp': 16, 'cp': 1, 'pp': 16, 'mb': 16, 'tp_sp': True, 'train': {'dp': 1, 'ep': 1, 'tp_ep': True}, 'inference': {'replica_count': 1, 'moe_dp': 1}}
128	604.126174	nan	nan	0.001655	6.861550e+18	1.135781e+16	3.118694e+14	0.284519	False	0.000000	227.108282	{'tp': 16, 'cp': 1, 'pp': 8, 'mb': 8, 'tp_sp': True, 'train': {'dp': 1, 'ep': 1, 'tp_ep': True}, 'inference': {'replica_count': 1, 'moe_dp': 1}}
512	218.879951	nan	nan	0.004569	6.861550e+18	3.134846e+16	3.118694e+14	0.196324	False	0.000000	230.716879	{'tp': 32, 'cp': 1, 'pp': 16, 'mb': 16, 'tp_sp': True, 'train': {'dp': 1, 'ep': 1, 'tp_ep': True}, 'inference': {'replica_count': 1, 'moe_dp': 1}}
256	350.006068	nan	nan	0.002857	6.861550e+18	1.960409e+16	3.118694e+14	0.245547	False	0.000000	238.697144	{'tp': 32, 'cp': 1, 'pp': 8, 'mb': 8, 'tp_sp': True, 'train': {'dp': 1, 'ep': 1, 'tp_ep': True}, 'inference': {'replica_count': 1, 'moe_dp': 1}}
1024	149.951477	nan	nan	0.006669	6.861550e+18	4.575847e+16	3.118694e+14	0.143284	False	0.000000	249.390374	{'tp': 32, 'cp': 1, 'pp': 32, 'mb': 32, 'tp_sp': True, 'train': {'dp': 1, 'ep': 1, 'tp_ep': True}, 'inference': {'replica_count': 1, 'moe_dp': 1}}
128	556.485703	nan	nan	0.001797	6.861550e+18	1.233015e+16	3.118694e+14	0.308877	False	0.000000	125.024021	{'tp': 8, 'cp': 1, 'pp': 8, 'mb': 8, 'tp_sp': True, 'train': {'dp': 2, 'ep': 1, 'tp_ep': True}, 'inference': {'replica_count': 1, 'moe_dp': 1}}
128	533.626153	nan	nan	0.001874	6.861550e+18	1.285835e+16	3.118694e+14	0.322109	False	0.000000	218.880376	{'tp': 16, 'cp': 1, 'pp': 4, 'mb': 4, 'tp_sp': True, 'train': {'dp': 2, 'ep': 1, 'tp_ep': True}, 'inference': {'replica_count': 1, 'moe_dp': 1}}
256	292.737679	nan	nan	0.003416	6.861550e+18	2.343924e+16	3.118694e+14	0.293583	False	0.000000	224.032817	{'tp': 32, 'cp': 1, 'pp': 4, 'mb': 4, 'tp_sp': True, 'train': {'dp': 2, 'ep': 1, 'tp_ep': True}, 'inference': {'replica_count': 1, 'moe_dp': 1}}
128	555.050228	nan	nan	0.001802	6.861550e+18	1.236203e+16	3.118694e+14	0.309676	False	0.000000	82.736301	{'tp': 4, 'cp': 1, 'pp': 16, 'mb': 16, 'tp_sp': True, 'train': {'dp': 2, 'ep': 1, 'tp_ep': True}, 'inference': {'replica_count': 1, 'moe_dp': 1}}
512	223.520400	nan	nan	0.004474	6.861550e+18	3.069765e+16	3.118694e+14	0.192248	False	0.000000	345.739512	{'tp': 64, 'cp': 1, 'pp': 8, 'mb': 8, 'tp_sp': True, 'train': {'dp': 1, 'ep': 1, 'tp_ep': True}, 'inference': {'replica_count': 1, 'moe_dp': 1}}
256	300.755830	nan	nan	0.003325	6.861550e+18	2.281435e+16	3.118694e+14	0.285756	False	0.000000	79.561724	{'tp': 8, 'cp': 1, 'pp': 16, 'mb': 16, 'tp_sp': True, 'train': {'dp': 2, 'ep': 1, 'tp_ep': True}, 'inference': {'replica_count': 1, 'moe_dp': 1}}
256	302.444307	nan	nan	0.003306	6.861550e+18	2.268699e+16	3.118694e+14	0.284161	False	0.000000	127.988442	{'tp': 16, 'cp': 1, 'pp': 8, 'mb': 8, 'tp_sp': True, 'train': {'dp': 2, 'ep': 1, 'tp_ep': True}, 'inference': {'replica_count': 1, 'moe_dp': 1}}
128	473.220626	nan	nan	0.002113	6.861550e+18	1.449969e+16	3.118694e+14	0.363225	False	0.000000	402.121632	{'tp': 32, 'cp': 1, 'pp': 2, 'mb': 2, 'tp_sp': True, 'train': {'dp': 2, 'ep': 1, 'tp_ep': True}, 'inference': {'replica_count': 1, 'moe_dp': 1}}
512	173.642727	nan	nan	0.005759	6.861550e+18	3.951533e+16	3.118694e+14	0.247470	False	0.000000	93.009681	{'tp': 16, 'cp': 1, 'pp': 16, 'mb': 16, 'tp_sp': True, 'train': {'dp': 2, 'ep': 1, 'tp_ep': True}, 'inference': {'replica_count': 1, 'moe_dp': 1}}
512	172.837987	nan	nan	0.005786	6.861550e+18	3.969932e+16	3.118694e+14	0.248622	False	0.000000	270.038855	{'tp': 64, 'cp': 1, 'pp': 4, 'mb': 4, 'tp_sp': True, 'train': {'dp': 2, 'ep': 1, 'tp_ep': True}, 'inference': {'replica_count': 1, 'moe_dp': 1}}
128	585.136517	nan	nan	0.001709	6.861550e+18	1.172641e+16	3.118694e+14	0.293753	False	0.000000	406.021414	{'tp': 32, 'cp': 1, 'pp': 4, 'mb': 4, 'tp_sp': True, 'train': {'dp': 1, 'ep': 1, 'tp_ep': True}, 'inference': {'replica_count': 1, 'moe_dp': 1}}
128	555.081722	nan	nan	0.001802	6.861550e+18	1.236133e+16	3.118694e+14	0.309658	False	0.000000	60.967483	{'tp': 2, 'cp': 1, 'pp': 32, 'mb': 32, 'tp_sp': True, 'train': {'dp': 2, 'ep': 1, 'tp_ep': True}, 'inference': {'replica_count': 1, 'moe_dp': 1}}
256	287.438195	nan	nan	0.003479	6.861550e+18	2.387139e+16	3.118694e+14	0.298996	False	0.000000	60.613871	{'tp': 4, 'cp': 1, 'pp': 32, 'mb': 32, 'tp_sp': True, 'train': {'dp': 2, 'ep': 1, 'tp_ep': True}, 'inference': {'replica_count': 1, 'moe_dp': 1}}
256	266.310027	nan	nan	0.003755	6.861550e+18	2.576527e+16	3.118694e+14	0.322717	False	0.000000	413.563637	{'tp': 64, 'cp': 1, 'pp': 2, 'mb': 2, 'tp_sp': True, 'train': {'dp': 2, 'ep': 1, 'tp_ep': True}, 'inference': {'replica_count': 1, 'moe_dp': 1}}
512	175.364704	nan	nan	0.005702	6.861550e+18	3.912732e+16	3.118694e+14	0.245040	False	0.000000	192.009144	{'tp': 32, 'cp': 1, 'pp': 8, 'mb': 8, 'tp_sp': True, 'train': {'dp': 2, 'ep': 1, 'tp_ep': True}, 'inference': {'replica_count': 1, 'moe_dp': 1}}
512	166.651795	nan	nan	0.006001	6.861550e+18	4.117297e+16	3.118694e+14	0.257851	False	0.000000	69.788347	{'tp': 8, 'cp': 1, 'pp': 32, 'mb': 32, 'tp_sp': True, 'train': {'dp': 2, 'ep': 1, 'tp_ep': True}, 'inference': {'replica_count': 1, 'moe_dp': 1}}
1024	155.586404	nan	nan	0.006427	6.861550e+18	4.410122e+16	3.118694e+14	0.138095	False	0.000000	428.197437	{'tp': 64, 'cp': 1, 'pp': 16, 'mb': 16, 'tp_sp': True, 'train': {'dp': 1, 'ep': 1, 'tp_ep': True}, 'inference': {'replica_count': 1, 'moe_dp': 1}}
1024	110.052434	nan	nan	0.009087	6.861550e+18	6.234801e+16	3.118694e+14	0.195231	False	0.000000	145.844253	{'tp': 32, 'cp': 1, 'pp': 16, 'mb': 16, 'tp_sp': True, 'train': {'dp': 2, 'ep': 1, 'tp_ep': True}, 'inference': {'replica_count': 1, 'moe_dp': 1}}
1024	112.087892	nan	nan	0.008922	6.861550e+18	6.121580e+16	3.118694e+14	0.191686	False	0.000000	255.354598	{'tp': 64, 'cp': 1, 'pp': 8, 'mb': 8, 'tp_sp': True, 'train': {'dp': 2, 'ep': 1, 'tp_ep': True}, 'inference': {'replica_count': 1, 'moe_dp': 1}}
1024	106.273629	nan	nan	0.009410	6.861550e+18	6.456494e+16	3.118694e+14	0.202173	False	0.000000	103.651928	{'tp': 16, 'cp': 1, 'pp': 32, 'mb': 32, 'tp_sp': True, 'train': {'dp': 2, 'ep': 1, 'tp_ep': True}, 'inference': {'replica_count': 1, 'moe_dp': 1}}
128	533.086606	nan	nan	0.001876	6.861550e+18	1.287136e+16	3.118694e+14	0.322435	False	0.000000	77.868923	{'tp': 4, 'cp': 1, 'pp': 8, 'mb': 8, 'tp_sp': True, 'train': {'dp': 4, 'ep': 1, 'tp_ep': True}, 'inference': {'replica_count': 1, 'moe_dp': 1}}
128	507.999288	nan	nan	0.001969	6.861550e+18	1.350701e+16	3.118694e+14	0.338358	False	0.000000	121.181449	{'tp': 8, 'cp': 1, 'pp': 4, 'mb': 4, 'tp_sp': True, 'train': {'dp': 4, 'ep': 1, 'tp_ep': True}, 'inference': {'replica_count': 1, 'moe_dp': 1}}
256	267.185884	nan	nan	0.003743	6.861550e+18	2.568081e+16	3.118694e+14	0.321659	False	0.000000	122.494249	{'tp': 16, 'cp': 1, 'pp': 4, 'mb': 4, 'tp_sp': True, 'train': {'dp': 4, 'ep': 1, 'tp_ep': True}, 'inference': {'replica_count': 1, 'moe_dp': 1}}
256	278.861832	nan	nan	0.003586	6.861550e+18	2.460555e+16	3.118694e+14	0.308191	False	0.000000	73.664784	{'tp': 8, 'cp': 1, 'pp': 8, 'mb': 8, 'tp_sp': True, 'train': {'dp': 4, 'ep': 1, 'tp_ep': True}, 'inference': {'replica_count': 1, 'moe_dp': 1}}
512	146.723336	nan	nan	0.006816	6.861550e+18	4.676523e+16	3.118694e+14	0.292874	False	0.000000	128.410939	{'tp': 32, 'cp': 1, 'pp': 4, 'mb': 4, 'tp_sp': True, 'train': {'dp': 4, 'ep': 1, 'tp_ep': True}, 'inference': {'replica_count': 1, 'moe_dp': 1}}
512	151.783529	nan	nan	0.006588	6.861550e+18	4.520616e+16	3.118694e+14	0.283110	False	0.000000	77.098363	{'tp': 16, 'cp': 1, 'pp': 8, 'mb': 8, 'tp_sp': True, 'train': {'dp': 4, 'ep': 1, 'tp_ep': True}, 'inference': {'replica_count': 1, 'moe_dp': 1}}
128	545.842670	nan	nan	0.001832	6.861550e+18	1.257056e+16	3.118694e+14	0.314899	False	0.000000	58.165809	{'tp': 2, 'cp': 1, 'pp': 16, 'mb': 16, 'tp_sp': True, 'train': {'dp': 4, 'ep': 1, 'tp_ep': True}, 'inference': {'replica_count': 1, 'moe_dp': 1}}
256	278.710268	nan	nan	0.003588	6.861550e+18	2.461894e+16	3.118694e+14	0.308359	False	0.000000	52.868268	{'tp': 4, 'cp': 1, 'pp': 16, 'mb': 16, 'tp_sp': True, 'train': {'dp': 4, 'ep': 1, 'tp_ep': True}, 'inference': {'replica_count': 1, 'moe_dp': 1}}
256	236.846812	nan	nan	0.004222	6.861550e+18	2.897041e+16	3.118694e+14	0.362862	False	0.000000	208.576761	{'tp': 32, 'cp': 1, 'pp': 2, 'mb': 2, 'tp_sp': True, 'train': {'dp': 4, 'ep': 1, 'tp_ep': True}, 'inference': {'replica_count': 1, 'moe_dp': 1}}
1024	86.741392	nan	nan	0.011529	6.861550e+18	7.910353e+16	3.118694e+14	0.247698	False	0.000000	177.164190	{'tp': 64, 'cp': 1, 'pp': 4, 'mb': 4, 'tp_sp': True, 'train': {'dp': 4, 'ep': 1, 'tp_ep': True}, 'inference': {'replica_count': 1, 'moe_dp': 1}}
128	444.724330	nan	nan	0.002249	6.861550e+18	1.542877e+16	3.118694e+14	0.386499	False	0.000000	216.132260	{'tp': 16, 'cp': 1, 'pp': 2, 'mb': 2, 'tp_sp': True, 'train': {'dp': 4, 'ep': 1, 'tp_ep': True}, 'inference': {'replica_count': 1, 'moe_dp': 1}}
2048	76.060737	nan	nan	0.013147	6.861550e+18	9.021146e+16	3.118694e+14	0.141240	False	0.000000	227.106148	{'tp': 32, 'cp': 1, 'pp': 32, 'mb': 32, 'tp_sp': True, 'train': {'dp': 2, 'ep': 1, 'tp_ep': True}, 'inference': {'replica_count': 1, 'moe_dp': 1}}
512	151.384008	nan	nan	0.006606	6.861550e+18	4.532546e+16	3.118694e+14	0.283857	False	0.000000	55.175575	{'tp': 8, 'cp': 1, 'pp': 16, 'mb': 16, 'tp_sp': True, 'train': {'dp': 4, 'ep': 1, 'tp_ep': True}, 'inference': {'replica_count': 1, 'moe_dp': 1}}
1024	88.210644	nan	nan	0.011337	6.861550e+18	7.778597e+16	3.118694e+14	0.243573	False	0.000000	99.156338	{'tp': 32, 'cp': 1, 'pp': 8, 'mb': 8, 'tp_sp': True, 'train': {'dp': 4, 'ep': 1, 'tp_ep': True}, 'inference': {'replica_count': 1, 'moe_dp': 1}}
1024	87.736718	nan	nan	0.011398	6.861550e+18	7.820614e+16	3.118694e+14	0.244888	False	0.000000	70.066031	{'tp': 16, 'cp': 1, 'pp': 16, 'mb': 16, 'tp_sp': True, 'train': {'dp': 4, 'ep': 1, 'tp_ep': True}, 'inference': {'replica_count': 1, 'moe_dp': 1}}
512	287.173801	nan	nan	0.003482	6.861550e+18	2.389337e+16	3.118694e+14	0.149636	False	0.000000	60.732112	{'tp': 4, 'cp': 1, 'pp': 32, 'mb': 32, 'tp_sp': True, 'train': {'dp': 4, 'ep': 1, 'tp_ep': True}, 'inference': {'replica_count': 1, 'moe_dp': 1}}
256	554.820921	nan	nan	0.001802	6.861550e+18	1.236714e+16	3.118694e+14	0.154902	False	0.000000	62.094045	{'tp': 2, 'cp': 1, 'pp': 32, 'mb': 32, 'tp_sp': True, 'train': {'dp': 4, 'ep': 1, 'tp_ep': True}, 'inference': {'replica_count': 1, 'moe_dp': 1}}
128	1102.586323	nan	nan	0.000907	6.861550e+18	6.223141e+15	3.118694e+14	0.155893	True	3.645752	74.215123	{'tp': 1, 'cp': 1, 'pp': 32, 'mb': 32, 'tp_sp': True, 'train': {'dp': 4, 'ep': 1, 'tp_ep': True}, 'inference': {'replica_count': 1, 'moe_dp': 1}}
1024	166.394042	nan	nan	0.006010	6.861550e+18	4.123675e+16	3.118694e+14	0.129125	False	0.000000	73.063646	{'tp': 8, 'cp': 1, 'pp': 32, 'mb': 32, 'tp_sp': True, 'train': {'dp': 4, 'ep': 1, 'tp_ep': True}, 'inference': {'replica_count': 1, 'moe_dp': 1}}
2048	78.366897	nan	nan	0.012760	6.861550e+18	8.755674e+16	3.118694e+14	0.137084	False	0.000000	383.689495	{'tp': 64, 'cp': 1, 'pp': 16, 'mb': 16, 'tp_sp': True, 'train': {'dp': 2, 'ep': 1, 'tp_ep': True}, 'inference': {'replica_count': 1, 'moe_dp': 1}}
512	133.378003	nan	nan	0.007497	6.861550e+18	5.144439e+16	3.118694e+14	0.322178	False	0.000000	303.873923	{'tp': 64, 'cp': 1, 'pp': 2, 'mb': 2, 'tp_sp': True, 'train': {'dp': 4, 'ep': 1, 'tp_ep': True}, 'inference': {'replica_count': 1, 'moe_dp': 1}}
2048	55.887985	nan	nan	0.017893	6.861550e+18	1.227733e+17	3.118694e+14	0.192221	False	0.000000	120.891457	{'tp': 32, 'cp': 1, 'pp': 16, 'mb': 16, 'tp_sp': True, 'train': {'dp': 4, 'ep': 1, 'tp_ep': True}, 'inference': {'replica_count': 1, 'moe_dp': 1}}
2048	106.019196	nan	nan	0.009432	6.861550e+18	6.471988e+16	3.118694e+14	0.101329	False	0.000000	108.552262	{'tp': 16, 'cp': 1, 'pp': 32, 'mb': 32, 'tp_sp': True, 'train': {'dp': 4, 'ep': 1, 'tp_ep': True}, 'inference': {'replica_count': 1, 'moe_dp': 1}}
2048	56.533811	nan	nan	0.017689	6.861550e+18	1.213707e+17	3.118694e+14	0.190025	False	0.000000	207.755660	{'tp': 64, 'cp': 1, 'pp': 8, 'mb': 8, 'tp_sp': True, 'train': {'dp': 4, 'ep': 1, 'tp_ep': True}, 'inference': {'replica_count': 1, 'moe_dp': 1}}
128	308.264945	nan	nan	0.003244	6.861550e+18	2.225861e+16	3.118694e+14	0.557590	True	0.776794	394.964823	{'tp': 32, 'cp': 1, 'pp': 1, 'mb': 1, 'tp_sp': True, 'train': {'dp': 4, 'ep': 1, 'tp_ep': True}, 'inference': {'replica_count': 1, 'moe_dp': 1}}
256	170.327385	nan	nan	0.005871	6.861550e+18	4.028448e+16	3.118694e+14	0.504574	False	0.000000	397.245472	{'tp': 64, 'cp': 1, 'pp': 1, 'mb': 1, 'tp_sp': True, 'train': {'dp': 4, 'ep': 1, 'tp_ep': True}, 'inference': {'replica_count': 1, 'moe_dp': 1}}
128	495.468229	nan	nan	0.002018	6.861550e+18	1.384862e+16	3.118694e+14	0.346915	True	38.921265	78.321422	{'tp': 4, 'cp': 1, 'pp': 4, 'mb': 4, 'tp_sp': True, 'train': {'dp': 8, 'ep': 1, 'tp_ep': True}, 'inference': {'replica_count': 1, 'moe_dp': 1}}
256	254.483764	nan	nan	0.003930	6.861550e+18	2.696262e+16	3.118694e+14	0.337714	False	0.000000	69.359022	{'tp': 8, 'cp': 1, 'pp': 4, 'mb': 4, 'tp_sp': True, 'train': {'dp': 8, 'ep': 1, 'tp_ep': True}, 'inference': {'replica_count': 1, 'moe_dp': 1}}
128	430.469274	nan	nan	0.002323	6.861550e+18	1.593970e+16	3.118694e+14	0.399298	True	36.248901	120.251064	{'tp': 8, 'cp': 1, 'pp': 2, 'mb': 2, 'tp_sp': True, 'train': {'dp': 8, 'ep': 1, 'tp_ep': True}, 'inference': {'replica_count': 1, 'moe_dp': 1}}
256	222.657048	nan	nan	0.004491	6.861550e+18	3.081668e+16	3.118694e+14	0.385987	False	0.000000	116.354110	{'tp': 16, 'cp': 1, 'pp': 2, 'mb': 2, 'tp_sp': True, 'train': {'dp': 8, 'ep': 1, 'tp_ep': True}, 'inference': {'replica_count': 1, 'moe_dp': 1}}
512	134.023840	nan	nan	0.007461	6.861550e+18	5.119649e+16	3.118694e+14	0.320625	False	0.000000	70.061605	{'tp': 16, 'cp': 1, 'pp': 4, 'mb': 4, 'tp_sp': True, 'train': {'dp': 8, 'ep': 1, 'tp_ep': True}, 'inference': {'replica_count': 1, 'moe_dp': 1}}
512	118.702739	nan	nan	0.008424	6.861550e+18	5.780448e+16	3.118694e+14	0.362008	False	0.000000	117.826555	{'tp': 32, 'cp': 1, 'pp': 2, 'mb': 2, 'tp_sp': True, 'train': {'dp': 8, 'ep': 1, 'tp_ep': True}, 'inference': {'replica_count': 1, 'moe_dp': 1}}
128	292.898867	nan	nan	0.003414	6.861550e+18	2.342635e+16	3.118694e+14	0.586843	True	39.705017	207.667925	{'tp': 16, 'cp': 1, 'pp': 1, 'mb': 1, 'tp_sp': True, 'train': {'dp': 8, 'ep': 1, 'tp_ep': True}, 'inference': {'replica_count': 1, 'moe_dp': 1}}
256	267.464353	nan	nan	0.003739	6.861550e+18	2.565407e+16	3.118694e+14	0.321324	False	0.000000	49.050883	{'tp': 4, 'cp': 1, 'pp': 8, 'mb': 8, 'tp_sp': True, 'train': {'dp': 8, 'ep': 1, 'tp_ep': True}, 'inference': {'replica_count': 1, 'moe_dp': 1}}
512	140.179417	nan	nan	0.007134	6.861550e+18	4.894834e+16	3.118694e+14	0.306546	False	0.000000	46.776752	{'tp': 8, 'cp': 1, 'pp': 8, 'mb': 8, 'tp_sp': True, 'train': {'dp': 8, 'ep': 1, 'tp_ep': True}, 'inference': {'replica_count': 1, 'moe_dp': 1}}
128	527.695667	nan	nan	0.001895	6.861550e+18	1.300285e+16	3.118694e+14	0.325729	True	41.245239	56.230962	{'tp': 2, 'cp': 1, 'pp': 8, 'mb': 8, 'tp_sp': True, 'train': {'dp': 8, 'ep': 1, 'tp_ep': True}, 'inference': {'replica_count': 1, 'moe_dp': 1}}
4096	75.807964	nan	nan	0.013191	6.861550e+18	9.051226e+16	3.118694e+14	0.070856	False	0.000000	224.120858	{'tp': 32, 'cp': 1, 'pp': 32, 'mb': 32, 'tp_sp': True, 'train': {'dp': 4, 'ep': 1, 'tp_ep': True}, 'inference': {'replica_count': 1, 'moe_dp': 1}}
1024	76.552780	nan	nan	0.013063	6.861550e+18	8.963163e+16	3.118694e+14	0.280665	False	0.000000	52.867859	{'tp': 16, 'cp': 1, 'pp': 8, 'mb': 8, 'tp_sp': True, 'train': {'dp': 8, 'ep': 1, 'tp_ep': True}, 'inference': {'replica_count': 1, 'moe_dp': 1}}
1024	73.761901	nan	nan	0.013557	6.861550e+18	9.302296e+16	3.118694e+14	0.291284	False	0.000000	79.242879	{'tp': 32, 'cp': 1, 'pp': 4, 'mb': 4, 'tp_sp': True, 'train': {'dp': 8, 'ep': 1, 'tp_ep': True}, 'inference': {'replica_count': 1, 'moe_dp': 1}}
256	154.316715	nan	nan	0.006480	6.861550e+18	4.446408e+16	3.118694e+14	0.556925	False	0.000000	203.707492	{'tp': 32, 'cp': 1, 'pp': 1, 'mb': 1, 'tp_sp': True, 'train': {'dp': 8, 'ep': 1, 'tp_ep': True}, 'inference': {'replica_count': 1, 'moe_dp': 1}}
2048	44.714386	nan	nan	0.022364	6.861550e+18	1.534529e+17	3.118694e+14	0.240255	False	0.000000	74.605360	{'tp': 32, 'cp': 1, 'pp': 8, 'mb': 8, 'tp_sp': True, 'train': {'dp': 8, 'ep': 1, 'tp_ep': True}, 'inference': {'replica_count': 1, 'moe_dp': 1}}
512	85.338938	nan	nan	0.011718	6.861550e+18	8.040351e+16	3.118694e+14	0.503538	False	0.000000	213.203187	{'tp': 64, 'cp': 1, 'pp': 1, 'mb': 1, 'tp_sp': True, 'train': {'dp': 8, 'ep': 1, 'tp_ep': True}, 'inference': {'replica_count': 1, 'moe_dp': 1}}
1024	66.940760	nan	nan	0.014939	6.861550e+18	1.025018e+17	3.118694e+14	0.320966	False	0.000000	176.798877	{'tp': 64, 'cp': 1, 'pp': 2, 'mb': 2, 'tp_sp': True, 'train': {'dp': 8, 'ep': 1, 'tp_ep': True}, 'inference': {'replica_count': 1, 'moe_dp': 1}}
512	278.710268	nan	nan	0.003588	6.861550e+18	2.461894e+16	3.118694e+14	0.154179	False	0.000000	53.620232	{'tp': 4, 'cp': 1, 'pp': 16, 'mb': 16, 'tp_sp': True, 'train': {'dp': 8, 'ep': 1, 'tp_ep': True}, 'inference': {'replica_count': 1, 'moe_dp': 1}}
1024	151.384008	nan	nan	0.006606	6.861550e+18	4.532546e+16	3.118694e+14	0.141928	False	0.000000	55.524982	{'tp': 8, 'cp': 1, 'pp': 16, 'mb': 16, 'tp_sp': True, 'train': {'dp': 8, 'ep': 1, 'tp_ep': True}, 'inference': {'replica_count': 1, 'moe_dp': 1}}
256	545.842670	nan	nan	0.001832	6.861550e+18	1.257056e+16	3.118694e+14	0.157450	False	0.000000	58.640458	{'tp': 2, 'cp': 1, 'pp': 16, 'mb': 16, 'tp_sp': True, 'train': {'dp': 8, 'ep': 1, 'tp_ep': True}, 'inference': {'replica_count': 1, 'moe_dp': 1}}
128	1084.864066	nan	nan	0.000922	6.861550e+18	6.324802e+15	3.118694e+14	0.158440	True	49.677979	71.343060	{'tp': 1, 'cp': 1, 'pp': 16, 'mb': 16, 'tp_sp': True, 'train': {'dp': 8, 'ep': 1, 'tp_ep': True}, 'inference': {'replica_count': 1, 'moe_dp': 1}}
2048	43.734846	nan	nan	0.022865	6.861550e+18	1.568898e+17	3.118694e+14	0.245636	False	0.000000	127.351052	{'tp': 64, 'cp': 1, 'pp': 4, 'mb': 4, 'tp_sp': True, 'train': {'dp': 8, 'ep': 1, 'tp_ep': True}, 'inference': {'replica_count': 1, 'moe_dp': 1}}
2048	87.736718	nan	nan	0.011398	6.861550e+18	7.820614e+16	3.118694e+14	0.122444	False	0.000000	69.191441	{'tp': 16, 'cp': 1, 'pp': 16, 'mb': 16, 'tp_sp': True, 'train': {'dp': 8, 'ep': 1, 'tp_ep': True}, 'inference': {'replica_count': 1, 'moe_dp': 1}}
512	554.582903	nan	nan	0.001803	6.861550e+18	1.237245e+16	3.118694e+14	0.077484	False	0.000000	64.144369	{'tp': 2, 'cp': 1, 'pp': 32, 'mb': 32, 'tp_sp': True, 'train': {'dp': 8, 'ep': 1, 'tp_ep': True}, 'inference': {'replica_count': 1, 'moe_dp': 1}}
256	1102.326213	nan	nan	0.000907	6.861550e+18	6.224609e+15	3.118694e+14	0.077965	False	0.000000	76.258385	{'tp': 1, 'cp': 1, 'pp': 32, 'mb': 32, 'tp_sp': True, 'train': {'dp': 8, 'ep': 1, 'tp_ep': True}, 'inference': {'replica_count': 1, 'moe_dp': 1}}
1024	286.932520	nan	nan	0.003485	6.861550e+18	2.391346e+16	3.118694e+14	0.074881	False	0.000000	62.342138	{'tp': 4, 'cp': 1, 'pp': 32, 'mb': 32, 'tp_sp': True, 'train': {'dp': 8, 'ep': 1, 'tp_ep': True}, 'inference': {'replica_count': 1, 'moe_dp': 1}}
2048	166.158830	nan	nan	0.006018	6.861550e+18	4.129513e+16	3.118694e+14	0.064654	False	0.000000	72.349199	{'tp': 8, 'cp': 1, 'pp': 32, 'mb': 32, 'tp_sp': True, 'train': {'dp': 8, 'ep': 1, 'tp_ep': True}, 'inference': {'replica_count': 1, 'moe_dp': 1}}
4096	40.073305	nan	nan	0.024954	6.861550e+18	1.712250e+17	3.118694e+14	0.134040	False	0.000000	356.451756	{'tp': 64, 'cp': 1, 'pp': 16, 'mb': 16, 'tp_sp': True, 'train': {'dp': 4, 'ep': 1, 'tp_ep': True}, 'inference': {'replica_count': 1, 'moe_dp': 1}}
4096	55.887985	nan	nan	0.017893	6.861550e+18	1.227733e+17	3.118694e+14	0.096111	False	0.000000	121.138162	{'tp': 32, 'cp': 1, 'pp': 16, 'mb': 16, 'tp_sp': True, 'train': {'dp': 8, 'ep': 1, 'tp_ep': True}, 'inference': {'replica_count': 1, 'moe_dp': 1}}
256	215.581013	nan	nan	0.004639	6.861550e+18	3.182817e+16	3.118694e+14	0.398657	True	25.371521	67.095928	{'tp': 8, 'cp': 1, 'pp': 2, 'mb': 2, 'tp_sp': True, 'train': {'dp': 16, 'ep': 1, 'tp_ep': True}, 'inference': {'replica_count': 1, 'moe_dp': 1}}
512	111.629937	nan	nan	0.008958	6.861550e+18	6.146694e+16	3.118694e+14	0.384945	False	0.000000	66.424882	{'tp': 16, 'cp': 1, 'pp': 2, 'mb': 2, 'tp_sp': True, 'train': {'dp': 16, 'ep': 1, 'tp_ep': True}, 'inference': {'replica_count': 1, 'moe_dp': 1}}
128	423.538925	nan	nan	0.002361	6.861550e+18	1.620052e+16	3.118694e+14	0.405832	True	130.490723	74.277629	{'tp': 4, 'cp': 1, 'pp': 2, 'mb': 2, 'tp_sp': True, 'train': {'dp': 16, 'ep': 1, 'tp_ep': True}, 'inference': {'replica_count': 1, 'moe_dp': 1}}
4096	105.787019	nan	nan	0.009453	6.861550e+18	6.486193e+16	3.118694e+14	0.050776	False	0.000000	107.342305	{'tp': 16, 'cp': 1, 'pp': 32, 'mb': 32, 'tp_sp': True, 'train': {'dp': 8, 'ep': 1, 'tp_ep': True}, 'inference': {'replica_count': 1, 'moe_dp': 1}}
128	491.965138	nan	nan	0.002033	6.861550e+18	1.394723e+16	3.118694e+14	0.349386	True	135.878296	55.548790	{'tp': 2, 'cp': 1, 'pp': 4, 'mb': 4, 'tp_sp': True, 'train': {'dp': 16, 'ep': 1, 'tp_ep': True}, 'inference': {'replica_count': 1, 'moe_dp': 1}}
1024	59.626803	nan	nan	0.016771	6.861550e+18	1.150749e+17	3.118694e+14	0.360336	False	0.000000	70.469639	{'tp': 32, 'cp': 1, 'pp': 2, 'mb': 2, 'tp_sp': True, 'train': {'dp': 16, 'ep': 1, 'tp_ep': True}, 'inference': {'replica_count': 1, 'moe_dp': 1}}
256	248.412254	nan	nan	0.004026	6.861550e+18	2.762162e+16	3.118694e+14	0.345968	True	27.939148	47.153723	{'tp': 4, 'cp': 1, 'pp': 4, 'mb': 4, 'tp_sp': True, 'train': {'dp': 16, 'ep': 1, 'tp_ep': True}, 'inference': {'replica_count': 1, 'moe_dp': 1}}
512	127.761291	nan	nan	0.007827	6.861550e+18	5.370602e+16	3.118694e+14	0.336341	False	0.000000	44.211667	{'tp': 8, 'cp': 1, 'pp': 4, 'mb': 4, 'tp_sp': True, 'train': {'dp': 16, 'ep': 1, 'tp_ep': True}, 'inference': {'replica_count': 1, 'moe_dp': 1}}
4096	31.881103	nan	nan	0.031367	6.861550e+18	2.152231e+17	3.118694e+14	0.168483	False	0.000000	188.303409	{'tp': 64, 'cp': 1, 'pp': 8, 'mb': 8, 'tp_sp': True, 'train': {'dp': 8, 'ep': 1, 'tp_ep': True}, 'inference': {'replica_count': 1, 'moe_dp': 1}}
256	146.645018	nan	nan	0.006819	6.861550e+18	4.679020e+16	3.118694e+14	0.586060	True	26.854950	113.242150	{'tp': 16, 'cp': 1, 'pp': 1, 'mb': 1, 'tp_sp': True, 'train': {'dp': 16, 'ep': 1, 'tp_ep': True}, 'inference': {'replica_count': 1, 'moe_dp': 1}}
512	77.343677	nan	nan	0.012929	6.861550e+18	8.871507e+16	3.118694e+14	0.555590	False	0.000000	111.660600	{'tp': 32, 'cp': 1, 'pp': 1, 'mb': 1, 'tp_sp': True, 'train': {'dp': 16, 'ep': 1, 'tp_ep': True}, 'inference': {'replica_count': 1, 'moe_dp': 1}}
1024	67.450815	nan	nan	0.014826	6.861550e+18	1.017267e+17	3.118694e+14	0.318539	False	0.000000	44.759492	{'tp': 16, 'cp': 1, 'pp': 4, 'mb': 4, 'tp_sp': True, 'train': {'dp': 16, 'ep': 1, 'tp_ep': True}, 'inference': {'replica_count': 1, 'moe_dp': 1}}
2048	33.714917	nan	nan	0.029660	6.861550e+18	2.035167e+17	3.118694e+14	0.318638	False	0.000000	92.857200	{'tp': 64, 'cp': 1, 'pp': 2, 'mb': 2, 'tp_sp': True, 'train': {'dp': 16, 'ep': 1, 'tp_ep': True}, 'inference': {'replica_count': 1, 'moe_dp': 1}}
1024	42.836458	nan	nan	0.023345	6.861550e+18	1.601801e+17	3.118694e+14	0.501575	False	0.000000	122.255512	{'tp': 64, 'cp': 1, 'pp': 1, 'mb': 1, 'tp_sp': True, 'train': {'dp': 16, 'ep': 1, 'tp_ep': True}, 'inference': {'replica_count': 1, 'moe_dp': 1}}
2048	37.271809	nan	nan	0.026830	6.861550e+18	1.840949e+17	3.118694e+14	0.288230	False	0.000000	54.781185	{'tp': 32, 'cp': 1, 'pp': 4, 'mb': 4, 'tp_sp': True, 'train': {'dp': 16, 'ep': 1, 'tp_ep': True}, 'inference': {'replica_count': 1, 'moe_dp': 1}}
128	285.183438	nan	nan	0.003507	6.861550e+18	2.406013e+16	3.118694e+14	0.602719	True	129.672791	157.020961	{'tp': 8, 'cp': 1, 'pp': 1, 'mb': 1, 'tp_sp': True, 'train': {'dp': 16, 'ep': 1, 'tp_ep': True}, 'inference': {'replica_count': 1, 'moe_dp': 1}}
512	267.460235	nan	nan	0.003739	6.861550e+18	2.565447e+16	3.118694e+14	0.160665	False	0.000000	49.620062	{'tp': 4, 'cp': 1, 'pp': 8, 'mb': 8, 'tp_sp': True, 'train': {'dp': 16, 'ep': 1, 'tp_ep': True}, 'inference': {'replica_count': 1, 'moe_dp': 1}}
1024	140.175398	nan	nan	0.007134	6.861550e+18	4.894975e+16	3.118694e+14	0.153277	False	0.000000	48.187056	{'tp': 8, 'cp': 1, 'pp': 8, 'mb': 8, 'tp_sp': True, 'train': {'dp': 16, 'ep': 1, 'tp_ep': True}, 'inference': {'replica_count': 1, 'moe_dp': 1}}
256	527.692320	nan	nan	0.001895	6.861550e+18	1.300294e+16	3.118694e+14	0.162865	True	31.972046	56.523255	{'tp': 2, 'cp': 1, 'pp': 8, 'mb': 8, 'tp_sp': True, 'train': {'dp': 16, 'ep': 1, 'tp_ep': True}, 'inference': {'replica_count': 1, 'moe_dp': 1}}
2048	76.548811	nan	nan	0.013064	6.861550e+18	8.963627e+16	3.118694e+14	0.140340	False	0.000000	54.558836	{'tp': 16, 'cp': 1, 'pp': 8, 'mb': 8, 'tp_sp': True, 'train': {'dp': 16, 'ep': 1, 'tp_ep': True}, 'inference': {'replica_count': 1, 'moe_dp': 1}}
128	1049.156080	nan	nan	0.000953	6.861550e+18	6.540066e+15	3.118694e+14	0.163832	True	143.944092	73.625836	{'tp': 1, 'cp': 1, 'pp': 8, 'mb': 8, 'tp_sp': True, 'train': {'dp': 16, 'ep': 1, 'tp_ep': True}, 'inference': {'replica_count': 1, 'moe_dp': 1}}
1024	278.710268	nan	nan	0.003588	6.861550e+18	2.461894e+16	3.118694e+14	0.077090	False	0.000000	55.293248	{'tp': 4, 'cp': 1, 'pp': 16, 'mb': 16, 'tp_sp': True, 'train': {'dp': 16, 'ep': 1, 'tp_ep': True}, 'inference': {'replica_count': 1, 'moe_dp': 1}}
512	545.842670	nan	nan	0.001832	6.861550e+18	1.257056e+16	3.118694e+14	0.078725	False	0.000000	59.512957	{'tp': 2, 'cp': 1, 'pp': 16, 'mb': 16, 'tp_sp': True, 'train': {'dp': 16, 'ep': 1, 'tp_ep': True}, 'inference': {'replica_count': 1, 'moe_dp': 1}}
2048	151.384008	nan	nan	0.006606	6.861550e+18	4.532546e+16	3.118694e+14	0.070964	False	0.000000	58.093944	{'tp': 8, 'cp': 1, 'pp': 16, 'mb': 16, 'tp_sp': True, 'train': {'dp': 16, 'ep': 1, 'tp_ep': True}, 'inference': {'replica_count': 1, 'moe_dp': 1}}
4096	44.710442	nan	nan	0.022366	6.861550e+18	1.534664e+17	3.118694e+14	0.120138	False	0.000000	75.083769	{'tp': 32, 'cp': 1, 'pp': 8, 'mb': 8, 'tp_sp': True, 'train': {'dp': 16, 'ep': 1, 'tp_ep': True}, 'inference': {'replica_count': 1, 'moe_dp': 1}}
256	1084.864066	nan	nan	0.000922	6.861550e+18	6.324802e+15	3.118694e+14	0.079220	True	40.037842	75.948118	{'tp': 1, 'cp': 1, 'pp': 16, 'mb': 16, 'tp_sp': True, 'train': {'dp': 16, 'ep': 1, 'tp_ep': True}, 'inference': {'replica_count': 1, 'moe_dp': 1}}
4096	27.207613	nan	nan	0.036754	6.861550e+18	2.521923e+17	3.118694e+14	0.197424	False	0.000000	105.580646	{'tp': 64, 'cp': 1, 'pp': 4, 'mb': 4, 'tp_sp': True, 'train': {'dp': 16, 'ep': 1, 'tp_ep': True}, 'inference': {'replica_count': 1, 'moe_dp': 1}}
4096	87.736718	nan	nan	0.011398	6.861550e+18	7.820614e+16	3.118694e+14	0.061222	False	0.000000	70.184915	{'tp': 16, 'cp': 1, 'pp': 16, 'mb': 16, 'tp_sp': True, 'train': {'dp': 16, 'ep': 1, 'tp_ep': True}, 'inference': {'replica_count': 1, 'moe_dp': 1}}
512	1102.167726	nan	nan	0.000907	6.861550e+18	6.225504e+15	3.118694e+14	0.038988	False	0.000000	79.399781	{'tp': 1, 'cp': 1, 'pp': 32, 'mb': 32, 'tp_sp': True, 'train': {'dp': 16, 'ep': 1, 'tp_ep': True}, 'inference': {'replica_count': 1, 'moe_dp': 1}}
1024	554.438444	nan	nan	0.001804	6.861550e+18	1.237568e+16	3.118694e+14	0.038752	False	0.000000	68.378718	{'tp': 2, 'cp': 1, 'pp': 32, 'mb': 32, 'tp_sp': True, 'train': {'dp': 16, 'ep': 1, 'tp_ep': True}, 'inference': {'replica_count': 1, 'moe_dp': 1}}
256	142.817219	nan	nan	0.007002	6.861550e+18	4.804428e+16	3.118694e+14	0.601768	True	118.841278	67.738620	{'tp': 8, 'cp': 1, 'pp': 1, 'mb': 1, 'tp_sp': True, 'train': {'dp': 32, 'ep': 1, 'tp_ep': True}, 'inference': {'replica_count': 1, 'moe_dp': 1}}
4096	166.015189	nan	nan	0.006024	6.861550e+18	4.133086e+16	3.118694e+14	0.032355	False	0.000000	76.392371	{'tp': 8, 'cp': 1, 'pp': 32, 'mb': 32, 'tp_sp': True, 'train': {'dp': 16, 'ep': 1, 'tp_ep': True}, 'inference': {'replica_count': 1, 'moe_dp': 1}}
128	281.452265	nan	nan	0.003553	6.861550e+18	2.437909e+16	3.118694e+14	0.610710	True	317.595821	74.575805	{'tp': 4, 'cp': 1, 'pp': 1, 'mb': 1, 'tp_sp': True, 'train': {'dp': 32, 'ep': 1, 'tp_ep': True}, 'inference': {'replica_count': 1, 'moe_dp': 1}}
512	73.518283	nan	nan	0.013602	6.861550e+18	9.333121e+16	3.118694e+14	0.584499	True	20.429916	65.017542	{'tp': 16, 'cp': 1, 'pp': 1, 'mb': 1, 'tp_sp': True, 'train': {'dp': 32, 'ep': 1, 'tp_ep': True}, 'inference': {'replica_count': 1, 'moe_dp': 1}}
1024	38.850418	nan	nan	0.025740	6.861550e+18	1.766146e+17	3.118694e+14	0.553036	False	0.000000	63.749305	{'tp': 32, 'cp': 1, 'pp': 1, 'mb': 1, 'tp_sp': True, 'train': {'dp': 32, 'ep': 1, 'tp_ep': True}, 'inference': {'replica_count': 1, 'moe_dp': 1}}
512	108.158193	nan	nan	0.009246	6.861550e+18	6.343995e+16	3.118694e+14	0.397301	True	19.932831	42.365704	{'tp': 8, 'cp': 1, 'pp': 2, 'mb': 2, 'tp_sp': True, 'train': {'dp': 32, 'ep': 1, 'tp_ep': True}, 'inference': {'replica_count': 1, 'moe_dp': 1}}
1024	56.114255	nan	nan	0.017821	6.861550e+18	1.222782e+17	3.118694e+14	0.382892	False	0.000000	40.936923	{'tp': 16, 'cp': 1, 'pp': 2, 'mb': 2, 'tp_sp': True, 'train': {'dp': 32, 'ep': 1, 'tp_ep': True}, 'inference': {'replica_count': 1, 'moe_dp': 1}}
2048	286.785292	nan	nan	0.003487	6.861550e+18	2.392574e+16	3.118694e+14	0.037460	False	0.000000	79.609333	{'tp': 4, 'cp': 1, 'pp': 32, 'mb': 32, 'tp_sp': True, 'train': {'dp': 16, 'ep': 1, 'tp_ep': True}, 'inference': {'replica_count': 1, 'moe_dp': 1}}
256	212.271966	nan	nan	0.004711	6.861550e+18	3.232433e+16	3.118694e+14	0.404871	True	119.739502	47.212577	{'tp': 4, 'cp': 1, 'pp': 2, 'mb': 2, 'tp_sp': True, 'train': {'dp': 32, 'ep': 1, 'tp_ep': True}, 'inference': {'replica_count': 1, 'moe_dp': 1}}
128	420.434868	nan	nan	0.002378	6.861550e+18	1.632013e+16	3.118694e+14	0.408828	True	319.479004	55.026014	{'tp': 2, 'cp': 1, 'pp': 2, 'mb': 2, 'tp_sp': True, 'train': {'dp': 32, 'ep': 1, 'tp_ep': True}, 'inference': {'replica_count': 1, 'moe_dp': 1}}
2048	30.071777	nan	nan	0.033254	6.861550e+18	2.281724e+17	3.118694e+14	0.357240	False	0.000000	45.623654	{'tp': 32, 'cp': 1, 'pp': 2, 'mb': 2, 'tp_sp': True, 'train': {'dp': 32, 'ep': 1, 'tp_ep': True}, 'inference': {'replica_count': 1, 'moe_dp': 1}}
2048	21.576272	nan	nan	0.046347	6.861550e+18	3.180137e+17	3.118694e+14	0.497901	False	0.000000	76.454652	{'tp': 64, 'cp': 1, 'pp': 1, 'mb': 1, 'tp_sp': True, 'train': {'dp': 32, 'ep': 1, 'tp_ep': True}, 'inference': {'replica_count': 1, 'moe_dp': 1}}
256	491.964463	nan	nan	0.002033	6.861550e+18	1.394725e+16	3.118694e+14	0.174693	True	126.788574	56.910778	{'tp': 2, 'cp': 1, 'pp': 4, 'mb': 4, 'tp_sp': True, 'train': {'dp': 32, 'ep': 1, 'tp_ep': True}, 'inference': {'replica_count': 1, 'moe_dp': 1}}
4096	23.085340	nan	nan	0.043318	6.861550e+18	2.972254e+17	3.118694e+14	0.232677	False	0.000000	69.360181	{'tp': 64, 'cp': 1, 'pp': 2, 'mb': 2, 'tp_sp': True, 'train': {'dp': 32, 'ep': 1, 'tp_ep': True}, 'inference': {'replica_count': 1, 'moe_dp': 1}}
512	248.411165	nan	nan	0.004026	6.861550e+18	2.762175e+16	3.118694e+14	0.172985	True	23.394287	47.401719	{'tp': 4, 'cp': 1, 'pp': 4, 'mb': 4, 'tp_sp': True, 'train': {'dp': 32, 'ep': 1, 'tp_ep': True}, 'inference': {'replica_count': 1, 'moe_dp': 1}}
1024	127.760226	nan	nan	0.007827	6.861550e+18	5.370646e+16	3.118694e+14	0.168172	False	0.000000	45.643715	{'tp': 8, 'cp': 1, 'pp': 4, 'mb': 4, 'tp_sp': True, 'train': {'dp': 32, 'ep': 1, 'tp_ep': True}, 'inference': {'replica_count': 1, 'moe_dp': 1}}
2048	67.449763	nan	nan	0.014826	6.861550e+18	1.017283e+17	3.118694e+14	0.159272	False	0.000000	46.461241	{'tp': 16, 'cp': 1, 'pp': 4, 'mb': 4, 'tp_sp': True, 'train': {'dp': 32, 'ep': 1, 'tp_ep': True}, 'inference': {'replica_count': 1, 'moe_dp': 1}}
1024	267.458288	nan	nan	0.003739	6.861550e+18	2.565466e+16	3.118694e+14	0.080333	False	0.000000	50.824847	{'tp': 4, 'cp': 1, 'pp': 8, 'mb': 8, 'tp_sp': True, 'train': {'dp': 32, 'ep': 1, 'tp_ep': True}, 'inference': {'replica_count': 1, 'moe_dp': 1}}
4096	37.270763	nan	nan	0.026831	6.861550e+18	1.841001e+17	3.118694e+14	0.144119	False	0.000000	55.708888	{'tp': 32, 'cp': 1, 'pp': 4, 'mb': 4, 'tp_sp': True, 'train': {'dp': 32, 'ep': 1, 'tp_ep': True}, 'inference': {'replica_count': 1, 'moe_dp': 1}}
128	978.345199	nan	nan	0.001022	6.861550e+18	7.013424e+15	3.118694e+14	0.175690	True	333.577148	73.103029	{'tp': 1, 'cp': 1, 'pp': 4, 'mb': 4, 'tp_sp': True, 'train': {'dp': 32, 'ep': 1, 'tp_ep': True}, 'inference': {'replica_count': 1, 'moe_dp': 1}}
4096	76.546916	nan	nan	0.013064	6.861550e+18	8.963849e+16	3.118694e+14	0.070172	False	0.000000	55.701197	{'tp': 16, 'cp': 1, 'pp': 8, 'mb': 8, 'tp_sp': True, 'train': {'dp': 32, 'ep': 1, 'tp_ep': True}, 'inference': {'replica_count': 1, 'moe_dp': 1}}
512	527.690756	nan	nan	0.001895	6.861550e+18	1.300298e+16	3.118694e+14	0.081433	True	27.335449	57.391231	{'tp': 2, 'cp': 1, 'pp': 8, 'mb': 8, 'tp_sp': True, 'train': {'dp': 32, 'ep': 1, 'tp_ep': True}, 'inference': {'replica_count': 1, 'moe_dp': 1}}
2048	140.173486	nan	nan	0.007134	6.861550e+18	4.895041e+16	3.118694e+14	0.076640	False	0.000000	61.037351	{'tp': 8, 'cp': 1, 'pp': 8, 'mb': 8, 'tp_sp': True, 'train': {'dp': 32, 'ep': 1, 'tp_ep': True}, 'inference': {'replica_count': 1, 'moe_dp': 1}}
256	1049.154412	nan	nan	0.000953	6.861550e+18	6.540077e+15	3.118694e+14	0.081916	True	134.670898	71.924688	{'tp': 1, 'cp': 1, 'pp': 8, 'mb': 8, 'tp_sp': True, 'train': {'dp': 32, 'ep': 1, 'tp_ep': True}, 'inference': {'replica_count': 1, 'moe_dp': 1}}
1024	545.842670	nan	nan	0.001832	6.861550e+18	1.257056e+16	3.118694e+14	0.039362	False	0.000000	63.344198	{'tp': 2, 'cp': 1, 'pp': 16, 'mb': 16, 'tp_sp': True, 'train': {'dp': 32, 'ep': 1, 'tp_ep': True}, 'inference': {'replica_count': 1, 'moe_dp': 1}}
512	1084.864066	nan	nan	0.000922	6.861550e+18	6.324802e+15	3.118694e+14	0.039610	True	35.217773	77.267953	{'tp': 1, 'cp': 1, 'pp': 16, 'mb': 16, 'tp_sp': True, 'train': {'dp': 32, 'ep': 1, 'tp_ep': True}, 'inference': {'replica_count': 1, 'moe_dp': 1}}
2048	278.710268	nan	nan	0.003588	6.861550e+18	2.461894e+16	3.118694e+14	0.038545	False	0.000000	58.148425	{'tp': 4, 'cp': 1, 'pp': 16, 'mb': 16, 'tp_sp': True, 'train': {'dp': 32, 'ep': 1, 'tp_ep': True}, 'inference': {'replica_count': 1, 'moe_dp': 1}}
1024	36.954104	nan	nan	0.027061	6.861550e+18	1.856776e+17	3.118694e+14	0.581416	True	17.217400	40.359908	{'tp': 16, 'cp': 1, 'pp': 1, 'mb': 1, 'tp_sp': True, 'train': {'dp': 64, 'ep': 1, 'tp_ep': True}, 'inference': {'replica_count': 1, 'moe_dp': 1}}
512	71.648923	nan	nan	0.013957	6.861550e+18	9.576627e+16	3.118694e+14	0.599749	True	113.425522	42.243357	{'tp': 8, 'cp': 1, 'pp': 1, 'mb': 1, 'tp_sp': True, 'train': {'dp': 64, 'ep': 1, 'tp_ep': True}, 'inference': {'replica_count': 1, 'moe_dp': 1}}
2048	19.786527	nan	nan	0.050539	6.861550e+18	3.467789e+17	3.118694e+14	0.542938	False	0.000000	41.099873	{'tp': 32, 'cp': 1, 'pp': 1, 'mb': 1, 'tp_sp': True, 'train': {'dp': 64, 'ep': 1, 'tp_ep': True}, 'inference': {'replica_count': 1, 'moe_dp': 1}}
256	141.055826	nan	nan	0.007089	6.861550e+18	4.864422e+16	3.118694e+14	0.609282	True	306.807676	47.919560	{'tp': 4, 'cp': 1, 'pp': 1, 'mb': 1, 'tp_sp': True, 'train': {'dp': 64, 'ep': 1, 'tp_ep': True}, 'inference': {'replica_count': 1, 'moe_dp': 1}}
4096	151.384008	nan	nan	0.006606	6.861550e+18	4.532546e+16	3.118694e+14	0.035482	False	0.000000	60.085430	{'tp': 8, 'cp': 1, 'pp': 16, 'mb': 16, 'tp_sp': True, 'train': {'dp': 32, 'ep': 1, 'tp_ep': True}, 'inference': {'replica_count': 1, 'moe_dp': 1}}
128	279.826536	nan	nan	0.003574	6.861550e+18	2.452073e+16	3.118694e+14	0.614258	True	693.615353	56.569085	{'tp': 2, 'cp': 1, 'pp': 1, 'mb': 1, 'tp_sp': True, 'train': {'dp': 64, 'ep': 1, 'tp_ep': True}, 'inference': {'replica_count': 1, 'moe_dp': 1}}
4096	17.443311	nan	nan	0.057329	6.861550e+18	3.933628e+17	3.118694e+14	0.307936	False	0.000000	53.837307	{'tp': 64, 'cp': 1, 'pp': 1, 'mb': 1, 'tp_sp': True, 'train': {'dp': 64, 'ep': 1, 'tp_ep': True}, 'inference': {'replica_count': 1, 'moe_dp': 1}}
4096	286.694782	nan	nan	0.003488	6.861550e+18	2.393329e+16	3.118694e+14	0.018736	False	0.000000	75.124018	{'tp': 4, 'cp': 1, 'pp': 32, 'mb': 32, 'tp_sp': True, 'train': {'dp': 32, 'ep': 1, 'tp_ep': True}, 'inference': {'replica_count': 1, 'moe_dp': 1}}
2048	554.349369	nan	nan	0.001804	6.861550e+18	1.237766e+16	3.118694e+14	0.019379	False	0.000000	76.278254	{'tp': 2, 'cp': 1, 'pp': 32, 'mb': 32, 'tp_sp': True, 'train': {'dp': 32, 'ep': 1, 'tp_ep': True}, 'inference': {'replica_count': 1, 'moe_dp': 1}}
2048	56.113970	nan	nan	0.017821	6.861550e+18	1.222788e+17	3.118694e+14	0.191447	False	0.000000	42.955673	{'tp': 16, 'cp': 1, 'pp': 2, 'mb': 2, 'tp_sp': True, 'train': {'dp': 64, 'ep': 1, 'tp_ep': True}, 'inference': {'replica_count': 1, 'moe_dp': 1}}
1024	108.157905	nan	nan	0.009246	6.861550e+18	6.344012e+16	3.118694e+14	0.198651	True	17.718124	44.015093	{'tp': 8, 'cp': 1, 'pp': 2, 'mb': 2, 'tp_sp': True, 'train': {'dp': 64, 'ep': 1, 'tp_ep': True}, 'inference': {'replica_count': 1, 'moe_dp': 1}}
512	212.271671	nan	nan	0.004711	6.861550e+18	3.232438e+16	3.118694e+14	0.202436	True	115.310089	48.297477	{'tp': 4, 'cp': 1, 'pp': 2, 'mb': 2, 'tp_sp': True, 'train': {'dp': 64, 'ep': 1, 'tp_ep': True}, 'inference': {'replica_count': 1, 'moe_dp': 1}}
256	420.434561	nan	nan	0.002378	6.861550e+18	1.632014e+16	3.118694e+14	0.204414	True	310.620178	56.523487	{'tp': 2, 'cp': 1, 'pp': 2, 'mb': 2, 'tp_sp': True, 'train': {'dp': 64, 'ep': 1, 'tp_ep': True}, 'inference': {'replica_count': 1, 'moe_dp': 1}}
1024	1102.069841	nan	nan	0.000907	6.861550e+18	6.226057e+15	3.118694e+14	0.019496	False	0.000000	88.090046	{'tp': 1, 'cp': 1, 'pp': 32, 'mb': 32, 'tp_sp': True, 'train': {'dp': 32, 'ep': 1, 'tp_ep': True}, 'inference': {'replica_count': 1, 'moe_dp': 1}}
4096	30.071493	nan	nan	0.033254	6.861550e+18	2.281746e+17	3.118694e+14	0.178622	False	0.000000	46.299059	{'tp': 32, 'cp': 1, 'pp': 2, 'mb': 2, 'tp_sp': True, 'train': {'dp': 64, 'ep': 1, 'tp_ep': True}, 'inference': {'replica_count': 1, 'moe_dp': 1}}
2048	127.758282	nan	nan	0.007827	6.861550e+18	5.370728e+16	3.118694e+14	0.084087	False	0.000000	46.359568	{'tp': 8, 'cp': 1, 'pp': 4, 'mb': 4, 'tp_sp': True, 'train': {'dp': 64, 'ep': 1, 'tp_ep': True}, 'inference': {'replica_count': 1, 'moe_dp': 1}}
1024	248.409177	nan	nan	0.004026	6.861550e+18	2.762197e+16	3.118694e+14	0.086493	True	21.121857	49.292248	{'tp': 4, 'cp': 1, 'pp': 4, 'mb': 4, 'tp_sp': True, 'train': {'dp': 64, 'ep': 1, 'tp_ep': True}, 'inference': {'replica_count': 1, 'moe_dp': 1}}
4096	67.447840	nan	nan	0.014826	6.861550e+18	1.017312e+17	3.118694e+14	0.079638	False	0.000000	47.703724	{'tp': 16, 'cp': 1, 'pp': 4, 'mb': 4, 'tp_sp': True, 'train': {'dp': 64, 'ep': 1, 'tp_ep': True}, 'inference': {'replica_count': 1, 'moe_dp': 1}}
512	491.963234	nan	nan	0.002033	6.861550e+18	1.394728e+16	3.118694e+14	0.087347	True	122.243713	57.796503	{'tp': 2, 'cp': 1, 'pp': 4, 'mb': 4, 'tp_sp': True, 'train': {'dp': 64, 'ep': 1, 'tp_ep': True}, 'inference': {'replica_count': 1, 'moe_dp': 1}}
128	834.540164	nan	nan	0.001198	6.861550e+18	8.221953e+15	3.118694e+14	0.205964	True	701.240356	98.561149	{'tp': 1, 'cp': 1, 'pp': 2, 'mb': 2, 'tp_sp': True, 'train': {'dp': 64, 'ep': 1, 'tp_ep': True}, 'inference': {'replica_count': 1, 'moe_dp': 1}}
256	978.343882	nan	nan	0.001022	6.861550e+18	7.013434e+15	3.118694e+14	0.087845	True	324.487427	72.708057	{'tp': 1, 'cp': 1, 'pp': 4, 'mb': 4, 'tp_sp': True, 'train': {'dp': 64, 'ep': 1, 'tp_ep': True}, 'inference': {'replica_count': 1, 'moe_dp': 1}}
2048	267.458288	nan	nan	0.003739	6.861550e+18	2.565466e+16	3.118694e+14	0.040166	False	0.000000	54.871653	{'tp': 4, 'cp': 1, 'pp': 8, 'mb': 8, 'tp_sp': True, 'train': {'dp': 64, 'ep': 1, 'tp_ep': True}, 'inference': {'replica_count': 1, 'moe_dp': 1}}
4096	140.173486	nan	nan	0.007134	6.861550e+18	4.895041e+16	3.118694e+14	0.038320	False	0.000000	52.594882	{'tp': 8, 'cp': 1, 'pp': 8, 'mb': 8, 'tp_sp': True, 'train': {'dp': 64, 'ep': 1, 'tp_ep': True}, 'inference': {'replica_count': 1, 'moe_dp': 1}}
1024	527.690756	nan	nan	0.001895	6.861550e+18	1.300298e+16	3.118694e+14	0.040716	True	25.017151	61.884595	{'tp': 2, 'cp': 1, 'pp': 8, 'mb': 8, 'tp_sp': True, 'train': {'dp': 64, 'ep': 1, 'tp_ep': True}, 'inference': {'replica_count': 1, 'moe_dp': 1}}
512	1049.154412	nan	nan	0.000953	6.861550e+18	6.540077e+15	3.118694e+14	0.040958	True	130.034302	77.084838	{'tp': 1, 'cp': 1, 'pp': 8, 'mb': 8, 'tp_sp': True, 'train': {'dp': 64, 'ep': 1, 'tp_ep': True}, 'inference': {'replica_count': 1, 'moe_dp': 1}}
4096	278.710268	nan	nan	0.003588	6.861550e+18	2.461894e+16	3.118694e+14	0.019272	False	0.000000	66.223239	{'tp': 4, 'cp': 1, 'pp': 16, 'mb': 16, 'tp_sp': True, 'train': {'dp': 64, 'ep': 1, 'tp_ep': True}, 'inference': {'replica_count': 1, 'moe_dp': 1}}
2048	545.842670	nan	nan	0.001832	6.861550e+18	1.257056e+16	3.118694e+14	0.019681	False	0.000000	71.704427	{'tp': 2, 'cp': 1, 'pp': 16, 'mb': 16, 'tp_sp': True, 'train': {'dp': 64, 'ep': 1, 'tp_ep': True}, 'inference': {'replica_count': 1, 'moe_dp': 1}}
512	141.055748	nan	nan	0.007089	6.861550e+18	4.864424e+16	3.118694e+14	0.304641	True	302.401197	49.777006	{'tp': 4, 'cp': 1, 'pp': 1, 'mb': 1, 'tp_sp': True, 'train': {'dp': 128, 'ep': 1, 'tp_ep': True}, 'inference': {'replica_count': 1, 'moe_dp': 1}}
1024	71.648847	nan	nan	0.013957	6.861550e+18	9.576637e+16	3.118694e+14	0.299875	True	111.222282	43.690889	{'tp': 8, 'cp': 1, 'pp': 1, 'mb': 1, 'tp_sp': True, 'train': {'dp': 128, 'ep': 1, 'tp_ep': True}, 'inference': {'replica_count': 1, 'moe_dp': 1}}
256	279.826455	nan	nan	0.003574	6.861550e+18	2.452073e+16	3.118694e+14	0.307129	True	684.802395	58.071773	{'tp': 2, 'cp': 1, 'pp': 1, 'mb': 1, 'tp_sp': True, 'train': {'dp': 128, 'ep': 1, 'tp_ep': True}, 'inference': {'replica_count': 1, 'moe_dp': 1}}
1024	1084.864066	nan	nan	0.000922	6.861550e+18	6.324802e+15	3.118694e+14	0.019805	True	32.807739	86.576776	{'tp': 1, 'cp': 1, 'pp': 16, 'mb': 16, 'tp_sp': True, 'train': {'dp': 64, 'ep': 1, 'tp_ep': True}, 'inference': {'replica_count': 1, 'moe_dp': 1}}
4096	19.781795	nan	nan	0.050552	6.861550e+18	3.468619e+17	3.118694e+14	0.271534	False	0.000000	44.653785	{'tp': 32, 'cp': 1, 'pp': 1, 'mb': 1, 'tp_sp': True, 'train': {'dp': 128, 'ep': 1, 'tp_ep': True}, 'inference': {'replica_count': 1, 'moe_dp': 1}}
128	555.887751	nan	nan	0.001799	6.861550e+18	1.234341e+16	3.118694e+14	0.309209	True	1449.604790	72.512002	{'tp': 1, 'cp': 1, 'pp': 1, 'mb': 1, 'tp_sp': True, 'train': {'dp': 128, 'ep': 1, 'tp_ep': True}, 'inference': {'replica_count': 1, 'moe_dp': 1}}
2048	36.954029	nan	nan	0.027061	6.861550e+18	1.856780e+17	3.118694e+14	0.290708	True	16.115780	69.730491	{'tp': 16, 'cp': 1, 'pp': 1, 'mb': 1, 'tp_sp': True, 'train': {'dp': 128, 'ep': 1, 'tp_ep': True}, 'inference': {'replica_count': 1, 'moe_dp': 1}}
1024	212.271109	nan	nan	0.004711	6.861550e+18	3.232447e+16	3.118694e+14	0.101218	True	113.095383	51.628904	{'tp': 4, 'cp': 1, 'pp': 2, 'mb': 2, 'tp_sp': True, 'train': {'dp': 128, 'ep': 1, 'tp_ep': True}, 'inference': {'replica_count': 1, 'moe_dp': 1}}
4096	554.303550	nan	nan	0.001804	6.861550e+18	1.237869e+16	3.118694e+14	0.009690	False	0.000000	93.541056	{'tp': 2, 'cp': 1, 'pp': 32, 'mb': 32, 'tp_sp': True, 'train': {'dp': 64, 'ep': 1, 'tp_ep': True}, 'inference': {'replica_count': 1, 'moe_dp': 1}}
2048	1102.017225	nan	nan	0.000907	6.861550e+18	6.226355e+15	3.118694e+14	0.009748	False	0.000000	106.338701	{'tp': 1, 'cp': 1, 'pp': 32, 'mb': 32, 'tp_sp': True, 'train': {'dp': 64, 'ep': 1, 'tp_ep': True}, 'inference': {'replica_count': 1, 'moe_dp': 1}}
2048	108.157353	nan	nan	0.009246	6.861550e+18	6.344044e+16	3.118694e+14	0.099326	True	16.610771	48.394460	{'tp': 8, 'cp': 1, 'pp': 2, 'mb': 2, 'tp_sp': True, 'train': {'dp': 128, 'ep': 1, 'tp_ep': True}, 'inference': {'replica_count': 1, 'moe_dp': 1}}
512	420.433976	nan	nan	0.002378	6.861550e+18	1.632016e+16	3.118694e+14	0.102207	True	306.190765	60.692523	{'tp': 2, 'cp': 1, 'pp': 2, 'mb': 2, 'tp_sp': True, 'train': {'dp': 128, 'ep': 1, 'tp_ep': True}, 'inference': {'replica_count': 1, 'moe_dp': 1}}
4096	56.113423	nan	nan	0.017821	6.861550e+18	1.222800e+17	3.118694e+14	0.095724	False	0.000000	46.632545	{'tp': 16, 'cp': 1, 'pp': 2, 'mb': 2, 'tp_sp': True, 'train': {'dp': 128, 'ep': 1, 'tp_ep': True}, 'inference': {'replica_count': 1, 'moe_dp': 1}}
256	834.539536	nan	nan	0.001198	6.861550e+18	8.221959e+15	3.118694e+14	0.102982	True	692.381531	77.445480	{'tp': 1, 'cp': 1, 'pp': 2, 'mb': 2, 'tp_sp': True, 'train': {'dp': 128, 'ep': 1, 'tp_ep': True}, 'inference': {'replica_count': 1, 'moe_dp': 1}}
2048	248.407860	nan	nan	0.004026	6.861550e+18	2.762211e+16	3.118694e+14	0.043247	True	19.985641	54.080175	{'tp': 4, 'cp': 1, 'pp': 4, 'mb': 4, 'tp_sp': True, 'train': {'dp': 128, 'ep': 1, 'tp_ep': True}, 'inference': {'replica_count': 1, 'moe_dp': 1}}
4096	127.756994	nan	nan	0.007827	6.861550e+18	5.370782e+16	3.118694e+14	0.042044	False	0.000000	52.369155	{'tp': 8, 'cp': 1, 'pp': 4, 'mb': 4, 'tp_sp': True, 'train': {'dp': 128, 'ep': 1, 'tp_ep': True}, 'inference': {'replica_count': 1, 'moe_dp': 1}}
1024	491.962419	nan	nan	0.002033	6.861550e+18	1.394731e+16	3.118694e+14	0.043673	True	119.971283	63.069711	{'tp': 2, 'cp': 1, 'pp': 4, 'mb': 4, 'tp_sp': True, 'train': {'dp': 128, 'ep': 1, 'tp_ep': True}, 'inference': {'replica_count': 1, 'moe_dp': 1}}
512	978.343008	nan	nan	0.001022	6.861550e+18	7.013440e+15	3.118694e+14	0.043923	True	319.942566	79.473080	{'tp': 1, 'cp': 1, 'pp': 4, 'mb': 4, 'tp_sp': True, 'train': {'dp': 128, 'ep': 1, 'tp_ep': True}, 'inference': {'replica_count': 1, 'moe_dp': 1}}
4096	267.458288	nan	nan	0.003739	6.861550e+18	2.565466e+16	3.118694e+14	0.020083	False	0.000000	62.474556	{'tp': 4, 'cp': 1, 'pp': 8, 'mb': 8, 'tp_sp': True, 'train': {'dp': 128, 'ep': 1, 'tp_ep': True}, 'inference': {'replica_count': 1, 'moe_dp': 1}}
2048	527.690756	nan	nan	0.001895	6.861550e+18	1.300298e+16	3.118694e+14	0.020358	True	23.858002	69.909988	{'tp': 2, 'cp': 1, 'pp': 8, 'mb': 8, 'tp_sp': True, 'train': {'dp': 128, 'ep': 1, 'tp_ep': True}, 'inference': {'replica_count': 1, 'moe_dp': 1}}
2048	71.648684	nan	nan	0.013957	6.861550e+18	9.576659e+16	3.118694e+14	0.149938	True	110.120663	50.592833	{'tp': 8, 'cp': 1, 'pp': 1, 'mb': 1, 'tp_sp': True, 'train': {'dp': 256, 'ep': 1, 'tp_ep': True}, 'inference': {'replica_count': 1, 'moe_dp': 1}}
1024	141.055582	nan	nan	0.007089	6.861550e+18	4.864430e+16	3.118694e+14	0.152321	True	300.197958	55.581824	{'tp': 4, 'cp': 1, 'pp': 1, 'mb': 1, 'tp_sp': True, 'train': {'dp': 256, 'ep': 1, 'tp_ep': True}, 'inference': {'replica_count': 1, 'moe_dp': 1}}
1024	1049.154412	nan	nan	0.000953	6.861550e+18	6.540077e+15	3.118694e+14	0.020479	True	127.716003	85.332817	{'tp': 1, 'cp': 1, 'pp': 8, 'mb': 8, 'tp_sp': True, 'train': {'dp': 128, 'ep': 1, 'tp_ep': True}, 'inference': {'replica_count': 1, 'moe_dp': 1}}
512	279.826284	nan	nan	0.003574	6.861550e+18	2.452075e+16	3.118694e+14	0.153565	True	680.395916	63.635344	{'tp': 2, 'cp': 1, 'pp': 1, 'mb': 1, 'tp_sp': True, 'train': {'dp': 256, 'ep': 1, 'tp_ep': True}, 'inference': {'replica_count': 1, 'moe_dp': 1}}
4096	36.953867	nan	nan	0.027061	6.861550e+18	1.856788e+17	3.118694e+14	0.145355	True	15.564970	48.872970	{'tp': 16, 'cp': 1, 'pp': 1, 'mb': 1, 'tp_sp': True, 'train': {'dp': 256, 'ep': 1, 'tp_ep': True}, 'inference': {'replica_count': 1, 'moe_dp': 1}}
256	555.887569	nan	nan	0.001799	6.861550e+18	1.234341e+16	3.118694e+14	0.154605	True	1440.791832	80.430061	{'tp': 1, 'cp': 1, 'pp': 1, 'mb': 1, 'tp_sp': True, 'train': {'dp': 256, 'ep': 1, 'tp_ep': True}, 'inference': {'replica_count': 1, 'moe_dp': 1}}
4096	545.842670	nan	nan	0.001832	6.861550e+18	1.257056e+16	3.118694e+14	0.009841	False	0.000000	87.848435	{'tp': 2, 'cp': 1, 'pp': 16, 'mb': 16, 'tp_sp': True, 'train': {'dp': 128, 'ep': 1, 'tp_ep': True}, 'inference': {'replica_count': 1, 'moe_dp': 1}}
2048	212.270746	nan	nan	0.004711	6.861550e+18	3.232452e+16	3.118694e+14	0.050609	True	111.988029	62.315714	{'tp': 4, 'cp': 1, 'pp': 2, 'mb': 2, 'tp_sp': True, 'train': {'dp': 256, 'ep': 1, 'tp_ep': True}, 'inference': {'replica_count': 1, 'moe_dp': 1}}
1024	420.433599	nan	nan	0.002378	6.861550e+18	1.632018e+16	3.118694e+14	0.051104	True	303.976059	69.698920	{'tp': 2, 'cp': 1, 'pp': 2, 'mb': 2, 'tp_sp': True, 'train': {'dp': 256, 'ep': 1, 'tp_ep': True}, 'inference': {'replica_count': 1, 'moe_dp': 1}}
4096	108.156997	nan	nan	0.009246	6.861550e+18	6.344065e+16	3.118694e+14	0.049663	True	16.057095	59.037922	{'tp': 8, 'cp': 1, 'pp': 2, 'mb': 2, 'tp_sp': True, 'train': {'dp': 256, 'ep': 1, 'tp_ep': True}, 'inference': {'replica_count': 1, 'moe_dp': 1}}
512	834.539129	nan	nan	0.001198	6.861550e+18	8.221963e+15	3.118694e+14	0.051491	True	687.952118	88.724600	{'tp': 1, 'cp': 1, 'pp': 2, 'mb': 2, 'tp_sp': True, 'train': {'dp': 256, 'ep': 1, 'tp_ep': True}, 'inference': {'replica_count': 1, 'moe_dp': 1}}
2048	1084.864066	nan	nan	0.000922	6.861550e+18	6.324802e+15	3.118694e+14	0.009902	True	31.602722	124.272276	{'tp': 1, 'cp': 1, 'pp': 16, 'mb': 16, 'tp_sp': True, 'train': {'dp': 128, 'ep': 1, 'tp_ep': True}, 'inference': {'replica_count': 1, 'moe_dp': 1}}
4096	248.407158	nan	nan	0.004026	6.861550e+18	2.762219e+16	3.118694e+14	0.021623	True	19.417534	68.950291	{'tp': 4, 'cp': 1, 'pp': 4, 'mb': 4, 'tp_sp': True, 'train': {'dp': 256, 'ep': 1, 'tp_ep': True}, 'inference': {'replica_count': 1, 'moe_dp': 1}}
2048	491.961984	nan	nan	0.002033	6.861550e+18	1.394732e+16	3.118694e+14	0.021837	True	118.835068	77.187883	{'tp': 2, 'cp': 1, 'pp': 4, 'mb': 4, 'tp_sp': True, 'train': {'dp': 256, 'ep': 1, 'tp_ep': True}, 'inference': {'replica_count': 1, 'moe_dp': 1}}
1024	978.342540	nan	nan	0.001022	6.861550e+18	7.013444e+15	3.118694e+14	0.021961	True	317.670135	93.178242	{'tp': 1, 'cp': 1, 'pp': 4, 'mb': 4, 'tp_sp': True, 'train': {'dp': 256, 'ep': 1, 'tp_ep': True}, 'inference': {'replica_count': 1, 'moe_dp': 1}}
4096	1101.989460	nan	nan	0.000907	6.861550e+18	6.226512e+15	3.118694e+14	0.004874	False	0.000000	148.410439	{'tp': 1, 'cp': 1, 'pp': 32, 'mb': 32, 'tp_sp': True, 'train': {'dp': 128, 'ep': 1, 'tp_ep': True}, 'inference': {'replica_count': 1, 'moe_dp': 1}}
4096	71.648586	nan	nan	0.013957	6.861550e+18	9.576672e+16	3.118694e+14	0.074969	True	109.569853	64.702078	{'tp': 8, 'cp': 1, 'pp': 1, 'mb': 1, 'tp_sp': True, 'train': {'dp': 512, 'ep': 1, 'tp_ep': True}, 'inference': {'replica_count': 1, 'moe_dp': 1}}
4096	527.690756	nan	nan	0.001895	6.861550e+18	1.300298e+16	3.118694e+14	0.010179	True	23.278427	93.686695	{'tp': 2, 'cp': 1, 'pp': 8, 'mb': 8, 'tp_sp': True, 'train': {'dp': 256, 'ep': 1, 'tp_ep': True}, 'inference': {'replica_count': 1, 'moe_dp': 1}}
2048	141.055482	nan	nan	0.007089	6.861550e+18	4.864433e+16	3.118694e+14	0.076160	True	299.096338	70.488453	{'tp': 4, 'cp': 1, 'pp': 1, 'mb': 1, 'tp_sp': True, 'train': {'dp': 512, 'ep': 1, 'tp_ep': True}, 'inference': {'replica_count': 1, 'moe_dp': 1}}
1024	279.826180	nan	nan	0.003574	6.861550e+18	2.452076e+16	3.118694e+14	0.076782	True	678.192677	78.305904	{'tp': 2, 'cp': 1, 'pp': 1, 'mb': 1, 'tp_sp': True, 'train': {'dp': 512, 'ep': 1, 'tp_ep': True}, 'inference': {'replica_count': 1, 'moe_dp': 1}}
512	555.887458	nan	nan	0.001799	6.861550e+18	1.234342e+16	3.118694e+14	0.077302	True	1436.385353	96.498730	{'tp': 1, 'cp': 1, 'pp': 1, 'mb': 1, 'tp_sp': True, 'train': {'dp': 512, 'ep': 1, 'tp_ep': True}, 'inference': {'replica_count': 1, 'moe_dp': 1}}
2048	1049.154412	nan	nan	0.000953	6.861550e+18	6.540077e+15	3.118694e+14	0.010240	True	126.556854	109.661106	{'tp': 1, 'cp': 1, 'pp': 8, 'mb': 8, 'tp_sp': True, 'train': {'dp': 256, 'ep': 1, 'tp_ep': True}, 'inference': {'replica_count': 1, 'moe_dp': 1}}
4096	212.270567	nan	nan	0.004711	6.861550e+18	3.232455e+16	3.118694e+14	0.025305	True	111.434353	95.333719	{'tp': 4, 'cp': 1, 'pp': 2, 'mb': 2, 'tp_sp': True, 'train': {'dp': 512, 'ep': 1, 'tp_ep': True}, 'inference': {'replica_count': 1, 'moe_dp': 1}}
2048	420.433411	nan	nan	0.002378	6.861550e+18	1.632018e+16	3.118694e+14	0.025552	True	302.868706	104.492136	{'tp': 2, 'cp': 1, 'pp': 2, 'mb': 2, 'tp_sp': True, 'train': {'dp': 512, 'ep': 1, 'tp_ep': True}, 'inference': {'replica_count': 1, 'moe_dp': 1}}
4096	1084.864066	nan	nan	0.000922	6.861550e+18	6.324802e+15	3.118694e+14	0.004951	True	31.000214	143.110806	{'tp': 1, 'cp': 1, 'pp': 16, 'mb': 16, 'tp_sp': True, 'train': {'dp': 256, 'ep': 1, 'tp_ep': True}, 'inference': {'replica_count': 1, 'moe_dp': 1}}
1024	834.538925	nan	nan	0.001198	6.861550e+18	8.221965e+15	3.118694e+14	0.025746	True	685.737411	119.843792	{'tp': 1, 'cp': 1, 'pp': 2, 'mb': 2, 'tp_sp': True, 'train': {'dp': 512, 'ep': 1, 'tp_ep': True}, 'inference': {'replica_count': 1, 'moe_dp': 1}}
4096	491.961782	nan	nan	0.002033	6.861550e+18	1.394732e+16	3.118694e+14	0.010918	True	118.266960	119.806596	{'tp': 2, 'cp': 1, 'pp': 4, 'mb': 4, 'tp_sp': True, 'train': {'dp': 512, 'ep': 1, 'tp_ep': True}, 'inference': {'replica_count': 1, 'moe_dp': 1}}
4096	141.055443	nan	nan	0.007089	6.861550e+18	4.864435e+16	3.118694e+14	0.038080	True	298.545528	102.246404	{'tp': 4, 'cp': 1, 'pp': 1, 'mb': 1, 'tp_sp': True, 'train': {'dp': 1024, 'ep': 1, 'tp_ep': True}, 'inference': {'replica_count': 1, 'moe_dp': 1}}
2048	279.826139	nan	nan	0.003574	6.861550e+18	2.452076e+16	3.118694e+14	0.038391	True	677.091057	111.604026	{'tp': 2, 'cp': 1, 'pp': 1, 'mb': 1, 'tp_sp': True, 'train': {'dp': 1024, 'ep': 1, 'tp_ep': True}, 'inference': {'replica_count': 1, 'moe_dp': 1}}
1024	555.887412	nan	nan	0.001799	6.861550e+18	1.234342e+16	3.118694e+14	0.038651	True	1434.182114	127.850161	{'tp': 1, 'cp': 1, 'pp': 1, 'mb': 1, 'tp_sp': True, 'train': {'dp': 1024, 'ep': 1, 'tp_ep': True}, 'inference': {'replica_count': 1, 'moe_dp': 1}}
2048	978.342320	nan	nan	0.001022	6.861550e+18	7.013445e+15	3.118694e+14	0.010981	True	316.533920	157.577431	{'tp': 1, 'cp': 1, 'pp': 4, 'mb': 4, 'tp_sp': True, 'train': {'dp': 512, 'ep': 1, 'tp_ep': True}, 'inference': {'replica_count': 1, 'moe_dp': 1}}
4096	1049.154412	nan	nan	0.000953	6.861550e+18	6.540077e+15	3.118694e+14	0.005120	True	125.977280	183.805855	{'tp': 1, 'cp': 1, 'pp': 8, 'mb': 8, 'tp_sp': True, 'train': {'dp': 512, 'ep': 1, 'tp_ep': True}, 'inference': {'replica_count': 1, 'moe_dp': 1}}
128	514.744416	nan	nan	0.001943	6.861550e+18	1.333001e+16	3.118694e+14	0.333924	False	0.000000	118.952015	{'tp': 4, 'cp': 2, 'pp': 16, 'mb': 16, 'tp_sp': True, 'train': {'dp': 1, 'ep': 1, 'tp_ep': True}, 'inference': {'replica_count': 1, 'moe_dp': 1}}
4096	420.433340	nan	nan	0.002378	6.861550e+18	1.632019e+16	3.118694e+14	0.012776	True	302.315029	225.176370	{'tp': 2, 'cp': 1, 'pp': 2, 'mb': 2, 'tp_sp': True, 'train': {'dp': 1024, 'ep': 1, 'tp_ep': True}, 'inference': {'replica_count': 1, 'moe_dp': 1}}
2048	834.538845	nan	nan	0.001198	6.861550e+18	8.221966e+15	3.118694e+14	0.012873	True	684.630058	233.961802	{'tp': 1, 'cp': 1, 'pp': 2, 'mb': 2, 'tp_sp': True, 'train': {'dp': 1024, 'ep': 1, 'tp_ep': True}, 'inference': {'replica_count': 1, 'moe_dp': 1}}
256	306.429245	nan	nan	0.003263	6.861550e+18	2.239196e+16	3.118694e+14	0.280465	False	0.000000	132.893205	{'tp': 8, 'cp': 2, 'pp': 16, 'mb': 16, 'tp_sp': True, 'train': {'dp': 1, 'ep': 1, 'tp_ep': True}, 'inference': {'replica_count': 1, 'moe_dp': 1}}
128	524.832252	nan	nan	0.001905	6.861550e+18	1.307380e+16	3.118694e+14	0.327506	False	0.000000	199.068050	{'tp': 8, 'cp': 2, 'pp': 8, 'mb': 8, 'tp_sp': True, 'train': {'dp': 1, 'ep': 1, 'tp_ep': True}, 'inference': {'replica_count': 1, 'moe_dp': 1}}
256	316.760926	nan	nan	0.003157	6.861550e+18	2.166161e+16	3.118694e+14	0.271318	False	0.000000	215.713714	{'tp': 16, 'cp': 2, 'pp': 8, 'mb': 8, 'tp_sp': True, 'train': {'dp': 1, 'ep': 1, 'tp_ep': True}, 'inference': {'replica_count': 1, 'moe_dp': 1}}
4096	978.342236	nan	nan	0.001022	6.861550e+18	7.013446e+15	3.118694e+14	0.005490	True	315.965813	276.098225	{'tp': 1, 'cp': 1, 'pp': 4, 'mb': 4, 'tp_sp': True, 'train': {'dp': 1024, 'ep': 1, 'tp_ep': True}, 'inference': {'replica_count': 1, 'moe_dp': 1}}
512	202.304000	nan	nan	0.004943	6.861550e+18	3.391703e+16	3.118694e+14	0.212410	False	0.000000	179.280649	{'tp': 16, 'cp': 2, 'pp': 16, 'mb': 16, 'tp_sp': True, 'train': {'dp': 1, 'ep': 1, 'tp_ep': True}, 'inference': {'replica_count': 1, 'moe_dp': 1}}
128	488.951497	nan	nan	0.002045	6.861550e+18	1.403319e+16	3.118694e+14	0.351539	False	0.000000	84.040436	{'tp': 2, 'cp': 2, 'pp': 32, 'mb': 32, 'tp_sp': True, 'train': {'dp': 1, 'ep': 1, 'tp_ep': True}, 'inference': {'replica_count': 1, 'moe_dp': 1}}
256	290.582165	nan	nan	0.003441	6.861550e+18	2.361312e+16	3.118694e+14	0.295761	False	0.000000	91.827198	{'tp': 4, 'cp': 2, 'pp': 32, 'mb': 32, 'tp_sp': True, 'train': {'dp': 1, 'ep': 1, 'tp_ep': True}, 'inference': {'replica_count': 1, 'moe_dp': 1}}
512	191.607021	nan	nan	0.005219	6.861550e+18	3.581054e+16	3.118694e+14	0.224268	False	0.000000	127.189414	{'tp': 8, 'cp': 2, 'pp': 32, 'mb': 32, 'tp_sp': True, 'train': {'dp': 1, 'ep': 1, 'tp_ep': True}, 'inference': {'replica_count': 1, 'moe_dp': 1}}
128	521.968085	nan	nan	0.001916	6.861550e+18	1.314554e+16	3.118694e+14	0.329303	False	0.000000	359.618893	{'tp': 16, 'cp': 2, 'pp': 4, 'mb': 4, 'tp_sp': True, 'train': {'dp': 1, 'ep': 1, 'tp_ep': True}, 'inference': {'replica_count': 1, 'moe_dp': 1}}
512	212.664167	nan	nan	0.004702	6.861550e+18	3.226472e+16	3.118694e+14	0.202062	False	0.000000	330.380871	{'tp': 32, 'cp': 2, 'pp': 8, 'mb': 8, 'tp_sp': True, 'train': {'dp': 1, 'ep': 1, 'tp_ep': True}, 'inference': {'replica_count': 1, 'moe_dp': 1}}
256	324.657930	nan	nan	0.003080	6.861550e+18	2.113471e+16	3.118694e+14	0.264718	False	0.000000	401.409806	{'tp': 32, 'cp': 2, 'pp': 4, 'mb': 4, 'tp_sp': True, 'train': {'dp': 1, 'ep': 1, 'tp_ep': True}, 'inference': {'replica_count': 1, 'moe_dp': 1}}
1024	142.134638	nan	nan	0.007036	6.861550e+18	4.827500e+16	3.118694e+14	0.151164	False	0.000000	245.976456	{'tp': 16, 'cp': 2, 'pp': 32, 'mb': 32, 'tp_sp': True, 'train': {'dp': 1, 'ep': 1, 'tp_ep': True}, 'inference': {'replica_count': 1, 'moe_dp': 1}}
128	458.452612	nan	nan	0.002181	6.861550e+18	1.496676e+16	3.118694e+14	0.374926	True	12.154663	187.744443	{'tp': 8, 'cp': 2, 'pp': 4, 'mb': 4, 'tp_sp': True, 'train': {'dp': 2, 'ep': 1, 'tp_ep': True}, 'inference': {'replica_count': 1, 'moe_dp': 1}}
128	471.134177	nan	nan	0.002123	6.861550e+18	1.456390e+16	3.118694e+14	0.364834	True	11.848511	112.172787	{'tp': 4, 'cp': 2, 'pp': 8, 'mb': 8, 'tp_sp': True, 'train': {'dp': 2, 'ep': 1, 'tp_ep': True}, 'inference': {'replica_count': 1, 'moe_dp': 1}}
256	261.220165	nan	nan	0.003828	6.861550e+18	2.626731e+16	3.118694e+14	0.329005	False	0.000000	195.756358	{'tp': 16, 'cp': 2, 'pp': 4, 'mb': 4, 'tp_sp': True, 'train': {'dp': 2, 'ep': 1, 'tp_ep': True}, 'inference': {'replica_count': 1, 'moe_dp': 1}}
256	262.883232	nan	nan	0.003804	6.861550e+18	2.610113e+16	3.118694e+14	0.326924	False	0.000000	113.338588	{'tp': 8, 'cp': 2, 'pp': 8, 'mb': 8, 'tp_sp': True, 'train': {'dp': 2, 'ep': 1, 'tp_ep': True}, 'inference': {'replica_count': 1, 'moe_dp': 1}}
512	162.546018	nan	nan	0.006152	6.861550e+18	4.221297e+16	3.118694e+14	0.264364	False	0.000000	240.595289	{'tp': 32, 'cp': 2, 'pp': 4, 'mb': 4, 'tp_sp': True, 'train': {'dp': 2, 'ep': 1, 'tp_ep': True}, 'inference': {'replica_count': 1, 'moe_dp': 1}}
128	467.399932	nan	nan	0.002139	6.861550e+18	1.468025e+16	3.118694e+14	0.367748	True	14.264038	77.861015	{'tp': 2, 'cp': 2, 'pp': 16, 'mb': 16, 'tp_sp': True, 'train': {'dp': 2, 'ep': 1, 'tp_ep': True}, 'inference': {'replica_count': 1, 'moe_dp': 1}}
128	418.705650	nan	nan	0.002388	6.861550e+18	1.638753e+16	3.118694e+14	0.410517	True	14.036743	338.481286	{'tp': 16, 'cp': 2, 'pp': 2, 'mb': 2, 'tp_sp': True, 'train': {'dp': 2, 'ep': 1, 'tp_ep': True}, 'inference': {'replica_count': 1, 'moe_dp': 1}}
256	258.292889	nan	nan	0.003872	6.861550e+18	2.656500e+16	3.118694e+14	0.332734	False	0.000000	74.946847	{'tp': 4, 'cp': 2, 'pp': 16, 'mb': 16, 'tp_sp': True, 'train': {'dp': 2, 'ep': 1, 'tp_ep': True}, 'inference': {'replica_count': 1, 'moe_dp': 1}}
512	158.790100	nan	nan	0.006298	6.861550e+18	4.321145e+16	3.118694e+14	0.270618	False	0.000000	137.036323	{'tp': 16, 'cp': 2, 'pp': 8, 'mb': 8, 'tp_sp': True, 'train': {'dp': 2, 'ep': 1, 'tp_ep': True}, 'inference': {'replica_count': 1, 'moe_dp': 1}}
256	248.436673	nan	nan	0.004025	6.861550e+18	2.761891e+16	3.118694e+14	0.345934	False	0.000000	356.038304	{'tp': 32, 'cp': 2, 'pp': 2, 'mb': 2, 'tp_sp': True, 'train': {'dp': 2, 'ep': 1, 'tp_ep': True}, 'inference': {'replica_count': 1, 'moe_dp': 1}}
128	458.308620	nan	nan	0.002182	6.861550e+18	1.497146e+16	3.118694e+14	0.375043	True	20.609009	59.800492	{'tp': 1, 'cp': 2, 'pp': 32, 'mb': 32, 'tp_sp': True, 'train': {'dp': 2, 'ep': 1, 'tp_ep': True}, 'inference': {'replica_count': 1, 'moe_dp': 1}}
256	246.063909	nan	nan	0.004064	6.861550e+18	2.788524e+16	3.118694e+14	0.349270	False	0.000000	60.276967	{'tp': 2, 'cp': 2, 'pp': 32, 'mb': 32, 'tp_sp': True, 'train': {'dp': 2, 'ep': 1, 'tp_ep': True}, 'inference': {'replica_count': 1, 'moe_dp': 1}}
512	153.960343	nan	nan	0.006495	6.861550e+18	4.456700e+16	3.118694e+14	0.279107	False	0.000000	118.545469	{'tp': 8, 'cp': 2, 'pp': 16, 'mb': 16, 'tp_sp': True, 'train': {'dp': 2, 'ep': 1, 'tp_ep': True}, 'inference': {'replica_count': 1, 'moe_dp': 1}}
512	146.655598	nan	nan	0.006819	6.861550e+18	4.678683e+16	3.118694e+14	0.293009	False	0.000000	72.272099	{'tp': 4, 'cp': 2, 'pp': 32, 'mb': 32, 'tp_sp': True, 'train': {'dp': 2, 'ep': 1, 'tp_ep': True}, 'inference': {'replica_count': 1, 'moe_dp': 1}}
1024	101.810108	nan	nan	0.009822	6.861550e+18	6.739557e+16	3.118694e+14	0.211037	False	0.000000	139.971996	{'tp': 16, 'cp': 2, 'pp': 16, 'mb': 16, 'tp_sp': True, 'train': {'dp': 2, 'ep': 1, 'tp_ep': True}, 'inference': {'replica_count': 1, 'moe_dp': 1}}
1024	97.047724	nan	nan	0.010304	6.861550e+18	7.070284e+16	3.118694e+14	0.221393	False	0.000000	103.894307	{'tp': 8, 'cp': 2, 'pp': 32, 'mb': 32, 'tp_sp': True, 'train': {'dp': 2, 'ep': 1, 'tp_ep': True}, 'inference': {'replica_count': 1, 'moe_dp': 1}}
1024	106.709804	nan	nan	0.009371	6.861550e+18	6.430103e+16	3.118694e+14	0.201347	False	0.000000	244.100741	{'tp': 32, 'cp': 2, 'pp': 8, 'mb': 8, 'tp_sp': True, 'train': {'dp': 2, 'ep': 1, 'tp_ep': True}, 'inference': {'replica_count': 1, 'moe_dp': 1}}
128	427.081917	nan	nan	0.002341	6.861550e+18	1.606612e+16	3.118694e+14	0.402465	True	58.614624	110.102842	{'tp': 4, 'cp': 2, 'pp': 4, 'mb': 4, 'tp_sp': True, 'train': {'dp': 4, 'ep': 1, 'tp_ep': True}, 'inference': {'replica_count': 1, 'moe_dp': 1}}
256	229.680085	nan	nan	0.004354	6.861550e+18	2.987438e+16	3.118694e+14	0.374185	False	0.000000	106.644102	{'tp': 8, 'cp': 2, 'pp': 4, 'mb': 4, 'tp_sp': True, 'train': {'dp': 4, 'ep': 1, 'tp_ep': True}, 'inference': {'replica_count': 1, 'moe_dp': 1}}
2048	72.211437	nan	nan	0.013848	6.861550e+18	9.502027e+16	3.118694e+14	0.148769	False	0.000000	231.035770	{'tp': 16, 'cp': 2, 'pp': 32, 'mb': 32, 'tp_sp': True, 'train': {'dp': 2, 'ep': 1, 'tp_ep': True}, 'inference': {'replica_count': 1, 'moe_dp': 1}}
128	379.848739	nan	nan	0.002633	6.861550e+18	1.806390e+16	3.118694e+14	0.452511	True	57.246704	182.738099	{'tp': 8, 'cp': 2, 'pp': 2, 'mb': 2, 'tp_sp': True, 'train': {'dp': 4, 'ep': 1, 'tp_ep': True}, 'inference': {'replica_count': 1, 'moe_dp': 1}}
256	209.646868	nan	nan	0.004770	6.861550e+18	3.272908e+16	3.118694e+14	0.409941	False	0.000000	183.189345	{'tp': 16, 'cp': 2, 'pp': 2, 'mb': 2, 'tp_sp': True, 'train': {'dp': 4, 'ep': 1, 'tp_ep': True}, 'inference': {'replica_count': 1, 'moe_dp': 1}}
512	124.495943	nan	nan	0.008032	6.861550e+18	5.511465e+16	3.118694e+14	0.345163	False	0.000000	202.483866	{'tp': 32, 'cp': 2, 'pp': 2, 'mb': 2, 'tp_sp': True, 'train': {'dp': 4, 'ep': 1, 'tp_ep': True}, 'inference': {'replica_count': 1, 'moe_dp': 1}}
512	131.009829	nan	nan	0.007633	6.861550e+18	5.237432e+16	3.118694e+14	0.328001	False	0.000000	111.074343	{'tp': 16, 'cp': 2, 'pp': 4, 'mb': 4, 'tp_sp': True, 'train': {'dp': 4, 'ep': 1, 'tp_ep': True}, 'inference': {'replica_count': 1, 'moe_dp': 1}}
128	445.436310	nan	nan	0.002245	6.861550e+18	1.540411e+16	3.118694e+14	0.385881	True	60.296265	73.738197	{'tp': 2, 'cp': 2, 'pp': 8, 'mb': 8, 'tp_sp': True, 'train': {'dp': 4, 'ep': 1, 'tp_ep': True}, 'inference': {'replica_count': 1, 'moe_dp': 1}}
256	236.398891	nan	nan	0.004230	6.861550e+18	2.902531e+16	3.118694e+14	0.363550	False	0.000000	69.083559	{'tp': 4, 'cp': 2, 'pp': 8, 'mb': 8, 'tp_sp': True, 'train': {'dp': 4, 'ep': 1, 'tp_ep': True}, 'inference': {'replica_count': 1, 'moe_dp': 1}}
512	132.101145	nan	nan	0.007570	6.861550e+18	5.194164e+16	3.118694e+14	0.325292	False	0.000000	72.513238	{'tp': 8, 'cp': 2, 'pp': 8, 'mb': 8, 'tp_sp': True, 'train': {'dp': 4, 'ep': 1, 'tp_ep': True}, 'inference': {'replica_count': 1, 'moe_dp': 1}}
2048	75.711198	nan	nan	0.013208	6.861550e+18	9.062794e+16	3.118694e+14	0.141892	False	0.000000	380.835950	{'tp': 32, 'cp': 2, 'pp': 16, 'mb': 16, 'tp_sp': True, 'train': {'dp': 2, 'ep': 1, 'tp_ep': True}, 'inference': {'replica_count': 1, 'moe_dp': 1}}
128	450.613396	nan	nan	0.002219	6.861550e+18	1.522713e+16	3.118694e+14	0.381448	True	65.173462	55.356972	{'tp': 1, 'cp': 2, 'pp': 16, 'mb': 16, 'tp_sp': True, 'train': {'dp': 4, 'ep': 1, 'tp_ep': True}, 'inference': {'replica_count': 1, 'moe_dp': 1}}
128	271.921753	nan	nan	0.003678	6.861550e+18	2.523355e+16	3.118694e+14	0.632114	True	60.611084	336.501148	{'tp': 16, 'cp': 2, 'pp': 1, 'mb': 1, 'tp_sp': True, 'train': {'dp': 4, 'ep': 1, 'tp_ep': True}, 'inference': {'replica_count': 1, 'moe_dp': 1}}
1024	81.642724	nan	nan	0.012248	6.861550e+18	8.404362e+16	3.118694e+14	0.263167	False	0.000000	163.584243	{'tp': 32, 'cp': 2, 'pp': 4, 'mb': 4, 'tp_sp': True, 'train': {'dp': 4, 'ep': 1, 'tp_ep': True}, 'inference': {'replica_count': 1, 'moe_dp': 1}}
256	235.066278	nan	nan	0.004254	6.861550e+18	2.918985e+16	3.118694e+14	0.365611	False	0.000000	51.042726	{'tp': 2, 'cp': 2, 'pp': 16, 'mb': 16, 'tp_sp': True, 'train': {'dp': 4, 'ep': 1, 'tp_ep': True}, 'inference': {'replica_count': 1, 'moe_dp': 1}}
512	130.290819	nan	nan	0.007675	6.861550e+18	5.266334e+16	3.118694e+14	0.329811	False	0.000000	53.569508	{'tp': 4, 'cp': 2, 'pp': 16, 'mb': 16, 'tp_sp': True, 'train': {'dp': 4, 'ep': 1, 'tp_ep': True}, 'inference': {'replica_count': 1, 'moe_dp': 1}}
1024	79.968318	nan	nan	0.012505	6.861550e+18	8.580336e+16	3.118694e+14	0.268678	False	0.000000	95.929226	{'tp': 16, 'cp': 2, 'pp': 8, 'mb': 8, 'tp_sp': True, 'train': {'dp': 4, 'ep': 1, 'tp_ep': True}, 'inference': {'replica_count': 1, 'moe_dp': 1}}
1024	78.004629	nan	nan	0.012820	6.861550e+18	8.796337e+16	3.118694e+14	0.275441	False	0.000000	69.995006	{'tp': 8, 'cp': 2, 'pp': 16, 'mb': 16, 'tp_sp': True, 'train': {'dp': 4, 'ep': 1, 'tp_ep': True}, 'inference': {'replica_count': 1, 'moe_dp': 1}}
256	458.022917	nan	nan	0.002183	6.861550e+18	1.498080e+16	3.118694e+14	0.187639	False	0.000000	57.978772	{'tp': 1, 'cp': 2, 'pp': 32, 'mb': 32, 'tp_sp': True, 'train': {'dp': 4, 'ep': 1, 'tp_ep': True}, 'inference': {'replica_count': 1, 'moe_dp': 1}}
1024	82.137643	nan	nan	0.012175	6.861550e+18	8.353722e+16	3.118694e+14	0.261582	False	0.000000	344.349955	{'tp': 64, 'cp': 2, 'pp': 2, 'mb': 2, 'tp_sp': True, 'train': {'dp': 4, 'ep': 1, 'tp_ep': True}, 'inference': {'replica_count': 1, 'moe_dp': 1}}
512	245.786234	nan	nan	0.004069	6.861550e+18	2.791674e+16	3.118694e+14	0.174832	False	0.000000	60.012825	{'tp': 2, 'cp': 2, 'pp': 32, 'mb': 32, 'tp_sp': True, 'train': {'dp': 4, 'ep': 1, 'tp_ep': True}, 'inference': {'replica_count': 1, 'moe_dp': 1}}
1024	146.391204	nan	nan	0.006831	6.861550e+18	4.687133e+16	3.118694e+14	0.146769	False	0.000000	69.930328	{'tp': 4, 'cp': 2, 'pp': 32, 'mb': 32, 'tp_sp': True, 'train': {'dp': 4, 'ep': 1, 'tp_ep': True}, 'inference': {'replica_count': 1, 'moe_dp': 1}}
512	101.970554	nan	nan	0.009807	6.861550e+18	6.728953e+16	3.118694e+14	0.421410	False	0.000000	422.626697	{'tp': 64, 'cp': 2, 'pp': 1, 'mb': 1, 'tp_sp': True, 'train': {'dp': 4, 'ep': 1, 'tp_ep': True}, 'inference': {'replica_count': 1, 'moe_dp': 1}}
2048	51.827438	nan	nan	0.019295	6.861550e+18	1.323922e+17	3.118694e+14	0.207281	False	0.000000	117.253830	{'tp': 16, 'cp': 2, 'pp': 16, 'mb': 16, 'tp_sp': True, 'train': {'dp': 4, 'ep': 1, 'tp_ep': True}, 'inference': {'replica_count': 1, 'moe_dp': 1}}
2048	96.789971	nan	nan	0.010332	6.861550e+18	7.089113e+16	3.118694e+14	0.110991	False	0.000000	107.128829	{'tp': 8, 'cp': 2, 'pp': 32, 'mb': 32, 'tp_sp': True, 'train': {'dp': 4, 'ep': 1, 'tp_ep': True}, 'inference': {'replica_count': 1, 'moe_dp': 1}}
2048	53.878112	nan	nan	0.018560	6.861550e+18	1.273532e+17	3.118694e+14	0.199392	False	0.000000	205.889098	{'tp': 32, 'cp': 2, 'pp': 8, 'mb': 8, 'tp_sp': True, 'train': {'dp': 4, 'ep': 1, 'tp_ep': True}, 'inference': {'replica_count': 1, 'moe_dp': 1}}
128	360.635667	nan	nan	0.002773	6.861550e+18	1.902627e+16	3.118694e+14	0.476618	True	149.722290	108.367422	{'tp': 4, 'cp': 2, 'pp': 2, 'mb': 2, 'tp_sp': True, 'train': {'dp': 8, 'ep': 1, 'tp_ep': True}, 'inference': {'replica_count': 1, 'moe_dp': 1}}
128	412.365930	nan	nan	0.002425	6.861550e+18	1.663947e+16	3.118694e+14	0.416828	True	154.562378	72.636616	{'tp': 2, 'cp': 2, 'pp': 4, 'mb': 4, 'tp_sp': True, 'train': {'dp': 8, 'ep': 1, 'tp_ep': True}, 'inference': {'replica_count': 1, 'moe_dp': 1}}
256	214.224058	nan	nan	0.004668	6.861550e+18	3.202978e+16	3.118694e+14	0.401182	True	37.785828	63.099216	{'tp': 4, 'cp': 2, 'pp': 4, 'mb': 4, 'tp_sp': True, 'train': {'dp': 8, 'ep': 1, 'tp_ep': True}, 'inference': {'replica_count': 1, 'moe_dp': 1}}
256	190.288625	nan	nan	0.005255	6.861550e+18	3.605865e+16	3.118694e+14	0.451644	True	35.870422	103.403653	{'tp': 8, 'cp': 2, 'pp': 2, 'mb': 2, 'tp_sp': True, 'train': {'dp': 8, 'ep': 1, 'tp_ep': True}, 'inference': {'replica_count': 1, 'moe_dp': 1}}
512	105.141565	nan	nan	0.009511	6.861550e+18	6.526011e+16	3.118694e+14	0.408700	False	0.000000	101.452992	{'tp': 16, 'cp': 2, 'pp': 2, 'mb': 2, 'tp_sp': True, 'train': {'dp': 8, 'ep': 1, 'tp_ep': True}, 'inference': {'replica_count': 1, 'moe_dp': 1}}
128	249.648557	nan	nan	0.004006	6.861550e+18	2.748484e+16	3.118694e+14	0.688510	True	150.578857	184.500317	{'tp': 8, 'cp': 2, 'pp': 1, 'mb': 1, 'tp_sp': True, 'train': {'dp': 8, 'ep': 1, 'tp_ep': True}, 'inference': {'replica_count': 1, 'moe_dp': 1}}
1024	62.540439	nan	nan	0.015990	6.861550e+18	1.097138e+17	3.118694e+14	0.343549	False	0.000000	127.166962	{'tp': 32, 'cp': 2, 'pp': 2, 'mb': 2, 'tp_sp': True, 'train': {'dp': 8, 'ep': 1, 'tp_ep': True}, 'inference': {'replica_count': 1, 'moe_dp': 1}}
256	136.183460	nan	nan	0.007343	6.861550e+18	5.038461e+16	3.118694e+14	0.631081	True	37.307983	176.893498	{'tp': 16, 'cp': 2, 'pp': 1, 'mb': 1, 'tp_sp': True, 'train': {'dp': 8, 'ep': 1, 'tp_ep': True}, 'inference': {'replica_count': 1, 'moe_dp': 1}}
512	79.417586	nan	nan	0.012592	6.861550e+18	8.639837e+16	3.118694e+14	0.541082	False	0.000000	187.645373	{'tp': 32, 'cp': 2, 'pp': 1, 'mb': 1, 'tp_sp': True, 'train': {'dp': 8, 'ep': 1, 'tp_ep': True}, 'inference': {'replica_count': 1, 'moe_dp': 1}}
512	115.362601	nan	nan	0.008668	6.861550e+18	5.947812e+16	3.118694e+14	0.372490	False	0.000000	64.651319	{'tp': 8, 'cp': 2, 'pp': 4, 'mb': 4, 'tp_sp': True, 'train': {'dp': 8, 'ep': 1, 'tp_ep': True}, 'inference': {'replica_count': 1, 'moe_dp': 1}}
4096	71.957004	nan	nan	0.013897	6.861550e+18	9.535625e+16	3.118694e+14	0.074648	False	0.000000	221.083298	{'tp': 16, 'cp': 2, 'pp': 32, 'mb': 32, 'tp_sp': True, 'train': {'dp': 4, 'ep': 1, 'tp_ep': True}, 'inference': {'replica_count': 1, 'moe_dp': 1}}
128	435.534527	nan	nan	0.002296	6.861550e+18	1.575432e+16	3.118694e+14	0.394654	True	158.705688	55.781921	{'tp': 1, 'cp': 2, 'pp': 8, 'mb': 8, 'tp_sp': True, 'train': {'dp': 8, 'ep': 1, 'tp_ep': True}, 'inference': {'replica_count': 1, 'moe_dp': 1}}
1024	65.947089	nan	nan	0.015164	6.861550e+18	1.040463e+17	3.118694e+14	0.325802	False	0.000000	71.108751	{'tp': 16, 'cp': 2, 'pp': 4, 'mb': 4, 'tp_sp': True, 'train': {'dp': 8, 'ep': 1, 'tp_ep': True}, 'inference': {'replica_count': 1, 'moe_dp': 1}}
256	223.807350	nan	nan	0.004468	6.861550e+18	3.065829e+16	3.118694e+14	0.384003	True	39.605164	48.042753	{'tp': 2, 'cp': 2, 'pp': 8, 'mb': 8, 'tp_sp': True, 'train': {'dp': 8, 'ep': 1, 'tp_ep': True}, 'inference': {'replica_count': 1, 'moe_dp': 1}}
512	119.079720	nan	nan	0.008398	6.861550e+18	5.762148e+16	3.118694e+14	0.360862	False	0.000000	46.310925	{'tp': 4, 'cp': 2, 'pp': 8, 'mb': 8, 'tp_sp': True, 'train': {'dp': 8, 'ep': 1, 'tp_ep': True}, 'inference': {'replica_count': 1, 'moe_dp': 1}}
1024	66.817438	nan	nan	0.014966	6.861550e+18	1.026910e+17	3.118694e+14	0.321558	False	0.000000	50.169846	{'tp': 8, 'cp': 2, 'pp': 8, 'mb': 8, 'tp_sp': True, 'train': {'dp': 8, 'ep': 1, 'tp_ep': True}, 'inference': {'replica_count': 1, 'moe_dp': 1}}
256	450.613396	nan	nan	0.002219	6.861550e+18	1.522713e+16	3.118694e+14	0.190724	True	45.893188	59.060274	{'tp': 1, 'cp': 2, 'pp': 16, 'mb': 16, 'tp_sp': True, 'train': {'dp': 8, 'ep': 1, 'tp_ep': True}, 'inference': {'replica_count': 1, 'moe_dp': 1}}
512	235.066278	nan	nan	0.004254	6.861550e+18	2.918985e+16	3.118694e+14	0.182805	False	0.000000	52.597189	{'tp': 2, 'cp': 2, 'pp': 16, 'mb': 16, 'tp_sp': True, 'train': {'dp': 8, 'ep': 1, 'tp_ep': True}, 'inference': {'replica_count': 1, 'moe_dp': 1}}
1024	51.179423	nan	nan	0.019539	6.861550e+18	1.340685e+17	3.118694e+14	0.419811	False	0.000000	253.633483	{'tp': 64, 'cp': 2, 'pp': 1, 'mb': 1, 'tp_sp': True, 'train': {'dp': 8, 'ep': 1, 'tp_ep': True}, 'inference': {'replica_count': 1, 'moe_dp': 1}}
1024	130.290819	nan	nan	0.007675	6.861550e+18	5.266334e+16	3.118694e+14	0.164906	False	0.000000	54.481603	{'tp': 4, 'cp': 2, 'pp': 16, 'mb': 16, 'tp_sp': True, 'train': {'dp': 8, 'ep': 1, 'tp_ep': True}, 'inference': {'replica_count': 1, 'moe_dp': 1}}
2048	41.216777	nan	nan	0.024262	6.861550e+18	1.664747e+17	3.118694e+14	0.260643	False	0.000000	123.159178	{'tp': 32, 'cp': 2, 'pp': 4, 'mb': 4, 'tp_sp': True, 'train': {'dp': 8, 'ep': 1, 'tp_ep': True}, 'inference': {'replica_count': 1, 'moe_dp': 1}}
2048	40.652212	nan	nan	0.024599	6.861550e+18	1.687866e+17	3.118694e+14	0.264262	False	0.000000	75.560742	{'tp': 16, 'cp': 2, 'pp': 8, 'mb': 8, 'tp_sp': True, 'train': {'dp': 8, 'ep': 1, 'tp_ep': True}, 'inference': {'replica_count': 1, 'moe_dp': 1}}
2048	78.004629	nan	nan	0.012820	6.861550e+18	8.796337e+16	3.118694e+14	0.137721	False	0.000000	70.549300	{'tp': 8, 'cp': 2, 'pp': 16, 'mb': 16, 'tp_sp': True, 'train': {'dp': 8, 'ep': 1, 'tp_ep': True}, 'inference': {'replica_count': 1, 'moe_dp': 1}}
512	457.762807	nan	nan	0.002185	6.861550e+18	1.498931e+16	3.118694e+14	0.093873	False	0.000000	61.752648	{'tp': 1, 'cp': 2, 'pp': 32, 'mb': 32, 'tp_sp': True, 'train': {'dp': 8, 'ep': 1, 'tp_ep': True}, 'inference': {'replica_count': 1, 'moe_dp': 1}}
1024	245.532815	nan	nan	0.004073	6.861550e+18	2.794555e+16	3.118694e+14	0.087506	False	0.000000	61.189534	{'tp': 2, 'cp': 2, 'pp': 32, 'mb': 32, 'tp_sp': True, 'train': {'dp': 8, 'ep': 1, 'tp_ep': True}, 'inference': {'replica_count': 1, 'moe_dp': 1}}
4096	39.333240	nan	nan	0.025424	6.861550e+18	1.744466e+17	3.118694e+14	0.136562	False	0.000000	362.954105	{'tp': 32, 'cp': 2, 'pp': 16, 'mb': 16, 'tp_sp': True, 'train': {'dp': 4, 'ep': 1, 'tp_ep': True}, 'inference': {'replica_count': 1, 'moe_dp': 1}}
2048	146.149923	nan	nan	0.006842	6.861550e+18	4.694871e+16	3.118694e+14	0.073506	False	0.000000	70.301722	{'tp': 4, 'cp': 2, 'pp': 32, 'mb': 32, 'tp_sp': True, 'train': {'dp': 8, 'ep': 1, 'tp_ep': True}, 'inference': {'replica_count': 1, 'moe_dp': 1}}
4096	51.827438	nan	nan	0.019295	6.861550e+18	1.323922e+17	3.118694e+14	0.103641	False	0.000000	120.016540	{'tp': 16, 'cp': 2, 'pp': 16, 'mb': 16, 'tp_sp': True, 'train': {'dp': 8, 'ep': 1, 'tp_ep': True}, 'inference': {'replica_count': 1, 'moe_dp': 1}}
256	180.833990	nan	nan	0.005530	6.861550e+18	3.794392e+16	3.118694e+14	0.475258	True	129.355286	63.474255	{'tp': 4, 'cp': 2, 'pp': 2, 'mb': 2, 'tp_sp': True, 'train': {'dp': 16, 'ep': 1, 'tp_ep': True}, 'inference': {'replica_count': 1, 'moe_dp': 1}}
512	95.523860	nan	nan	0.010469	6.861550e+18	7.183075e+16	3.118694e+14	0.449850	True	25.182281	59.985222	{'tp': 8, 'cp': 2, 'pp': 2, 'mb': 2, 'tp_sp': True, 'train': {'dp': 16, 'ep': 1, 'tp_ep': True}, 'inference': {'replica_count': 1, 'moe_dp': 1}}
256	125.065906	nan	nan	0.007996	6.861550e+18	5.486347e+16	3.118694e+14	0.687180	True	129.294312	98.182280	{'tp': 8, 'cp': 2, 'pp': 1, 'mb': 1, 'tp_sp': True, 'train': {'dp': 16, 'ep': 1, 'tp_ep': True}, 'inference': {'replica_count': 1, 'moe_dp': 1}}
128	351.815813	nan	nan	0.002842	6.861550e+18	1.950325e+16	3.118694e+14	0.488567	True	337.701294	70.488269	{'tp': 2, 'cp': 2, 'pp': 2, 'mb': 2, 'tp_sp': True, 'train': {'dp': 16, 'ep': 1, 'tp_ep': True}, 'inference': {'replica_count': 1, 'moe_dp': 1}}
512	68.302813	nan	nan	0.014641	6.861550e+18	1.004578e+17	3.118694e+14	0.629131	True	25.656433	98.587342	{'tp': 16, 'cp': 2, 'pp': 1, 'mb': 1, 'tp_sp': True, 'train': {'dp': 16, 'ep': 1, 'tp_ep': True}, 'inference': {'replica_count': 1, 'moe_dp': 1}}
2048	41.329840	nan	nan	0.024196	6.861550e+18	1.660193e+17	3.118694e+14	0.259930	False	0.000000	301.153807	{'tp': 64, 'cp': 2, 'pp': 2, 'mb': 2, 'tp_sp': True, 'train': {'dp': 8, 'ep': 1, 'tp_ep': True}, 'inference': {'replica_count': 1, 'moe_dp': 1}}
4096	96.554759	nan	nan	0.010357	6.861550e+18	7.106382e+16	3.118694e+14	0.055631	False	0.000000	105.098510	{'tp': 8, 'cp': 2, 'pp': 32, 'mb': 32, 'tp_sp': True, 'train': {'dp': 8, 'ep': 1, 'tp_ep': True}, 'inference': {'replica_count': 1, 'moe_dp': 1}}
128	238.627374	nan	nan	0.004191	6.861550e+18	2.875425e+16	3.118694e+14	0.720310	True	336.570068	107.595762	{'tp': 4, 'cp': 2, 'pp': 1, 'mb': 1, 'tp_sp': True, 'train': {'dp': 16, 'ep': 1, 'tp_ep': True}, 'inference': {'replica_count': 1, 'moe_dp': 1}}
1024	39.902869	nan	nan	0.025061	6.861550e+18	1.719563e+17	3.118694e+14	0.538450	False	0.000000	107.894834	{'tp': 32, 'cp': 2, 'pp': 1, 'mb': 1, 'tp_sp': True, 'train': {'dp': 16, 'ep': 1, 'tp_ep': True}, 'inference': {'replica_count': 1, 'moe_dp': 1}}
4096	31.194519	nan	nan	0.032057	6.861550e+18	2.199601e+17	3.118694e+14	0.172191	False	0.000000	186.135785	{'tp': 32, 'cp': 2, 'pp': 8, 'mb': 8, 'tp_sp': True, 'train': {'dp': 8, 'ep': 1, 'tp_ep': True}, 'inference': {'replica_count': 1, 'moe_dp': 1}}
1024	52.881928	nan	nan	0.018910	6.861550e+18	1.297523e+17	3.118694e+14	0.406296	False	0.000000	64.440047	{'tp': 16, 'cp': 2, 'pp': 2, 'mb': 2, 'tp_sp': True, 'train': {'dp': 16, 'ep': 1, 'tp_ep': True}, 'inference': {'replica_count': 1, 'moe_dp': 1}}
512	107.751513	nan	nan	0.009281	6.861550e+18	6.367939e+16	3.118694e+14	0.398801	True	27.371429	41.071057	{'tp': 4, 'cp': 2, 'pp': 4, 'mb': 4, 'tp_sp': True, 'train': {'dp': 16, 'ep': 1, 'tp_ep': True}, 'inference': {'replica_count': 1, 'moe_dp': 1}}
1024	58.218120	nan	nan	0.017177	6.861550e+18	1.178594e+17	3.118694e+14	0.369055	False	0.000000	42.752741	{'tp': 8, 'cp': 2, 'pp': 4, 'mb': 4, 'tp_sp': True, 'train': {'dp': 16, 'ep': 1, 'tp_ep': True}, 'inference': {'replica_count': 1, 'moe_dp': 1}}
256	207.010809	nan	nan	0.004831	6.861550e+18	3.314585e+16	3.118694e+14	0.415161	True	134.238220	46.491018	{'tp': 2, 'cp': 2, 'pp': 4, 'mb': 4, 'tp_sp': True, 'train': {'dp': 16, 'ep': 1, 'tp_ep': True}, 'inference': {'replica_count': 1, 'moe_dp': 1}}
128	405.971668	nan	nan	0.002463	6.861550e+18	1.690155e+16	3.118694e+14	0.423393	True	347.971802	55.416506	{'tp': 1, 'cp': 2, 'pp': 4, 'mb': 4, 'tp_sp': True, 'train': {'dp': 16, 'ep': 1, 'tp_ep': True}, 'inference': {'replica_count': 1, 'moe_dp': 1}}
2048	33.935377	nan	nan	0.029468	6.861550e+18	2.021946e+17	3.118694e+14	0.316568	False	0.000000	52.172205	{'tp': 16, 'cp': 2, 'pp': 4, 'mb': 4, 'tp_sp': True, 'train': {'dp': 16, 'ep': 1, 'tp_ep': True}, 'inference': {'replica_count': 1, 'moe_dp': 1}}
2048	31.541495	nan	nan	0.031704	6.861550e+18	2.175404e+17	3.118694e+14	0.340594	False	0.000000	86.167563	{'tp': 32, 'cp': 2, 'pp': 2, 'mb': 2, 'tp_sp': True, 'train': {'dp': 16, 'ep': 1, 'tp_ep': True}, 'inference': {'replica_count': 1, 'moe_dp': 1}}
512	223.803033	nan	nan	0.004468	6.861550e+18	3.065888e+16	3.118694e+14	0.192005	True	30.331970	49.407288	{'tp': 2, 'cp': 2, 'pp': 8, 'mb': 8, 'tp_sp': True, 'train': {'dp': 16, 'ep': 1, 'tp_ep': True}, 'inference': {'replica_count': 1, 'moe_dp': 1}}
1024	119.075602	nan	nan	0.008398	6.861550e+18	5.762348e+16	3.118694e+14	0.180437	False	0.000000	46.125024	{'tp': 4, 'cp': 2, 'pp': 8, 'mb': 8, 'tp_sp': True, 'train': {'dp': 16, 'ep': 1, 'tp_ep': True}, 'inference': {'replica_count': 1, 'moe_dp': 1}}
256	435.530882	nan	nan	0.002296	6.861550e+18	1.575445e+16	3.118694e+14	0.197329	True	140.159302	57.196326	{'tp': 1, 'cp': 2, 'pp': 8, 'mb': 8, 'tp_sp': True, 'train': {'dp': 16, 'ep': 1, 'tp_ep': True}, 'inference': {'replica_count': 1, 'moe_dp': 1}}
2048	66.813419	nan	nan	0.014967	6.861550e+18	1.026972e+17	3.118694e+14	0.160789	False	0.000000	51.288386	{'tp': 8, 'cp': 2, 'pp': 8, 'mb': 8, 'tp_sp': True, 'train': {'dp': 16, 'ep': 1, 'tp_ep': True}, 'inference': {'replica_count': 1, 'moe_dp': 1}}
1024	235.066278	nan	nan	0.004254	6.861550e+18	2.918985e+16	3.118694e+14	0.091403	False	0.000000	53.440833	{'tp': 2, 'cp': 2, 'pp': 16, 'mb': 16, 'tp_sp': True, 'train': {'dp': 16, 'ep': 1, 'tp_ep': True}, 'inference': {'replica_count': 1, 'moe_dp': 1}}
512	450.613396	nan	nan	0.002219	6.861550e+18	1.522713e+16	3.118694e+14	0.095362	True	36.253052	58.526552	{'tp': 1, 'cp': 2, 'pp': 16, 'mb': 16, 'tp_sp': True, 'train': {'dp': 16, 'ep': 1, 'tp_ep': True}, 'inference': {'replica_count': 1, 'moe_dp': 1}}
2048	130.290819	nan	nan	0.007675	6.861550e+18	5.266334e+16	3.118694e+14	0.082453	False	0.000000	55.183353	{'tp': 4, 'cp': 2, 'pp': 16, 'mb': 16, 'tp_sp': True, 'train': {'dp': 16, 'ep': 1, 'tp_ep': True}, 'inference': {'replica_count': 1, 'moe_dp': 1}}
2048	25.762874	nan	nan	0.038816	6.861550e+18	2.663348e+17	3.118694e+14	0.416990	False	0.000000	180.767889	{'tp': 64, 'cp': 2, 'pp': 1, 'mb': 1, 'tp_sp': True, 'train': {'dp': 16, 'ep': 1, 'tp_ep': True}, 'inference': {'replica_count': 1, 'moe_dp': 1}}
4096	40.648243	nan	nan	0.024601	6.861550e+18	1.688031e+17	3.118694e+14	0.132144	False	0.000000	75.525042	{'tp': 16, 'cp': 2, 'pp': 8, 'mb': 8, 'tp_sp': True, 'train': {'dp': 16, 'ep': 1, 'tp_ep': True}, 'inference': {'replica_count': 1, 'moe_dp': 1}}
4096	26.613254	nan	nan	0.037575	6.861550e+18	2.578245e+17	3.118694e+14	0.201833	False	0.000000	112.113307	{'tp': 32, 'cp': 2, 'pp': 4, 'mb': 4, 'tp_sp': True, 'train': {'dp': 16, 'ep': 1, 'tp_ep': True}, 'inference': {'replica_count': 1, 'moe_dp': 1}}
1024	457.604320	nan	nan	0.002185	6.861550e+18	1.499450e+16	3.118694e+14	0.046953	False	0.000000	65.853754	{'tp': 1, 'cp': 2, 'pp': 32, 'mb': 32, 'tp_sp': True, 'train': {'dp': 16, 'ep': 1, 'tp_ep': True}, 'inference': {'replica_count': 1, 'moe_dp': 1}}
2048	245.378414	nan	nan	0.004075	6.861550e+18	2.796314e+16	3.118694e+14	0.043781	False	0.000000	65.943554	{'tp': 2, 'cp': 2, 'pp': 32, 'mb': 32, 'tp_sp': True, 'train': {'dp': 16, 'ep': 1, 'tp_ep': True}, 'inference': {'replica_count': 1, 'moe_dp': 1}}
4096	78.004629	nan	nan	0.012820	6.861550e+18	8.796337e+16	3.118694e+14	0.068860	False	0.000000	71.591015	{'tp': 8, 'cp': 2, 'pp': 16, 'mb': 16, 'tp_sp': True, 'train': {'dp': 16, 'ep': 1, 'tp_ep': True}, 'inference': {'replica_count': 1, 'moe_dp': 1}}
256	119.651876	nan	nan	0.008358	6.861550e+18	5.734595e+16	3.118694e+14	0.718274	True	316.294800	62.388850	{'tp': 4, 'cp': 2, 'pp': 1, 'mb': 1, 'tp_sp': True, 'train': {'dp': 32, 'ep': 1, 'tp_ep': True}, 'inference': {'replica_count': 1, 'moe_dp': 1}}
512	62.780567	nan	nan	0.015928	6.861550e+18	1.092942e+17	3.118694e+14	0.684470	True	118.652039	57.959828	{'tp': 8, 'cp': 2, 'pp': 1, 'mb': 1, 'tp_sp': True, 'train': {'dp': 32, 'ep': 1, 'tp_ep': True}, 'inference': {'replica_count': 1, 'moe_dp': 1}}
128	233.635535	nan	nan	0.004280	6.861550e+18	2.936861e+16	3.118694e+14	0.735700	True	711.580322	70.426544	{'tp': 2, 'cp': 2, 'pp': 1, 'mb': 1, 'tp_sp': True, 'train': {'dp': 32, 'ep': 1, 'tp_ep': True}, 'inference': {'replica_count': 1, 'moe_dp': 1}}
4096	146.002695	nan	nan	0.006849	6.861550e+18	4.699605e+16	3.118694e+14	0.036790	False	0.000000	76.272214	{'tp': 4, 'cp': 2, 'pp': 32, 'mb': 32, 'tp_sp': True, 'train': {'dp': 16, 'ep': 1, 'tp_ep': True}, 'inference': {'replica_count': 1, 'moe_dp': 1}}
256	176.535268	nan	nan	0.005665	6.861550e+18	3.886787e+16	3.118694e+14	0.486831	True	317.838928	45.972068	{'tp': 2, 'cp': 2, 'pp': 2, 'mb': 2, 'tp_sp': True, 'train': {'dp': 32, 'ep': 1, 'tp_ep': True}, 'inference': {'replica_count': 1, 'moe_dp': 1}}
1024	34.353669	nan	nan	0.029109	6.861550e+18	1.997327e+17	3.118694e+14	0.625427	True	19.830658	58.814724	{'tp': 16, 'cp': 2, 'pp': 1, 'mb': 1, 'tp_sp': True, 'train': {'dp': 32, 'ep': 1, 'tp_ep': True}, 'inference': {'replica_count': 1, 'moe_dp': 1}}
1024	48.144642	nan	nan	0.020771	6.861550e+18	1.425195e+17	3.118694e+14	0.446274	True	19.838211	38.597307	{'tp': 8, 'cp': 2, 'pp': 2, 'mb': 2, 'tp_sp': True, 'train': {'dp': 32, 'ep': 1, 'tp_ep': True}, 'inference': {'replica_count': 1, 'moe_dp': 1}}
128	347.228908	nan	nan	0.002880	6.861550e+18	1.976088e+16	3.118694e+14	0.495021	True	715.173218	56.716583	{'tp': 1, 'cp': 2, 'pp': 2, 'mb': 2, 'tp_sp': True, 'train': {'dp': 32, 'ep': 1, 'tp_ep': True}, 'inference': {'replica_count': 1, 'moe_dp': 1}}
2048	28.208861	nan	nan	0.035450	6.861550e+18	2.432409e+17	3.118694e+14	0.380832	False	0.000000	42.623304	{'tp': 16, 'cp': 2, 'pp': 2, 'mb': 2, 'tp_sp': True, 'train': {'dp': 32, 'ep': 1, 'tp_ep': True}, 'inference': {'replica_count': 1, 'moe_dp': 1}}
512	90.886139	nan	nan	0.011003	6.861550e+18	7.549611e+16	3.118694e+14	0.472805	True	119.171783	52.410018	{'tp': 4, 'cp': 2, 'pp': 2, 'mb': 2, 'tp_sp': True, 'train': {'dp': 32, 'ep': 1, 'tp_ep': True}, 'inference': {'replica_count': 1, 'moe_dp': 1}}
2048	20.645056	nan	nan	0.048438	6.861550e+18	3.323580e+17	3.118694e+14	0.520359	False	0.000000	69.457270	{'tp': 32, 'cp': 2, 'pp': 1, 'mb': 1, 'tp_sp': True, 'train': {'dp': 32, 'ep': 1, 'tp_ep': True}, 'inference': {'replica_count': 1, 'moe_dp': 1}}
1024	107.750424	nan	nan	0.009281	6.861550e+18	6.368003e+16	3.118694e+14	0.199402	True	22.826569	42.927402	{'tp': 4, 'cp': 2, 'pp': 4, 'mb': 4, 'tp_sp': True, 'train': {'dp': 32, 'ep': 1, 'tp_ep': True}, 'inference': {'replica_count': 1, 'moe_dp': 1}}
512	207.009670	nan	nan	0.004831	6.861550e+18	3.314604e+16	3.118694e+14	0.207582	True	125.148499	47.396191	{'tp': 2, 'cp': 2, 'pp': 4, 'mb': 4, 'tp_sp': True, 'train': {'dp': 32, 'ep': 1, 'tp_ep': True}, 'inference': {'replica_count': 1, 'moe_dp': 1}}
2048	58.217055	nan	nan	0.017177	6.861550e+18	1.178615e+17	3.118694e+14	0.184531	False	0.000000	43.203998	{'tp': 8, 'cp': 2, 'pp': 4, 'mb': 4, 'tp_sp': True, 'train': {'dp': 32, 'ep': 1, 'tp_ep': True}, 'inference': {'replica_count': 1, 'moe_dp': 1}}
256	405.970945	nan	nan	0.002463	6.861550e+18	1.690158e+16	3.118694e+14	0.211697	True	329.792358	57.170491	{'tp': 1, 'cp': 2, 'pp': 4, 'mb': 4, 'tp_sp': True, 'train': {'dp': 32, 'ep': 1, 'tp_ep': True}, 'inference': {'replica_count': 1, 'moe_dp': 1}}
4096	22.670725	nan	nan	0.044110	6.861550e+18	3.026613e+17	3.118694e+14	0.236932	False	0.000000	66.255741	{'tp': 32, 'cp': 2, 'pp': 2, 'mb': 2, 'tp_sp': True, 'train': {'dp': 32, 'ep': 1, 'tp_ep': True}, 'inference': {'replica_count': 1, 'moe_dp': 1}}
4096	31.749217	nan	nan	0.031497	6.861550e+18	2.161171e+17	3.118694e+14	0.169183	False	0.000000	412.483834	{'tp': 64, 'cp': 2, 'pp': 4, 'mb': 4, 'tp_sp': True, 'train': {'dp': 8, 'ep': 1, 'tp_ep': True}, 'inference': {'replica_count': 1, 'moe_dp': 1}}
4096	33.908633	nan	nan	0.029491	6.861550e+18	2.023541e+17	3.118694e+14	0.158409	False	0.000000	52.271993	{'tp': 16, 'cp': 2, 'pp': 4, 'mb': 4, 'tp_sp': True, 'train': {'dp': 32, 'ep': 1, 'tp_ep': True}, 'inference': {'replica_count': 1, 'moe_dp': 1}}
2048	119.073655	nan	nan	0.008398	6.861550e+18	5.762442e+16	3.118694e+14	0.090220	False	0.000000	47.933685	{'tp': 4, 'cp': 2, 'pp': 8, 'mb': 8, 'tp_sp': True, 'train': {'dp': 32, 'ep': 1, 'tp_ep': True}, 'inference': {'replica_count': 1, 'moe_dp': 1}}
1024	223.801018	nan	nan	0.004468	6.861550e+18	3.065916e+16	3.118694e+14	0.096004	True	25.695374	50.202292	{'tp': 2, 'cp': 2, 'pp': 8, 'mb': 8, 'tp_sp': True, 'train': {'dp': 32, 'ep': 1, 'tp_ep': True}, 'inference': {'replica_count': 1, 'moe_dp': 1}}
512	435.529214	nan	nan	0.002296	6.861550e+18	1.575451e+16	3.118694e+14	0.098665	True	130.886108	58.330724	{'tp': 1, 'cp': 2, 'pp': 8, 'mb': 8, 'tp_sp': True, 'train': {'dp': 32, 'ep': 1, 'tp_ep': True}, 'inference': {'replica_count': 1, 'moe_dp': 1}}
4096	66.811507	nan	nan	0.014967	6.861550e+18	1.027001e+17	3.118694e+14	0.080397	False	0.000000	52.103134	{'tp': 8, 'cp': 2, 'pp': 8, 'mb': 8, 'tp_sp': True, 'train': {'dp': 32, 'ep': 1, 'tp_ep': True}, 'inference': {'replica_count': 1, 'moe_dp': 1}}
4096	25.678657	nan	nan	0.038943	6.861550e+18	2.672083e+17	3.118694e+14	0.209179	False	0.000000	235.636227	{'tp': 64, 'cp': 2, 'pp': 2, 'mb': 2, 'tp_sp': True, 'train': {'dp': 16, 'ep': 1, 'tp_ep': True}, 'inference': {'replica_count': 1, 'moe_dp': 1}}
2048	235.066278	nan	nan	0.004254	6.861550e+18	2.918985e+16	3.118694e+14	0.045701	False	0.000000	57.661598	{'tp': 2, 'cp': 2, 'pp': 16, 'mb': 16, 'tp_sp': True, 'train': {'dp': 32, 'ep': 1, 'tp_ep': True}, 'inference': {'replica_count': 1, 'moe_dp': 1}}
4096	130.290819	nan	nan	0.007675	6.861550e+18	5.266334e+16	3.118694e+14	0.041226	False	0.000000	58.513590	{'tp': 4, 'cp': 2, 'pp': 16, 'mb': 16, 'tp_sp': True, 'train': {'dp': 32, 'ep': 1, 'tp_ep': True}, 'inference': {'replica_count': 1, 'moe_dp': 1}}
256	117.229703	nan	nan	0.008530	6.861550e+18	5.853082e+16	3.118694e+14	0.733114	True	691.809692	45.507342	{'tp': 2, 'cp': 2, 'pp': 1, 'mb': 1, 'tp_sp': True, 'train': {'dp': 64, 'ep': 1, 'tp_ep': True}, 'inference': {'replica_count': 1, 'moe_dp': 1}}
512	60.133392	nan	nan	0.016630	6.861550e+18	1.141055e+17	3.118694e+14	0.714601	True	306.157166	40.649309	{'tp': 4, 'cp': 2, 'pp': 1, 'mb': 1, 'tp_sp': True, 'train': {'dp': 64, 'ep': 1, 'tp_ep': True}, 'inference': {'replica_count': 1, 'moe_dp': 1}}
1024	31.640614	nan	nan	0.031605	6.861550e+18	2.168589e+17	3.118694e+14	0.679054	True	113.330902	37.250947	{'tp': 8, 'cp': 2, 'pp': 1, 'mb': 1, 'tp_sp': True, 'train': {'dp': 64, 'ep': 1, 'tp_ep': True}, 'inference': {'replica_count': 1, 'moe_dp': 1}}
128	231.019248	nan	nan	0.004329	6.861550e+18	2.970121e+16	3.118694e+14	0.744031	True	1463.280331	58.153793	{'tp': 1, 'cp': 2, 'pp': 1, 'mb': 1, 'tp_sp': True, 'train': {'dp': 64, 'ep': 1, 'tp_ep': True}, 'inference': {'replica_count': 1, 'moe_dp': 1}}
4096	18.769516	nan	nan	0.053278	6.861550e+18	3.655688e+17	3.118694e+14	0.286178	False	0.000000	139.990837	{'tp': 64, 'cp': 2, 'pp': 1, 'mb': 1, 'tp_sp': True, 'train': {'dp': 32, 'ep': 1, 'tp_ep': True}, 'inference': {'replica_count': 1, 'moe_dp': 1}}
2048	19.313410	nan	nan	0.051777	6.861550e+18	3.552739e+17	3.118694e+14	0.556238	True	16.917770	38.227002	{'tp': 16, 'cp': 2, 'pp': 1, 'mb': 1, 'tp_sp': True, 'train': {'dp': 64, 'ep': 1, 'tp_ep': True}, 'inference': {'replica_count': 1, 'moe_dp': 1}}
1024	450.613396	nan	nan	0.002219	6.861550e+18	1.522713e+16	3.118694e+14	0.047681	True	31.432983	79.002242	{'tp': 1, 'cp': 2, 'pp': 16, 'mb': 16, 'tp_sp': True, 'train': {'dp': 32, 'ep': 1, 'tp_ep': True}, 'inference': {'replica_count': 1, 'moe_dp': 1}}
2048	457.506435	nan	nan	0.002186	6.861550e+18	1.499771e+16	3.118694e+14	0.023481	False	0.000000	74.404250	{'tp': 1, 'cp': 2, 'pp': 32, 'mb': 32, 'tp_sp': True, 'train': {'dp': 32, 'ep': 1, 'tp_ep': True}, 'inference': {'replica_count': 1, 'moe_dp': 1}}
4096	245.283195	nan	nan	0.004077	6.861550e+18	2.797399e+16	3.118694e+14	0.021899	False	0.000000	74.516380	{'tp': 2, 'cp': 2, 'pp': 32, 'mb': 32, 'tp_sp': True, 'train': {'dp': 32, 'ep': 1, 'tp_ep': True}, 'inference': {'replica_count': 1, 'moe_dp': 1}}
4096	17.385801	nan	nan	0.057518	6.861550e+18	3.946640e+17	3.118694e+14	0.308955	False	0.000000	50.546617	{'tp': 32, 'cp': 2, 'pp': 1, 'mb': 1, 'tp_sp': True, 'train': {'dp': 64, 'ep': 1, 'tp_ep': True}, 'inference': {'replica_count': 1, 'moe_dp': 1}}
1024	90.885844	nan	nan	0.011003	6.861550e+18	7.549636e+16	3.118694e+14	0.236403	True	114.742371	41.220267	{'tp': 4, 'cp': 2, 'pp': 2, 'mb': 2, 'tp_sp': True, 'train': {'dp': 64, 'ep': 1, 'tp_ep': True}, 'inference': {'replica_count': 1, 'moe_dp': 1}}
512	176.534961	nan	nan	0.005665	6.861550e+18	3.886794e+16	3.118694e+14	0.243416	True	308.980103	47.379153	{'tp': 2, 'cp': 2, 'pp': 2, 'mb': 2, 'tp_sp': True, 'train': {'dp': 64, 'ep': 1, 'tp_ep': True}, 'inference': {'replica_count': 1, 'moe_dp': 1}}
2048	48.144354	nan	nan	0.020771	6.861550e+18	1.425204e+17	3.118694e+14	0.223138	True	17.623505	40.448484	{'tp': 8, 'cp': 2, 'pp': 2, 'mb': 2, 'tp_sp': True, 'train': {'dp': 64, 'ep': 1, 'tp_ep': True}, 'inference': {'replica_count': 1, 'moe_dp': 1}}
256	347.228576	nan	nan	0.002880	6.861550e+18	1.976090e+16	3.118694e+14	0.247511	True	697.455566	57.138846	{'tp': 1, 'cp': 2, 'pp': 2, 'mb': 2, 'tp_sp': True, 'train': {'dp': 64, 'ep': 1, 'tp_ep': True}, 'inference': {'replica_count': 1, 'moe_dp': 1}}
4096	28.196760	nan	nan	0.035465	6.861550e+18	2.433453e+17	3.118694e+14	0.190498	False	0.000000	42.930185	{'tp': 16, 'cp': 2, 'pp': 2, 'mb': 2, 'tp_sp': True, 'train': {'dp': 64, 'ep': 1, 'tp_ep': True}, 'inference': {'replica_count': 1, 'moe_dp': 1}}
2048	107.748436	nan	nan	0.009281	6.861550e+18	6.368120e+16	3.118694e+14	0.099703	True	20.554138	44.693928	{'tp': 4, 'cp': 2, 'pp': 4, 'mb': 4, 'tp_sp': True, 'train': {'dp': 64, 'ep': 1, 'tp_ep': True}, 'inference': {'replica_count': 1, 'moe_dp': 1}}
4096	58.215111	nan	nan	0.017178	6.861550e+18	1.178654e+17	3.118694e+14	0.092269	False	0.000000	45.849419	{'tp': 8, 'cp': 2, 'pp': 4, 'mb': 4, 'tp_sp': True, 'train': {'dp': 64, 'ep': 1, 'tp_ep': True}, 'inference': {'replica_count': 1, 'moe_dp': 1}}
1024	207.007595	nan	nan	0.004831	6.861550e+18	3.314637e+16	3.118694e+14	0.103792	True	120.603638	48.743357	{'tp': 2, 'cp': 2, 'pp': 4, 'mb': 4, 'tp_sp': True, 'train': {'dp': 64, 'ep': 1, 'tp_ep': True}, 'inference': {'replica_count': 1, 'moe_dp': 1}}
512	405.969628	nan	nan	0.002463	6.861550e+18	1.690163e+16	3.118694e+14	0.105849	True	320.702637	60.271015	{'tp': 1, 'cp': 2, 'pp': 4, 'mb': 4, 'tp_sp': True, 'train': {'dp': 64, 'ep': 1, 'tp_ep': True}, 'inference': {'replica_count': 1, 'moe_dp': 1}}
2048	223.801018	nan	nan	0.004468	6.861550e+18	3.065916e+16	3.118694e+14	0.048002	True	23.377075	53.993592	{'tp': 2, 'cp': 2, 'pp': 8, 'mb': 8, 'tp_sp': True, 'train': {'dp': 64, 'ep': 1, 'tp_ep': True}, 'inference': {'replica_count': 1, 'moe_dp': 1}}
1024	435.529214	nan	nan	0.002296	6.861550e+18	1.575451e+16	3.118694e+14	0.049332	True	126.249512	63.170860	{'tp': 1, 'cp': 2, 'pp': 8, 'mb': 8, 'tp_sp': True, 'train': {'dp': 64, 'ep': 1, 'tp_ep': True}, 'inference': {'replica_count': 1, 'moe_dp': 1}}
4096	119.073655	nan	nan	0.008398	6.861550e+18	5.762442e+16	3.118694e+14	0.045110	False	0.000000	62.337758	{'tp': 4, 'cp': 2, 'pp': 8, 'mb': 8, 'tp_sp': True, 'train': {'dp': 64, 'ep': 1, 'tp_ep': True}, 'inference': {'replica_count': 1, 'moe_dp': 1}}
1024	60.133314	nan	nan	0.016630	6.861550e+18	1.141056e+17	3.118694e+14	0.357301	True	301.750687	42.684134	{'tp': 4, 'cp': 2, 'pp': 1, 'mb': 1, 'tp_sp': True, 'train': {'dp': 128, 'ep': 1, 'tp_ep': True}, 'inference': {'replica_count': 1, 'moe_dp': 1}}
512	117.229622	nan	nan	0.008530	6.861550e+18	5.853086e+16	3.118694e+14	0.366557	True	682.996735	47.999826	{'tp': 2, 'cp': 2, 'pp': 1, 'mb': 1, 'tp_sp': True, 'train': {'dp': 128, 'ep': 1, 'tp_ep': True}, 'inference': {'replica_count': 1, 'moe_dp': 1}}
2048	31.640538	nan	nan	0.031605	6.861550e+18	2.168595e+17	3.118694e+14	0.339528	True	111.127663	40.511589	{'tp': 8, 'cp': 2, 'pp': 1, 'mb': 1, 'tp_sp': True, 'train': {'dp': 128, 'ep': 1, 'tp_ep': True}, 'inference': {'replica_count': 1, 'moe_dp': 1}}
4096	235.066278	nan	nan	0.004254	6.861550e+18	2.918985e+16	3.118694e+14	0.022851	False	0.000000	64.213745	{'tp': 2, 'cp': 2, 'pp': 16, 'mb': 16, 'tp_sp': True, 'train': {'dp': 64, 'ep': 1, 'tp_ep': True}, 'inference': {'replica_count': 1, 'moe_dp': 1}}
4096	19.308630	nan	nan	0.051790	6.861550e+18	3.553618e+17	3.118694e+14	0.278188	True	15.816151	41.646382	{'tp': 16, 'cp': 2, 'pp': 1, 'mb': 1, 'tp_sp': True, 'train': {'dp': 128, 'ep': 1, 'tp_ep': True}, 'inference': {'replica_count': 1, 'moe_dp': 1}}
256	231.019161	nan	nan	0.004329	6.861550e+18	2.970122e+16	3.118694e+14	0.372016	True	1445.654415	59.889622	{'tp': 1, 'cp': 2, 'pp': 1, 'mb': 1, 'tp_sp': True, 'train': {'dp': 128, 'ep': 1, 'tp_ep': True}, 'inference': {'replica_count': 1, 'moe_dp': 1}}
2048	450.613396	nan	nan	0.002219	6.861550e+18	1.522713e+16	3.118694e+14	0.023841	True	29.022949	71.041067	{'tp': 1, 'cp': 2, 'pp': 16, 'mb': 16, 'tp_sp': True, 'train': {'dp': 64, 'ep': 1, 'tp_ep': True}, 'inference': {'replica_count': 1, 'moe_dp': 1}}
2048	90.885282	nan	nan	0.011003	6.861550e+18	7.549682e+16	3.118694e+14	0.118202	True	112.527664	46.179906	{'tp': 4, 'cp': 2, 'pp': 2, 'mb': 2, 'tp_sp': True, 'train': {'dp': 128, 'ep': 1, 'tp_ep': True}, 'inference': {'replica_count': 1, 'moe_dp': 1}}
1024	176.534376	nan	nan	0.005665	6.861550e+18	3.886807e+16	3.118694e+14	0.121708	True	304.550690	51.102130	{'tp': 2, 'cp': 2, 'pp': 2, 'mb': 2, 'tp_sp': True, 'train': {'dp': 128, 'ep': 1, 'tp_ep': True}, 'inference': {'replica_count': 1, 'moe_dp': 1}}
4096	48.143802	nan	nan	0.020771	6.861550e+18	1.425220e+17	3.118694e+14	0.111570	True	16.516151	45.000561	{'tp': 8, 'cp': 2, 'pp': 2, 'mb': 2, 'tp_sp': True, 'train': {'dp': 128, 'ep': 1, 'tp_ep': True}, 'inference': {'replica_count': 1, 'moe_dp': 1}}
512	347.227948	nan	nan	0.002880	6.861550e+18	1.976094e+16	3.118694e+14	0.123756	True	688.596741	61.580655	{'tp': 1, 'cp': 2, 'pp': 2, 'mb': 2, 'tp_sp': True, 'train': {'dp': 128, 'ep': 1, 'tp_ep': True}, 'inference': {'replica_count': 1, 'moe_dp': 1}}
4096	457.453819	nan	nan	0.002186	6.861550e+18	1.499944e+16	3.118694e+14	0.011742	False	0.000000	91.435820	{'tp': 1, 'cp': 2, 'pp': 32, 'mb': 32, 'tp_sp': True, 'train': {'dp': 64, 'ep': 1, 'tp_ep': True}, 'inference': {'replica_count': 1, 'moe_dp': 1}}
2048	207.006219	nan	nan	0.004831	6.861550e+18	3.314659e+16	3.118694e+14	0.051896	True	118.331207	53.800656	{'tp': 2, 'cp': 2, 'pp': 4, 'mb': 4, 'tp_sp': True, 'train': {'dp': 128, 'ep': 1, 'tp_ep': True}, 'inference': {'replica_count': 1, 'moe_dp': 1}}
1024	405.968754	nan	nan	0.002463	6.861550e+18	1.690167e+16	3.118694e+14	0.052925	True	316.157776	63.692617	{'tp': 1, 'cp': 2, 'pp': 4, 'mb': 4, 'tp_sp': True, 'train': {'dp': 128, 'ep': 1, 'tp_ep': True}, 'inference': {'replica_count': 1, 'moe_dp': 1}}
2048	60.133148	nan	nan	0.016630	6.861550e+18	1.141060e+17	3.118694e+14	0.178651	True	299.547447	48.380372	{'tp': 4, 'cp': 2, 'pp': 1, 'mb': 1, 'tp_sp': True, 'train': {'dp': 256, 'ep': 1, 'tp_ep': True}, 'inference': {'replica_count': 1, 'moe_dp': 1}}
4096	31.640375	nan	nan	0.031605	6.861550e+18	2.168606e+17	3.118694e+14	0.169765	True	110.026043	45.741194	{'tp': 8, 'cp': 2, 'pp': 1, 'mb': 1, 'tp_sp': True, 'train': {'dp': 256, 'ep': 1, 'tp_ep': True}, 'inference': {'replica_count': 1, 'moe_dp': 1}}
1024	117.229451	nan	nan	0.008530	6.861550e+18	5.853094e+16	3.118694e+14	0.183279	True	678.590256	54.129038	{'tp': 2, 'cp': 2, 'pp': 1, 'mb': 1, 'tp_sp': True, 'train': {'dp': 256, 'ep': 1, 'tp_ep': True}, 'inference': {'replica_count': 1, 'moe_dp': 1}}
4096	223.801018	nan	nan	0.004468	6.861550e+18	3.065916e+16	3.118694e+14	0.024001	True	22.217926	62.073628	{'tp': 2, 'cp': 2, 'pp': 8, 'mb': 8, 'tp_sp': True, 'train': {'dp': 128, 'ep': 1, 'tp_ep': True}, 'inference': {'replica_count': 1, 'moe_dp': 1}}
512	231.018979	nan	nan	0.004329	6.861550e+18	2.970124e+16	3.118694e+14	0.186008	True	1436.841457	63.842711	{'tp': 1, 'cp': 2, 'pp': 1, 'mb': 1, 'tp_sp': True, 'train': {'dp': 256, 'ep': 1, 'tp_ep': True}, 'inference': {'replica_count': 1, 'moe_dp': 1}}
2048	435.529214	nan	nan	0.002296	6.861550e+18	1.575451e+16	3.118694e+14	0.024666	True	123.931213	70.924510	{'tp': 1, 'cp': 2, 'pp': 8, 'mb': 8, 'tp_sp': True, 'train': {'dp': 128, 'ep': 1, 'tp_ep': True}, 'inference': {'replica_count': 1, 'moe_dp': 1}}
4096	107.747119	nan	nan	0.009281	6.861550e+18	6.368198e+16	3.118694e+14	0.049852	True	19.417923	77.326728	{'tp': 4, 'cp': 2, 'pp': 4, 'mb': 4, 'tp_sp': True, 'train': {'dp': 128, 'ep': 1, 'tp_ep': True}, 'inference': {'replica_count': 1, 'moe_dp': 1}}
4096	90.884919	nan	nan	0.011003	6.861550e+18	7.549713e+16	3.118694e+14	0.059101	True	111.420311	56.356463	{'tp': 4, 'cp': 2, 'pp': 2, 'mb': 2, 'tp_sp': True, 'train': {'dp': 256, 'ep': 1, 'tp_ep': True}, 'inference': {'replica_count': 1, 'moe_dp': 1}}
2048	176.533999	nan	nan	0.005665	6.861550e+18	3.886815e+16	3.118694e+14	0.060854	True	302.335983	62.639223	{'tp': 2, 'cp': 2, 'pp': 2, 'mb': 2, 'tp_sp': True, 'train': {'dp': 256, 'ep': 1, 'tp_ep': True}, 'inference': {'replica_count': 1, 'moe_dp': 1}}
4096	450.613396	nan	nan	0.002219	6.861550e+18	1.522713e+16	3.118694e+14	0.011920	True	27.817932	90.085453	{'tp': 1, 'cp': 2, 'pp': 16, 'mb': 16, 'tp_sp': True, 'train': {'dp': 128, 'ep': 1, 'tp_ep': True}, 'inference': {'replica_count': 1, 'moe_dp': 1}}
1024	347.227541	nan	nan	0.002880	6.861550e+18	1.976096e+16	3.118694e+14	0.061878	True	684.167328	72.710511	{'tp': 1, 'cp': 2, 'pp': 2, 'mb': 2, 'tp_sp': True, 'train': {'dp': 256, 'ep': 1, 'tp_ep': True}, 'inference': {'replica_count': 1, 'moe_dp': 1}}
4096	207.005484	nan	nan	0.004831	6.861550e+18	3.314671e+16	3.118694e+14	0.025948	True	117.194992	68.196998	{'tp': 2, 'cp': 2, 'pp': 4, 'mb': 4, 'tp_sp': True, 'train': {'dp': 256, 'ep': 1, 'tp_ep': True}, 'inference': {'replica_count': 1, 'moe_dp': 1}}
2048	405.968286	nan	nan	0.002463	6.861550e+18	1.690169e+16	3.118694e+14	0.026462	True	313.885345	78.712227	{'tp': 1, 'cp': 2, 'pp': 4, 'mb': 4, 'tp_sp': True, 'train': {'dp': 256, 'ep': 1, 'tp_ep': True}, 'inference': {'replica_count': 1, 'moe_dp': 1}}
4096	60.133048	nan	nan	0.016630	6.861550e+18	1.141061e+17	3.118694e+14	0.089326	True	298.445827	61.751839	{'tp': 4, 'cp': 2, 'pp': 1, 'mb': 1, 'tp_sp': True, 'train': {'dp': 512, 'ep': 1, 'tp_ep': True}, 'inference': {'replica_count': 1, 'moe_dp': 1}}
2048	117.229347	nan	nan	0.008530	6.861550e+18	5.853099e+16	3.118694e+14	0.091640	True	676.387016	68.613274	{'tp': 2, 'cp': 2, 'pp': 1, 'mb': 1, 'tp_sp': True, 'train': {'dp': 512, 'ep': 1, 'tp_ep': True}, 'inference': {'replica_count': 1, 'moe_dp': 1}}
1024	231.018868	nan	nan	0.004329	6.861550e+18	2.970125e+16	3.118694e+14	0.093004	True	1432.434978	80.553599	{'tp': 1, 'cp': 2, 'pp': 1, 'mb': 1, 'tp_sp': True, 'train': {'dp': 512, 'ep': 1, 'tp_ep': True}, 'inference': {'replica_count': 1, 'moe_dp': 1}}
4096	435.529214	nan	nan	0.002296	6.861550e+18	1.575451e+16	3.118694e+14	0.012333	True	122.772064	93.903333	{'tp': 1, 'cp': 2, 'pp': 8, 'mb': 8, 'tp_sp': True, 'train': {'dp': 256, 'ep': 1, 'tp_ep': True}, 'inference': {'replica_count': 1, 'moe_dp': 1}}
4096	176.533811	nan	nan	0.005665	6.861550e+18	3.886819e+16	3.118694e+14	0.030427	True	301.228630	95.062871	{'tp': 2, 'cp': 2, 'pp': 2, 'mb': 2, 'tp_sp': True, 'train': {'dp': 512, 'ep': 1, 'tp_ep': True}, 'inference': {'replica_count': 1, 'moe_dp': 1}}
2048	347.227337	nan	nan	0.002880	6.861550e+18	1.976097e+16	3.118694e+14	0.030939	True	681.952621	106.005154	{'tp': 1, 'cp': 2, 'pp': 2, 'mb': 2, 'tp_sp': True, 'train': {'dp': 512, 'ep': 1, 'tp_ep': True}, 'inference': {'replica_count': 1, 'moe_dp': 1}}
2048	231.018822	nan	nan	0.004329	6.861550e+18	2.970126e+16	3.118694e+14	0.046502	True	1430.231739	112.620206	{'tp': 1, 'cp': 2, 'pp': 1, 'mb': 1, 'tp_sp': True, 'train': {'dp': 1024, 'ep': 1, 'tp_ep': True}, 'inference': {'replica_count': 1, 'moe_dp': 1}}
4096	405.968066	nan	nan	0.002463	6.861550e+18	1.690170e+16	3.118694e+14	0.013231	True	312.749130	118.481768	{'tp': 1, 'cp': 2, 'pp': 4, 'mb': 4, 'tp_sp': True, 'train': {'dp': 512, 'ep': 1, 'tp_ep': True}, 'inference': {'replica_count': 1, 'moe_dp': 1}}
4096	117.229306	nan	nan	0.008530	6.861550e+18	5.853101e+16	3.118694e+14	0.045820	True	675.285397	114.228140	{'tp': 2, 'cp': 2, 'pp': 1, 'mb': 1, 'tp_sp': True, 'train': {'dp': 1024, 'ep': 1, 'tp_ep': True}, 'inference': {'replica_count': 1, 'moe_dp': 1}}
128	462.879161	nan	nan	0.002160	6.861550e+18	1.482363e+16	3.118694e+14	0.371340	True	52.824585	115.740519	{'tp': 2, 'cp': 4, 'pp': 16, 'mb': 16, 'tp_sp': True, 'train': {'dp': 1, 'ep': 1, 'tp_ep': True}, 'inference': {'replica_count': 1, 'moe_dp': 1}}
256	277.237669	nan	nan	0.003607	6.861550e+18	2.474970e+16	3.118694e+14	0.309997	False	0.000000	125.643188	{'tp': 4, 'cp': 4, 'pp': 16, 'mb': 16, 'tp_sp': True, 'train': {'dp': 1, 'ep': 1, 'tp_ep': True}, 'inference': {'replica_count': 1, 'moe_dp': 1}}
128	466.063898	nan	nan	0.002146	6.861550e+18	1.472234e+16	3.118694e+14	0.368803	True	48.941284	184.706269	{'tp': 4, 'cp': 4, 'pp': 8, 'mb': 8, 'tp_sp': True, 'train': {'dp': 1, 'ep': 1, 'tp_ep': True}, 'inference': {'replica_count': 1, 'moe_dp': 1}}
4096	347.227257	nan	nan	0.002880	6.861550e+18	1.976098e+16	3.118694e+14	0.015469	True	680.845268	215.211559	{'tp': 1, 'cp': 2, 'pp': 2, 'mb': 2, 'tp_sp': True, 'train': {'dp': 1024, 'ep': 1, 'tp_ep': True}, 'inference': {'replica_count': 1, 'moe_dp': 1}}
256	281.261139	nan	nan	0.003555	6.861550e+18	2.439566e+16	3.118694e+14	0.305562	False	0.000000	201.351202	{'tp': 8, 'cp': 4, 'pp': 8, 'mb': 8, 'tp_sp': True, 'train': {'dp': 1, 'ep': 1, 'tp_ep': True}, 'inference': {'replica_count': 1, 'moe_dp': 1}}
512	184.638568	nan	nan	0.005416	6.861550e+18	3.716206e+16	3.118694e+14	0.232733	False	0.000000	177.583883	{'tp': 8, 'cp': 4, 'pp': 16, 'mb': 16, 'tp_sp': True, 'train': {'dp': 1, 'ep': 1, 'tp_ep': True}, 'inference': {'replica_count': 1, 'moe_dp': 1}}
128	443.579893	nan	nan	0.002254	6.861550e+18	1.546858e+16	3.118694e+14	0.387496	True	62.105103	79.567838	{'tp': 1, 'cp': 4, 'pp': 32, 'mb': 32, 'tp_sp': True, 'train': {'dp': 1, 'ep': 1, 'tp_ep': True}, 'inference': {'replica_count': 1, 'moe_dp': 1}}
256	266.123449	nan	nan	0.003758	6.861550e+18	2.578334e+16	3.118694e+14	0.322943	False	0.000000	90.703787	{'tp': 2, 'cp': 4, 'pp': 32, 'mb': 32, 'tp_sp': True, 'train': {'dp': 1, 'ep': 1, 'tp_ep': True}, 'inference': {'replica_count': 1, 'moe_dp': 1}}
128	454.520977	nan	nan	0.002200	6.861550e+18	1.509622e+16	3.118694e+14	0.378169	True	48.513550	325.814393	{'tp': 8, 'cp': 4, 'pp': 4, 'mb': 4, 'tp_sp': True, 'train': {'dp': 1, 'ep': 1, 'tp_ep': True}, 'inference': {'replica_count': 1, 'moe_dp': 1}}
512	177.874994	nan	nan	0.005622	6.861550e+18	3.857512e+16	3.118694e+14	0.241582	False	0.000000	123.488412	{'tp': 4, 'cp': 4, 'pp': 32, 'mb': 32, 'tp_sp': True, 'train': {'dp': 1, 'ep': 1, 'tp_ep': True}, 'inference': {'replica_count': 1, 'moe_dp': 1}}
512	188.892797	nan	nan	0.005294	6.861550e+18	3.632510e+16	3.118694e+14	0.227491	False	0.000000	311.269722	{'tp': 16, 'cp': 4, 'pp': 8, 'mb': 8, 'tp_sp': True, 'train': {'dp': 1, 'ep': 1, 'tp_ep': True}, 'inference': {'replica_count': 1, 'moe_dp': 1}}
256	279.514731	nan	nan	0.003578	6.861550e+18	2.454808e+16	3.118694e+14	0.307471	False	0.000000	370.932304	{'tp': 16, 'cp': 4, 'pp': 4, 'mb': 4, 'tp_sp': True, 'train': {'dp': 1, 'ep': 1, 'tp_ep': True}, 'inference': {'replica_count': 1, 'moe_dp': 1}}
1024	133.847095	nan	nan	0.007471	6.861550e+18	5.126409e+16	3.118694e+14	0.160524	False	0.000000	244.098872	{'tp': 8, 'cp': 4, 'pp': 32, 'mb': 32, 'tp_sp': True, 'train': {'dp': 1, 'ep': 1, 'tp_ep': True}, 'inference': {'replica_count': 1, 'moe_dp': 1}}
1024	138.355180	nan	nan	0.007228	6.861550e+18	4.959374e+16	3.118694e+14	0.155294	False	0.000000	418.862544	{'tp': 16, 'cp': 4, 'pp': 16, 'mb': 16, 'tp_sp': True, 'train': {'dp': 1, 'ep': 1, 'tp_ep': True}, 'inference': {'replica_count': 1, 'moe_dp': 1}}
128	402.739591	nan	nan	0.002483	6.861550e+18	1.703719e+16	3.118694e+14	0.426791	True	94.973511	178.110967	{'tp': 4, 'cp': 4, 'pp': 4, 'mb': 4, 'tp_sp': True, 'train': {'dp': 2, 'ep': 1, 'tp_ep': True}, 'inference': {'replica_count': 1, 'moe_dp': 1}}
128	360.498366	nan	nan	0.002774	6.861550e+18	1.903351e+16	3.118694e+14	0.476800	True	92.682007	307.403915	{'tp': 8, 'cp': 4, 'pp': 2, 'mb': 2, 'tp_sp': True, 'train': {'dp': 2, 'ep': 1, 'tp_ep': True}, 'inference': {'replica_count': 1, 'moe_dp': 1}}
128	419.279700	nan	nan	0.002385	6.861550e+18	1.636509e+16	3.118694e+14	0.409954	True	97.389038	108.516330	{'tp': 2, 'cp': 4, 'pp': 8, 'mb': 8, 'tp_sp': True, 'train': {'dp': 2, 'ep': 1, 'tp_ep': True}, 'inference': {'replica_count': 1, 'moe_dp': 1}}
256	233.697046	nan	nan	0.004279	6.861550e+18	2.936088e+16	3.118694e+14	0.367753	True	9.199158	108.649589	{'tp': 4, 'cp': 4, 'pp': 8, 'mb': 8, 'tp_sp': True, 'train': {'dp': 2, 'ep': 1, 'tp_ep': True}, 'inference': {'replica_count': 1, 'moe_dp': 1}}
256	227.565739	nan	nan	0.004394	6.861550e+18	3.015195e+16	3.118694e+14	0.377661	True	8.496033	184.760725	{'tp': 8, 'cp': 4, 'pp': 4, 'mb': 4, 'tp_sp': True, 'train': {'dp': 2, 'ep': 1, 'tp_ep': True}, 'inference': {'replica_count': 1, 'moe_dp': 1}}
256	209.477720	nan	nan	0.004774	6.861550e+18	3.275551e+16	3.118694e+14	0.410272	True	8.359558	322.438111	{'tp': 16, 'cp': 4, 'pp': 2, 'mb': 2, 'tp_sp': True, 'train': {'dp': 2, 'ep': 1, 'tp_ep': True}, 'inference': {'replica_count': 1, 'moe_dp': 1}}
512	140.010132	nan	nan	0.007142	6.861550e+18	4.900753e+16	3.118694e+14	0.306916	False	0.000000	225.498484	{'tp': 16, 'cp': 4, 'pp': 4, 'mb': 4, 'tp_sp': True, 'train': {'dp': 2, 'ep': 1, 'tp_ep': True}, 'inference': {'replica_count': 1, 'moe_dp': 1}}
128	419.587548	nan	nan	0.002383	6.861550e+18	1.635308e+16	3.118694e+14	0.409654	True	103.734009	75.990229	{'tp': 1, 'cp': 4, 'pp': 16, 'mb': 16, 'tp_sp': True, 'train': {'dp': 2, 'ep': 1, 'tp_ep': True}, 'inference': {'replica_count': 1, 'moe_dp': 1}}
512	141.127363	nan	nan	0.007086	6.861550e+18	4.861956e+16	3.118694e+14	0.304487	False	0.000000	158.740965	{'tp': 8, 'cp': 4, 'pp': 8, 'mb': 8, 'tp_sp': True, 'train': {'dp': 2, 'ep': 1, 'tp_ep': True}, 'inference': {'replica_count': 1, 'moe_dp': 1}}
256	232.516636	nan	nan	0.004301	6.861550e+18	2.950993e+16	3.118694e+14	0.369620	True	12.119324	73.840401	{'tp': 2, 'cp': 4, 'pp': 16, 'mb': 16, 'tp_sp': True, 'train': {'dp': 2, 'ep': 1, 'tp_ep': True}, 'inference': {'replica_count': 1, 'moe_dp': 1}}
512	139.487210	nan	nan	0.007169	6.861550e+18	4.919125e+16	3.118694e+14	0.308067	False	0.000000	86.978068	{'tp': 4, 'cp': 4, 'pp': 16, 'mb': 16, 'tp_sp': True, 'train': {'dp': 2, 'ep': 1, 'tp_ep': True}, 'inference': {'replica_count': 1, 'moe_dp': 1}}
512	134.860109	nan	nan	0.007415	6.861550e+18	5.087902e+16	3.118694e+14	0.318637	False	0.000000	69.336018	{'tp': 2, 'cp': 4, 'pp': 32, 'mb': 32, 'tp_sp': True, 'train': {'dp': 2, 'ep': 1, 'tp_ep': True}, 'inference': {'replica_count': 1, 'moe_dp': 1}}
1024	93.074121	nan	nan	0.010744	6.861550e+18	7.372135e+16	3.118694e+14	0.230845	False	0.000000	136.801671	{'tp': 8, 'cp': 4, 'pp': 16, 'mb': 16, 'tp_sp': True, 'train': {'dp': 2, 'ep': 1, 'tp_ep': True}, 'inference': {'replica_count': 1, 'moe_dp': 1}}
256	224.268732	nan	nan	0.004459	6.861550e+18	3.059522e+16	3.118694e+14	0.383213	True	18.716614	79.182728	{'tp': 1, 'cp': 4, 'pp': 32, 'mb': 32, 'tp_sp': True, 'train': {'dp': 2, 'ep': 1, 'tp_ep': True}, 'inference': {'replica_count': 1, 'moe_dp': 1}}
1024	94.858688	nan	nan	0.010542	6.861550e+18	7.233444e+16	3.118694e+14	0.226502	False	0.000000	238.197919	{'tp': 16, 'cp': 4, 'pp': 8, 'mb': 8, 'tp_sp': True, 'train': {'dp': 2, 'ep': 1, 'tp_ep': True}, 'inference': {'replica_count': 1, 'moe_dp': 1}}
1024	90.357310	nan	nan	0.011067	6.861550e+18	7.593796e+16	3.118694e+14	0.237786	False	0.000000	104.715035	{'tp': 4, 'cp': 4, 'pp': 32, 'mb': 32, 'tp_sp': True, 'train': {'dp': 2, 'ep': 1, 'tp_ep': True}, 'inference': {'replica_count': 1, 'moe_dp': 1}}
2048	68.132689	nan	nan	0.014677	6.861550e+18	1.007086e+17	3.118694e+14	0.157675	False	0.000000	219.949582	{'tp': 8, 'cp': 4, 'pp': 32, 'mb': 32, 'tp_sp': True, 'train': {'dp': 2, 'ep': 1, 'tp_ep': True}, 'inference': {'replica_count': 1, 'moe_dp': 1}}
128	331.768049	nan	nan	0.003014	6.861550e+18	2.068177e+16	3.118694e+14	0.518090	True	185.157593	170.859413	{'tp': 4, 'cp': 4, 'pp': 2, 'mb': 2, 'tp_sp': True, 'train': {'dp': 4, 'ep': 1, 'tp_ep': True}, 'inference': {'replica_count': 1, 'moe_dp': 1}}
256	180.602842	nan	nan	0.005537	6.861550e+18	3.799248e+16	3.118694e+14	0.475866	True	53.588074	167.703005	{'tp': 8, 'cp': 4, 'pp': 2, 'mb': 2, 'tp_sp': True, 'train': {'dp': 4, 'ep': 1, 'tp_ep': True}, 'inference': {'replica_count': 1, 'moe_dp': 1}}
512	105.047267	nan	nan	0.009520	6.861550e+18	6.531869e+16	3.118694e+14	0.409067	False	0.000000	195.506180	{'tp': 16, 'cp': 4, 'pp': 2, 'mb': 2, 'tp_sp': True, 'train': {'dp': 4, 'ep': 1, 'tp_ep': True}, 'inference': {'replica_count': 1, 'moe_dp': 1}}
128	377.921801	nan	nan	0.002646	6.861550e+18	1.815601e+16	3.118694e+14	0.454818	True	190.921265	105.504100	{'tp': 2, 'cp': 4, 'pp': 4, 'mb': 4, 'tp_sp': True, 'train': {'dp': 4, 'ep': 1, 'tp_ep': True}, 'inference': {'replica_count': 1, 'moe_dp': 1}}
256	202.010374	nan	nan	0.004950	6.861550e+18	3.396633e+16	3.118694e+14	0.425438	True	55.965271	102.502446	{'tp': 4, 'cp': 4, 'pp': 4, 'mb': 4, 'tp_sp': True, 'train': {'dp': 4, 'ep': 1, 'tp_ep': True}, 'inference': {'replica_count': 1, 'moe_dp': 1}}
2048	69.832695	nan	nan	0.014320	6.861550e+18	9.825699e+16	3.118694e+14	0.153837	False	0.000000	376.411747	{'tp': 16, 'cp': 4, 'pp': 16, 'mb': 16, 'tp_sp': True, 'train': {'dp': 2, 'ep': 1, 'tp_ep': True}, 'inference': {'replica_count': 1, 'moe_dp': 1}}
512	114.264792	nan	nan	0.008752	6.861550e+18	6.004956e+16	3.118694e+14	0.376069	False	0.000000	107.313050	{'tp': 8, 'cp': 4, 'pp': 4, 'mb': 4, 'tp_sp': True, 'train': {'dp': 4, 'ep': 1, 'tp_ep': True}, 'inference': {'replica_count': 1, 'moe_dp': 1}}
128	233.117146	nan	nan	0.004290	6.861550e+18	2.943391e+16	3.118694e+14	0.737336	True	185.830688	310.515482	{'tp': 8, 'cp': 4, 'pp': 1, 'mb': 1, 'tp_sp': True, 'train': {'dp': 4, 'ep': 1, 'tp_ep': True}, 'inference': {'replica_count': 1, 'moe_dp': 1}}
256	132.439367	nan	nan	0.007551	6.861550e+18	5.180899e+16	3.118694e+14	0.648922	True	54.933899	318.108064	{'tp': 16, 'cp': 4, 'pp': 1, 'mb': 1, 'tp_sp': True, 'train': {'dp': 4, 'ep': 1, 'tp_ep': True}, 'inference': {'replica_count': 1, 'moe_dp': 1}}
256	210.622638	nan	nan	0.004748	6.861550e+18	3.257746e+16	3.118694e+14	0.408042	True	58.151550	68.087387	{'tp': 2, 'cp': 4, 'pp': 8, 'mb': 8, 'tp_sp': True, 'train': {'dp': 4, 'ep': 1, 'tp_ep': True}, 'inference': {'replica_count': 1, 'moe_dp': 1}}
128	397.623926	nan	nan	0.002515	6.861550e+18	1.725638e+16	3.118694e+14	0.432282	True	195.798462	72.848510	{'tp': 1, 'cp': 4, 'pp': 8, 'mb': 8, 'tp_sp': True, 'train': {'dp': 4, 'ep': 1, 'tp_ep': True}, 'inference': {'replica_count': 1, 'moe_dp': 1}}
512	117.628012	nan	nan	0.008501	6.861550e+18	5.833262e+16	3.118694e+14	0.365316	False	0.000000	70.368374	{'tp': 4, 'cp': 4, 'pp': 8, 'mb': 8, 'tp_sp': True, 'train': {'dp': 4, 'ep': 1, 'tp_ep': True}, 'inference': {'replica_count': 1, 'moe_dp': 1}}
1024	71.232331	nan	nan	0.014039	6.861550e+18	9.632635e+16	3.118694e+14	0.301628	False	0.000000	90.457368	{'tp': 8, 'cp': 4, 'pp': 8, 'mb': 8, 'tp_sp': True, 'train': {'dp': 4, 'ep': 1, 'tp_ep': True}, 'inference': {'replica_count': 1, 'moe_dp': 1}}
512	82.067528	nan	nan	0.012185	6.861550e+18	8.360859e+16	3.118694e+14	0.523610	False	0.000000	382.764866	{'tp': 32, 'cp': 4, 'pp': 1, 'mb': 1, 'tp_sp': True, 'train': {'dp': 4, 'ep': 1, 'tp_ep': True}, 'inference': {'replica_count': 1, 'moe_dp': 1}}
1024	70.407329	nan	nan	0.014203	6.861550e+18	9.745506e+16	3.118694e+14	0.305163	False	0.000000	157.052787	{'tp': 16, 'cp': 4, 'pp': 4, 'mb': 4, 'tp_sp': True, 'train': {'dp': 4, 'ep': 1, 'tp_ep': True}, 'inference': {'replica_count': 1, 'moe_dp': 1}}
256	212.071605	nan	nan	0.004715	6.861550e+18	3.235487e+16	3.118694e+14	0.405254	True	63.281067	52.159827	{'tp': 1, 'cp': 4, 'pp': 16, 'mb': 16, 'tp_sp': True, 'train': {'dp': 4, 'ep': 1, 'tp_ep': True}, 'inference': {'replica_count': 1, 'moe_dp': 1}}
512	117.846382	nan	nan	0.008486	6.861550e+18	5.822453e+16	3.118694e+14	0.364639	False	0.000000	54.291346	{'tp': 2, 'cp': 4, 'pp': 16, 'mb': 16, 'tp_sp': True, 'train': {'dp': 4, 'ep': 1, 'tp_ep': True}, 'inference': {'replica_count': 1, 'moe_dp': 1}}
1024	70.946307	nan	nan	0.014095	6.861550e+18	9.671469e+16	3.118694e+14	0.302844	False	0.000000	69.568695	{'tp': 4, 'cp': 4, 'pp': 16, 'mb': 16, 'tp_sp': True, 'train': {'dp': 4, 'ep': 1, 'tp_ep': True}, 'inference': {'replica_count': 1, 'moe_dp': 1}}
512	223.964495	nan	nan	0.004465	6.861550e+18	3.063678e+16	3.118694e+14	0.191867	False	0.000000	56.252872	{'tp': 1, 'cp': 4, 'pp': 32, 'mb': 32, 'tp_sp': True, 'train': {'dp': 4, 'ep': 1, 'tp_ep': True}, 'inference': {'replica_count': 1, 'moe_dp': 1}}
1024	134.582434	nan	nan	0.007430	6.861550e+18	5.098399e+16	3.118694e+14	0.159647	False	0.000000	71.329761	{'tp': 2, 'cp': 4, 'pp': 32, 'mb': 32, 'tp_sp': True, 'train': {'dp': 4, 'ep': 1, 'tp_ep': True}, 'inference': {'replica_count': 1, 'moe_dp': 1}}
1024	67.241981	nan	nan	0.014872	6.861550e+18	1.020427e+17	3.118694e+14	0.319528	False	0.000000	333.554567	{'tp': 32, 'cp': 4, 'pp': 2, 'mb': 2, 'tp_sp': True, 'train': {'dp': 4, 'ep': 1, 'tp_ep': True}, 'inference': {'replica_count': 1, 'moe_dp': 1}}
2048	47.524542	nan	nan	0.021042	6.861550e+18	1.443791e+17	3.118694e+14	0.226048	False	0.000000	122.202692	{'tp': 8, 'cp': 4, 'pp': 16, 'mb': 16, 'tp_sp': True, 'train': {'dp': 4, 'ep': 1, 'tp_ep': True}, 'inference': {'replica_count': 1, 'moe_dp': 1}}
2048	47.999609	nan	nan	0.020834	6.861550e+18	1.429501e+17	3.118694e+14	0.223811	False	0.000000	197.153375	{'tp': 16, 'cp': 4, 'pp': 8, 'mb': 8, 'tp_sp': True, 'train': {'dp': 4, 'ep': 1, 'tp_ep': True}, 'inference': {'replica_count': 1, 'moe_dp': 1}}
2048	90.092916	nan	nan	0.011100	6.861550e+18	7.616082e+16	3.118694e+14	0.119242	False	0.000000	106.610063	{'tp': 4, 'cp': 4, 'pp': 32, 'mb': 32, 'tp_sp': True, 'train': {'dp': 4, 'ep': 1, 'tp_ep': True}, 'inference': {'replica_count': 1, 'moe_dp': 1}}
128	318.208197	nan	nan	0.003143	6.861550e+18	2.156308e+16	3.118694e+14	0.540167	True	373.136597	101.591566	{'tp': 2, 'cp': 4, 'pp': 2, 'mb': 2, 'tp_sp': True, 'train': {'dp': 8, 'ep': 1, 'tp_ep': True}, 'inference': {'replica_count': 1, 'moe_dp': 1}}
128	217.594929	nan	nan	0.004596	6.861550e+18	3.153359e+16	3.118694e+14	0.789934	True	371.821899	173.199046	{'tp': 4, 'cp': 4, 'pp': 1, 'mb': 1, 'tp_sp': True, 'train': {'dp': 8, 'ep': 1, 'tp_ep': True}, 'inference': {'replica_count': 1, 'moe_dp': 1}}
256	166.408478	nan	nan	0.006009	6.861550e+18	4.123318e+16	3.118694e+14	0.516457	True	147.072937	96.068307	{'tp': 4, 'cp': 4, 'pp': 2, 'mb': 2, 'tp_sp': True, 'train': {'dp': 8, 'ep': 1, 'tp_ep': True}, 'inference': {'replica_count': 1, 'moe_dp': 1}}
256	116.820860	nan	nan	0.008560	6.861550e+18	5.873566e+16	3.118694e+14	0.735680	True	146.920227	163.093143	{'tp': 8, 'cp': 4, 'pp': 1, 'mb': 1, 'tp_sp': True, 'train': {'dp': 8, 'ep': 1, 'tp_ep': True}, 'inference': {'replica_count': 1, 'moe_dp': 1}}
512	90.689964	nan	nan	0.011027	6.861550e+18	7.565942e+16	3.118694e+14	0.473827	True	34.041107	96.492731	{'tp': 8, 'cp': 4, 'pp': 2, 'mb': 2, 'tp_sp': True, 'train': {'dp': 8, 'ep': 1, 'tp_ep': True}, 'inference': {'replica_count': 1, 'moe_dp': 1}}
512	66.451843	nan	nan	0.015048	6.861550e+18	1.032560e+17	3.118694e+14	0.646655	True	34.469391	173.753152	{'tp': 16, 'cp': 4, 'pp': 1, 'mb': 1, 'tp_sp': True, 'train': {'dp': 8, 'ep': 1, 'tp_ep': True}, 'inference': {'replica_count': 1, 'moe_dp': 1}}
1024	52.843937	nan	nan	0.018924	6.861550e+18	1.298456e+17	3.118694e+14	0.406588	False	0.000000	123.392228	{'tp': 16, 'cp': 4, 'pp': 2, 'mb': 2, 'tp_sp': True, 'train': {'dp': 8, 'ep': 1, 'tp_ep': True}, 'inference': {'replica_count': 1, 'moe_dp': 1}}
4096	67.874936	nan	nan	0.014733	6.861550e+18	1.010911e+17	3.118694e+14	0.079137	False	0.000000	227.657761	{'tp': 8, 'cp': 4, 'pp': 32, 'mb': 32, 'tp_sp': True, 'train': {'dp': 4, 'ep': 1, 'tp_ep': True}, 'inference': {'replica_count': 1, 'moe_dp': 1}}
256	189.781566	nan	nan	0.005269	6.861550e+18	3.615499e+16	3.118694e+14	0.452851	True	152.417664	62.726924	{'tp': 2, 'cp': 4, 'pp': 4, 'mb': 4, 'tp_sp': True, 'train': {'dp': 8, 'ep': 1, 'tp_ep': True}, 'inference': {'replica_count': 1, 'moe_dp': 1}}
128	367.026776	nan	nan	0.002725	6.861550e+18	1.869496e+16	3.118694e+14	0.468319	True	384.330688	71.334301	{'tp': 1, 'cp': 4, 'pp': 4, 'mb': 4, 'tp_sp': True, 'train': {'dp': 8, 'ep': 1, 'tp_ep': True}, 'inference': {'replica_count': 1, 'moe_dp': 1}}
512	101.638687	nan	nan	0.009839	6.861550e+18	6.750924e+16	3.118694e+14	0.422786	True	36.461151	62.454123	{'tp': 4, 'cp': 4, 'pp': 4, 'mb': 4, 'tp_sp': True, 'train': {'dp': 8, 'ep': 1, 'tp_ep': True}, 'inference': {'replica_count': 1, 'moe_dp': 1}}
256	200.786649	nan	nan	0.004980	6.861550e+18	3.417334e+16	3.118694e+14	0.428030	True	156.813293	49.863969	{'tp': 1, 'cp': 4, 'pp': 8, 'mb': 8, 'tp_sp': True, 'train': {'dp': 8, 'ep': 1, 'tp_ep': True}, 'inference': {'replica_count': 1, 'moe_dp': 1}}
1024	57.663603	nan	nan	0.017342	6.861550e+18	1.189927e+17	3.118694e+14	0.372604	False	0.000000	70.669248	{'tp': 8, 'cp': 4, 'pp': 4, 'mb': 4, 'tp_sp': True, 'train': {'dp': 8, 'ep': 1, 'tp_ep': True}, 'inference': {'replica_count': 1, 'moe_dp': 1}}
512	106.622270	nan	nan	0.009379	6.861550e+18	6.435382e+16	3.118694e+14	0.403025	True	38.532806	46.232730	{'tp': 2, 'cp': 4, 'pp': 8, 'mb': 8, 'tp_sp': True, 'train': {'dp': 8, 'ep': 1, 'tp_ep': True}, 'inference': {'replica_count': 1, 'moe_dp': 1}}
1024	59.752608	nan	nan	0.016736	6.861550e+18	1.148326e+17	3.118694e+14	0.359578	False	0.000000	50.036609	{'tp': 4, 'cp': 4, 'pp': 8, 'mb': 8, 'tp_sp': True, 'train': {'dp': 8, 'ep': 1, 'tp_ep': True}, 'inference': {'replica_count': 1, 'moe_dp': 1}}
2048	48.455273	nan	nan	0.020638	6.861550e+18	1.416058e+17	3.118694e+14	0.221706	False	0.000000	446.334814	{'tp': 32, 'cp': 4, 'pp': 4, 'mb': 4, 'tp_sp': True, 'train': {'dp': 4, 'ep': 1, 'tp_ep': True}, 'inference': {'replica_count': 1, 'moe_dp': 1}}
512	212.071605	nan	nan	0.004715	6.861550e+18	3.235487e+16	3.118694e+14	0.202627	True	44.000793	51.683807	{'tp': 1, 'cp': 4, 'pp': 16, 'mb': 16, 'tp_sp': True, 'train': {'dp': 8, 'ep': 1, 'tp_ep': True}, 'inference': {'replica_count': 1, 'moe_dp': 1}}
2048	35.642992	nan	nan	0.028056	6.861550e+18	1.925077e+17	3.118694e+14	0.301401	False	0.000000	120.513085	{'tp': 16, 'cp': 4, 'pp': 4, 'mb': 4, 'tp_sp': True, 'train': {'dp': 8, 'ep': 1, 'tp_ep': True}, 'inference': {'replica_count': 1, 'moe_dp': 1}}
2048	36.667626	nan	nan	0.027272	6.861550e+18	1.871283e+17	3.118694e+14	0.292979	False	0.000000	73.517103	{'tp': 8, 'cp': 4, 'pp': 8, 'mb': 8, 'tp_sp': True, 'train': {'dp': 8, 'ep': 1, 'tp_ep': True}, 'inference': {'replica_count': 1, 'moe_dp': 1}}
4096	37.356702	nan	nan	0.026769	6.861550e+18	1.836765e+17	3.118694e+14	0.143787	False	0.000000	361.602268	{'tp': 16, 'cp': 4, 'pp': 16, 'mb': 16, 'tp_sp': True, 'train': {'dp': 4, 'ep': 1, 'tp_ep': True}, 'inference': {'replica_count': 1, 'moe_dp': 1}}
1024	117.846382	nan	nan	0.008486	6.861550e+18	5.822453e+16	3.118694e+14	0.182320	False	0.000000	56.043197	{'tp': 2, 'cp': 4, 'pp': 16, 'mb': 16, 'tp_sp': True, 'train': {'dp': 8, 'ep': 1, 'tp_ep': True}, 'inference': {'replica_count': 1, 'moe_dp': 1}}
1024	41.249003	nan	nan	0.024243	6.861550e+18	1.663446e+17	3.118694e+14	0.520878	False	0.000000	306.457762	{'tp': 32, 'cp': 4, 'pp': 1, 'mb': 1, 'tp_sp': True, 'train': {'dp': 8, 'ep': 1, 'tp_ep': True}, 'inference': {'replica_count': 1, 'moe_dp': 1}}
2048	70.946307	nan	nan	0.014095	6.861550e+18	9.671469e+16	3.118694e+14	0.151422	False	0.000000	69.644462	{'tp': 4, 'cp': 4, 'pp': 16, 'mb': 16, 'tp_sp': True, 'train': {'dp': 8, 'ep': 1, 'tp_ep': True}, 'inference': {'replica_count': 1, 'moe_dp': 1}}
1024	223.687466	nan	nan	0.004471	6.861550e+18	3.067472e+16	3.118694e+14	0.096052	False	0.000000	57.992952	{'tp': 1, 'cp': 4, 'pp': 32, 'mb': 32, 'tp_sp': True, 'train': {'dp': 8, 'ep': 1, 'tp_ep': True}, 'inference': {'replica_count': 1, 'moe_dp': 1}}
2048	134.329015	nan	nan	0.007444	6.861550e+18	5.108018e+16	3.118694e+14	0.079974	False	0.000000	72.324642	{'tp': 2, 'cp': 4, 'pp': 32, 'mb': 32, 'tp_sp': True, 'train': {'dp': 8, 'ep': 1, 'tp_ep': True}, 'inference': {'replica_count': 1, 'moe_dp': 1}}
256	109.145482	nan	nan	0.009162	6.861550e+18	6.286609e+16	3.118694e+14	0.787415	True	333.920715	92.907155	{'tp': 4, 'cp': 4, 'pp': 1, 'mb': 1, 'tp_sp': True, 'train': {'dp': 16, 'ep': 1, 'tp_ep': True}, 'inference': {'replica_count': 1, 'moe_dp': 1}}
2048	33.900794	nan	nan	0.029498	6.861550e+18	2.024009e+17	3.118694e+14	0.316891	False	0.000000	259.683712	{'tp': 32, 'cp': 4, 'pp': 2, 'mb': 2, 'tp_sp': True, 'train': {'dp': 8, 'ep': 1, 'tp_ep': True}, 'inference': {'replica_count': 1, 'moe_dp': 1}}
128	210.341740	nan	nan	0.004754	6.861550e+18	3.262096e+16	3.118694e+14	0.817173	True	746.832153	102.817600	{'tp': 2, 'cp': 4, 'pp': 1, 'mb': 1, 'tp_sp': True, 'train': {'dp': 16, 'ep': 1, 'tp_ep': True}, 'inference': {'replica_count': 1, 'moe_dp': 1}}
4096	47.524542	nan	nan	0.021042	6.861550e+18	1.443791e+17	3.118694e+14	0.113024	False	0.000000	122.889975	{'tp': 8, 'cp': 4, 'pp': 16, 'mb': 16, 'tp_sp': True, 'train': {'dp': 8, 'ep': 1, 'tp_ep': True}, 'inference': {'replica_count': 1, 'moe_dp': 1}}
4096	89.851635	nan	nan	0.011129	6.861550e+18	7.636533e+16	3.118694e+14	0.059781	False	0.000000	105.755449	{'tp': 4, 'cp': 4, 'pp': 32, 'mb': 32, 'tp_sp': True, 'train': {'dp': 8, 'ep': 1, 'tp_ep': True}, 'inference': {'replica_count': 1, 'moe_dp': 1}}
512	58.668249	nan	nan	0.017045	6.861550e+18	1.169551e+17	3.118694e+14	0.732447	True	127.464996	91.694651	{'tp': 8, 'cp': 4, 'pp': 1, 'mb': 1, 'tp_sp': True, 'train': {'dp': 16, 'ep': 1, 'tp_ep': True}, 'inference': {'replica_count': 1, 'moe_dp': 1}}
128	312.678123	nan	nan	0.003198	6.861550e+18	2.194445e+16	3.118694e+14	0.549721	True	750.608521	71.406006	{'tp': 1, 'cp': 4, 'pp': 2, 'mb': 2, 'tp_sp': True, 'train': {'dp': 16, 'ep': 1, 'tp_ep': True}, 'inference': {'replica_count': 1, 'moe_dp': 1}}
4096	29.311660	nan	nan	0.034116	6.861550e+18	2.340894e+17	3.118694e+14	0.183252	False	0.000000	180.290455	{'tp': 16, 'cp': 4, 'pp': 8, 'mb': 8, 'tp_sp': True, 'train': {'dp': 8, 'ep': 1, 'tp_ep': True}, 'inference': {'replica_count': 1, 'moe_dp': 1}}
256	159.735095	nan	nan	0.006260	6.861550e+18	4.295581e+16	3.118694e+14	0.538033	True	335.556580	61.962964	{'tp': 2, 'cp': 4, 'pp': 2, 'mb': 2, 'tp_sp': True, 'train': {'dp': 16, 'ep': 1, 'tp_ep': True}, 'inference': {'replica_count': 1, 'moe_dp': 1}}
256	185.161313	nan	nan	0.005401	6.861550e+18	3.705715e+16	3.118694e+14	0.464151	True	346.079407	49.161809	{'tp': 1, 'cp': 4, 'pp': 4, 'mb': 4, 'tp_sp': True, 'train': {'dp': 16, 'ep': 1, 'tp_ep': True}, 'inference': {'replica_count': 1, 'moe_dp': 1}}
512	95.928865	nan	nan	0.010424	6.861550e+18	7.152748e+16	3.118694e+14	0.447951	True	133.165863	43.573172	{'tp': 2, 'cp': 4, 'pp': 4, 'mb': 4, 'tp_sp': True, 'train': {'dp': 16, 'ep': 1, 'tp_ep': True}, 'inference': {'replica_count': 1, 'moe_dp': 1}}
1024	33.438453	nan	nan	0.029906	6.861550e+18	2.051994e+17	3.118694e+14	0.642545	True	24.237137	129.259222	{'tp': 16, 'cp': 4, 'pp': 1, 'mb': 1, 'tp_sp': True, 'train': {'dp': 16, 'ep': 1, 'tp_ep': True}, 'inference': {'replica_count': 1, 'moe_dp': 1}}
512	83.677589	nan	nan	0.011951	6.861550e+18	8.199985e+16	3.118694e+14	0.513535	True	128.030609	57.560869	{'tp': 4, 'cp': 4, 'pp': 2, 'mb': 2, 'tp_sp': True, 'train': {'dp': 16, 'ep': 1, 'tp_ep': True}, 'inference': {'replica_count': 1, 'moe_dp': 1}}
1024	51.514125	nan	nan	0.019412	6.861550e+18	1.331974e+17	3.118694e+14	0.417084	True	26.709091	42.044888	{'tp': 4, 'cp': 4, 'pp': 4, 'mb': 4, 'tp_sp': True, 'train': {'dp': 16, 'ep': 1, 'tp_ep': True}, 'inference': {'replica_count': 1, 'moe_dp': 1}}
1024	45.731994	nan	nan	0.021867	6.861550e+18	1.500383e+17	3.118694e+14	0.469818	True	24.267624	60.232163	{'tp': 8, 'cp': 4, 'pp': 2, 'mb': 2, 'tp_sp': True, 'train': {'dp': 16, 'ep': 1, 'tp_ep': True}, 'inference': {'replica_count': 1, 'moe_dp': 1}}
2048	31.536832	nan	nan	0.031709	6.861550e+18	2.175726e+17	3.118694e+14	0.340645	False	0.000000	51.309293	{'tp': 8, 'cp': 4, 'pp': 4, 'mb': 4, 'tp_sp': True, 'train': {'dp': 16, 'ep': 1, 'tp_ep': True}, 'inference': {'replica_count': 1, 'moe_dp': 1}}
2048	28.483355	nan	nan	0.035108	6.861550e+18	2.408968e+17	3.118694e+14	0.377162	False	0.000000	82.902641	{'tp': 16, 'cp': 4, 'pp': 2, 'mb': 2, 'tp_sp': True, 'train': {'dp': 16, 'ep': 1, 'tp_ep': True}, 'inference': {'replica_count': 1, 'moe_dp': 1}}
1024	106.617953	nan	nan	0.009379	6.861550e+18	6.435642e+16	3.118694e+14	0.201520	True	29.259613	47.339597	{'tp': 2, 'cp': 4, 'pp': 8, 'mb': 8, 'tp_sp': True, 'train': {'dp': 16, 'ep': 1, 'tp_ep': True}, 'inference': {'replica_count': 1, 'moe_dp': 1}}
512	200.781936	nan	nan	0.004981	6.861550e+18	3.417414e+16	3.118694e+14	0.214020	True	138.266907	50.999226	{'tp': 1, 'cp': 4, 'pp': 8, 'mb': 8, 'tp_sp': True, 'train': {'dp': 16, 'ep': 1, 'tp_ep': True}, 'inference': {'replica_count': 1, 'moe_dp': 1}}
2048	21.713692	nan	nan	0.046054	6.861550e+18	3.160011e+17	3.118694e+14	0.494750	False	0.000000	173.164301	{'tp': 32, 'cp': 4, 'pp': 1, 'mb': 1, 'tp_sp': True, 'train': {'dp': 16, 'ep': 1, 'tp_ep': True}, 'inference': {'replica_count': 1, 'moe_dp': 1}}
1024	212.071605	nan	nan	0.004715	6.861550e+18	3.235487e+16	3.118694e+14	0.101313	True	34.360657	52.691412	{'tp': 1, 'cp': 4, 'pp': 16, 'mb': 16, 'tp_sp': True, 'train': {'dp': 16, 'ep': 1, 'tp_ep': True}, 'inference': {'replica_count': 1, 'moe_dp': 1}}
2048	59.748490	nan	nan	0.016737	6.861550e+18	1.148406e+17	3.118694e+14	0.179801	False	0.000000	61.004031	{'tp': 4, 'cp': 4, 'pp': 8, 'mb': 8, 'tp_sp': True, 'train': {'dp': 16, 'ep': 1, 'tp_ep': True}, 'inference': {'replica_count': 1, 'moe_dp': 1}}
2048	117.846382	nan	nan	0.008486	6.861550e+18	5.822453e+16	3.118694e+14	0.091160	False	0.000000	56.673707	{'tp': 2, 'cp': 4, 'pp': 16, 'mb': 16, 'tp_sp': True, 'train': {'dp': 16, 'ep': 1, 'tp_ep': True}, 'inference': {'replica_count': 1, 'moe_dp': 1}}
4096	36.610816	nan	nan	0.027314	6.861550e+18	1.874187e+17	3.118694e+14	0.146717	False	0.000000	74.026145	{'tp': 8, 'cp': 4, 'pp': 8, 'mb': 8, 'tp_sp': True, 'train': {'dp': 16, 'ep': 1, 'tp_ep': True}, 'inference': {'replica_count': 1, 'moe_dp': 1}}
4096	24.929258	nan	nan	0.040114	6.861550e+18	2.752409e+17	3.118694e+14	0.215467	False	0.000000	100.037516	{'tp': 16, 'cp': 4, 'pp': 4, 'mb': 4, 'tp_sp': True, 'train': {'dp': 16, 'ep': 1, 'tp_ep': True}, 'inference': {'replica_count': 1, 'moe_dp': 1}}
2048	223.518050	nan	nan	0.004474	6.861550e+18	3.069797e+16	3.118694e+14	0.048063	False	0.000000	61.199300	{'tp': 1, 'cp': 4, 'pp': 32, 'mb': 32, 'tp_sp': True, 'train': {'dp': 16, 'ep': 1, 'tp_ep': True}, 'inference': {'replica_count': 1, 'moe_dp': 1}}
4096	70.946307	nan	nan	0.014095	6.861550e+18	9.671469e+16	3.118694e+14	0.075711	False	0.000000	70.677373	{'tp': 4, 'cp': 4, 'pp': 16, 'mb': 16, 'tp_sp': True, 'train': {'dp': 16, 'ep': 1, 'tp_ep': True}, 'inference': {'replica_count': 1, 'moe_dp': 1}}
512	54.882392	nan	nan	0.018221	6.861550e+18	1.250228e+17	3.118694e+14	0.782972	True	314.970123	56.653091	{'tp': 4, 'cp': 4, 'pp': 1, 'mb': 1, 'tp_sp': True, 'train': {'dp': 32, 'ep': 1, 'tp_ep': True}, 'inference': {'replica_count': 1, 'moe_dp': 1}}
4096	134.174614	nan	nan	0.007453	6.861550e+18	5.113896e+16	3.118694e+14	0.040033	False	0.000000	78.091264	{'tp': 2, 'cp': 4, 'pp': 32, 'mb': 32, 'tp_sp': True, 'train': {'dp': 16, 'ep': 1, 'tp_ep': True}, 'inference': {'replica_count': 1, 'moe_dp': 1}}
1024	29.586715	nan	nan	0.033799	6.861550e+18	2.319132e+17	3.118694e+14	0.726194	True	117.737381	54.302585	{'tp': 8, 'cp': 4, 'pp': 1, 'mb': 1, 'tp_sp': True, 'train': {'dp': 32, 'ep': 1, 'tp_ep': True}, 'inference': {'replica_count': 1, 'moe_dp': 1}}
256	105.584624	nan	nan	0.009471	6.861550e+18	6.498626e+16	3.118694e+14	0.813971	True	709.435608	62.085202	{'tp': 2, 'cp': 4, 'pp': 1, 'mb': 1, 'tp_sp': True, 'train': {'dp': 32, 'ep': 1, 'tp_ep': True}, 'inference': {'replica_count': 1, 'moe_dp': 1}}
512	80.676348	nan	nan	0.012395	6.861550e+18	8.505033e+16	3.118694e+14	0.532639	True	316.766571	41.487343	{'tp': 2, 'cp': 4, 'pp': 2, 'mb': 2, 'tp_sp': True, 'train': {'dp': 32, 'ep': 1, 'tp_ep': True}, 'inference': {'replica_count': 1, 'moe_dp': 1}}
128	207.541096	nan	nan	0.004818	6.861550e+18	3.306116e+16	3.118694e+14	0.828200	True	1498.532162	72.163210	{'tp': 1, 'cp': 4, 'pp': 1, 'mb': 1, 'tp_sp': True, 'train': {'dp': 32, 'ep': 1, 'tp_ep': True}, 'inference': {'replica_count': 1, 'moe_dp': 1}}
256	157.665485	nan	nan	0.006343	6.861550e+18	4.351967e+16	3.118694e+14	0.545096	True	713.280823	48.495254	{'tp': 1, 'cp': 4, 'pp': 2, 'mb': 2, 'tp_sp': True, 'train': {'dp': 32, 'ep': 1, 'tp_ep': True}, 'inference': {'replica_count': 1, 'moe_dp': 1}}
1024	42.355661	nan	nan	0.023610	6.861550e+18	1.619984e+17	3.118694e+14	0.507269	True	118.509445	39.181885	{'tp': 4, 'cp': 4, 'pp': 2, 'mb': 2, 'tp_sp': True, 'train': {'dp': 32, 'ep': 1, 'tp_ep': True}, 'inference': {'replica_count': 1, 'moe_dp': 1}}
2048	26.411361	nan	nan	0.037862	6.861550e+18	2.597954e+17	3.118694e+14	0.406751	True	19.380882	41.595441	{'tp': 8, 'cp': 4, 'pp': 2, 'mb': 2, 'tp_sp': True, 'train': {'dp': 32, 'ep': 1, 'tp_ep': True}, 'inference': {'replica_count': 1, 'moe_dp': 1}}
4096	29.042678	nan	nan	0.034432	6.861550e+18	2.362575e+17	3.118694e+14	0.184949	False	0.000000	404.707090	{'tp': 32, 'cp': 4, 'pp': 4, 'mb': 4, 'tp_sp': True, 'train': {'dp': 8, 'ep': 1, 'tp_ep': True}, 'inference': {'replica_count': 1, 'moe_dp': 1}}
2048	51.513036	nan	nan	0.019413	6.861550e+18	1.332003e+17	3.118694e+14	0.208546	True	22.164230	42.873356	{'tp': 4, 'cp': 4, 'pp': 4, 'mb': 4, 'tp_sp': True, 'train': {'dp': 32, 'ep': 1, 'tp_ep': True}, 'inference': {'replica_count': 1, 'moe_dp': 1}}
1024	95.927726	nan	nan	0.010425	6.861550e+18	7.152833e+16	3.118694e+14	0.223978	True	124.076141	44.041334	{'tp': 2, 'cp': 4, 'pp': 4, 'mb': 4, 'tp_sp': True, 'train': {'dp': 32, 'ep': 1, 'tp_ep': True}, 'inference': {'replica_count': 1, 'moe_dp': 1}}
512	185.160075	nan	nan	0.005401	6.861550e+18	3.705740e+16	3.118694e+14	0.232077	True	327.899963	49.581205	{'tp': 1, 'cp': 4, 'pp': 4, 'mb': 4, 'tp_sp': True, 'train': {'dp': 32, 'ep': 1, 'tp_ep': True}, 'inference': {'replica_count': 1, 'moe_dp': 1}}
2048	19.612973	nan	nan	0.050987	6.861550e+18	3.498475e+17	3.118694e+14	0.547742	True	19.121010	102.267137	{'tp': 16, 'cp': 4, 'pp': 1, 'mb': 1, 'tp_sp': True, 'train': {'dp': 32, 'ep': 1, 'tp_ep': True}, 'inference': {'replica_count': 1, 'moe_dp': 1}}
4096	31.509697	nan	nan	0.031736	6.861550e+18	2.177600e+17	3.118694e+14	0.170469	False	0.000000	52.270993	{'tp': 8, 'cp': 4, 'pp': 4, 'mb': 4, 'tp_sp': True, 'train': {'dp': 32, 'ep': 1, 'tp_ep': True}, 'inference': {'replica_count': 1, 'moe_dp': 1}}
4096	23.588799	nan	nan	0.042393	6.861550e+18	2.908817e+17	3.118694e+14	0.227711	False	0.000000	223.398925	{'tp': 32, 'cp': 4, 'pp': 2, 'mb': 2, 'tp_sp': True, 'train': {'dp': 16, 'ep': 1, 'tp_ep': True}, 'inference': {'replica_count': 1, 'moe_dp': 1}}
1024	200.779782	nan	nan	0.004981	6.861550e+18	3.417451e+16	3.118694e+14	0.107011	True	128.993713	52.134806	{'tp': 1, 'cp': 4, 'pp': 8, 'mb': 8, 'tp_sp': True, 'train': {'dp': 32, 'ep': 1, 'tp_ep': True}, 'inference': {'replica_count': 1, 'moe_dp': 1}}
4096	21.391728	nan	nan	0.046747	6.861550e+18	3.207572e+17	3.118694e+14	0.251098	False	0.000000	64.744024	{'tp': 16, 'cp': 4, 'pp': 2, 'mb': 2, 'tp_sp': True, 'train': {'dp': 32, 'ep': 1, 'tp_ep': True}, 'inference': {'replica_count': 1, 'moe_dp': 1}}
2048	106.615938	nan	nan	0.009379	6.861550e+18	6.435764e+16	3.118694e+14	0.100762	True	24.623016	48.238122	{'tp': 2, 'cp': 4, 'pp': 8, 'mb': 8, 'tp_sp': True, 'train': {'dp': 32, 'ep': 1, 'tp_ep': True}, 'inference': {'replica_count': 1, 'moe_dp': 1}}
4096	59.746543	nan	nan	0.016737	6.861550e+18	1.148443e+17	3.118694e+14	0.089904	False	0.000000	51.410830	{'tp': 4, 'cp': 4, 'pp': 8, 'mb': 8, 'tp_sp': True, 'train': {'dp': 32, 'ep': 1, 'tp_ep': True}, 'inference': {'replica_count': 1, 'moe_dp': 1}}
2048	212.071605	nan	nan	0.004715	6.861550e+18	3.235487e+16	3.118694e+14	0.050657	True	29.540588	58.802394	{'tp': 1, 'cp': 4, 'pp': 16, 'mb': 16, 'tp_sp': True, 'train': {'dp': 32, 'ep': 1, 'tp_ep': True}, 'inference': {'replica_count': 1, 'moe_dp': 1}}
512	53.325207	nan	nan	0.018753	6.861550e+18	1.286737e+17	3.118694e+14	0.805836	True	690.737335	41.042006	{'tp': 2, 'cp': 4, 'pp': 1, 'mb': 1, 'tp_sp': True, 'train': {'dp': 64, 'ep': 1, 'tp_ep': True}, 'inference': {'replica_count': 1, 'moe_dp': 1}}
1024	27.780465	nan	nan	0.035997	6.861550e+18	2.469919e+17	3.118694e+14	0.773410	True	305.494827	37.542767	{'tp': 4, 'cp': 4, 'pp': 1, 'mb': 1, 'tp_sp': True, 'train': {'dp': 64, 'ep': 1, 'tp_ep': True}, 'inference': {'replica_count': 1, 'moe_dp': 1}}
4096	117.846382	nan	nan	0.008486	6.861550e+18	5.822453e+16	3.118694e+14	0.045580	False	0.000000	58.418179	{'tp': 2, 'cp': 4, 'pp': 16, 'mb': 16, 'tp_sp': True, 'train': {'dp': 32, 'ep': 1, 'tp_ep': True}, 'inference': {'replica_count': 1, 'moe_dp': 1}}
4096	17.924509	nan	nan	0.055790	6.861550e+18	3.828027e+17	3.118694e+14	0.299669	False	0.000000	137.710602	{'tp': 32, 'cp': 4, 'pp': 1, 'mb': 1, 'tp_sp': True, 'train': {'dp': 32, 'ep': 1, 'tp_ep': True}, 'inference': {'replica_count': 1, 'moe_dp': 1}}
256	104.646533	nan	nan	0.009556	6.861550e+18	6.556882e+16	3.118694e+14	0.821267	True	1461.305143	49.240823	{'tp': 1, 'cp': 4, 'pp': 1, 'mb': 1, 'tp_sp': True, 'train': {'dp': 64, 'ep': 1, 'tp_ep': True}, 'inference': {'replica_count': 1, 'moe_dp': 1}}
2048	42.355366	nan	nan	0.023610	6.861550e+18	1.619995e+17	3.118694e+14	0.253636	True	114.080032	40.683331	{'tp': 4, 'cp': 4, 'pp': 2, 'mb': 2, 'tp_sp': True, 'train': {'dp': 64, 'ep': 1, 'tp_ep': True}, 'inference': {'replica_count': 1, 'moe_dp': 1}}
4096	223.413414	nan	nan	0.004476	6.861550e+18	3.071235e+16	3.118694e+14	0.024043	False	0.000000	70.020741	{'tp': 1, 'cp': 4, 'pp': 32, 'mb': 32, 'tp_sp': True, 'train': {'dp': 32, 'ep': 1, 'tp_ep': True}, 'inference': {'replica_count': 1, 'moe_dp': 1}}
1024	80.676041	nan	nan	0.012395	6.861550e+18	8.505066e+16	3.118694e+14	0.266321	True	307.907745	42.838719	{'tp': 2, 'cp': 4, 'pp': 2, 'mb': 2, 'tp_sp': True, 'train': {'dp': 64, 'ep': 1, 'tp_ep': True}, 'inference': {'replica_count': 1, 'moe_dp': 1}}
4096	26.398994	nan	nan	0.037880	6.861550e+18	2.599171e+17	3.118694e+14	0.203471	True	17.166176	44.021175	{'tp': 8, 'cp': 4, 'pp': 2, 'mb': 2, 'tp_sp': True, 'train': {'dp': 64, 'ep': 1, 'tp_ep': True}, 'inference': {'replica_count': 1, 'moe_dp': 1}}
2048	18.714433	nan	nan	0.053435	6.861550e+18	3.666448e+17	3.118694e+14	0.574041	True	112.873573	53.355036	{'tp': 8, 'cp': 4, 'pp': 1, 'mb': 1, 'tp_sp': True, 'train': {'dp': 64, 'ep': 1, 'tp_ep': True}, 'inference': {'replica_count': 1, 'moe_dp': 1}}
4096	16.920373	nan	nan	0.059100	6.861550e+18	4.055200e+17	3.118694e+14	0.317453	True	16.562946	49.327836	{'tp': 16, 'cp': 4, 'pp': 1, 'mb': 1, 'tp_sp': True, 'train': {'dp': 64, 'ep': 1, 'tp_ep': True}, 'inference': {'replica_count': 1, 'moe_dp': 1}}
512	157.665153	nan	nan	0.006343	6.861550e+18	4.351976e+16	3.118694e+14	0.272548	True	695.563171	50.704786	{'tp': 1, 'cp': 4, 'pp': 2, 'mb': 2, 'tp_sp': True, 'train': {'dp': 64, 'ep': 1, 'tp_ep': True}, 'inference': {'replica_count': 1, 'moe_dp': 1}}
1024	185.157826	nan	nan	0.005401	6.861550e+18	3.705785e+16	3.118694e+14	0.116040	True	318.810242	51.029678	{'tp': 1, 'cp': 4, 'pp': 4, 'mb': 4, 'tp_sp': True, 'train': {'dp': 64, 'ep': 1, 'tp_ep': True}, 'inference': {'replica_count': 1, 'moe_dp': 1}}
2048	95.925651	nan	nan	0.010425	6.861550e+18	7.152988e+16	3.118694e+14	0.111991	True	119.531281	45.993788	{'tp': 2, 'cp': 4, 'pp': 4, 'mb': 4, 'tp_sp': True, 'train': {'dp': 64, 'ep': 1, 'tp_ep': True}, 'inference': {'replica_count': 1, 'moe_dp': 1}}
4096	51.511048	nan	nan	0.019413	6.861550e+18	1.332054e+17	3.118694e+14	0.104277	True	19.891800	45.220370	{'tp': 4, 'cp': 4, 'pp': 4, 'mb': 4, 'tp_sp': True, 'train': {'dp': 64, 'ep': 1, 'tp_ep': True}, 'inference': {'replica_count': 1, 'moe_dp': 1}}
4096	106.615938	nan	nan	0.009379	6.861550e+18	6.435764e+16	3.118694e+14	0.050381	True	22.304718	51.960635	{'tp': 2, 'cp': 4, 'pp': 8, 'mb': 8, 'tp_sp': True, 'train': {'dp': 64, 'ep': 1, 'tp_ep': True}, 'inference': {'replica_count': 1, 'moe_dp': 1}}
2048	200.779782	nan	nan	0.004981	6.861550e+18	3.417451e+16	3.118694e+14	0.053506	True	124.357117	56.444835	{'tp': 1, 'cp': 4, 'pp': 8, 'mb': 8, 'tp_sp': True, 'train': {'dp': 64, 'ep': 1, 'tp_ep': True}, 'inference': {'replica_count': 1, 'moe_dp': 1}}
2048	27.780387	nan	nan	0.035997	6.861550e+18	2.469926e+17	3.118694e+14	0.386706	True	301.088348	39.969552	{'tp': 4, 'cp': 4, 'pp': 1, 'mb': 1, 'tp_sp': True, 'train': {'dp': 128, 'ep': 1, 'tp_ep': True}, 'inference': {'replica_count': 1, 'moe_dp': 1}}
512	104.646446	nan	nan	0.009556	6.861550e+18	6.556888e+16	3.118694e+14	0.410634	True	1443.679228	51.772276	{'tp': 1, 'cp': 4, 'pp': 1, 'mb': 1, 'tp_sp': True, 'train': {'dp': 128, 'ep': 1, 'tp_ep': True}, 'inference': {'replica_count': 1, 'moe_dp': 1}}
4096	18.709530	nan	nan	0.053449	6.861550e+18	3.667409e+17	3.118694e+14	0.287096	True	110.670334	41.062764	{'tp': 8, 'cp': 4, 'pp': 1, 'mb': 1, 'tp_sp': True, 'train': {'dp': 128, 'ep': 1, 'tp_ep': True}, 'inference': {'replica_count': 1, 'moe_dp': 1}}
1024	53.325126	nan	nan	0.018753	6.861550e+18	1.286739e+17	3.118694e+14	0.402919	True	681.924377	43.542054	{'tp': 2, 'cp': 4, 'pp': 1, 'mb': 1, 'tp_sp': True, 'train': {'dp': 128, 'ep': 1, 'tp_ep': True}, 'inference': {'replica_count': 1, 'moe_dp': 1}}
4096	42.354804	nan	nan	0.023610	6.861550e+18	1.620017e+17	3.118694e+14	0.126820	True	111.865326	43.298436	{'tp': 4, 'cp': 4, 'pp': 2, 'mb': 2, 'tp_sp': True, 'train': {'dp': 128, 'ep': 1, 'tp_ep': True}, 'inference': {'replica_count': 1, 'moe_dp': 1}}
4096	212.071605	nan	nan	0.004715	6.861550e+18	3.235487e+16	3.118694e+14	0.025328	True	27.130554	64.329895	{'tp': 1, 'cp': 4, 'pp': 16, 'mb': 16, 'tp_sp': True, 'train': {'dp': 64, 'ep': 1, 'tp_ep': True}, 'inference': {'replica_count': 1, 'moe_dp': 1}}
1024	157.664525	nan	nan	0.006343	6.861550e+18	4.351994e+16	3.118694e+14	0.136275	True	686.704346	54.889924	{'tp': 1, 'cp': 4, 'pp': 2, 'mb': 2, 'tp_sp': True, 'train': {'dp': 128, 'ep': 1, 'tp_ep': True}, 'inference': {'replica_count': 1, 'moe_dp': 1}}
2048	80.675456	nan	nan	0.012395	6.861550e+18	8.505127e+16	3.118694e+14	0.133161	True	303.478333	57.900235	{'tp': 2, 'cp': 4, 'pp': 2, 'mb': 2, 'tp_sp': True, 'train': {'dp': 128, 'ep': 1, 'tp_ep': True}, 'inference': {'replica_count': 1, 'moe_dp': 1}}
2048	185.156331	nan	nan	0.005401	6.861550e+18	3.705814e+16	3.118694e+14	0.058020	True	314.265381	57.485157	{'tp': 1, 'cp': 4, 'pp': 4, 'mb': 4, 'tp_sp': True, 'train': {'dp': 128, 'ep': 1, 'tp_ep': True}, 'inference': {'replica_count': 1, 'moe_dp': 1}}
4096	95.924275	nan	nan	0.010425	6.861550e+18	7.153090e+16	3.118694e+14	0.055997	True	117.258850	50.319602	{'tp': 2, 'cp': 4, 'pp': 4, 'mb': 4, 'tp_sp': True, 'train': {'dp': 128, 'ep': 1, 'tp_ep': True}, 'inference': {'replica_count': 1, 'moe_dp': 1}}
4096	27.780221	nan	nan	0.035997	6.861550e+18	2.469941e+17	3.118694e+14	0.193354	True	298.885109	45.102486	{'tp': 4, 'cp': 4, 'pp': 1, 'mb': 1, 'tp_sp': True, 'train': {'dp': 256, 'ep': 1, 'tp_ep': True}, 'inference': {'replica_count': 1, 'moe_dp': 1}}
2048	53.324955	nan	nan	0.018753	6.861550e+18	1.286743e+17	3.118694e+14	0.201460	True	677.517899	49.476893	{'tp': 2, 'cp': 4, 'pp': 1, 'mb': 1, 'tp_sp': True, 'train': {'dp': 256, 'ep': 1, 'tp_ep': True}, 'inference': {'replica_count': 1, 'moe_dp': 1}}
1024	104.646264	nan	nan	0.009556	6.861550e+18	6.556899e+16	3.118694e+14	0.205317	True	1434.866270	57.491619	{'tp': 1, 'cp': 4, 'pp': 1, 'mb': 1, 'tp_sp': True, 'train': {'dp': 256, 'ep': 1, 'tp_ep': True}, 'inference': {'replica_count': 1, 'moe_dp': 1}}
4096	200.779782	nan	nan	0.004981	6.861550e+18	3.417451e+16	3.118694e+14	0.026753	True	122.038818	63.238833	{'tp': 1, 'cp': 4, 'pp': 8, 'mb': 8, 'tp_sp': True, 'train': {'dp': 128, 'ep': 1, 'tp_ep': True}, 'inference': {'replica_count': 1, 'moe_dp': 1}}
4096	80.675079	nan	nan	0.012395	6.861550e+18	8.505167e+16	3.118694e+14	0.066581	True	301.263626	56.983117	{'tp': 2, 'cp': 4, 'pp': 2, 'mb': 2, 'tp_sp': True, 'train': {'dp': 256, 'ep': 1, 'tp_ep': True}, 'inference': {'replica_count': 1, 'moe_dp': 1}}
2048	157.664118	nan	nan	0.006343	6.861550e+18	4.352005e+16	3.118694e+14	0.068138	True	682.274933	64.231727	{'tp': 1, 'cp': 4, 'pp': 2, 'mb': 2, 'tp_sp': True, 'train': {'dp': 256, 'ep': 1, 'tp_ep': True}, 'inference': {'replica_count': 1, 'moe_dp': 1}}
4096	185.155529	nan	nan	0.005401	6.861550e+18	3.705831e+16	3.118694e+14	0.029010	True	311.992950	70.977248	{'tp': 1, 'cp': 4, 'pp': 4, 'mb': 4, 'tp_sp': True, 'train': {'dp': 256, 'ep': 1, 'tp_ep': True}, 'inference': {'replica_count': 1, 'moe_dp': 1}}
4096	53.324851	nan	nan	0.018753	6.861550e+18	1.286745e+17	3.118694e+14	0.100730	True	675.314659	64.245645	{'tp': 2, 'cp': 4, 'pp': 1, 'mb': 1, 'tp_sp': True, 'train': {'dp': 512, 'ep': 1, 'tp_ep': True}, 'inference': {'replica_count': 1, 'moe_dp': 1}}
2048	104.646153	nan	nan	0.009556	6.861550e+18	6.556906e+16	3.118694e+14	0.102659	True	1430.459791	72.368921	{'tp': 1, 'cp': 4, 'pp': 1, 'mb': 1, 'tp_sp': True, 'train': {'dp': 512, 'ep': 1, 'tp_ep': True}, 'inference': {'replica_count': 1, 'moe_dp': 1}}
4096	157.663914	nan	nan	0.006343	6.861550e+18	4.352011e+16	3.118694e+14	0.034069	True	680.060226	97.872402	{'tp': 1, 'cp': 4, 'pp': 2, 'mb': 2, 'tp_sp': True, 'train': {'dp': 512, 'ep': 1, 'tp_ep': True}, 'inference': {'replica_count': 1, 'moe_dp': 1}}
4096	104.646107	nan	nan	0.009556	6.861550e+18	6.556909e+16	3.118694e+14	0.051329	True	1428.256552	104.313379	{'tp': 1, 'cp': 4, 'pp': 1, 'mb': 1, 'tp_sp': True, 'train': {'dp': 1024, 'ep': 1, 'tp_ep': True}, 'inference': {'replica_count': 1, 'moe_dp': 1}}
128	442.839950	nan	nan	0.002258	6.861550e+18	1.549442e+16	3.118694e+14	0.388144	True	180.855103	108.506012	{'tp': 1, 'cp': 8, 'pp': 16, 'mb': 16, 'tp_sp': True, 'train': {'dp': 1, 'ep': 1, 'tp_ep': True}, 'inference': {'replica_count': 1, 'moe_dp': 1}}
256	264.189654	nan	nan	0.003785	6.861550e+18	2.597206e+16	3.118694e+14	0.325307	True	50.679871	121.193888	{'tp': 2, 'cp': 8, 'pp': 16, 'mb': 16, 'tp_sp': True, 'train': {'dp': 1, 'ep': 1, 'tp_ep': True}, 'inference': {'replica_count': 1, 'moe_dp': 1}}
128	439.698964	nan	nan	0.002274	6.861550e+18	1.560511e+16	3.118694e+14	0.390917	True	171.574585	175.904989	{'tp': 2, 'cp': 8, 'pp': 8, 'mb': 8, 'tp_sp': True, 'train': {'dp': 1, 'ep': 1, 'tp_ep': True}, 'inference': {'replica_count': 1, 'moe_dp': 1}}
256	265.410968	nan	nan	0.003768	6.861550e+18	2.585255e+16	3.118694e+14	0.323810	True	46.291931	195.888274	{'tp': 4, 'cp': 8, 'pp': 8, 'mb': 8, 'tp_sp': True, 'train': {'dp': 1, 'ep': 1, 'tp_ep': True}, 'inference': {'replica_count': 1, 'moe_dp': 1}}
512	176.823963	nan	nan	0.005655	6.861550e+18	3.880441e+16	3.118694e+14	0.243018	False	0.000000	171.633825	{'tp': 4, 'cp': 8, 'pp': 16, 'mb': 16, 'tp_sp': True, 'train': {'dp': 1, 'ep': 1, 'tp_ep': True}, 'inference': {'replica_count': 1, 'moe_dp': 1}}
256	257.423176	nan	nan	0.003885	6.861550e+18	2.665475e+16	3.118694e+14	0.333858	True	60.212708	77.093714	{'tp': 1, 'cp': 8, 'pp': 32, 'mb': 32, 'tp_sp': True, 'train': {'dp': 1, 'ep': 1, 'tp_ep': True}, 'inference': {'replica_count': 1, 'moe_dp': 1}}
512	178.487695	nan	nan	0.005603	6.861550e+18	3.844271e+16	3.118694e+14	0.240753	False	0.000000	304.912688	{'tp': 8, 'cp': 8, 'pp': 8, 'mb': 8, 'tp_sp': True, 'train': {'dp': 1, 'ep': 1, 'tp_ep': True}, 'inference': {'replica_count': 1, 'moe_dp': 1}}
512	172.076392	nan	nan	0.005811	6.861550e+18	3.987502e+16	3.118694e+14	0.249723	False	0.000000	125.764745	{'tp': 2, 'cp': 8, 'pp': 32, 'mb': 32, 'tp_sp': True, 'train': {'dp': 1, 'ep': 1, 'tp_ep': True}, 'inference': {'replica_count': 1, 'moe_dp': 1}}
256	259.626977	nan	nan	0.003852	6.861550e+18	2.642849e+16	3.118694e+14	0.331024	True	44.854919	359.413134	{'tp': 8, 'cp': 8, 'pp': 4, 'mb': 4, 'tp_sp': True, 'train': {'dp': 1, 'ep': 1, 'tp_ep': True}, 'inference': {'replica_count': 1, 'moe_dp': 1}}
128	424.100712	nan	nan	0.002358	6.861550e+18	1.617906e+16	3.118694e+14	0.405294	True	167.691284	414.439014	{'tp': 4, 'cp': 8, 'pp': 4, 'mb': 4, 'tp_sp': True, 'train': {'dp': 1, 'ep': 1, 'tp_ep': True}, 'inference': {'replica_count': 1, 'moe_dp': 1}}
256	223.384971	nan	nan	0.004477	6.861550e+18	3.071626e+16	3.118694e+14	0.384730	True	101.841614	70.080589	{'tp': 1, 'cp': 8, 'pp': 16, 'mb': 16, 'tp_sp': True, 'train': {'dp': 2, 'ep': 1, 'tp_ep': True}, 'inference': {'replica_count': 1, 'moe_dp': 1}}
128	399.262046	nan	nan	0.002505	6.861550e+18	1.718558e+16	3.118694e+14	0.430508	True	269.984009	107.088698	{'tp': 1, 'cp': 8, 'pp': 8, 'mb': 8, 'tp_sp': True, 'train': {'dp': 2, 'ep': 1, 'tp_ep': True}, 'inference': {'replica_count': 1, 'moe_dp': 1}}
256	220.659809	nan	nan	0.004532	6.861550e+18	3.109560e+16	3.118694e+14	0.389481	True	95.244324	107.891944	{'tp': 2, 'cp': 8, 'pp': 8, 'mb': 8, 'tp_sp': True, 'train': {'dp': 2, 'ep': 1, 'tp_ep': True}, 'inference': {'replica_count': 1, 'moe_dp': 1}}
512	133.318148	nan	nan	0.007501	6.861550e+18	5.146749e+16	3.118694e+14	0.322322	True	7.874481	128.784487	{'tp': 4, 'cp': 8, 'pp': 8, 'mb': 8, 'tp_sp': True, 'train': {'dp': 2, 'ep': 1, 'tp_ep': True}, 'inference': {'replica_count': 1, 'moe_dp': 1}}
512	133.393543	nan	nan	0.007497	6.861550e+18	5.143840e+16	3.118694e+14	0.322140	True	11.046967	87.393457	{'tp': 2, 'cp': 8, 'pp': 16, 'mb': 16, 'tp_sp': True, 'train': {'dp': 2, 'ep': 1, 'tp_ep': True}, 'inference': {'replica_count': 1, 'moe_dp': 1}}
128	377.749127	nan	nan	0.002647	6.861550e+18	1.816430e+16	3.118694e+14	0.455026	True	263.639038	183.378636	{'tp': 2, 'cp': 8, 'pp': 4, 'mb': 4, 'tp_sp': True, 'train': {'dp': 2, 'ep': 1, 'tp_ep': True}, 'inference': {'replica_count': 1, 'moe_dp': 1}}
512	130.673627	nan	nan	0.007653	6.861550e+18	5.250907e+16	3.118694e+14	0.328845	True	17.770416	58.460767	{'tp': 1, 'cp': 8, 'pp': 32, 'mb': 32, 'tp_sp': True, 'train': {'dp': 2, 'ep': 1, 'tp_ep': True}, 'inference': {'replica_count': 1, 'moe_dp': 1}}
256	212.541385	nan	nan	0.004705	6.861550e+18	3.228336e+16	3.118694e+14	0.404358	True	92.324158	229.979902	{'tp': 4, 'cp': 8, 'pp': 4, 'mb': 4, 'tp_sp': True, 'train': {'dp': 2, 'ep': 1, 'tp_ep': True}, 'inference': {'replica_count': 1, 'moe_dp': 1}}
512	130.146771	nan	nan	0.007684	6.861550e+18	5.272163e+16	3.118694e+14	0.330176	True	6.666718	230.857579	{'tp': 8, 'cp': 8, 'pp': 4, 'mb': 4, 'tp_sp': True, 'train': {'dp': 2, 'ep': 1, 'tp_ep': True}, 'inference': {'replica_count': 1, 'moe_dp': 1}}
1024	89.749184	nan	nan	0.011142	6.861550e+18	7.645251e+16	3.118694e+14	0.239397	False	0.000000	233.449220	{'tp': 8, 'cp': 8, 'pp': 8, 'mb': 8, 'tp_sp': True, 'train': {'dp': 2, 'ep': 1, 'tp_ep': True}, 'inference': {'replica_count': 1, 'moe_dp': 1}}
1024	89.338099	nan	nan	0.011193	6.861550e+18	7.680430e+16	3.118694e+14	0.240499	False	0.000000	137.187925	{'tp': 4, 'cp': 8, 'pp': 16, 'mb': 16, 'tp_sp': True, 'train': {'dp': 2, 'ep': 1, 'tp_ep': True}, 'inference': {'replica_count': 1, 'moe_dp': 1}}
1024	87.532718	nan	nan	0.011424	6.861550e+18	7.838840e+16	3.118694e+14	0.245459	False	0.000000	111.006386	{'tp': 2, 'cp': 8, 'pp': 32, 'mb': 32, 'tp_sp': True, 'train': {'dp': 2, 'ep': 1, 'tp_ep': True}, 'inference': {'replica_count': 1, 'moe_dp': 1}}
2048	66.410071	nan	nan	0.015058	6.861550e+18	1.033209e+17	3.118694e+14	0.161765	False	0.000000	230.150335	{'tp': 4, 'cp': 8, 'pp': 32, 'mb': 32, 'tp_sp': True, 'train': {'dp': 2, 'ep': 1, 'tp_ep': True}, 'inference': {'replica_count': 1, 'moe_dp': 1}}
2048	67.339252	nan	nan	0.014850	6.861550e+18	1.018953e+17	3.118694e+14	0.159533	False	0.000000	375.024011	{'tp': 8, 'cp': 8, 'pp': 16, 'mb': 16, 'tp_sp': True, 'train': {'dp': 2, 'ep': 1, 'tp_ep': True}, 'inference': {'replica_count': 1, 'moe_dp': 1}}
128	215.616232	nan	nan	0.004638	6.861550e+18	3.182298e+16	3.118694e+14	0.797183	True	442.325562	300.265609	{'tp': 4, 'cp': 8, 'pp': 1, 'mb': 1, 'tp_sp': True, 'train': {'dp': 4, 'ep': 1, 'tp_ep': True}, 'inference': {'replica_count': 1, 'moe_dp': 1}}
256	120.997676	nan	nan	0.008265	6.861550e+18	5.670811e+16	3.118694e+14	0.710285	True	182.172058	296.520309	{'tp': 8, 'cp': 8, 'pp': 1, 'mb': 1, 'tp_sp': True, 'train': {'dp': 4, 'ep': 1, 'tp_ep': True}, 'inference': {'replica_count': 1, 'moe_dp': 1}}
128	358.945267	nan	nan	0.002786	6.861550e+18	1.911587e+16	3.118694e+14	0.478863	True	457.048462	102.078524	{'tp': 1, 'cp': 8, 'pp': 4, 'mb': 4, 'tp_sp': True, 'train': {'dp': 4, 'ep': 1, 'tp_ep': True}, 'inference': {'replica_count': 1, 'moe_dp': 1}}
512	73.705912	nan	nan	0.013567	6.861550e+18	9.309362e+16	3.118694e+14	0.583012	True	52.095306	369.196569	{'tp': 16, 'cp': 8, 'pp': 1, 'mb': 1, 'tp_sp': True, 'train': {'dp': 4, 'ep': 1, 'tp_ep': True}, 'inference': {'replica_count': 1, 'moe_dp': 1}}
128	310.201754	nan	nan	0.003224	6.861550e+18	2.211964e+16	3.118694e+14	0.554109	True	444.007202	166.131442	{'tp': 2, 'cp': 8, 'pp': 2, 'mb': 2, 'tp_sp': True, 'train': {'dp': 4, 'ep': 1, 'tp_ep': True}, 'inference': {'replica_count': 1, 'moe_dp': 1}}
256	167.637029	nan	nan	0.005965	6.861550e+18	4.093099e+16	3.118694e+14	0.512672	True	182.508240	167.864749	{'tp': 4, 'cp': 8, 'pp': 2, 'mb': 2, 'tp_sp': True, 'train': {'dp': 4, 'ep': 1, 'tp_ep': True}, 'inference': {'replica_count': 1, 'moe_dp': 1}}
256	189.651018	nan	nan	0.005273	6.861550e+18	3.617988e+16	3.118694e+14	0.453163	True	188.776550	96.894297	{'tp': 2, 'cp': 8, 'pp': 4, 'mb': 4, 'tp_sp': True, 'train': {'dp': 4, 'ep': 1, 'tp_ep': True}, 'inference': {'replica_count': 1, 'moe_dp': 1}}
512	106.861560	nan	nan	0.009358	6.861550e+18	6.420971e+16	3.118694e+14	0.402122	True	54.640594	102.913330	{'tp': 4, 'cp': 8, 'pp': 4, 'mb': 4, 'tp_sp': True, 'train': {'dp': 4, 'ep': 1, 'tp_ep': True}, 'inference': {'replica_count': 1, 'moe_dp': 1}}
512	96.535256	nan	nan	0.010359	6.861550e+18	7.107818e+16	3.118694e+14	0.445137	True	51.758759	183.900568	{'tp': 8, 'cp': 8, 'pp': 2, 'mb': 2, 'tp_sp': True, 'train': {'dp': 4, 'ep': 1, 'tp_ep': True}, 'inference': {'replica_count': 1, 'moe_dp': 1}}
256	201.490973	nan	nan	0.004963	6.861550e+18	3.405388e+16	3.118694e+14	0.426534	True	193.906067	66.847352	{'tp': 1, 'cp': 8, 'pp': 8, 'mb': 8, 'tp_sp': True, 'train': {'dp': 4, 'ep': 1, 'tp_ep': True}, 'inference': {'replica_count': 1, 'moe_dp': 1}}
512	111.534345	nan	nan	0.008966	6.861550e+18	6.151962e+16	3.118694e+14	0.385275	True	57.079193	70.682163	{'tp': 2, 'cp': 8, 'pp': 8, 'mb': 8, 'tp_sp': True, 'train': {'dp': 4, 'ep': 1, 'tp_ep': True}, 'inference': {'replica_count': 1, 'moe_dp': 1}}
1024	67.496309	nan	nan	0.014816	6.861550e+18	1.016582e+17	3.118694e+14	0.318324	False	0.000000	90.553578	{'tp': 4, 'cp': 8, 'pp': 8, 'mb': 8, 'tp_sp': True, 'train': {'dp': 4, 'ep': 1, 'tp_ep': True}, 'inference': {'replica_count': 1, 'moe_dp': 1}}
1024	65.563409	nan	nan	0.015252	6.861550e+18	1.046552e+17	3.118694e+14	0.327709	False	0.000000	153.130786	{'tp': 8, 'cp': 8, 'pp': 4, 'mb': 4, 'tp_sp': True, 'train': {'dp': 4, 'ep': 1, 'tp_ep': True}, 'inference': {'replica_count': 1, 'moe_dp': 1}}
512	113.425264	nan	nan	0.008816	6.861550e+18	6.049402e+16	3.118694e+14	0.378852	True	62.334869	62.446233	{'tp': 1, 'cp': 8, 'pp': 16, 'mb': 16, 'tp_sp': True, 'train': {'dp': 4, 'ep': 1, 'tp_ep': True}, 'inference': {'replica_count': 1, 'moe_dp': 1}}
1024	67.964323	nan	nan	0.014714	6.861550e+18	1.009581e+17	3.118694e+14	0.316132	False	0.000000	70.722414	{'tp': 2, 'cp': 8, 'pp': 16, 'mb': 16, 'tp_sp': True, 'train': {'dp': 4, 'ep': 1, 'tp_ep': True}, 'inference': {'replica_count': 1, 'moe_dp': 1}}
1024	60.997790	nan	nan	0.016394	6.861550e+18	1.124885e+17	3.118694e+14	0.352237	False	0.000000	321.464519	{'tp': 16, 'cp': 8, 'pp': 2, 'mb': 2, 'tp_sp': True, 'train': {'dp': 4, 'ep': 1, 'tp_ep': True}, 'inference': {'replica_count': 1, 'moe_dp': 1}}
1024	130.369390	nan	nan	0.007671	6.861550e+18	5.263160e+16	3.118694e+14	0.164806	False	0.000000	58.039385	{'tp': 1, 'cp': 8, 'pp': 32, 'mb': 32, 'tp_sp': True, 'train': {'dp': 4, 'ep': 1, 'tp_ep': True}, 'inference': {'replica_count': 1, 'moe_dp': 1}}
2048	45.706224	nan	nan	0.021879	6.861550e+18	1.501229e+17	3.118694e+14	0.235041	False	0.000000	123.914736	{'tp': 4, 'cp': 8, 'pp': 16, 'mb': 16, 'tp_sp': True, 'train': {'dp': 4, 'ep': 1, 'tp_ep': True}, 'inference': {'replica_count': 1, 'moe_dp': 1}}
2048	45.506166	nan	nan	0.021975	6.861550e+18	1.507829e+17	3.118694e+14	0.236075	False	0.000000	200.432557	{'tp': 8, 'cp': 8, 'pp': 8, 'mb': 8, 'tp_sp': True, 'train': {'dp': 4, 'ep': 1, 'tp_ep': True}, 'inference': {'replica_count': 1, 'moe_dp': 1}}
2048	87.255043	nan	nan	0.011461	6.861550e+18	7.863786e+16	3.118694e+14	0.123120	False	0.000000	117.931339	{'tp': 2, 'cp': 8, 'pp': 32, 'mb': 32, 'tp_sp': True, 'train': {'dp': 4, 'ep': 1, 'tp_ep': True}, 'inference': {'replica_count': 1, 'moe_dp': 1}}
128	203.217731	nan	nan	0.004921	6.861550e+18	3.376452e+16	3.118694e+14	0.845820	True	817.335815	166.040214	{'tp': 2, 'cp': 8, 'pp': 1, 'mb': 1, 'tp_sp': True, 'train': {'dp': 8, 'ep': 1, 'tp_ep': True}, 'inference': {'replica_count': 1, 'moe_dp': 1}}
256	108.177150	nan	nan	0.009244	6.861550e+18	6.342883e+16	3.118694e+14	0.794463	True	369.172546	164.057816	{'tp': 4, 'cp': 8, 'pp': 1, 'mb': 1, 'tp_sp': True, 'train': {'dp': 8, 'ep': 1, 'tp_ep': True}, 'inference': {'replica_count': 1, 'moe_dp': 1}}
512	60.777253	nan	nan	0.016454	6.861550e+18	1.128967e+17	3.118694e+14	0.707031	True	145.090912	165.882797	{'tp': 8, 'cp': 8, 'pp': 1, 'mb': 1, 'tp_sp': True, 'train': {'dp': 8, 'ep': 1, 'tp_ep': True}, 'inference': {'replica_count': 1, 'moe_dp': 1}}
4096	66.145677	nan	nan	0.015118	6.861550e+18	1.037339e+17	3.118694e+14	0.081206	False	0.000000	223.495852	{'tp': 4, 'cp': 8, 'pp': 32, 'mb': 32, 'tp_sp': True, 'train': {'dp': 4, 'ep': 1, 'tp_ep': True}, 'inference': {'replica_count': 1, 'moe_dp': 1}}
256	155.740568	nan	nan	0.006421	6.861550e+18	4.405756e+16	3.118694e+14	0.551833	True	370.991882	96.517491	{'tp': 2, 'cp': 8, 'pp': 2, 'mb': 2, 'tp_sp': True, 'train': {'dp': 8, 'ep': 1, 'tp_ep': True}, 'inference': {'replica_count': 1, 'moe_dp': 1}}
512	84.300066	nan	nan	0.011862	6.861550e+18	8.139436e+16	3.118694e+14	0.509743	True	145.748260	96.100550	{'tp': 4, 'cp': 8, 'pp': 2, 'mb': 2, 'tp_sp': True, 'train': {'dp': 8, 'ep': 1, 'tp_ep': True}, 'inference': {'replica_count': 1, 'moe_dp': 1}}
128	301.827956	nan	nan	0.003313	6.861550e+18	2.273332e+16	3.118694e+14	0.569482	True	821.479126	105.546362	{'tp': 1, 'cp': 8, 'pp': 2, 'mb': 2, 'tp_sp': True, 'train': {'dp': 8, 'ep': 1, 'tp_ep': True}, 'inference': {'replica_count': 1, 'moe_dp': 1}}
256	181.113743	nan	nan	0.005521	6.861550e+18	3.788531e+16	3.118694e+14	0.474524	True	382.438293	65.477389	{'tp': 1, 'cp': 8, 'pp': 4, 'mb': 4, 'tp_sp': True, 'train': {'dp': 8, 'ep': 1, 'tp_ep': True}, 'inference': {'replica_count': 1, 'moe_dp': 1}}
1024	48.663163	nan	nan	0.020549	6.861550e+18	1.410009e+17	3.118694e+14	0.441519	True	33.126450	117.140107	{'tp': 8, 'cp': 8, 'pp': 2, 'mb': 2, 'tp_sp': True, 'train': {'dp': 8, 'ep': 1, 'tp_ep': True}, 'inference': {'replica_count': 1, 'moe_dp': 1}}
1024	37.086250	nan	nan	0.026964	6.861550e+18	1.850160e+17	3.118694e+14	0.579344	True	33.050095	235.817199	{'tp': 16, 'cp': 8, 'pp': 1, 'mb': 1, 'tp_sp': True, 'train': {'dp': 8, 'ep': 1, 'tp_ep': True}, 'inference': {'replica_count': 1, 'moe_dp': 1}}
512	95.856309	nan	nan	0.010432	6.861550e+18	7.158162e+16	3.118694e+14	0.448290	True	151.345306	64.270684	{'tp': 2, 'cp': 8, 'pp': 4, 'mb': 4, 'tp_sp': True, 'train': {'dp': 8, 'ep': 1, 'tp_ep': True}, 'inference': {'replica_count': 1, 'moe_dp': 1}}
1024	54.119028	nan	nan	0.018478	6.861550e+18	1.267863e+17	3.118694e+14	0.397008	True	35.798813	69.261945	{'tp': 4, 'cp': 8, 'pp': 4, 'mb': 4, 'tp_sp': True, 'train': {'dp': 8, 'ep': 1, 'tp_ep': True}, 'inference': {'replica_count': 1, 'moe_dp': 1}}
4096	36.611010	nan	nan	0.027314	6.861550e+18	1.874177e+17	3.118694e+14	0.146716	False	0.000000	358.218697	{'tp': 8, 'cp': 8, 'pp': 16, 'mb': 16, 'tp_sp': True, 'train': {'dp': 4, 'ep': 1, 'tp_ep': True}, 'inference': {'replica_count': 1, 'moe_dp': 1}}
512	102.175124	nan	nan	0.009787	6.861550e+18	6.715480e+16	3.118694e+14	0.420566	True	155.867096	46.368726	{'tp': 1, 'cp': 8, 'pp': 8, 'mb': 8, 'tp_sp': True, 'train': {'dp': 8, 'ep': 1, 'tp_ep': True}, 'inference': {'replica_count': 1, 'moe_dp': 1}}
1024	56.757611	nan	nan	0.017619	6.861550e+18	1.208922e+17	3.118694e+14	0.378552	True	37.996628	52.450303	{'tp': 2, 'cp': 8, 'pp': 8, 'mb': 8, 'tp_sp': True, 'train': {'dp': 8, 'ep': 1, 'tp_ep': True}, 'inference': {'replica_count': 1, 'moe_dp': 1}}
1024	113.425264	nan	nan	0.008816	6.861550e+18	6.049402e+16	3.118694e+14	0.189426	True	43.054596	51.058898	{'tp': 1, 'cp': 8, 'pp': 16, 'mb': 16, 'tp_sp': True, 'train': {'dp': 8, 'ep': 1, 'tp_ep': True}, 'inference': {'replica_count': 1, 'moe_dp': 1}}
2048	35.721891	nan	nan	0.027994	6.861550e+18	1.920825e+17	3.118694e+14	0.300736	False	0.000000	73.872063	{'tp': 4, 'cp': 8, 'pp': 8, 'mb': 8, 'tp_sp': True, 'train': {'dp': 8, 'ep': 1, 'tp_ep': True}, 'inference': {'replica_count': 1, 'moe_dp': 1}}
2048	34.166302	nan	nan	0.029269	6.861550e+18	2.008280e+17	3.118694e+14	0.314428	False	0.000000	121.853616	{'tp': 8, 'cp': 8, 'pp': 4, 'mb': 4, 'tp_sp': True, 'train': {'dp': 8, 'ep': 1, 'tp_ep': True}, 'inference': {'replica_count': 1, 'moe_dp': 1}}
2048	67.964323	nan	nan	0.014714	6.861550e+18	1.009581e+17	3.118694e+14	0.158066	False	0.000000	71.757013	{'tp': 2, 'cp': 8, 'pp': 16, 'mb': 16, 'tp_sp': True, 'train': {'dp': 8, 'ep': 1, 'tp_ep': True}, 'inference': {'replica_count': 1, 'moe_dp': 1}}
2048	130.092361	nan	nan	0.007687	6.861550e+18	5.274368e+16	3.118694e+14	0.082579	False	0.000000	59.697239	{'tp': 1, 'cp': 8, 'pp': 32, 'mb': 32, 'tp_sp': True, 'train': {'dp': 8, 'ep': 1, 'tp_ep': True}, 'inference': {'replica_count': 1, 'moe_dp': 1}}
128	199.420273	nan	nan	0.005015	6.861550e+18	3.440749e+16	3.118694e+14	0.861926	True	1569.035824	101.864360	{'tp': 1, 'cp': 8, 'pp': 1, 'mb': 1, 'tp_sp': True, 'train': {'dp': 16, 'ep': 1, 'tp_ep': True}, 'inference': {'replica_count': 1, 'moe_dp': 1}}
4096	87.001624	nan	nan	0.011494	6.861550e+18	7.886692e+16	3.118694e+14	0.061739	False	0.000000	105.980608	{'tp': 2, 'cp': 8, 'pp': 32, 'mb': 32, 'tp_sp': True, 'train': {'dp': 8, 'ep': 1, 'tp_ep': True}, 'inference': {'replica_count': 1, 'moe_dp': 1}}
2048	31.284703	nan	nan	0.031965	6.861550e+18	2.193260e+17	3.118694e+14	0.343390	False	0.000000	257.936365	{'tp': 16, 'cp': 8, 'pp': 2, 'mb': 2, 'tp_sp': True, 'train': {'dp': 8, 'ep': 1, 'tp_ep': True}, 'inference': {'replica_count': 1, 'moe_dp': 1}}
4096	45.706224	nan	nan	0.021879	6.861550e+18	1.501229e+17	3.118694e+14	0.117521	False	0.000000	122.863271	{'tp': 4, 'cp': 8, 'pp': 16, 'mb': 16, 'tp_sp': True, 'train': {'dp': 8, 'ep': 1, 'tp_ep': True}, 'inference': {'replica_count': 1, 'moe_dp': 1}}
256	102.032888	nan	nan	0.009801	6.861550e+18	6.724842e+16	3.118694e+14	0.842305	True	744.687439	95.379844	{'tp': 2, 'cp': 8, 'pp': 1, 'mb': 1, 'tp_sp': True, 'train': {'dp': 16, 'ep': 1, 'tp_ep': True}, 'inference': {'replica_count': 1, 'moe_dp': 1}}
512	54.407991	nan	nan	0.018380	6.861550e+18	1.261129e+17	3.118694e+14	0.789799	True	332.596039	90.948363	{'tp': 4, 'cp': 8, 'pp': 1, 'mb': 1, 'tp_sp': True, 'train': {'dp': 16, 'ep': 1, 'tp_ep': True}, 'inference': {'replica_count': 1, 'moe_dp': 1}}
1024	30.651107	nan	nan	0.032625	6.861550e+18	2.238598e+17	3.118694e+14	0.700976	True	126.550339	100.920056	{'tp': 8, 'cp': 8, 'pp': 1, 'mb': 1, 'tp_sp': True, 'train': {'dp': 16, 'ep': 1, 'tp_ep': True}, 'inference': {'replica_count': 1, 'moe_dp': 1}}
4096	28.636617	nan	nan	0.034920	6.861550e+18	2.396076e+17	3.118694e+14	0.187572	False	0.000000	178.606651	{'tp': 8, 'cp': 8, 'pp': 8, 'mb': 8, 'tp_sp': True, 'train': {'dp': 8, 'ep': 1, 'tp_ep': True}, 'inference': {'replica_count': 1, 'moe_dp': 1}}
512	78.682628	nan	nan	0.012709	6.861550e+18	8.720540e+16	3.118694e+14	0.546136	True	334.484222	58.951360	{'tp': 2, 'cp': 8, 'pp': 2, 'mb': 2, 'tp_sp': True, 'train': {'dp': 16, 'ep': 1, 'tp_ep': True}, 'inference': {'replica_count': 1, 'moe_dp': 1}}
256	152.245266	nan	nan	0.006568	6.861550e+18	4.506905e+16	3.118694e+14	0.564502	True	748.716125	63.370215	{'tp': 1, 'cp': 8, 'pp': 2, 'mb': 2, 'tp_sp': True, 'train': {'dp': 16, 'ep': 1, 'tp_ep': True}, 'inference': {'replica_count': 1, 'moe_dp': 1}}
1024	42.670632	nan	nan	0.023435	6.861550e+18	1.608026e+17	3.118694e+14	0.503524	True	127.368271	59.914345	{'tp': 4, 'cp': 8, 'pp': 2, 'mb': 2, 'tp_sp': True, 'train': {'dp': 16, 'ep': 1, 'tp_ep': True}, 'inference': {'replica_count': 1, 'moe_dp': 1}}
512	91.688064	nan	nan	0.010907	6.861550e+18	7.483581e+16	3.118694e+14	0.468669	True	345.133209	45.417017	{'tp': 1, 'cp': 8, 'pp': 4, 'mb': 4, 'tp_sp': True, 'train': {'dp': 16, 'ep': 1, 'tp_ep': True}, 'inference': {'replica_count': 1, 'moe_dp': 1}}
1024	48.662374	nan	nan	0.020550	6.861550e+18	1.410032e+17	3.118694e+14	0.441526	True	132.629684	44.066747	{'tp': 2, 'cp': 8, 'pp': 4, 'mb': 4, 'tp_sp': True, 'train': {'dp': 16, 'ep': 1, 'tp_ep': True}, 'inference': {'replica_count': 1, 'moe_dp': 1}}
2048	27.494182	nan	nan	0.036371	6.861550e+18	2.495637e+17	3.118694e+14	0.390732	True	23.810295	82.119583	{'tp': 8, 'cp': 8, 'pp': 2, 'mb': 2, 'tp_sp': True, 'train': {'dp': 16, 'ep': 1, 'tp_ep': True}, 'inference': {'replica_count': 1, 'moe_dp': 1}}
2048	30.761213	nan	nan	0.032508	6.861550e+18	2.230585e+17	3.118694e+14	0.349234	True	26.377922	51.725760	{'tp': 4, 'cp': 8, 'pp': 4, 'mb': 4, 'tp_sp': True, 'train': {'dp': 16, 'ep': 1, 'tp_ep': True}, 'inference': {'replica_count': 1, 'moe_dp': 1}}
1024	102.170411	nan	nan	0.009788	6.861550e+18	6.715790e+16	3.118694e+14	0.210293	True	137.320709	47.986872	{'tp': 1, 'cp': 8, 'pp': 8, 'mb': 8, 'tp_sp': True, 'train': {'dp': 16, 'ep': 1, 'tp_ep': True}, 'inference': {'replica_count': 1, 'moe_dp': 1}}
2048	56.753294	nan	nan	0.017620	6.861550e+18	1.209014e+17	3.118694e+14	0.189290	True	28.723434	52.745762	{'tp': 2, 'cp': 8, 'pp': 8, 'mb': 8, 'tp_sp': True, 'train': {'dp': 16, 'ep': 1, 'tp_ep': True}, 'inference': {'replica_count': 1, 'moe_dp': 1}}
2048	21.078300	nan	nan	0.047442	6.861550e+18	3.255267e+17	3.118694e+14	0.509664	True	23.527489	170.590603	{'tp': 16, 'cp': 8, 'pp': 1, 'mb': 1, 'tp_sp': True, 'train': {'dp': 16, 'ep': 1, 'tp_ep': True}, 'inference': {'replica_count': 1, 'moe_dp': 1}}
2048	113.425264	nan	nan	0.008816	6.861550e+18	6.049402e+16	3.118694e+14	0.094713	True	33.414459	51.832046	{'tp': 1, 'cp': 8, 'pp': 16, 'mb': 16, 'tp_sp': True, 'train': {'dp': 16, 'ep': 1, 'tp_ep': True}, 'inference': {'replica_count': 1, 'moe_dp': 1}}
4096	35.663519	nan	nan	0.028040	6.861550e+18	1.923969e+17	3.118694e+14	0.150614	False	0.000000	74.342323	{'tp': 4, 'cp': 8, 'pp': 8, 'mb': 8, 'tp_sp': True, 'train': {'dp': 16, 'ep': 1, 'tp_ep': True}, 'inference': {'replica_count': 1, 'moe_dp': 1}}
4096	129.922945	nan	nan	0.007697	6.861550e+18	5.281246e+16	3.118694e+14	0.041343	False	0.000000	63.751932	{'tp': 1, 'cp': 8, 'pp': 32, 'mb': 32, 'tp_sp': True, 'train': {'dp': 16, 'ep': 1, 'tp_ep': True}, 'inference': {'replica_count': 1, 'moe_dp': 1}}
4096	67.964323	nan	nan	0.014714	6.861550e+18	1.009581e+17	3.118694e+14	0.079033	False	0.000000	71.435722	{'tp': 2, 'cp': 8, 'pp': 16, 'mb': 16, 'tp_sp': True, 'train': {'dp': 16, 'ep': 1, 'tp_ep': True}, 'inference': {'replica_count': 1, 'moe_dp': 1}}
4096	24.357352	nan	nan	0.041055	6.861550e+18	2.817035e+17	3.118694e+14	0.220526	False	0.000000	103.114767	{'tp': 8, 'cp': 8, 'pp': 4, 'mb': 4, 'tp_sp': True, 'train': {'dp': 16, 'ep': 1, 'tp_ep': True}, 'inference': {'replica_count': 1, 'moe_dp': 1}}
256	100.588759	nan	nan	0.009941	6.861550e+18	6.821389e+16	3.118694e+14	0.854398	True	1496.556974	63.532425	{'tp': 1, 'cp': 8, 'pp': 1, 'mb': 1, 'tp_sp': True, 'train': {'dp': 32, 'ep': 1, 'tp_ep': True}, 'inference': {'replica_count': 1, 'moe_dp': 1}}
512	51.551096	nan	nan	0.019398	6.861550e+18	1.331019e+17	3.118694e+14	0.833569	True	708.363251	57.386238	{'tp': 2, 'cp': 8, 'pp': 1, 'mb': 1, 'tp_sp': True, 'train': {'dp': 32, 'ep': 1, 'tp_ep': True}, 'inference': {'replica_count': 1, 'moe_dp': 1}}
1024	27.545146	nan	nan	0.036304	6.861550e+18	2.491020e+17	3.118694e+14	0.780018	True	314.307785	55.523179	{'tp': 4, 'cp': 8, 'pp': 1, 'mb': 1, 'tp_sp': True, 'train': {'dp': 32, 'ep': 1, 'tp_ep': True}, 'inference': {'replica_count': 1, 'moe_dp': 1}}
512	77.003110	nan	nan	0.012986	6.861550e+18	8.910744e+16	3.118694e+14	0.558048	True	712.334625	45.587284	{'tp': 1, 'cp': 8, 'pp': 2, 'mb': 2, 'tp_sp': True, 'train': {'dp': 32, 'ep': 1, 'tp_ep': True}, 'inference': {'replica_count': 1, 'moe_dp': 1}}
1024	39.887877	nan	nan	0.025070	6.861550e+18	1.720209e+17	3.118694e+14	0.538652	True	316.230392	40.058136	{'tp': 2, 'cp': 8, 'pp': 2, 'mb': 2, 'tp_sp': True, 'train': {'dp': 32, 'ep': 1, 'tp_ep': True}, 'inference': {'replica_count': 1, 'moe_dp': 1}}
2048	25.914365	nan	nan	0.038589	6.861550e+18	2.647779e+17	3.118694e+14	0.414552	True	118.178276	42.592489	{'tp': 4, 'cp': 8, 'pp': 2, 'mb': 2, 'tp_sp': True, 'train': {'dp': 32, 'ep': 1, 'tp_ep': True}, 'inference': {'replica_count': 1, 'moe_dp': 1}}
1024	91.686826	nan	nan	0.010907	6.861550e+18	7.483682e+16	3.118694e+14	0.234338	True	326.953766	45.375665	{'tp': 1, 'cp': 8, 'pp': 4, 'mb': 4, 'tp_sp': True, 'train': {'dp': 32, 'ep': 1, 'tp_ep': True}, 'inference': {'replica_count': 1, 'moe_dp': 1}}
2048	48.661235	nan	nan	0.020550	6.861550e+18	1.410065e+17	3.118694e+14	0.220768	True	123.539963	44.792275	{'tp': 2, 'cp': 8, 'pp': 4, 'mb': 4, 'tp_sp': True, 'train': {'dp': 32, 'ep': 1, 'tp_ep': True}, 'inference': {'replica_count': 1, 'moe_dp': 1}}
2048	19.331034	nan	nan	0.051730	6.861550e+18	3.549500e+17	3.118694e+14	0.555731	True	117.280052	101.911079	{'tp': 8, 'cp': 8, 'pp': 1, 'mb': 1, 'tp_sp': True, 'train': {'dp': 32, 'ep': 1, 'tp_ep': True}, 'inference': {'replica_count': 1, 'moe_dp': 1}}
2048	102.168257	nan	nan	0.009788	6.861550e+18	6.715931e+16	3.118694e+14	0.105149	True	128.047516	48.294346	{'tp': 1, 'cp': 8, 'pp': 8, 'mb': 8, 'tp_sp': True, 'train': {'dp': 32, 'ep': 1, 'tp_ep': True}, 'inference': {'replica_count': 1, 'moe_dp': 1}}
4096	30.733135	nan	nan	0.032538	6.861550e+18	2.232623e+17	3.118694e+14	0.174776	True	21.833061	52.388766	{'tp': 4, 'cp': 8, 'pp': 4, 'mb': 4, 'tp_sp': True, 'train': {'dp': 32, 'ep': 1, 'tp_ep': True}, 'inference': {'replica_count': 1, 'moe_dp': 1}}
4096	20.998662	nan	nan	0.047622	6.861550e+18	3.267613e+17	3.118694e+14	0.255798	True	19.152218	65.029636	{'tp': 8, 'cp': 8, 'pp': 2, 'mb': 2, 'tp_sp': True, 'train': {'dp': 32, 'ep': 1, 'tp_ep': True}, 'inference': {'replica_count': 1, 'moe_dp': 1}}
4096	56.751279	nan	nan	0.017621	6.861550e+18	1.209056e+17	3.118694e+14	0.094649	True	24.086838	53.785175	{'tp': 2, 'cp': 8, 'pp': 8, 'mb': 8, 'tp_sp': True, 'train': {'dp': 32, 'ep': 1, 'tp_ep': True}, 'inference': {'replica_count': 1, 'moe_dp': 1}}
4096	113.425264	nan	nan	0.008816	6.861550e+18	6.049402e+16	3.118694e+14	0.047357	True	28.594391	55.442596	{'tp': 1, 'cp': 8, 'pp': 16, 'mb': 16, 'tp_sp': True, 'train': {'dp': 32, 'ep': 1, 'tp_ep': True}, 'inference': {'replica_count': 1, 'moe_dp': 1}}
512	50.873067	nan	nan	0.019657	6.861550e+18	1.348759e+17	3.118694e+14	0.844679	True	1460.317550	45.382776	{'tp': 1, 'cp': 8, 'pp': 1, 'mb': 1, 'tp_sp': True, 'train': {'dp': 64, 'ep': 1, 'tp_ep': True}, 'inference': {'replica_count': 1, 'moe_dp': 1}}
1024	26.133618	nan	nan	0.038265	6.861550e+18	2.625565e+17	3.118694e+14	0.822148	True	690.201157	38.721914	{'tp': 2, 'cp': 8, 'pp': 1, 'mb': 1, 'tp_sp': True, 'train': {'dp': 64, 'ep': 1, 'tp_ep': True}, 'inference': {'replica_count': 1, 'moe_dp': 1}}
2048	18.737684	nan	nan	0.053368	6.861550e+18	3.661899e+17	3.118694e+14	0.573329	True	305.163658	38.639093	{'tp': 4, 'cp': 8, 'pp': 1, 'mb': 1, 'tp_sp': True, 'train': {'dp': 64, 'ep': 1, 'tp_ep': True}, 'inference': {'replica_count': 1, 'moe_dp': 1}}
4096	22.792684	nan	nan	0.043874	6.861550e+18	3.010418e+17	3.118694e+14	0.235664	False	0.000000	233.413614	{'tp': 16, 'cp': 8, 'pp': 2, 'mb': 2, 'tp_sp': True, 'train': {'dp': 16, 'ep': 1, 'tp_ep': True}, 'inference': {'replica_count': 1, 'moe_dp': 1}}
4096	17.654389	nan	nan	0.056643	6.861550e+18	3.886597e+17	3.118694e+14	0.304254	True	18.766186	135.829470	{'tp': 16, 'cp': 8, 'pp': 1, 'mb': 1, 'tp_sp': True, 'train': {'dp': 32, 'ep': 1, 'tp_ep': True}, 'inference': {'replica_count': 1, 'moe_dp': 1}}
4096	27.978151	nan	nan	0.035742	6.861550e+18	2.452467e+17	3.118694e+14	0.191986	False	0.000000	420.698241	{'tp': 16, 'cp': 8, 'pp': 4, 'mb': 4, 'tp_sp': True, 'train': {'dp': 8, 'ep': 1, 'tp_ep': True}, 'inference': {'replica_count': 1, 'moe_dp': 1}}
2048	39.887570	nan	nan	0.025070	6.861550e+18	1.720223e+17	3.118694e+14	0.269328	True	307.371567	40.909416	{'tp': 2, 'cp': 8, 'pp': 2, 'mb': 2, 'tp_sp': True, 'train': {'dp': 64, 'ep': 1, 'tp_ep': True}, 'inference': {'replica_count': 1, 'moe_dp': 1}}
4096	25.901607	nan	nan	0.038608	6.861550e+18	2.649083e+17	3.118694e+14	0.207378	True	113.748863	43.835074	{'tp': 4, 'cp': 8, 'pp': 2, 'mb': 2, 'tp_sp': True, 'train': {'dp': 64, 'ep': 1, 'tp_ep': True}, 'inference': {'replica_count': 1, 'moe_dp': 1}}
4096	16.871140	nan	nan	0.059273	6.861550e+18	4.067034e+17	3.118694e+14	0.318379	True	112.644909	49.204223	{'tp': 8, 'cp': 8, 'pp': 1, 'mb': 1, 'tp_sp': True, 'train': {'dp': 64, 'ep': 1, 'tp_ep': True}, 'inference': {'replica_count': 1, 'moe_dp': 1}}
2048	91.684577	nan	nan	0.010907	6.861550e+18	7.483865e+16	3.118694e+14	0.117172	True	317.864044	47.996427	{'tp': 1, 'cp': 8, 'pp': 4, 'mb': 4, 'tp_sp': True, 'train': {'dp': 64, 'ep': 1, 'tp_ep': True}, 'inference': {'replica_count': 1, 'moe_dp': 1}}
4096	48.659160	nan	nan	0.020551	6.861550e+18	1.410125e+17	3.118694e+14	0.110389	True	118.995102	47.305610	{'tp': 2, 'cp': 8, 'pp': 4, 'mb': 4, 'tp_sp': True, 'train': {'dp': 64, 'ep': 1, 'tp_ep': True}, 'inference': {'replica_count': 1, 'moe_dp': 1}}
1024	77.002778	nan	nan	0.012987	6.861550e+18	8.910783e+16	3.118694e+14	0.279025	True	694.616974	58.635797	{'tp': 1, 'cp': 8, 'pp': 2, 'mb': 2, 'tp_sp': True, 'train': {'dp': 64, 'ep': 1, 'tp_ep': True}, 'inference': {'replica_count': 1, 'moe_dp': 1}}
2048	26.133537	nan	nan	0.038265	6.861550e+18	2.625573e+17	3.118694e+14	0.411075	True	681.388199	41.930635	{'tp': 2, 'cp': 8, 'pp': 1, 'mb': 1, 'tp_sp': True, 'train': {'dp': 128, 'ep': 1, 'tp_ep': True}, 'inference': {'replica_count': 1, 'moe_dp': 1}}
4096	102.168257	nan	nan	0.009788	6.861550e+18	6.715931e+16	3.118694e+14	0.052574	True	123.410919	52.446679	{'tp': 1, 'cp': 8, 'pp': 8, 'mb': 8, 'tp_sp': True, 'train': {'dp': 64, 'ep': 1, 'tp_ep': True}, 'inference': {'replica_count': 1, 'moe_dp': 1}}
4096	18.732585	nan	nan	0.053383	6.861550e+18	3.662896e+17	3.118694e+14	0.286742	True	300.757179	41.308256	{'tp': 4, 'cp': 8, 'pp': 1, 'mb': 1, 'tp_sp': True, 'train': {'dp': 128, 'ep': 1, 'tp_ep': True}, 'inference': {'replica_count': 1, 'moe_dp': 1}}
1024	50.872980	nan	nan	0.019657	6.861550e+18	1.348761e+17	3.118694e+14	0.422340	True	1442.691634	46.722667	{'tp': 1, 'cp': 8, 'pp': 1, 'mb': 1, 'tp_sp': True, 'train': {'dp': 128, 'ep': 1, 'tp_ep': True}, 'inference': {'replica_count': 1, 'moe_dp': 1}}
4096	39.886985	nan	nan	0.025071	6.861550e+18	1.720248e+17	3.118694e+14	0.134666	True	302.942154	44.490234	{'tp': 2, 'cp': 8, 'pp': 2, 'mb': 2, 'tp_sp': True, 'train': {'dp': 128, 'ep': 1, 'tp_ep': True}, 'inference': {'replica_count': 1, 'moe_dp': 1}}
2048	77.002150	nan	nan	0.012987	6.861550e+18	8.910855e+16	3.118694e+14	0.139514	True	685.758148	49.922257	{'tp': 1, 'cp': 8, 'pp': 2, 'mb': 2, 'tp_sp': True, 'train': {'dp': 128, 'ep': 1, 'tp_ep': True}, 'inference': {'replica_count': 1, 'moe_dp': 1}}
4096	26.133366	nan	nan	0.038265	6.861550e+18	2.625590e+17	3.118694e+14	0.205539	True	676.981720	47.992183	{'tp': 2, 'cp': 8, 'pp': 1, 'mb': 1, 'tp_sp': True, 'train': {'dp': 256, 'ep': 1, 'tp_ep': True}, 'inference': {'replica_count': 1, 'moe_dp': 1}}
4096	91.683082	nan	nan	0.010907	6.861550e+18	7.483987e+16	3.118694e+14	0.058587	True	313.319183	53.477978	{'tp': 1, 'cp': 8, 'pp': 4, 'mb': 4, 'tp_sp': True, 'train': {'dp': 128, 'ep': 1, 'tp_ep': True}, 'inference': {'replica_count': 1, 'moe_dp': 1}}
2048	50.872798	nan	nan	0.019657	6.861550e+18	1.348766e+17	3.118694e+14	0.211171	True	1433.878676	53.765221	{'tp': 1, 'cp': 8, 'pp': 1, 'mb': 1, 'tp_sp': True, 'train': {'dp': 256, 'ep': 1, 'tp_ep': True}, 'inference': {'replica_count': 1, 'moe_dp': 1}}
4096	77.001743	nan	nan	0.012987	6.861550e+18	8.910902e+16	3.118694e+14	0.069757	True	681.328735	60.205613	{'tp': 1, 'cp': 8, 'pp': 2, 'mb': 2, 'tp_sp': True, 'train': {'dp': 256, 'ep': 1, 'tp_ep': True}, 'inference': {'replica_count': 1, 'moe_dp': 1}}
4096	50.872687	nan	nan	0.019657	6.861550e+18	1.348769e+17	3.118694e+14	0.105586	True	1429.472198	66.453530	{'tp': 1, 'cp': 8, 'pp': 1, 'mb': 1, 'tp_sp': True, 'train': {'dp': 512, 'ep': 1, 'tp_ep': True}, 'inference': {'replica_count': 1, 'moe_dp': 1}}
256	263.715450	nan	nan	0.003792	6.861550e+18	2.601876e+16	3.118694e+14	0.325892	True	178.962708	109.463432	{'tp': 1, 'cp': 16, 'pp': 16, 'mb': 16, 'tp_sp': True, 'train': {'dp': 1, 'ep': 1, 'tp_ep': True}, 'inference': {'replica_count': 1, 'moe_dp': 1}}
128	437.067682	nan	nan	0.002288	6.861550e+18	1.569906e+16	3.118694e+14	0.393270	True	418.355103	176.232567	{'tp': 1, 'cp': 16, 'pp': 8, 'mb': 8, 'tp_sp': True, 'train': {'dp': 1, 'ep': 1, 'tp_ep': True}, 'inference': {'replica_count': 1, 'moe_dp': 1}}
256	258.452113	nan	nan	0.003869	6.861550e+18	2.654863e+16	3.118694e+14	0.332529	True	169.429871	192.422929	{'tp': 2, 'cp': 16, 'pp': 8, 'mb': 8, 'tp_sp': True, 'train': {'dp': 1, 'ep': 1, 'tp_ep': True}, 'inference': {'replica_count': 1, 'moe_dp': 1}}
512	173.753300	nan	nan	0.005755	6.861550e+18	3.949019e+16	3.118694e+14	0.247313	True	49.607513	173.273374	{'tp': 2, 'cp': 16, 'pp': 16, 'mb': 16, 'tp_sp': True, 'train': {'dp': 1, 'ep': 1, 'tp_ep': True}, 'inference': {'replica_count': 1, 'moe_dp': 1}}
512	171.922594	nan	nan	0.005817	6.861550e+18	3.991069e+16	3.118694e+14	0.249946	True	59.266510	89.410546	{'tp': 1, 'cp': 16, 'pp': 32, 'mb': 32, 'tp_sp': True, 'train': {'dp': 1, 'ep': 1, 'tp_ep': True}, 'inference': {'replica_count': 1, 'moe_dp': 1}}
128	410.653097	nan	nan	0.002435	6.861550e+18	1.670887e+16	3.118694e+14	0.418566	True	409.074585	312.888711	{'tp': 2, 'cp': 16, 'pp': 4, 'mb': 4, 'tp_sp': True, 'train': {'dp': 1, 'ep': 1, 'tp_ep': True}, 'inference': {'replica_count': 1, 'moe_dp': 1}}
512	173.866203	nan	nan	0.005752	6.861550e+18	3.946454e+16	3.118694e+14	0.247152	True	44.967255	306.800208	{'tp': 4, 'cp': 16, 'pp': 8, 'mb': 8, 'tp_sp': True, 'train': {'dp': 1, 'ep': 1, 'tp_ep': True}, 'inference': {'replica_count': 1, 'moe_dp': 1}}
256	220.207162	nan	nan	0.004541	6.861550e+18	3.115952e+16	3.118694e+14	0.390282	True	268.091614	105.474737	{'tp': 1, 'cp': 16, 'pp': 8, 'mb': 8, 'tp_sp': True, 'train': {'dp': 2, 'ep': 1, 'tp_ep': True}, 'inference': {'replica_count': 1, 'moe_dp': 1}}
512	130.258263	nan	nan	0.007677	6.861550e+18	5.267651e+16	3.118694e+14	0.329894	True	94.171967	129.150739	{'tp': 2, 'cp': 16, 'pp': 8, 'mb': 8, 'tp_sp': True, 'train': {'dp': 2, 'ep': 1, 'tp_ep': True}, 'inference': {'replica_count': 1, 'moe_dp': 1}}
256	205.948892	nan	nan	0.004856	6.861550e+18	3.331676e+16	3.118694e+14	0.417302	True	261.494324	173.467225	{'tp': 2, 'cp': 16, 'pp': 4, 'mb': 4, 'tp_sp': True, 'train': {'dp': 2, 'ep': 1, 'tp_ep': True}, 'inference': {'replica_count': 1, 'moe_dp': 1}}
128	375.264261	nan	nan	0.002665	6.861550e+18	1.828458e+16	3.118694e+14	0.458039	True	602.484009	174.938299	{'tp': 1, 'cp': 16, 'pp': 4, 'mb': 4, 'tp_sp': True, 'train': {'dp': 2, 'ep': 1, 'tp_ep': True}, 'inference': {'replica_count': 1, 'moe_dp': 1}}
512	133.276653	nan	nan	0.007503	6.861550e+18	5.148351e+16	3.118694e+14	0.322423	True	100.895416	73.174202	{'tp': 1, 'cp': 16, 'pp': 16, 'mb': 16, 'tp_sp': True, 'train': {'dp': 2, 'ep': 1, 'tp_ep': True}, 'inference': {'replica_count': 1, 'moe_dp': 1}}
512	125.767788	nan	nan	0.007951	6.861550e+18	5.455729e+16	3.118694e+14	0.341673	True	90.999481	214.749750	{'tp': 4, 'cp': 16, 'pp': 4, 'mb': 4, 'tp_sp': True, 'train': {'dp': 2, 'ep': 1, 'tp_ep': True}, 'inference': {'replica_count': 1, 'moe_dp': 1}}
1024	87.604089	nan	nan	0.011415	6.861550e+18	7.832454e+16	3.118694e+14	0.245259	True	7.212143	236.828217	{'tp': 4, 'cp': 16, 'pp': 8, 'mb': 8, 'tp_sp': True, 'train': {'dp': 2, 'ep': 1, 'tp_ep': True}, 'inference': {'replica_count': 1, 'moe_dp': 1}}
1024	88.233221	nan	nan	0.011334	6.861550e+18	7.776606e+16	3.118694e+14	0.243510	True	17.297318	70.568020	{'tp': 1, 'cp': 16, 'pp': 32, 'mb': 32, 'tp_sp': True, 'train': {'dp': 2, 'ep': 1, 'tp_ep': True}, 'inference': {'replica_count': 1, 'moe_dp': 1}}
256	184.571084	nan	nan	0.005418	6.861550e+18	3.717565e+16	3.118694e+14	0.465635	True	253.378845	311.291936	{'tp': 4, 'cp': 16, 'pp': 2, 'mb': 2, 'tp_sp': True, 'train': {'dp': 2, 'ep': 1, 'tp_ep': True}, 'inference': {'replica_count': 1, 'moe_dp': 1}}
1024	87.854730	nan	nan	0.011382	6.861550e+18	7.810109e+16	3.118694e+14	0.244559	True	10.510788	137.431635	{'tp': 2, 'cp': 16, 'pp': 16, 'mb': 16, 'tp_sp': True, 'train': {'dp': 2, 'ep': 1, 'tp_ep': True}, 'inference': {'replica_count': 1, 'moe_dp': 1}}
2048	66.064121	nan	nan	0.015137	6.861550e+18	1.038620e+17	3.118694e+14	0.162612	False	0.000000	235.581975	{'tp': 2, 'cp': 16, 'pp': 32, 'mb': 32, 'tp_sp': True, 'train': {'dp': 2, 'ep': 1, 'tp_ep': True}, 'inference': {'replica_count': 1, 'moe_dp': 1}}
2048	66.306161	nan	nan	0.015082	6.861550e+18	1.034828e+17	3.118694e+14	0.162019	False	0.000000	380.366400	{'tp': 4, 'cp': 16, 'pp': 16, 'mb': 16, 'tp_sp': True, 'train': {'dp': 2, 'ep': 1, 'tp_ep': True}, 'inference': {'replica_count': 1, 'moe_dp': 1}}
128	207.881560	nan	nan	0.004810	6.861550e+18	3.300702e+16	3.118694e+14	0.826844	True	958.343140	288.953463	{'tp': 2, 'cp': 16, 'pp': 1, 'mb': 1, 'tp_sp': True, 'train': {'dp': 4, 'ep': 1, 'tp_ep': True}, 'inference': {'replica_count': 1, 'moe_dp': 1}}
256	115.835690	nan	nan	0.008633	6.861550e+18	5.923520e+16	3.118694e+14	0.741937	True	439.676208	302.321546	{'tp': 4, 'cp': 16, 'pp': 1, 'mb': 1, 'tp_sp': True, 'train': {'dp': 4, 'ep': 1, 'tp_ep': True}, 'inference': {'replica_count': 1, 'moe_dp': 1}}
256	161.948435	nan	nan	0.006175	6.861550e+18	4.236873e+16	3.118694e+14	0.530680	True	441.862488	165.629441	{'tp': 2, 'cp': 16, 'pp': 2, 'mb': 2, 'tp_sp': True, 'train': {'dp': 4, 'ep': 1, 'tp_ep': True}, 'inference': {'replica_count': 1, 'moe_dp': 1}}
128	308.058918	nan	nan	0.003246	6.861550e+18	2.227350e+16	3.118694e+14	0.557963	True	963.220337	167.509218	{'tp': 1, 'cp': 16, 'pp': 2, 'mb': 2, 'tp_sp': True, 'train': {'dp': 4, 'ep': 1, 'tp_ep': True}, 'inference': {'replica_count': 1, 'moe_dp': 1}}
512	92.756544	nan	nan	0.010781	6.861550e+18	7.397376e+16	3.118694e+14	0.463271	True	181.183563	181.652184	{'tp': 4, 'cp': 16, 'pp': 2, 'mb': 2, 'tp_sp': True, 'train': {'dp': 4, 'ep': 1, 'tp_ep': True}, 'inference': {'replica_count': 1, 'moe_dp': 1}}
256	189.223127	nan	nan	0.005285	6.861550e+18	3.626169e+16	3.118694e+14	0.454188	True	455.156067	102.017368	{'tp': 1, 'cp': 16, 'pp': 4, 'mb': 4, 'tp_sp': True, 'train': {'dp': 4, 'ep': 1, 'tp_ep': True}, 'inference': {'replica_count': 1, 'moe_dp': 1}}
512	111.417455	nan	nan	0.008975	6.861550e+18	6.158416e+16	3.118694e+14	0.385679	True	192.959869	65.159626	{'tp': 1, 'cp': 16, 'pp': 8, 'mb': 8, 'tp_sp': True, 'train': {'dp': 4, 'ep': 1, 'tp_ep': True}, 'inference': {'replica_count': 1, 'moe_dp': 1}}
512	103.961252	nan	nan	0.009619	6.861550e+18	6.600103e+16	3.118694e+14	0.413340	True	187.704193	106.272379	{'tp': 2, 'cp': 16, 'pp': 4, 'mb': 4, 'tp_sp': True, 'train': {'dp': 4, 'ep': 1, 'tp_ep': True}, 'inference': {'replica_count': 1, 'moe_dp': 1}}
1024	66.012940	nan	nan	0.015149	6.861550e+18	1.039425e+17	3.118694e+14	0.325477	True	56.543015	95.286076	{'tp': 2, 'cp': 16, 'pp': 8, 'mb': 8, 'tp_sp': True, 'train': {'dp': 4, 'ep': 1, 'tp_ep': True}, 'inference': {'replica_count': 1, 'moe_dp': 1}}
1024	68.697970	nan	nan	0.014556	6.861550e+18	9.987995e+16	3.118694e+14	0.312756	True	61.861771	56.206613	{'tp': 1, 'cp': 16, 'pp': 16, 'mb': 16, 'tp_sp': True, 'train': {'dp': 4, 'ep': 1, 'tp_ep': True}, 'inference': {'replica_count': 1, 'moe_dp': 1}}
1024	63.530057	nan	nan	0.015741	6.861550e+18	1.080048e+17	3.118694e+14	0.338197	True	53.978256	153.710789	{'tp': 4, 'cp': 16, 'pp': 4, 'mb': 4, 'tp_sp': True, 'train': {'dp': 4, 'ep': 1, 'tp_ep': True}, 'inference': {'replica_count': 1, 'moe_dp': 1}}
1024	58.243475	nan	nan	0.017169	6.861550e+18	1.178080e+17	3.118694e+14	0.368895	True	50.844101	323.208585	{'tp': 8, 'cp': 16, 'pp': 2, 'mb': 2, 'tp_sp': True, 'train': {'dp': 4, 'ep': 1, 'tp_ep': True}, 'inference': {'replica_count': 1, 'moe_dp': 1}}
512	69.933715	nan	nan	0.014299	6.861550e+18	9.811505e+16	3.118694e+14	0.614459	True	180.342743	363.846345	{'tp': 8, 'cp': 16, 'pp': 1, 'mb': 1, 'tp_sp': True, 'train': {'dp': 4, 'ep': 1, 'tp_ep': True}, 'inference': {'replica_count': 1, 'moe_dp': 1}}
2048	87.928984	nan	nan	0.011373	6.861550e+18	7.803514e+16	3.118694e+14	0.122176	False	0.000000	71.929518	{'tp': 1, 'cp': 16, 'pp': 32, 'mb': 32, 'tp_sp': True, 'train': {'dp': 4, 'ep': 1, 'tp_ep': True}, 'inference': {'replica_count': 1, 'moe_dp': 1}}
2048	44.473075	nan	nan	0.022486	6.861550e+18	1.542855e+17	3.118694e+14	0.241558	False	0.000000	201.889371	{'tp': 4, 'cp': 16, 'pp': 8, 'mb': 8, 'tp_sp': True, 'train': {'dp': 4, 'ep': 1, 'tp_ep': True}, 'inference': {'replica_count': 1, 'moe_dp': 1}}
2048	45.338698	nan	nan	0.022056	6.861550e+18	1.513398e+17	3.118694e+14	0.236947	False	0.000000	126.311138	{'tp': 2, 'cp': 16, 'pp': 16, 'mb': 16, 'tp_sp': True, 'train': {'dp': 4, 'ep': 1, 'tp_ep': True}, 'inference': {'replica_count': 1, 'moe_dp': 1}}
128	201.789838	nan	nan	0.004956	6.861550e+18	3.400345e+16	3.118694e+14	0.851805	True	1710.043148	168.537143	{'tp': 1, 'cp': 16, 'pp': 1, 'mb': 1, 'tp_sp': True, 'train': {'dp': 8, 'ep': 1, 'tp_ep': True}, 'inference': {'replica_count': 1, 'moe_dp': 1}}
256	104.385086	nan	nan	0.009580	6.861550e+18	6.573305e+16	3.118694e+14	0.823324	True	815.191101	156.836097	{'tp': 2, 'cp': 16, 'pp': 1, 'mb': 1, 'tp_sp': True, 'train': {'dp': 8, 'ep': 1, 'tp_ep': True}, 'inference': {'replica_count': 1, 'moe_dp': 1}}
4096	65.786446	nan	nan	0.015201	6.861550e+18	1.043004e+17	3.118694e+14	0.081649	False	0.000000	226.904615	{'tp': 2, 'cp': 16, 'pp': 32, 'mb': 32, 'tp_sp': True, 'train': {'dp': 4, 'ep': 1, 'tp_ep': True}, 'inference': {'replica_count': 1, 'moe_dp': 1}}
256	155.368060	nan	nan	0.006436	6.861550e+18	4.416320e+16	3.118694e+14	0.553156	True	819.586731	95.955827	{'tp': 1, 'cp': 16, 'pp': 2, 'mb': 2, 'tp_sp': True, 'train': {'dp': 8, 'ep': 1, 'tp_ep': True}, 'inference': {'replica_count': 1, 'moe_dp': 1}}
512	58.258277	nan	nan	0.017165	6.861550e+18	1.177781e+17	3.118694e+14	0.737602	True	367.847870	164.455417	{'tp': 4, 'cp': 16, 'pp': 1, 'mb': 1, 'tp_sp': True, 'train': {'dp': 8, 'ep': 1, 'tp_ep': True}, 'inference': {'replica_count': 1, 'moe_dp': 1}}
512	81.795444	nan	nan	0.012226	6.861550e+18	8.388670e+16	3.118694e+14	0.525352	True	369.919525	98.210652	{'tp': 2, 'cp': 16, 'pp': 2, 'mb': 2, 'tp_sp': True, 'train': {'dp': 8, 'ep': 1, 'tp_ep': True}, 'inference': {'replica_count': 1, 'moe_dp': 1}}
512	95.734961	nan	nan	0.010446	6.861550e+18	7.167236e+16	3.118694e+14	0.448858	True	381.492096	61.710818	{'tp': 1, 'cp': 16, 'pp': 4, 'mb': 4, 'tp_sp': True, 'train': {'dp': 8, 'ep': 1, 'tp_ep': True}, 'inference': {'replica_count': 1, 'moe_dp': 1}}
2048	43.341507	nan	nan	0.023073	6.861550e+18	1.583136e+17	3.118694e+14	0.247865	False	0.000000	445.591118	{'tp': 8, 'cp': 16, 'pp': 4, 'mb': 4, 'tp_sp': True, 'train': {'dp': 4, 'ep': 1, 'tp_ep': True}, 'inference': {'replica_count': 1, 'moe_dp': 1}}
1024	52.707452	nan	nan	0.018973	6.861550e+18	1.301818e+17	3.118694e+14	0.407641	True	150.809128	71.314762	{'tp': 2, 'cp': 16, 'pp': 4, 'mb': 4, 'tp_sp': True, 'train': {'dp': 8, 'ep': 1, 'tp_ep': True}, 'inference': {'replica_count': 1, 'moe_dp': 1}}
1024	46.907545	nan	nan	0.021319	6.861550e+18	1.462782e+17	3.118694e+14	0.458044	True	145.085922	114.949524	{'tp': 4, 'cp': 16, 'pp': 2, 'mb': 2, 'tp_sp': True, 'train': {'dp': 8, 'ep': 1, 'tp_ep': True}, 'inference': {'replica_count': 1, 'moe_dp': 1}}
1024	35.250124	nan	nan	0.028369	6.861550e+18	1.946532e+17	3.118694e+14	0.609521	True	144.176254	235.210975	{'tp': 8, 'cp': 16, 'pp': 1, 'mb': 1, 'tp_sp': True, 'train': {'dp': 8, 'ep': 1, 'tp_ep': True}, 'inference': {'replica_count': 1, 'moe_dp': 1}}
1024	57.465230	nan	nan	0.017402	6.861550e+18	1.194035e+17	3.118694e+14	0.373890	True	155.393997	47.611063	{'tp': 1, 'cp': 16, 'pp': 8, 'mb': 8, 'tp_sp': True, 'train': {'dp': 8, 'ep': 1, 'tp_ep': True}, 'inference': {'replica_count': 1, 'moe_dp': 1}}
4096	36.534147	nan	nan	0.027372	6.861550e+18	1.878120e+17	3.118694e+14	0.147025	False	0.000000	371.345052	{'tp': 4, 'cp': 16, 'pp': 16, 'mb': 16, 'tp_sp': True, 'train': {'dp': 4, 'ep': 1, 'tp_ep': True}, 'inference': {'replica_count': 1, 'moe_dp': 1}}
2048	68.697970	nan	nan	0.014556	6.861550e+18	9.987995e+16	3.118694e+14	0.156378	True	42.581497	54.947029	{'tp': 1, 'cp': 16, 'pp': 16, 'mb': 16, 'tp_sp': True, 'train': {'dp': 8, 'ep': 1, 'tp_ep': True}, 'inference': {'replica_count': 1, 'moe_dp': 1}}
2048	33.799117	nan	nan	0.029587	6.861550e+18	2.030097e+17	3.118694e+14	0.317844	True	35.467644	119.537346	{'tp': 4, 'cp': 16, 'pp': 4, 'mb': 4, 'tp_sp': True, 'train': {'dp': 8, 'ep': 1, 'tp_ep': True}, 'inference': {'replica_count': 1, 'moe_dp': 1}}
2048	35.958944	nan	nan	0.027809	6.861550e+18	1.908162e+17	3.118694e+14	0.298753	True	37.728539	75.629115	{'tp': 2, 'cp': 16, 'pp': 8, 'mb': 8, 'tp_sp': True, 'train': {'dp': 8, 'ep': 1, 'tp_ep': True}, 'inference': {'replica_count': 1, 'moe_dp': 1}}
4096	87.651955	nan	nan	0.011409	6.861550e+18	7.828177e+16	3.118694e+14	0.061281	False	0.000000	75.960418	{'tp': 1, 'cp': 16, 'pp': 32, 'mb': 32, 'tp_sp': True, 'train': {'dp': 8, 'ep': 1, 'tp_ep': True}, 'inference': {'replica_count': 1, 'moe_dp': 1}}
4096	45.338698	nan	nan	0.022056	6.861550e+18	1.513398e+17	3.118694e+14	0.118473	False	0.000000	120.853434	{'tp': 2, 'cp': 16, 'pp': 16, 'mb': 16, 'tp_sp': True, 'train': {'dp': 8, 'ep': 1, 'tp_ep': True}, 'inference': {'replica_count': 1, 'moe_dp': 1}}
256	101.783243	nan	nan	0.009825	6.861550e+18	6.741336e+16	3.118694e+14	0.844371	True	1567.060637	95.635550	{'tp': 1, 'cp': 16, 'pp': 1, 'mb': 1, 'tp_sp': True, 'train': {'dp': 16, 'ep': 1, 'tp_ep': True}, 'inference': {'replica_count': 1, 'moe_dp': 1}}
512	78.568524	nan	nan	0.012728	6.861550e+18	8.733205e+16	3.118694e+14	0.546929	True	747.769928	61.256308	{'tp': 1, 'cp': 16, 'pp': 2, 'mb': 2, 'tp_sp': True, 'train': {'dp': 16, 'ep': 1, 'tp_ep': True}, 'inference': {'replica_count': 1, 'moe_dp': 1}}
512	52.737589	nan	nan	0.018962	6.861550e+18	1.301074e+17	3.118694e+14	0.814815	True	743.615082	91.112969	{'tp': 2, 'cp': 16, 'pp': 1, 'mb': 1, 'tp_sp': True, 'train': {'dp': 16, 'ep': 1, 'tp_ep': True}, 'inference': {'replica_count': 1, 'moe_dp': 1}}
1024	29.480369	nan	nan	0.033921	6.861550e+18	2.327498e+17	3.118694e+14	0.728814	True	331.933701	97.685432	{'tp': 4, 'cp': 16, 'pp': 1, 'mb': 1, 'tp_sp': True, 'train': {'dp': 16, 'ep': 1, 'tp_ep': True}, 'inference': {'replica_count': 1, 'moe_dp': 1}}
2048	30.662844	nan	nan	0.032613	6.861550e+18	2.237741e+17	3.118694e+14	0.350354	True	32.669121	262.277739	{'tp': 8, 'cp': 16, 'pp': 2, 'mb': 2, 'tp_sp': True, 'train': {'dp': 8, 'ep': 1, 'tp_ep': True}, 'inference': {'replica_count': 1, 'moe_dp': 1}}
1024	41.447733	nan	nan	0.024127	6.861550e+18	1.655471e+17	3.118694e+14	0.518381	True	333.948044	62.247771	{'tp': 2, 'cp': 16, 'pp': 2, 'mb': 2, 'tp_sp': True, 'train': {'dp': 16, 'ep': 1, 'tp_ep': True}, 'inference': {'replica_count': 1, 'moe_dp': 1}}
4096	28.652812	nan	nan	0.034901	6.861550e+18	2.394721e+17	3.118694e+14	0.187466	False	0.000000	181.450270	{'tp': 4, 'cp': 16, 'pp': 8, 'mb': 8, 'tp_sp': True, 'train': {'dp': 8, 'ep': 1, 'tp_ep': True}, 'inference': {'replica_count': 1, 'moe_dp': 1}}
1024	49.308558	nan	nan	0.020280	6.861550e+18	1.391554e+17	3.118694e+14	0.435740	True	344.660110	44.941014	{'tp': 1, 'cp': 16, 'pp': 4, 'mb': 4, 'tp_sp': True, 'train': {'dp': 16, 'ep': 1, 'tp_ep': True}, 'inference': {'replica_count': 1, 'moe_dp': 1}}
2048	31.126746	nan	nan	0.032127	6.861550e+18	2.204390e+17	3.118694e+14	0.345132	True	132.361595	54.045871	{'tp': 2, 'cp': 16, 'pp': 4, 'mb': 4, 'tp_sp': True, 'train': {'dp': 16, 'ep': 1, 'tp_ep': True}, 'inference': {'replica_count': 1, 'moe_dp': 1}}
2048	27.322553	nan	nan	0.036600	6.861550e+18	2.511314e+17	3.118694e+14	0.393186	True	127.037102	80.983838	{'tp': 4, 'cp': 16, 'pp': 2, 'mb': 2, 'tp_sp': True, 'train': {'dp': 16, 'ep': 1, 'tp_ep': True}, 'inference': {'replica_count': 1, 'moe_dp': 1}}
2048	57.460517	nan	nan	0.017403	6.861550e+18	1.194133e+17	3.118694e+14	0.186961	True	136.847610	47.741947	{'tp': 1, 'cp': 16, 'pp': 8, 'mb': 8, 'tp_sp': True, 'train': {'dp': 16, 'ep': 1, 'tp_ep': True}, 'inference': {'replica_count': 1, 'moe_dp': 1}}
2048	20.933429	nan	nan	0.047770	6.861550e+18	3.277796e+17	3.118694e+14	0.513191	True	126.093010	168.357097	{'tp': 8, 'cp': 16, 'pp': 1, 'mb': 1, 'tp_sp': True, 'train': {'dp': 16, 'ep': 1, 'tp_ep': True}, 'inference': {'replica_count': 1, 'moe_dp': 1}}
4096	68.697970	nan	nan	0.014556	6.861550e+18	9.987995e+16	3.118694e+14	0.078189	True	32.941360	58.032115	{'tp': 1, 'cp': 16, 'pp': 16, 'mb': 16, 'tp_sp': True, 'train': {'dp': 16, 'ep': 1, 'tp_ep': True}, 'inference': {'replica_count': 1, 'moe_dp': 1}}
4096	35.897448	nan	nan	0.027857	6.861550e+18	1.911431e+17	3.118694e+14	0.149632	True	28.455345	77.301614	{'tp': 2, 'cp': 16, 'pp': 8, 'mb': 8, 'tp_sp': True, 'train': {'dp': 16, 'ep': 1, 'tp_ep': True}, 'inference': {'replica_count': 1, 'moe_dp': 1}}
512	51.472381	nan	nan	0.019428	6.861550e+18	1.333055e+17	3.118694e+14	0.834844	True	1495.569381	61.957070	{'tp': 1, 'cp': 16, 'pp': 1, 'mb': 1, 'tp_sp': True, 'train': {'dp': 32, 'ep': 1, 'tp_ep': True}, 'inference': {'replica_count': 1, 'moe_dp': 1}}
1024	26.728558	nan	nan	0.037413	6.861550e+18	2.567123e+17	3.118694e+14	0.803848	True	707.827072	57.873275	{'tp': 2, 'cp': 16, 'pp': 1, 'mb': 1, 'tp_sp': True, 'train': {'dp': 32, 'ep': 1, 'tp_ep': True}, 'inference': {'replica_count': 1, 'moe_dp': 1}}
4096	24.447449	nan	nan	0.040904	6.861550e+18	2.806653e+17	3.118694e+14	0.219713	True	26.212337	106.926782	{'tp': 4, 'cp': 16, 'pp': 4, 'mb': 4, 'tp_sp': True, 'train': {'dp': 16, 'ep': 1, 'tp_ep': True}, 'inference': {'replica_count': 1, 'moe_dp': 1}}
1024	40.432174	nan	nan	0.024733	6.861550e+18	1.697052e+17	3.118694e+14	0.531401	True	711.861526	42.767860	{'tp': 1, 'cp': 16, 'pp': 2, 'mb': 2, 'tp_sp': True, 'train': {'dp': 32, 'ep': 1, 'tp_ep': True}, 'inference': {'replica_count': 1, 'moe_dp': 1}}
2048	19.472377	nan	nan	0.051355	6.861550e+18	3.523735e+17	3.118694e+14	0.551697	True	313.976616	67.181438	{'tp': 4, 'cp': 16, 'pp': 1, 'mb': 1, 'tp_sp': True, 'train': {'dp': 32, 'ep': 1, 'tp_ep': True}, 'inference': {'replica_count': 1, 'moe_dp': 1}}
2048	26.386848	nan	nan	0.037898	6.861550e+18	2.600368e+17	3.118694e+14	0.407129	True	315.962303	43.367767	{'tp': 2, 'cp': 16, 'pp': 2, 'mb': 2, 'tp_sp': True, 'train': {'dp': 32, 'ep': 1, 'tp_ep': True}, 'inference': {'replica_count': 1, 'moe_dp': 1}}
2048	49.307320	nan	nan	0.020281	6.861550e+18	1.391589e+17	3.118694e+14	0.217875	True	326.480667	44.762824	{'tp': 1, 'cp': 16, 'pp': 4, 'mb': 4, 'tp_sp': True, 'train': {'dp': 32, 'ep': 1, 'tp_ep': True}, 'inference': {'replica_count': 1, 'moe_dp': 1}}
1024	26.493168	nan	nan	0.037746	6.861550e+18	2.589932e+17	3.118694e+14	0.810990	True	1459.823753	42.904320	{'tp': 1, 'cp': 16, 'pp': 1, 'mb': 1, 'tp_sp': True, 'train': {'dp': 64, 'ep': 1, 'tp_ep': True}, 'inference': {'replica_count': 1, 'moe_dp': 1}}
4096	31.097106	nan	nan	0.032157	6.861550e+18	2.206492e+17	3.118694e+14	0.172731	True	123.271873	55.440678	{'tp': 2, 'cp': 16, 'pp': 4, 'mb': 4, 'tp_sp': True, 'train': {'dp': 32, 'ep': 1, 'tp_ep': True}, 'inference': {'replica_count': 1, 'moe_dp': 1}}
4096	57.458363	nan	nan	0.017404	6.861550e+18	1.194178e+17	3.118694e+14	0.093484	True	127.574417	49.525616	{'tp': 1, 'cp': 16, 'pp': 8, 'mb': 8, 'tp_sp': True, 'train': {'dp': 32, 'ep': 1, 'tp_ep': True}, 'inference': {'replica_count': 1, 'moe_dp': 1}}
2048	19.349420	nan	nan	0.051681	6.861550e+18	3.546127e+17	3.118694e+14	0.555203	True	689.933067	40.107060	{'tp': 2, 'cp': 16, 'pp': 1, 'mb': 1, 'tp_sp': True, 'train': {'dp': 64, 'ep': 1, 'tp_ep': True}, 'inference': {'replica_count': 1, 'moe_dp': 1}}
4096	21.163751	nan	nan	0.047251	6.861550e+18	3.242124e+17	3.118694e+14	0.253803	True	118.012691	65.666037	{'tp': 4, 'cp': 16, 'pp': 2, 'mb': 2, 'tp_sp': True, 'train': {'dp': 32, 'ep': 1, 'tp_ep': True}, 'inference': {'replica_count': 1, 'moe_dp': 1}}
4096	17.149541	nan	nan	0.058311	6.861550e+18	4.001011e+17	3.118694e+14	0.313211	True	304.998074	51.186751	{'tp': 4, 'cp': 16, 'pp': 1, 'mb': 1, 'tp_sp': True, 'train': {'dp': 64, 'ep': 1, 'tp_ep': True}, 'inference': {'replica_count': 1, 'moe_dp': 1}}
4096	26.373309	nan	nan	0.037917	6.861550e+18	2.601702e+17	3.118694e+14	0.203669	True	307.103477	45.833525	{'tp': 2, 'cp': 16, 'pp': 2, 'mb': 2, 'tp_sp': True, 'train': {'dp': 64, 'ep': 1, 'tp_ep': True}, 'inference': {'replica_count': 1, 'moe_dp': 1}}
2048	40.431842	nan	nan	0.024733	6.861550e+18	1.697066e+17	3.118694e+14	0.265703	True	694.143875	56.195337	{'tp': 1, 'cp': 16, 'pp': 2, 'mb': 2, 'tp_sp': True, 'train': {'dp': 64, 'ep': 1, 'tp_ep': True}, 'inference': {'replica_count': 1, 'moe_dp': 1}}
4096	49.305071	nan	nan	0.020282	6.861550e+18	1.391652e+17	3.118694e+14	0.108943	True	317.390945	47.225855	{'tp': 1, 'cp': 16, 'pp': 4, 'mb': 4, 'tp_sp': True, 'train': {'dp': 64, 'ep': 1, 'tp_ep': True}, 'inference': {'replica_count': 1, 'moe_dp': 1}}
4096	17.674220	nan	nan	0.056580	6.861550e+18	3.882236e+17	3.118694e+14	0.303913	True	117.051388	134.940305	{'tp': 8, 'cp': 16, 'pp': 1, 'mb': 1, 'tp_sp': True, 'train': {'dp': 32, 'ep': 1, 'tp_ep': True}, 'inference': {'replica_count': 1, 'moe_dp': 1}}
2048	26.493081	nan	nan	0.037746	6.861550e+18	2.589940e+17	3.118694e+14	0.405496	True	1442.197837	44.594541	{'tp': 1, 'cp': 16, 'pp': 1, 'mb': 1, 'tp_sp': True, 'train': {'dp': 128, 'ep': 1, 'tp_ep': True}, 'inference': {'replica_count': 1, 'moe_dp': 1}}
4096	19.343930	nan	nan	0.051696	6.861550e+18	3.547133e+17	3.118694e+14	0.277680	True	681.120110	44.084357	{'tp': 2, 'cp': 16, 'pp': 1, 'mb': 1, 'tp_sp': True, 'train': {'dp': 128, 'ep': 1, 'tp_ep': True}, 'inference': {'replica_count': 1, 'moe_dp': 1}}
4096	40.431214	nan	nan	0.024733	6.861550e+18	1.697092e+17	3.118694e+14	0.132853	True	685.285049	47.747545	{'tp': 1, 'cp': 16, 'pp': 2, 'mb': 2, 'tp_sp': True, 'train': {'dp': 128, 'ep': 1, 'tp_ep': True}, 'inference': {'replica_count': 1, 'moe_dp': 1}}
4096	22.582513	nan	nan	0.044282	6.861550e+18	3.038435e+17	3.118694e+14	0.237858	True	23.581631	224.619912	{'tp': 8, 'cp': 16, 'pp': 2, 'mb': 2, 'tp_sp': True, 'train': {'dp': 16, 'ep': 1, 'tp_ep': True}, 'inference': {'replica_count': 1, 'moe_dp': 1}}
4096	26.492899	nan	nan	0.037746	6.861550e+18	2.589958e+17	3.118694e+14	0.202750	True	1433.384880	51.221227	{'tp': 1, 'cp': 16, 'pp': 1, 'mb': 1, 'tp_sp': True, 'train': {'dp': 256, 'ep': 1, 'tp_ep': True}, 'inference': {'replica_count': 1, 'moe_dp': 1}}
4096	27.635480	nan	nan	0.036185	6.861550e+18	2.482877e+17	3.118694e+14	0.194367	False	0.000000	410.251620	{'tp': 8, 'cp': 16, 'pp': 4, 'mb': 4, 'tp_sp': True, 'train': {'dp': 8, 'ep': 1, 'tp_ep': True}, 'inference': {'replica_count': 1, 'moe_dp': 1}}
512	177.877382	nan	nan	0.005622	6.861550e+18	3.857461e+16	3.118694e+14	0.241579	True	178.016510	126.449886	{'tp': 1, 'cp': 32, 'pp': 16, 'mb': 16, 'tp_sp': True, 'train': {'dp': 1, 'ep': 1, 'tp_ep': True}, 'inference': {'replica_count': 1, 'moe_dp': 1}}
256	266.552398	nan	nan	0.003752	6.861550e+18	2.574184e+16	3.118694e+14	0.322424	True	416.462708	170.786047	{'tp': 1, 'cp': 32, 'pp': 8, 'mb': 8, 'tp_sp': True, 'train': {'dp': 1, 'ep': 1, 'tp_ep': True}, 'inference': {'replica_count': 1, 'moe_dp': 1}}
128	424.414778	nan	nan	0.002356	6.861550e+18	1.616709e+16	3.118694e+14	0.404994	True	893.355103	300.168983	{'tp': 1, 'cp': 32, 'pp': 4, 'mb': 4, 'tp_sp': True, 'train': {'dp': 1, 'ep': 1, 'tp_ep': True}, 'inference': {'replica_count': 1, 'moe_dp': 1}}
1024	131.506373	nan	nan	0.007604	6.861550e+18	5.217656e+16	3.118694e+14	0.163381	True	58.793411	130.526511	{'tp': 1, 'cp': 32, 'pp': 32, 'mb': 32, 'tp_sp': True, 'train': {'dp': 1, 'ep': 1, 'tp_ep': True}, 'inference': {'replica_count': 1, 'moe_dp': 1}}
512	172.394522	nan	nan	0.005801	6.861550e+18	3.980144e+16	3.118694e+14	0.249262	True	168.357513	305.310774	{'tp': 2, 'cp': 32, 'pp': 8, 'mb': 8, 'tp_sp': True, 'train': {'dp': 1, 'ep': 1, 'tp_ep': True}, 'inference': {'replica_count': 1, 'moe_dp': 1}}
256	247.089456	nan	nan	0.004047	6.861550e+18	2.776950e+16	3.118694e+14	0.347821	True	406.929871	349.444029	{'tp': 2, 'cp': 32, 'pp': 4, 'mb': 4, 'tp_sp': True, 'train': {'dp': 1, 'ep': 1, 'tp_ep': True}, 'inference': {'replica_count': 1, 'moe_dp': 1}}
1024	130.386118	nan	nan	0.007670	6.861550e+18	5.262485e+16	3.118694e+14	0.164785	True	49.071335	431.450023	{'tp': 2, 'cp': 32, 'pp': 16, 'mb': 16, 'tp_sp': True, 'train': {'dp': 1, 'ep': 1, 'tp_ep': True}, 'inference': {'replica_count': 1, 'moe_dp': 1}}
512	134.403902	nan	nan	0.007440	6.861550e+18	5.105172e+16	3.118694e+14	0.319718	True	267.145416	110.258521	{'tp': 1, 'cp': 32, 'pp': 8, 'mb': 8, 'tp_sp': True, 'train': {'dp': 2, 'ep': 1, 'tp_ep': True}, 'inference': {'replica_count': 1, 'moe_dp': 1}}
128	334.523215	nan	nan	0.002989	6.861550e+18	2.051143e+16	3.118694e+14	0.513823	True	1246.702759	307.649905	{'tp': 1, 'cp': 32, 'pp': 2, 'mb': 2, 'tp_sp': True, 'train': {'dp': 2, 'ep': 1, 'tp_ep': True}, 'inference': {'replica_count': 1, 'moe_dp': 1}}
256	181.497720	nan	nan	0.005510	6.861550e+18	3.780516e+16	3.118694e+14	0.473520	True	583.603699	327.706508	{'tp': 2, 'cp': 32, 'pp': 2, 'mb': 2, 'tp_sp': True, 'train': {'dp': 2, 'ep': 1, 'tp_ep': True}, 'inference': {'replica_count': 1, 'moe_dp': 1}}
256	213.638109	nan	nan	0.004681	6.861550e+18	3.211763e+16	3.118694e+14	0.402282	True	600.591614	218.283167	{'tp': 1, 'cp': 32, 'pp': 4, 'mb': 4, 'tp_sp': True, 'train': {'dp': 2, 'ep': 1, 'tp_ep': True}, 'inference': {'replica_count': 1, 'moe_dp': 1}}
512	124.377421	nan	nan	0.008040	6.861550e+18	5.516717e+16	3.118694e+14	0.345492	True	260.421967	223.319146	{'tp': 2, 'cp': 32, 'pp': 4, 'mb': 4, 'tp_sp': True, 'train': {'dp': 2, 'ep': 1, 'tp_ep': True}, 'inference': {'replica_count': 1, 'moe_dp': 1}}
1024	90.684476	nan	nan	0.011027	6.861550e+18	7.566400e+16	3.118694e+14	0.236928	True	100.422318	89.601170	{'tp': 1, 'cp': 32, 'pp': 16, 'mb': 16, 'tp_sp': True, 'train': {'dp': 2, 'ep': 1, 'tp_ep': True}, 'inference': {'replica_count': 1, 'moe_dp': 1}}
2048	68.068769	nan	nan	0.014691	6.861550e+18	1.008032e+17	3.118694e+14	0.157823	True	17.060883	114.692879	{'tp': 1, 'cp': 32, 'pp': 32, 'mb': 32, 'tp_sp': True, 'train': {'dp': 2, 'ep': 1, 'tp_ep': True}, 'inference': {'replica_count': 1, 'moe_dp': 1}}
1024	86.908489	nan	nan	0.011506	6.861550e+18	7.895144e+16	3.118694e+14	0.247222	True	93.635788	237.971801	{'tp': 2, 'cp': 32, 'pp': 8, 'mb': 8, 'tp_sp': True, 'train': {'dp': 2, 'ep': 1, 'tp_ep': True}, 'inference': {'replica_count': 1, 'moe_dp': 1}}
2048	66.315514	nan	nan	0.015079	6.861550e+18	1.034682e+17	3.118694e+14	0.161996	True	10.242699	374.838522	{'tp': 2, 'cp': 32, 'pp': 16, 'mb': 16, 'tp_sp': True, 'train': {'dp': 2, 'ep': 1, 'tp_ep': True}, 'inference': {'replica_count': 1, 'moe_dp': 1}}
128	215.803865	nan	nan	0.004634	6.861550e+18	3.179531e+16	3.118694e+14	0.796490	True	1992.057796	293.714900	{'tp': 1, 'cp': 32, 'pp': 1, 'mb': 1, 'tp_sp': True, 'train': {'dp': 4, 'ep': 1, 'tp_ep': True}, 'inference': {'replica_count': 1, 'moe_dp': 1}}
256	168.585972	nan	nan	0.005932	6.861550e+18	4.070060e+16	3.118694e+14	0.509786	True	961.327942	163.840850	{'tp': 1, 'cp': 32, 'pp': 2, 'mb': 2, 'tp_sp': True, 'train': {'dp': 4, 'ep': 1, 'tp_ep': True}, 'inference': {'replica_count': 1, 'moe_dp': 1}}
256	113.787776	nan	nan	0.008788	6.861550e+18	6.030129e+16	3.118694e+14	0.755290	True	956.198425	285.623792	{'tp': 2, 'cp': 32, 'pp': 1, 'mb': 1, 'tp_sp': True, 'train': {'dp': 4, 'ep': 1, 'tp_ep': True}, 'inference': {'replica_count': 1, 'moe_dp': 1}}
512	91.557456	nan	nan	0.010922	6.861550e+18	7.494256e+16	3.118694e+14	0.469338	True	440.790131	186.600885	{'tp': 2, 'cp': 32, 'pp': 2, 'mb': 2, 'tp_sp': True, 'train': {'dp': 4, 'ep': 1, 'tp_ep': True}, 'inference': {'replica_count': 1, 'moe_dp': 1}}
512	107.892775	nan	nan	0.009268	6.861550e+18	6.359601e+16	3.118694e+14	0.398279	True	454.209869	97.641250	{'tp': 1, 'cp': 32, 'pp': 4, 'mb': 4, 'tp_sp': True, 'train': {'dp': 4, 'ep': 1, 'tp_ep': True}, 'inference': {'replica_count': 1, 'moe_dp': 1}}
1024	68.842686	nan	nan	0.014526	6.861550e+18	9.966999e+16	3.118694e+14	0.312098	True	192.486771	72.937303	{'tp': 1, 'cp': 32, 'pp': 8, 'mb': 8, 'tp_sp': True, 'train': {'dp': 4, 'ep': 1, 'tp_ep': True}, 'inference': {'replica_count': 1, 'moe_dp': 1}}
512	68.326945	nan	nan	0.014636	6.861550e+18	1.004223e+17	3.118694e+14	0.628908	True	438.351532	361.222410	{'tp': 4, 'cp': 32, 'pp': 1, 'mb': 1, 'tp_sp': True, 'train': {'dp': 4, 'ep': 1, 'tp_ep': True}, 'inference': {'replica_count': 1, 'moe_dp': 1}}
2048	47.447950	nan	nan	0.021076	6.861550e+18	1.446122e+17	3.118694e+14	0.226413	True	61.625336	87.150951	{'tp': 1, 'cp': 32, 'pp': 16, 'mb': 16, 'tp_sp': True, 'train': {'dp': 4, 'ep': 1, 'tp_ep': True}, 'inference': {'replica_count': 1, 'moe_dp': 1}}
1024	62.871214	nan	nan	0.015906	6.861550e+18	1.091366e+17	3.118694e+14	0.341741	True	187.168015	154.153490	{'tp': 2, 'cp': 32, 'pp': 4, 'mb': 4, 'tp_sp': True, 'train': {'dp': 4, 'ep': 1, 'tp_ep': True}, 'inference': {'replica_count': 1, 'moe_dp': 1}}
1024	57.170865	nan	nan	0.017491	6.861550e+18	1.200183e+17	3.118694e+14	0.375816	True	180.521225	328.086016	{'tp': 4, 'cp': 32, 'pp': 2, 'mb': 2, 'tp_sp': True, 'train': {'dp': 4, 'ep': 1, 'tp_ep': True}, 'inference': {'replica_count': 1, 'moe_dp': 1}}
4096	67.764532	nan	nan	0.014757	6.861550e+18	1.012558e+17	3.118694e+14	0.079266	False	0.000000	113.742363	{'tp': 1, 'cp': 32, 'pp': 32, 'mb': 32, 'tp_sp': True, 'train': {'dp': 4, 'ep': 1, 'tp_ep': True}, 'inference': {'replica_count': 1, 'moe_dp': 1}}
2048	44.482428	nan	nan	0.022481	6.861550e+18	1.542530e+17	3.118694e+14	0.241508	True	56.274925	202.475748	{'tp': 2, 'cp': 32, 'pp': 8, 'mb': 8, 'tp_sp': True, 'train': {'dp': 4, 'ep': 1, 'tp_ep': True}, 'inference': {'replica_count': 1, 'moe_dp': 1}}
256	108.810775	nan	nan	0.009190	6.861550e+18	6.305947e+16	3.118694e+14	0.789837	True	1708.067961	161.127868	{'tp': 1, 'cp': 32, 'pp': 1, 'mb': 1, 'tp_sp': True, 'train': {'dp': 8, 'ep': 1, 'tp_ep': True}, 'inference': {'replica_count': 1, 'moe_dp': 1}}
512	85.185170	nan	nan	0.011739	6.861550e+18	8.054865e+16	3.118694e+14	0.504447	True	818.640533	97.528930	{'tp': 1, 'cp': 32, 'pp': 2, 'mb': 2, 'tp_sp': True, 'train': {'dp': 8, 'ep': 1, 'tp_ep': True}, 'inference': {'replica_count': 1, 'moe_dp': 1}}
1024	46.337338	nan	nan	0.021581	6.861550e+18	1.480782e+17	3.118694e+14	0.463680	True	369.383347	117.460016	{'tp': 2, 'cp': 32, 'pp': 2, 'mb': 2, 'tp_sp': True, 'train': {'dp': 8, 'ep': 1, 'tp_ep': True}, 'inference': {'replica_count': 1, 'moe_dp': 1}}
512	57.459217	nan	nan	0.017404	6.861550e+18	1.194160e+17	3.118694e+14	0.747859	True	814.118744	217.856215	{'tp': 2, 'cp': 32, 'pp': 1, 'mb': 1, 'tp_sp': True, 'train': {'dp': 8, 'ep': 1, 'tp_ep': True}, 'inference': {'replica_count': 1, 'moe_dp': 1}}
1024	34.535216	nan	nan	0.028956	6.861550e+18	1.986827e+17	3.118694e+14	0.622139	True	367.185532	228.337535	{'tp': 4, 'cp': 32, 'pp': 1, 'mb': 1, 'tp_sp': True, 'train': {'dp': 8, 'ep': 1, 'tp_ep': True}, 'inference': {'replica_count': 1, 'moe_dp': 1}}
1024	55.379668	nan	nan	0.018057	6.861550e+18	1.239002e+17	3.118694e+14	0.387971	True	381.018997	64.631259	{'tp': 1, 'cp': 32, 'pp': 4, 'mb': 4, 'tp_sp': True, 'train': {'dp': 8, 'ep': 1, 'tp_ep': True}, 'inference': {'replica_count': 1, 'moe_dp': 1}}
2048	38.395184	nan	nan	0.026045	6.861550e+18	1.787086e+17	3.118694e+14	0.279797	True	155.157562	68.976501	{'tp': 1, 'cp': 32, 'pp': 8, 'mb': 8, 'tp_sp': True, 'train': {'dp': 8, 'ep': 1, 'tp_ep': True}, 'inference': {'replica_count': 1, 'moe_dp': 1}}
4096	37.103000	nan	nan	0.026952	6.861550e+18	1.849325e+17	3.118694e+14	0.144771	False	0.000000	364.878895	{'tp': 2, 'cp': 32, 'pp': 16, 'mb': 16, 'tp_sp': True, 'train': {'dp': 4, 'ep': 1, 'tp_ep': True}, 'inference': {'replica_count': 1, 'moe_dp': 1}}
2048	34.288746	nan	nan	0.029164	6.861550e+18	2.001109e+17	3.118694e+14	0.313305	True	150.541039	121.381623	{'tp': 2, 'cp': 32, 'pp': 4, 'mb': 4, 'tp_sp': True, 'train': {'dp': 8, 'ep': 1, 'tp_ep': True}, 'inference': {'replica_count': 1, 'moe_dp': 1}}
4096	47.447950	nan	nan	0.021076	6.861550e+18	1.446122e+17	3.118694e+14	0.113207	True	42.345062	73.115505	{'tp': 1, 'cp': 32, 'pp': 16, 'mb': 16, 'tp_sp': True, 'train': {'dp': 8, 'ep': 1, 'tp_ep': True}, 'inference': {'replica_count': 1, 'moe_dp': 1}}
512	54.996100	nan	nan	0.018183	6.861550e+18	1.247643e+17	3.118694e+14	0.781354	True	1566.073043	91.607298	{'tp': 1, 'cp': 32, 'pp': 1, 'mb': 1, 'tp_sp': True, 'train': {'dp': 16, 'ep': 1, 'tp_ep': True}, 'inference': {'replica_count': 1, 'moe_dp': 1}}
1024	43.744513	nan	nan	0.022860	6.861550e+18	1.568551e+17	3.118694e+14	0.491163	True	747.296829	61.133360	{'tp': 1, 'cp': 32, 'pp': 2, 'mb': 2, 'tp_sp': True, 'train': {'dp': 16, 'ep': 1, 'tp_ep': True}, 'inference': {'replica_count': 1, 'moe_dp': 1}}
2048	30.620118	nan	nan	0.032658	6.861550e+18	2.240863e+17	3.118694e+14	0.350843	True	144.754753	257.604308	{'tp': 4, 'cp': 32, 'pp': 2, 'mb': 2, 'tp_sp': True, 'train': {'dp': 8, 'ep': 1, 'tp_ep': True}, 'inference': {'replica_count': 1, 'moe_dp': 1}}
2048	27.915459	nan	nan	0.035822	6.861550e+18	2.457975e+17	3.118694e+14	0.384835	True	333.679955	83.199097	{'tp': 2, 'cp': 32, 'pp': 2, 'mb': 2, 'tp_sp': True, 'train': {'dp': 16, 'ep': 1, 'tp_ep': True}, 'inference': {'replica_count': 1, 'moe_dp': 1}}
2048	33.637560	nan	nan	0.029729	6.861550e+18	2.039848e+17	3.118694e+14	0.319371	True	344.423676	46.628501	{'tp': 1, 'cp': 32, 'pp': 4, 'mb': 4, 'tp_sp': True, 'train': {'dp': 16, 'ep': 1, 'tp_ep': True}, 'inference': {'replica_count': 1, 'moe_dp': 1}}
4096	29.381477	nan	nan	0.034035	6.861550e+18	2.335332e+17	3.118694e+14	0.182817	True	37.594559	185.281720	{'tp': 2, 'cp': 32, 'pp': 8, 'mb': 8, 'tp_sp': True, 'train': {'dp': 8, 'ep': 1, 'tp_ep': True}, 'inference': {'replica_count': 1, 'moe_dp': 1}}
4096	38.327440	nan	nan	0.026091	6.861550e+18	1.790245e+17	3.118694e+14	0.140146	True	136.611176	56.241812	{'tp': 1, 'cp': 32, 'pp': 8, 'mb': 8, 'tp_sp': True, 'train': {'dp': 16, 'ep': 1, 'tp_ep': True}, 'inference': {'replica_count': 1, 'moe_dp': 1}}
1024	29.099577	nan	nan	0.034365	6.861550e+18	2.357955e+17	3.118694e+14	0.738351	True	743.078903	139.846062	{'tp': 2, 'cp': 32, 'pp': 1, 'mb': 1, 'tp_sp': True, 'train': {'dp': 16, 'ep': 1, 'tp_ep': True}, 'inference': {'replica_count': 1, 'moe_dp': 1}}
1024	28.257099	nan	nan	0.035389	6.861550e+18	2.428257e+17	3.118694e+14	0.760365	True	1495.075584	58.334820	{'tp': 1, 'cp': 32, 'pp': 1, 'mb': 1, 'tp_sp': True, 'train': {'dp': 32, 'ep': 1, 'tp_ep': True}, 'inference': {'replica_count': 1, 'moe_dp': 1}}
2048	20.119075	nan	nan	0.049704	6.861550e+18	3.410470e+17	3.118694e+14	0.533963	True	707.558983	68.105372	{'tp': 2, 'cp': 32, 'pp': 1, 'mb': 1, 'tp_sp': True, 'train': {'dp': 32, 'ep': 1, 'tp_ep': True}, 'inference': {'replica_count': 1, 'moe_dp': 1}}
2048	28.724470	nan	nan	0.034814	6.861550e+18	2.388747e+17	3.118694e+14	0.373996	True	711.625092	43.856664	{'tp': 1, 'cp': 32, 'pp': 2, 'mb': 2, 'tp_sp': True, 'train': {'dp': 32, 'ep': 1, 'tp_ep': True}, 'inference': {'replica_count': 1, 'moe_dp': 1}}
4096	25.254270	nan	nan	0.039597	6.861550e+18	2.716986e+17	3.118694e+14	0.212694	True	132.227615	106.722874	{'tp': 2, 'cp': 32, 'pp': 4, 'mb': 4, 'tp_sp': True, 'train': {'dp': 16, 'ep': 1, 'tp_ep': True}, 'inference': {'replica_count': 1, 'moe_dp': 1}}
2048	21.182352	nan	nan	0.047209	6.861550e+18	3.239277e+17	3.118694e+14	0.507160	True	1459.576974	42.251529	{'tp': 1, 'cp': 32, 'pp': 1, 'mb': 1, 'tp_sp': True, 'train': {'dp': 64, 'ep': 1, 'tp_ep': True}, 'inference': {'replica_count': 1, 'moe_dp': 1}}
2048	21.114774	nan	nan	0.047360	6.861550e+18	3.249644e+17	3.118694e+14	0.508784	True	331.602531	169.752441	{'tp': 4, 'cp': 32, 'pp': 1, 'mb': 1, 'tp_sp': True, 'train': {'dp': 16, 'ep': 1, 'tp_ep': True}, 'inference': {'replica_count': 1, 'moe_dp': 1}}
4096	33.604959	nan	nan	0.029758	6.861550e+18	2.041827e+17	3.118694e+14	0.159840	True	326.244232	59.781560	{'tp': 1, 'cp': 32, 'pp': 4, 'mb': 4, 'tp_sp': True, 'train': {'dp': 32, 'ep': 1, 'tp_ep': True}, 'inference': {'replica_count': 1, 'moe_dp': 1}}
4096	21.972738	nan	nan	0.045511	6.861550e+18	3.122756e+17	3.118694e+14	0.244459	True	315.828323	68.318350	{'tp': 2, 'cp': 32, 'pp': 2, 'mb': 2, 'tp_sp': True, 'train': {'dp': 32, 'ep': 1, 'tp_ep': True}, 'inference': {'replica_count': 1, 'moe_dp': 1}}
4096	28.709369	nan	nan	0.034832	6.861550e+18	2.390004e+17	3.118694e+14	0.187097	True	693.907440	44.807934	{'tp': 1, 'cp': 32, 'pp': 2, 'mb': 2, 'tp_sp': True, 'train': {'dp': 64, 'ep': 1, 'tp_ep': True}, 'inference': {'replica_count': 1, 'moe_dp': 1}}
4096	17.885261	nan	nan	0.055912	6.861550e+18	3.836427e+17	3.118694e+14	0.300327	True	689.799088	52.575638	{'tp': 2, 'cp': 32, 'pp': 1, 'mb': 1, 'tp_sp': True, 'train': {'dp': 64, 'ep': 1, 'tp_ep': True}, 'inference': {'replica_count': 1, 'moe_dp': 1}}
4096	21.176082	nan	nan	0.047223	6.861550e+18	3.240236e+17	3.118694e+14	0.253655	True	1441.951058	46.077354	{'tp': 1, 'cp': 32, 'pp': 1, 'mb': 1, 'tp_sp': True, 'train': {'dp': 128, 'ep': 1, 'tp_ep': True}, 'inference': {'replica_count': 1, 'moe_dp': 1}}
4096	17.972559	nan	nan	0.055640	6.861550e+18	3.817793e+17	3.118694e+14	0.298868	True	313.811031	134.149992	{'tp': 4, 'cp': 32, 'pp': 1, 'mb': 1, 'tp_sp': True, 'train': {'dp': 32, 'ep': 1, 'tp_ep': True}, 'inference': {'replica_count': 1, 'moe_dp': 1}}
4096	22.812650	nan	nan	0.043835	6.861550e+18	3.007783e+17	3.118694e+14	0.235458	True	126.871517	228.723245	{'tp': 4, 'cp': 32, 'pp': 2, 'mb': 2, 'tp_sp': True, 'train': {'dp': 16, 'ep': 1, 'tp_ep': True}, 'inference': {'replica_count': 1, 'moe_dp': 1}}
4096	27.793441	nan	nan	0.035980	6.861550e+18	2.468766e+17	3.118694e+14	0.193262	True	35.302059	412.180189	{'tp': 4, 'cp': 32, 'pp': 4, 'mb': 4, 'tp_sp': True, 'train': {'dp': 8, 'ep': 1, 'tp_ep': True}, 'inference': {'replica_count': 1, 'moe_dp': 1}}
512	182.883578	nan	nan	0.005468	6.861550e+18	3.751868e+16	3.118694e+14	0.234966	True	415.516510	204.805303	{'tp': 1, 'cp': 64, 'pp': 8, 'mb': 8, 'tp_sp': True, 'train': {'dp': 1, 'ep': 1, 'tp_ep': True}, 'inference': {'replica_count': 1, 'moe_dp': 1}}
1024	136.351963	nan	nan	0.007334	6.861550e+18	5.032234e+16	3.118694e+14	0.157575	True	177.543411	191.289834	{'tp': 1, 'cp': 64, 'pp': 16, 'mb': 16, 'tp_sp': True, 'train': {'dp': 1, 'ep': 1, 'tp_ep': True}, 'inference': {'replica_count': 1, 'moe_dp': 1}}
256	266.835531	nan	nan	0.003748	6.861550e+18	2.571453e+16	3.118694e+14	0.322082	True	891.462708	304.393710	{'tp': 1, 'cp': 64, 'pp': 4, 'mb': 4, 'tp_sp': True, 'train': {'dp': 1, 'ep': 1, 'tp_ep': True}, 'inference': {'replica_count': 1, 'moe_dp': 1}}
2048	111.848500	nan	nan	0.008941	6.861550e+18	6.134682e+16	3.118694e+14	0.096048	True	58.556976	278.489173	{'tp': 1, 'cp': 64, 'pp': 32, 'mb': 32, 'tp_sp': True, 'train': {'dp': 1, 'ep': 1, 'tp_ep': True}, 'inference': {'replica_count': 1, 'moe_dp': 1}}
1024	92.895891	nan	nan	0.010765	6.861550e+18	7.386279e+16	3.118694e+14	0.231288	True	266.672318	135.015503	{'tp': 1, 'cp': 64, 'pp': 8, 'mb': 8, 'tp_sp': True, 'train': {'dp': 2, 'ep': 1, 'tp_ep': True}, 'inference': {'replica_count': 1, 'moe_dp': 1}}
2048	69.968775	nan	nan	0.014292	6.861550e+18	9.806589e+16	3.118694e+14	0.153538	True	100.185883	157.433105	{'tp': 1, 'cp': 64, 'pp': 16, 'mb': 16, 'tp_sp': True, 'train': {'dp': 2, 'ep': 1, 'tp_ep': True}, 'inference': {'replica_count': 1, 'moe_dp': 1}}
512	100.149442	nan	nan	0.009985	6.861550e+18	6.851311e+16	3.118694e+14	0.429073	True	960.381744	165.133104	{'tp': 1, 'cp': 64, 'pp': 2, 'mb': 2, 'tp_sp': True, 'train': {'dp': 4, 'ep': 1, 'tp_ep': True}, 'inference': {'replica_count': 1, 'moe_dp': 1}}
4096	58.074629	nan	nan	0.017219	6.861550e+18	1.181506e+17	3.118694e+14	0.092492	True	16.942551	267.764225	{'tp': 1, 'cp': 64, 'pp': 32, 'mb': 32, 'tp_sp': True, 'train': {'dp': 2, 'ep': 1, 'tp_ep': True}, 'inference': {'replica_count': 1, 'moe_dp': 1}}
256	125.153157	nan	nan	0.007990	6.861550e+18	5.482523e+16	3.118694e+14	0.686701	True	1990.082609	286.301206	{'tp': 1, 'cp': 64, 'pp': 1, 'mb': 1, 'tp_sp': True, 'train': {'dp': 4, 'ep': 1, 'tp_ep': True}, 'inference': {'replica_count': 1, 'moe_dp': 1}}
512	68.046055	nan	nan	0.014696	6.861550e+18	1.008369e+17	3.118694e+14	0.631505	True	955.126068	358.517614	{'tp': 2, 'cp': 64, 'pp': 1, 'mb': 1, 'tp_sp': True, 'train': {'dp': 4, 'ep': 1, 'tp_ep': True}, 'inference': {'replica_count': 1, 'moe_dp': 1}}
1024	68.548824	nan	nan	0.014588	6.861550e+18	1.000973e+17	3.118694e+14	0.313436	True	453.736771	111.703677	{'tp': 1, 'cp': 64, 'pp': 4, 'mb': 4, 'tp_sp': True, 'train': {'dp': 4, 'ep': 1, 'tp_ep': True}, 'inference': {'replica_count': 1, 'moe_dp': 1}}
1024	56.987463	nan	nan	0.017548	6.861550e+18	1.204046e+17	3.118694e+14	0.377025	True	440.253952	326.075271	{'tp': 2, 'cp': 64, 'pp': 2, 'mb': 2, 'tp_sp': True, 'train': {'dp': 4, 'ep': 1, 'tp_ep': True}, 'inference': {'replica_count': 1, 'moe_dp': 1}}
2048	48.135689	nan	nan	0.020775	6.861550e+18	1.425460e+17	3.118694e+14	0.223178	True	192.250336	102.006709	{'tp': 1, 'cp': 64, 'pp': 8, 'mb': 8, 'tp_sp': True, 'train': {'dp': 4, 'ep': 1, 'tp_ep': True}, 'inference': {'replica_count': 1, 'moe_dp': 1}}
2048	37.653571	nan	nan	0.026558	6.861550e+18	1.822284e+17	3.118694e+14	0.285308	True	380.782562	78.906511	{'tp': 1, 'cp': 64, 'pp': 4, 'mb': 4, 'tp_sp': True, 'train': {'dp': 8, 'ep': 1, 'tp_ep': True}, 'inference': {'replica_count': 1, 'moe_dp': 1}}
1024	51.233961	nan	nan	0.019518	6.861550e+18	1.339258e+17	3.118694e+14	0.419364	True	818.167435	128.047487	{'tp': 1, 'cp': 64, 'pp': 2, 'mb': 2, 'tp_sp': True, 'train': {'dp': 8, 'ep': 1, 'tp_ep': True}, 'inference': {'replica_count': 1, 'moe_dp': 1}}
4096	39.350885	nan	nan	0.025412	6.861550e+18	1.743684e+17	3.118694e+14	0.136501	True	61.507004	137.936223	{'tp': 1, 'cp': 64, 'pp': 16, 'mb': 16, 'tp_sp': True, 'train': {'dp': 4, 'ep': 1, 'tp_ep': True}, 'inference': {'replica_count': 1, 'moe_dp': 1}}
512	63.187872	nan	nan	0.015826	6.861550e+18	1.085897e+17	3.118694e+14	0.680058	True	1707.080367	160.539688	{'tp': 1, 'cp': 64, 'pp': 1, 'mb': 1, 'tp_sp': True, 'train': {'dp': 8, 'ep': 1, 'tp_ep': True}, 'inference': {'replica_count': 1, 'moe_dp': 1}}
4096	31.922588	nan	nan	0.031326	6.861550e+18	2.149434e+17	3.118694e+14	0.168264	True	155.039230	98.767205	{'tp': 1, 'cp': 64, 'pp': 8, 'mb': 8, 'tp_sp': True, 'train': {'dp': 8, 'ep': 1, 'tp_ep': True}, 'inference': {'replica_count': 1, 'moe_dp': 1}}
1024	32.362686	nan	nan	0.030900	6.861550e+18	2.120204e+17	3.118694e+14	0.663903	True	1565.579246	93.049029	{'tp': 1, 'cp': 64, 'pp': 1, 'mb': 1, 'tp_sp': True, 'train': {'dp': 16, 'ep': 1, 'tp_ep': True}, 'inference': {'replica_count': 1, 'moe_dp': 1}}
1024	34.413280	nan	nan	0.029059	6.861550e+18	1.993867e+17	3.118694e+14	0.624343	True	813.582565	241.044349	{'tp': 2, 'cp': 64, 'pp': 1, 'mb': 1, 'tp_sp': True, 'train': {'dp': 8, 'ep': 1, 'tp_ep': True}, 'inference': {'replica_count': 1, 'moe_dp': 1}}
2048	30.994312	nan	nan	0.032264	6.861550e+18	2.213809e+17	3.118694e+14	0.346607	True	747.060394	65.803514	{'tp': 1, 'cp': 64, 'pp': 2, 'mb': 2, 'tp_sp': True, 'train': {'dp': 16, 'ep': 1, 'tp_ep': True}, 'inference': {'replica_count': 1, 'moe_dp': 1}}
2048	31.208294	nan	nan	0.032043	6.861550e+18	2.198630e+17	3.118694e+14	0.344231	True	369.115257	262.262893	{'tp': 2, 'cp': 64, 'pp': 2, 'mb': 2, 'tp_sp': True, 'train': {'dp': 8, 'ep': 1, 'tp_ep': True}, 'inference': {'replica_count': 1, 'moe_dp': 1}}
4096	27.862597	nan	nan	0.035890	6.861550e+18	2.462638e+17	3.118694e+14	0.192783	True	344.305344	62.214789	{'tp': 1, 'cp': 64, 'pp': 4, 'mb': 4, 'tp_sp': True, 'train': {'dp': 16, 'ep': 1, 'tp_ep': True}, 'inference': {'replica_count': 1, 'moe_dp': 1}}
2048	22.300015	nan	nan	0.044843	6.861550e+18	3.076926e+17	3.118694e+14	0.481742	True	1494.828805	61.396489	{'tp': 1, 'cp': 64, 'pp': 1, 'mb': 1, 'tp_sp': True, 'train': {'dp': 32, 'ep': 1, 'tp_ep': True}, 'inference': {'replica_count': 1, 'moe_dp': 1}}
4096	24.388425	nan	nan	0.041003	6.861550e+18	2.813445e+17	3.118694e+14	0.220245	True	711.506760	49.614589	{'tp': 1, 'cp': 64, 'pp': 2, 'mb': 2, 'tp_sp': True, 'train': {'dp': 32, 'ep': 1, 'tp_ep': True}, 'inference': {'replica_count': 1, 'moe_dp': 1}}
2048	21.740173	nan	nan	0.045998	6.861550e+18	3.156162e+17	3.118694e+14	0.494147	True	742.810814	173.489208	{'tp': 2, 'cp': 64, 'pp': 1, 'mb': 1, 'tp_sp': True, 'train': {'dp': 16, 'ep': 1, 'tp_ep': True}, 'inference': {'replica_count': 1, 'moe_dp': 1}}
4096	19.751079	nan	nan	0.050630	6.861550e+18	3.474013e+17	3.118694e+14	0.271956	True	1459.453465	46.457216	{'tp': 1, 'cp': 64, 'pp': 1, 'mb': 1, 'tp_sp': True, 'train': {'dp': 64, 'ep': 1, 'tp_ep': True}, 'inference': {'replica_count': 1, 'moe_dp': 1}}
4096	18.697755	nan	nan	0.053482	6.861550e+18	3.669719e+17	3.118694e+14	0.287276	True	707.425003	138.340066	{'tp': 2, 'cp': 64, 'pp': 1, 'mb': 1, 'tp_sp': True, 'train': {'dp': 32, 'ep': 1, 'tp_ep': True}, 'inference': {'replica_count': 1, 'moe_dp': 1}}
4096	23.618983	nan	nan	0.042339	6.861550e+18	2.905100e+17	3.118694e+14	0.227420	True	333.545975	244.024630	{'tp': 2, 'cp': 64, 'pp': 2, 'mb': 2, 'tp_sp': True, 'train': {'dp': 16, 'ep': 1, 'tp_ep': True}, 'inference': {'replica_count': 1, 'moe_dp': 1}}
4096	28.562661	nan	nan	0.035011	6.861550e+18	2.402280e+17	3.118694e+14	0.188058	True	150.407059	421.960990	{'tp': 2, 'cp': 64, 'pp': 4, 'mb': 4, 'tp_sp': True, 'train': {'dp': 8, 'ep': 1, 'tp_ep': True}, 'inference': {'replica_count': 1, 'moe_dp': 1}}
128	600.101332	nan	nan	0.001666	6.861550e+18	1.143399e+16	3.118694e+14	0.286428	False	0.000000	136.587296	{'tp': 8, 'cp': 1, 'pp': 16, 'mb': 16, 'tp_sp': True, 'train': {'dp': 1, 'ep': 1, 'tp_ep': True}, 'inference': {'replica_count': 1, 'moe_dp': 1}}
