num_gpus	runtime_s	prefill_time_s	decode_time_s	performance_1_over_s	total_flops	achieved_flops_per_s	peak_flops_per_gpu	mfu	memory_exceeded	memory_violation_gb	eval_wall_time_s	parallelism
128	571.434176	nan	nan	0.001750	6.861550e+18	1.200759e+16	3.118694e+14	0.300797	False	0.000000	88.311040	{'tp': 4, 'cp': 1, 'pp': 32, 'mb': 32, 'tp_sp': True, 'train': {'dp': 1, 'ep': 1, 'tp_ep': True}, 'inference': {'replica_count': 1, 'moe_dp': 1}}
256	330.214140	nan	nan	0.003028	6.861550e+18	2.077909e+16	3.118694e+14	0.260264	False	0.000000	96.905508	{'tp': 8, 'cp': 1, 'pp': 32, 'mb': 32, 'tp_sp': True, 'train': {'dp': 1, 'ep': 1, 'tp_ep': True}, 'inference': {'replica_count': 1, 'moe_dp': 1}}
128	599.475580	nan	nan	0.001668	6.861550e+18	1.144592e+16	3.118694e+14	0.286727	False	0.000000	130.997029	{'tp': 8, 'cp': 1, 'pp': 16, 'mb': 16, 'tp_sp': True, 'train': {'dp': 1, 'ep': 1, 'tp_ep': True}, 'inference': {'replica_count': 1, 'moe_dp': 1}}
512	209.636473	nan	nan	0.004770	6.861550e+18	3.273071e+16	3.118694e+14	0.204981	False	0.000000	131.463493	{'tp': 16, 'cp': 1, 'pp': 32, 'mb': 32, 'tp_sp': True, 'train': {'dp': 1, 'ep': 1, 'tp_ep': True}, 'inference': {'replica_count': 1, 'moe_dp': 1}}
256	345.367263	nan	nan	0.002895	6.861550e+18	1.986740e+16	3.118694e+14	0.248845	False	0.000000	142.750318	{'tp': 16, 'cp': 1, 'pp': 16, 'mb': 16, 'tp_sp': True, 'train': {'dp': 1, 'ep': 1, 'tp_ep': True}, 'inference': {'replica_count': 1, 'moe_dp': 1}}
512	218.254199	nan	nan	0.004582	6.861550e+18	3.143834e+16	3.118694e+14	0.196887	False	0.000000	194.946669	{'tp': 32, 'cp': 1, 'pp': 16, 'mb': 16, 'tp_sp': True, 'train': {'dp': 1, 'ep': 1, 'tp_ep': True}, 'inference': {'replica_count': 1, 'moe_dp': 1}}
128	603.520607	nan	nan	0.001657	6.861550e+18	1.136921e+16	3.118694e+14	0.284805	False	0.000000	223.212799	{'tp': 16, 'cp': 1, 'pp': 8, 'mb': 8, 'tp_sp': True, 'train': {'dp': 1, 'ep': 1, 'tp_ep': True}, 'inference': {'replica_count': 1, 'moe_dp': 1}}
256	349.400501	nan	nan	0.002862	6.861550e+18	1.963807e+16	3.118694e+14	0.245972	False	0.000000	241.516715	{'tp': 32, 'cp': 1, 'pp': 8, 'mb': 8, 'tp_sp': True, 'train': {'dp': 1, 'ep': 1, 'tp_ep': True}, 'inference': {'replica_count': 1, 'moe_dp': 1}}
1024	149.315633	nan	nan	0.006697	6.861550e+18	4.595333e+16	3.118694e+14	0.143894	False	0.000000	245.880620	{'tp': 32, 'cp': 1, 'pp': 32, 'mb': 32, 'tp_sp': True, 'train': {'dp': 1, 'ep': 1, 'tp_ep': True}, 'inference': {'replica_count': 1, 'moe_dp': 1}}
128	556.068067	nan	nan	0.001798	6.861550e+18	1.233941e+16	3.118694e+14	0.309109	False	0.000000	127.482054	{'tp': 8, 'cp': 1, 'pp': 8, 'mb': 8, 'tp_sp': True, 'train': {'dp': 2, 'ep': 1, 'tp_ep': True}, 'inference': {'replica_count': 1, 'moe_dp': 1}}
256	302.028165	nan	nan	0.003311	6.861550e+18	2.271825e+16	3.118694e+14	0.284552	False	0.000000	125.334761	{'tp': 16, 'cp': 1, 'pp': 8, 'mb': 8, 'tp_sp': True, 'train': {'dp': 2, 'ep': 1, 'tp_ep': True}, 'inference': {'replica_count': 1, 'moe_dp': 1}}
128	533.294618	nan	nan	0.001875	6.861550e+18	1.286634e+16	3.118694e+14	0.322309	False	0.000000	214.781448	{'tp': 16, 'cp': 1, 'pp': 4, 'mb': 4, 'tp_sp': True, 'train': {'dp': 2, 'ep': 1, 'tp_ep': True}, 'inference': {'replica_count': 1, 'moe_dp': 1}}
256	292.406518	nan	nan	0.003420	6.861550e+18	2.346579e+16	3.118694e+14	0.293915	False	0.000000	218.939440	{'tp': 32, 'cp': 1, 'pp': 4, 'mb': 4, 'tp_sp': True, 'train': {'dp': 2, 'ep': 1, 'tp_ep': True}, 'inference': {'replica_count': 1, 'moe_dp': 1}}
128	554.499431	nan	nan	0.001803	6.861550e+18	1.237431e+16	3.118694e+14	0.309983	False	0.000000	80.587375	{'tp': 4, 'cp': 1, 'pp': 16, 'mb': 16, 'tp_sp': True, 'train': {'dp': 2, 'ep': 1, 'tp_ep': True}, 'inference': {'replica_count': 1, 'moe_dp': 1}}
256	300.211009	nan	nan	0.003331	6.861550e+18	2.285576e+16	3.118694e+14	0.286275	False	0.000000	79.282569	{'tp': 8, 'cp': 1, 'pp': 16, 'mb': 16, 'tp_sp': True, 'train': {'dp': 2, 'ep': 1, 'tp_ep': True}, 'inference': {'replica_count': 1, 'moe_dp': 1}}
512	174.949309	nan	nan	0.005716	6.861550e+18	3.922022e+16	3.118694e+14	0.245622	False	0.000000	145.785612	{'tp': 32, 'cp': 1, 'pp': 8, 'mb': 8, 'tp_sp': True, 'train': {'dp': 2, 'ep': 1, 'tp_ep': True}, 'inference': {'replica_count': 1, 'moe_dp': 1}}
512	222.914833	nan	nan	0.004486	6.861550e+18	3.078104e+16	3.118694e+14	0.192770	False	0.000000	350.659516	{'tp': 64, 'cp': 1, 'pp': 8, 'mb': 8, 'tp_sp': True, 'train': {'dp': 1, 'ep': 1, 'tp_ep': True}, 'inference': {'replica_count': 1, 'moe_dp': 1}}
512	173.100895	nan	nan	0.005777	6.861550e+18	3.963902e+16	3.118694e+14	0.248245	False	0.000000	94.176204	{'tp': 16, 'cp': 1, 'pp': 16, 'mb': 16, 'tp_sp': True, 'train': {'dp': 2, 'ep': 1, 'tp_ep': True}, 'inference': {'replica_count': 1, 'moe_dp': 1}}
128	554.298847	nan	nan	0.001804	6.861550e+18	1.237879e+16	3.118694e+14	0.310096	False	0.000000	62.197381	{'tp': 2, 'cp': 1, 'pp': 32, 'mb': 32, 'tp_sp': True, 'train': {'dp': 2, 'ep': 1, 'tp_ep': True}, 'inference': {'replica_count': 1, 'moe_dp': 1}}
256	286.648816	nan	nan	0.003489	6.861550e+18	2.393713e+16	3.118694e+14	0.299819	False	0.000000	60.853601	{'tp': 4, 'cp': 1, 'pp': 32, 'mb': 32, 'tp_sp': True, 'train': {'dp': 2, 'ep': 1, 'tp_ep': True}, 'inference': {'replica_count': 1, 'moe_dp': 1}}
128	472.975107	nan	nan	0.002114	6.861550e+18	1.450721e+16	3.118694e+14	0.363414	False	0.000000	392.877419	{'tp': 32, 'cp': 1, 'pp': 2, 'mb': 2, 'tp_sp': True, 'train': {'dp': 2, 'ep': 1, 'tp_ep': True}, 'inference': {'replica_count': 1, 'moe_dp': 1}}
512	172.507013	nan	nan	0.005797	6.861550e+18	3.977549e+16	3.118694e+14	0.249099	False	0.000000	264.871059	{'tp': 64, 'cp': 1, 'pp': 4, 'mb': 4, 'tp_sp': True, 'train': {'dp': 2, 'ep': 1, 'tp_ep': True}, 'inference': {'replica_count': 1, 'moe_dp': 1}}
512	165.874369	nan	nan	0.006029	6.861550e+18	4.136595e+16	3.118694e+14	0.259060	False	0.000000	71.232585	{'tp': 8, 'cp': 1, 'pp': 32, 'mb': 32, 'tp_sp': True, 'train': {'dp': 2, 'ep': 1, 'tp_ep': True}, 'inference': {'replica_count': 1, 'moe_dp': 1}}
128	584.571321	nan	nan	0.001711	6.861550e+18	1.173775e+16	3.118694e+14	0.294037	False	0.000000	400.302895	{'tp': 32, 'cp': 1, 'pp': 4, 'mb': 4, 'tp_sp': True, 'train': {'dp': 1, 'ep': 1, 'tp_ep': True}, 'inference': {'replica_count': 1, 'moe_dp': 1}}
1024	109.512096	nan	nan	0.009131	6.861550e+18	6.265564e+16	3.118694e+14	0.196195	False	0.000000	145.853223	{'tp': 32, 'cp': 1, 'pp': 16, 'mb': 16, 'tp_sp': True, 'train': {'dp': 2, 'ep': 1, 'tp_ep': True}, 'inference': {'replica_count': 1, 'moe_dp': 1}}
256	266.064601	nan	nan	0.003758	6.861550e+18	2.578904e+16	3.118694e+14	0.323015	False	0.000000	419.630782	{'tp': 64, 'cp': 1, 'pp': 2, 'mb': 2, 'tp_sp': True, 'train': {'dp': 2, 'ep': 1, 'tp_ep': True}, 'inference': {'replica_count': 1, 'moe_dp': 1}}
1024	154.960652	nan	nan	0.006453	6.861550e+18	4.427931e+16	3.118694e+14	0.138653	False	0.000000	425.945031	{'tp': 64, 'cp': 1, 'pp': 16, 'mb': 16, 'tp_sp': True, 'train': {'dp': 1, 'ep': 1, 'tp_ep': True}, 'inference': {'replica_count': 1, 'moe_dp': 1}}
1024	105.502180	nan	nan	0.009478	6.861550e+18	6.503705e+16	3.118694e+14	0.203652	False	0.000000	109.558040	{'tp': 16, 'cp': 1, 'pp': 32, 'mb': 32, 'tp_sp': True, 'train': {'dp': 2, 'ep': 1, 'tp_ep': True}, 'inference': {'replica_count': 1, 'moe_dp': 1}}
1024	111.672870	nan	nan	0.008955	6.861550e+18	6.144330e+16	3.118694e+14	0.192399	False	0.000000	254.800171	{'tp': 64, 'cp': 1, 'pp': 8, 'mb': 8, 'tp_sp': True, 'train': {'dp': 2, 'ep': 1, 'tp_ep': True}, 'inference': {'replica_count': 1, 'moe_dp': 1}}
128	507.720773	nan	nan	0.001970	6.861550e+18	1.351442e+16	3.118694e+14	0.338544	False	0.000000	121.262044	{'tp': 8, 'cp': 1, 'pp': 4, 'mb': 4, 'tp_sp': True, 'train': {'dp': 4, 'ep': 1, 'tp_ep': True}, 'inference': {'replica_count': 1, 'moe_dp': 1}}
256	278.461810	nan	nan	0.003591	6.861550e+18	2.464090e+16	3.118694e+14	0.308634	False	0.000000	73.302436	{'tp': 8, 'cp': 1, 'pp': 8, 'mb': 8, 'tp_sp': True, 'train': {'dp': 4, 'ep': 1, 'tp_ep': True}, 'inference': {'replica_count': 1, 'moe_dp': 1}}
128	532.680608	nan	nan	0.001877	6.861550e+18	1.288117e+16	3.118694e+14	0.322680	False	0.000000	76.602479	{'tp': 4, 'cp': 1, 'pp': 8, 'mb': 8, 'tp_sp': True, 'train': {'dp': 4, 'ep': 1, 'tp_ep': True}, 'inference': {'replica_count': 1, 'moe_dp': 1}}
512	151.386496	nan	nan	0.006606	6.861550e+18	4.532472e+16	3.118694e+14	0.283852	False	0.000000	78.360669	{'tp': 16, 'cp': 1, 'pp': 8, 'mb': 8, 'tp_sp': True, 'train': {'dp': 4, 'ep': 1, 'tp_ep': True}, 'inference': {'replica_count': 1, 'moe_dp': 1}}
256	266.908863	nan	nan	0.003747	6.861550e+18	2.570746e+16	3.118694e+14	0.321993	False	0.000000	117.197045	{'tp': 16, 'cp': 1, 'pp': 4, 'mb': 4, 'tp_sp': True, 'train': {'dp': 4, 'ep': 1, 'tp_ep': True}, 'inference': {'replica_count': 1, 'moe_dp': 1}}
512	146.447063	nan	nan	0.006828	6.861550e+18	4.685345e+16	3.118694e+14	0.293426	False	0.000000	126.538929	{'tp': 32, 'cp': 1, 'pp': 4, 'mb': 4, 'tp_sp': True, 'train': {'dp': 4, 'ep': 1, 'tp_ep': True}, 'inference': {'replica_count': 1, 'moe_dp': 1}}
1024	87.815105	nan	nan	0.011388	6.861550e+18	7.813633e+16	3.118694e+14	0.244670	False	0.000000	99.451598	{'tp': 32, 'cp': 1, 'pp': 8, 'mb': 8, 'tp_sp': True, 'train': {'dp': 4, 'ep': 1, 'tp_ep': True}, 'inference': {'replica_count': 1, 'moe_dp': 1}}
256	278.068526	nan	nan	0.003596	6.861550e+18	2.467575e+16	3.118694e+14	0.309071	False	0.000000	52.037119	{'tp': 4, 'cp': 1, 'pp': 16, 'mb': 16, 'tp_sp': True, 'train': {'dp': 4, 'ep': 1, 'tp_ep': True}, 'inference': {'replica_count': 1, 'moe_dp': 1}}
128	545.237843	nan	nan	0.001834	6.861550e+18	1.258451e+16	3.118694e+14	0.315249	False	0.000000	57.802048	{'tp': 2, 'cp': 1, 'pp': 16, 'mb': 16, 'tp_sp': True, 'train': {'dp': 4, 'ep': 1, 'tp_ep': True}, 'inference': {'replica_count': 1, 'moe_dp': 1}}
512	150.754220	nan	nan	0.006633	6.861550e+18	4.551481e+16	3.118694e+14	0.285043	False	0.000000	55.634001	{'tp': 8, 'cp': 1, 'pp': 16, 'mb': 16, 'tp_sp': True, 'train': {'dp': 4, 'ep': 1, 'tp_ep': True}, 'inference': {'replica_count': 1, 'moe_dp': 1}}
2048	75.292276	nan	nan	0.013282	6.861550e+18	9.113219e+16	3.118694e+14	0.142682	False	0.000000	235.123826	{'tp': 32, 'cp': 1, 'pp': 32, 'mb': 32, 'tp_sp': True, 'train': {'dp': 2, 'ep': 1, 'tp_ep': True}, 'inference': {'replica_count': 1, 'moe_dp': 1}}
1024	87.112906	nan	nan	0.011479	6.861550e+18	7.876617e+16	3.118694e+14	0.246642	False	0.000000	69.059404	{'tp': 16, 'cp': 1, 'pp': 16, 'mb': 16, 'tp_sp': True, 'train': {'dp': 4, 'ep': 1, 'tp_ep': True}, 'inference': {'replica_count': 1, 'moe_dp': 1}}
1024	86.465493	nan	nan	0.011565	6.861550e+18	7.935594e+16	3.118694e+14	0.248489	False	0.000000	174.457971	{'tp': 64, 'cp': 1, 'pp': 4, 'mb': 4, 'tp_sp': True, 'train': {'dp': 4, 'ep': 1, 'tp_ep': True}, 'inference': {'replica_count': 1, 'moe_dp': 1}}
256	236.643419	nan	nan	0.004226	6.861550e+18	2.899531e+16	3.118694e+14	0.363174	False	0.000000	209.083180	{'tp': 32, 'cp': 1, 'pp': 2, 'mb': 2, 'tp_sp': True, 'train': {'dp': 4, 'ep': 1, 'tp_ep': True}, 'inference': {'replica_count': 1, 'moe_dp': 1}}
128	444.520563	nan	nan	0.002250	6.861550e+18	1.543584e+16	3.118694e+14	0.386676	False	0.000000	215.860984	{'tp': 16, 'cp': 1, 'pp': 2, 'mb': 2, 'tp_sp': True, 'train': {'dp': 4, 'ep': 1, 'tp_ep': True}, 'inference': {'replica_count': 1, 'moe_dp': 1}}
512	133.174796	nan	nan	0.007509	6.861550e+18	5.152289e+16	3.118694e+14	0.322669	False	0.000000	230.706598	{'tp': 64, 'cp': 1, 'pp': 2, 'mb': 2, 'tp_sp': True, 'train': {'dp': 4, 'ep': 1, 'tp_ep': True}, 'inference': {'replica_count': 1, 'moe_dp': 1}}
256	554.187129	nan	nan	0.001804	6.861550e+18	1.238129e+16	3.118694e+14	0.155079	False	0.000000	61.875485	{'tp': 2, 'cp': 1, 'pp': 32, 'mb': 32, 'tp_sp': True, 'train': {'dp': 4, 'ep': 1, 'tp_ep': True}, 'inference': {'replica_count': 1, 'moe_dp': 1}}
512	286.534898	nan	nan	0.003490	6.861550e+18	2.394665e+16	3.118694e+14	0.149969	False	0.000000	61.901202	{'tp': 4, 'cp': 1, 'pp': 32, 'mb': 32, 'tp_sp': True, 'train': {'dp': 4, 'ep': 1, 'tp_ep': True}, 'inference': {'replica_count': 1, 'moe_dp': 1}}
128	1101.922632	nan	nan	0.000908	6.861550e+18	6.226889e+15	3.118694e+14	0.155987	True	3.645752	74.004013	{'tp': 1, 'cp': 1, 'pp': 32, 'mb': 32, 'tp_sp': True, 'train': {'dp': 4, 'ep': 1, 'tp_ep': True}, 'inference': {'replica_count': 1, 'moe_dp': 1}}
1024	165.763133	nan	nan	0.006033	6.861550e+18	4.139370e+16	3.118694e+14	0.129617	False	0.000000	71.252703	{'tp': 8, 'cp': 1, 'pp': 32, 'mb': 32, 'tp_sp': True, 'train': {'dp': 4, 'ep': 1, 'tp_ep': True}, 'inference': {'replica_count': 1, 'moe_dp': 1}}
2048	55.267162	nan	nan	0.018094	6.861550e+18	1.241524e+17	3.118694e+14	0.194380	False	0.000000	120.439980	{'tp': 32, 'cp': 1, 'pp': 16, 'mb': 16, 'tp_sp': True, 'train': {'dp': 4, 'ep': 1, 'tp_ep': True}, 'inference': {'replica_count': 1, 'moe_dp': 1}}
2048	77.827306	nan	nan	0.012849	6.861550e+18	8.816379e+16	3.118694e+14	0.138034	False	0.000000	384.483614	{'tp': 64, 'cp': 1, 'pp': 16, 'mb': 16, 'tp_sp': True, 'train': {'dp': 2, 'ep': 1, 'tp_ep': True}, 'inference': {'replica_count': 1, 'moe_dp': 1}}
2048	105.392285	nan	nan	0.009488	6.861550e+18	6.510486e+16	3.118694e+14	0.101932	False	0.000000	106.930231	{'tp': 16, 'cp': 1, 'pp': 32, 'mb': 32, 'tp_sp': True, 'train': {'dp': 4, 'ep': 1, 'tp_ep': True}, 'inference': {'replica_count': 1, 'moe_dp': 1}}
2048	56.139019	nan	nan	0.017813	6.861550e+18	1.222243e+17	3.118694e+14	0.191362	False	0.000000	205.049031	{'tp': 64, 'cp': 1, 'pp': 8, 'mb': 8, 'tp_sp': True, 'train': {'dp': 4, 'ep': 1, 'tp_ep': True}, 'inference': {'replica_count': 1, 'moe_dp': 1}}
128	495.192400	nan	nan	0.002019	6.861550e+18	1.385633e+16	3.118694e+14	0.347109	True	38.921265	75.449263	{'tp': 4, 'cp': 1, 'pp': 4, 'mb': 4, 'tp_sp': True, 'train': {'dp': 8, 'ep': 1, 'tp_ep': True}, 'inference': {'replica_count': 1, 'moe_dp': 1}}
256	254.212251	nan	nan	0.003934	6.861550e+18	2.699142e+16	3.118694e+14	0.338075	False	0.000000	69.978192	{'tp': 8, 'cp': 1, 'pp': 4, 'mb': 4, 'tp_sp': True, 'train': {'dp': 8, 'ep': 1, 'tp_ep': True}, 'inference': {'replica_count': 1, 'moe_dp': 1}}
256	222.471775	nan	nan	0.004495	6.861550e+18	3.084234e+16	3.118694e+14	0.386309	False	0.000000	114.331955	{'tp': 16, 'cp': 1, 'pp': 2, 'mb': 2, 'tp_sp': True, 'train': {'dp': 8, 'ep': 1, 'tp_ep': True}, 'inference': {'replica_count': 1, 'moe_dp': 1}}
128	430.282923	nan	nan	0.002324	6.861550e+18	1.594660e+16	3.118694e+14	0.399471	True	36.248901	123.285323	{'tp': 8, 'cp': 1, 'pp': 2, 'mb': 2, 'tp_sp': True, 'train': {'dp': 8, 'ep': 1, 'tp_ep': True}, 'inference': {'replica_count': 1, 'moe_dp': 1}}
128	308.124485	nan	nan	0.003245	6.861550e+18	2.226876e+16	3.118694e+14	0.557845	True	0.776794	391.817674	{'tp': 32, 'cp': 1, 'pp': 1, 'mb': 1, 'tp_sp': True, 'train': {'dp': 4, 'ep': 1, 'tp_ep': True}, 'inference': {'replica_count': 1, 'moe_dp': 1}}
512	118.518006	nan	nan	0.008438	6.861550e+18	5.789458e+16	3.118694e+14	0.362573	False	0.000000	117.335534	{'tp': 32, 'cp': 1, 'pp': 2, 'mb': 2, 'tp_sp': True, 'train': {'dp': 8, 'ep': 1, 'tp_ep': True}, 'inference': {'replica_count': 1, 'moe_dp': 1}}
512	133.754486	nan	nan	0.007476	6.861550e+18	5.129959e+16	3.118694e+14	0.321271	False	0.000000	69.943379	{'tp': 16, 'cp': 1, 'pp': 4, 'mb': 4, 'tp_sp': True, 'train': {'dp': 8, 'ep': 1, 'tp_ep': True}, 'inference': {'replica_count': 1, 'moe_dp': 1}}
256	170.187018	nan	nan	0.005876	6.861550e+18	4.031771e+16	3.118694e+14	0.504990	False	0.000000	411.986814	{'tp': 64, 'cp': 1, 'pp': 1, 'mb': 1, 'tp_sp': True, 'train': {'dp': 4, 'ep': 1, 'tp_ep': True}, 'inference': {'replica_count': 1, 'moe_dp': 1}}
1024	66.756298	nan	nan	0.014980	6.861550e+18	1.027851e+17	3.118694e+14	0.321853	False	0.000000	139.335243	{'tp': 64, 'cp': 1, 'pp': 2, 'mb': 2, 'tp_sp': True, 'train': {'dp': 8, 'ep': 1, 'tp_ep': True}, 'inference': {'replica_count': 1, 'moe_dp': 1}}
1024	73.493625	nan	nan	0.013607	6.861550e+18	9.336252e+16	3.118694e+14	0.292348	False	0.000000	79.073563	{'tp': 32, 'cp': 1, 'pp': 4, 'mb': 4, 'tp_sp': True, 'train': {'dp': 8, 'ep': 1, 'tp_ep': True}, 'inference': {'replica_count': 1, 'moe_dp': 1}}
256	267.019561	nan	nan	0.003745	6.861550e+18	2.569681e+16	3.118694e+14	0.321860	False	0.000000	49.046464	{'tp': 4, 'cp': 1, 'pp': 8, 'mb': 8, 'tp_sp': True, 'train': {'dp': 8, 'ep': 1, 'tp_ep': True}, 'inference': {'replica_count': 1, 'moe_dp': 1}}
128	527.321461	nan	nan	0.001896	6.861550e+18	1.301208e+16	3.118694e+14	0.325960	True	41.245239	55.634658	{'tp': 2, 'cp': 1, 'pp': 8, 'mb': 8, 'tp_sp': True, 'train': {'dp': 8, 'ep': 1, 'tp_ep': True}, 'inference': {'replica_count': 1, 'moe_dp': 1}}
128	292.761314	nan	nan	0.003416	6.861550e+18	2.343735e+16	3.118694e+14	0.587118	True	39.705017	208.652441	{'tp': 16, 'cp': 1, 'pp': 1, 'mb': 1, 'tp_sp': True, 'train': {'dp': 8, 'ep': 1, 'tp_ep': True}, 'inference': {'replica_count': 1, 'moe_dp': 1}}
512	139.743257	nan	nan	0.007156	6.861550e+18	4.910112e+16	3.118694e+14	0.307502	False	0.000000	46.902710	{'tp': 8, 'cp': 1, 'pp': 8, 'mb': 8, 'tp_sp': True, 'train': {'dp': 8, 'ep': 1, 'tp_ep': True}, 'inference': {'replica_count': 1, 'moe_dp': 1}}
256	154.179431	nan	nan	0.006486	6.861550e+18	4.450367e+16	3.118694e+14	0.557421	False	0.000000	206.946877	{'tp': 32, 'cp': 1, 'pp': 1, 'mb': 1, 'tp_sp': True, 'train': {'dp': 8, 'ep': 1, 'tp_ep': True}, 'inference': {'replica_count': 1, 'moe_dp': 1}}
4096	75.183050	nan	nan	0.013301	6.861550e+18	9.126459e+16	3.118694e+14	0.071445	False	0.000000	220.673339	{'tp': 32, 'cp': 1, 'pp': 32, 'mb': 32, 'tp_sp': True, 'train': {'dp': 4, 'ep': 1, 'tp_ep': True}, 'inference': {'replica_count': 1, 'moe_dp': 1}}
1024	76.120937	nan	nan	0.013137	6.861550e+18	9.014012e+16	3.118694e+14	0.282257	False	0.000000	53.433658	{'tp': 16, 'cp': 1, 'pp': 8, 'mb': 8, 'tp_sp': True, 'train': {'dp': 8, 'ep': 1, 'tp_ep': True}, 'inference': {'replica_count': 1, 'moe_dp': 1}}
512	85.201789	nan	nan	0.011737	6.861550e+18	8.053293e+16	3.118694e+14	0.504349	False	0.000000	217.240471	{'tp': 64, 'cp': 1, 'pp': 1, 'mb': 1, 'tp_sp': True, 'train': {'dp': 8, 'ep': 1, 'tp_ep': True}, 'inference': {'replica_count': 1, 'moe_dp': 1}}
2048	44.284701	nan	nan	0.022581	6.861550e+18	1.549418e+17	3.118694e+14	0.242586	False	0.000000	76.001468	{'tp': 32, 'cp': 1, 'pp': 8, 'mb': 8, 'tp_sp': True, 'train': {'dp': 8, 'ep': 1, 'tp_ep': True}, 'inference': {'replica_count': 1, 'moe_dp': 1}}
256	545.237843	nan	nan	0.001834	6.861550e+18	1.258451e+16	3.118694e+14	0.157624	False	0.000000	58.013069	{'tp': 2, 'cp': 1, 'pp': 16, 'mb': 16, 'tp_sp': True, 'train': {'dp': 8, 'ep': 1, 'tp_ep': True}, 'inference': {'replica_count': 1, 'moe_dp': 1}}
512	278.068526	nan	nan	0.003596	6.861550e+18	2.467575e+16	3.118694e+14	0.154535	False	0.000000	54.055765	{'tp': 4, 'cp': 1, 'pp': 16, 'mb': 16, 'tp_sp': True, 'train': {'dp': 8, 'ep': 1, 'tp_ep': True}, 'inference': {'replica_count': 1, 'moe_dp': 1}}
1024	150.754220	nan	nan	0.006633	6.861550e+18	4.551481e+16	3.118694e+14	0.142521	False	0.000000	55.542980	{'tp': 8, 'cp': 1, 'pp': 16, 'mb': 16, 'tp_sp': True, 'train': {'dp': 8, 'ep': 1, 'tp_ep': True}, 'inference': {'replica_count': 1, 'moe_dp': 1}}
128	1084.217403	nan	nan	0.000922	6.861550e+18	6.328574e+15	3.118694e+14	0.158534	True	49.677979	71.564036	{'tp': 1, 'cp': 1, 'pp': 16, 'mb': 16, 'tp_sp': True, 'train': {'dp': 8, 'ep': 1, 'tp_ep': True}, 'inference': {'replica_count': 1, 'moe_dp': 1}}
2048	43.467110	nan	nan	0.023006	6.861550e+18	1.578561e+17	3.118694e+14	0.247149	False	0.000000	130.491971	{'tp': 64, 'cp': 1, 'pp': 4, 'mb': 4, 'tp_sp': True, 'train': {'dp': 8, 'ep': 1, 'tp_ep': True}, 'inference': {'replica_count': 1, 'moe_dp': 1}}
1024	286.432758	nan	nan	0.003491	6.861550e+18	2.395519e+16	3.118694e+14	0.075011	False	0.000000	61.477013	{'tp': 4, 'cp': 1, 'pp': 32, 'mb': 32, 'tp_sp': True, 'train': {'dp': 8, 'ep': 1, 'tp_ep': True}, 'inference': {'replica_count': 1, 'moe_dp': 1}}
512	554.086597	nan	nan	0.001805	6.861550e+18	1.238353e+16	3.118694e+14	0.077554	False	0.000000	63.211143	{'tp': 2, 'cp': 1, 'pp': 32, 'mb': 32, 'tp_sp': True, 'train': {'dp': 8, 'ep': 1, 'tp_ep': True}, 'inference': {'replica_count': 1, 'moe_dp': 1}}
2048	87.112906	nan	nan	0.011479	6.861550e+18	7.876617e+16	3.118694e+14	0.123321	False	0.000000	70.518827	{'tp': 16, 'cp': 1, 'pp': 16, 'mb': 16, 'tp_sp': True, 'train': {'dp': 8, 'ep': 1, 'tp_ep': True}, 'inference': {'replica_count': 1, 'moe_dp': 1}}
256	1101.812135	nan	nan	0.000908	6.861550e+18	6.227514e+15	3.118694e+14	0.078001	False	0.000000	75.819965	{'tp': 1, 'cp': 1, 'pp': 32, 'mb': 32, 'tp_sp': True, 'train': {'dp': 8, 'ep': 1, 'tp_ep': True}, 'inference': {'replica_count': 1, 'moe_dp': 1}}
2048	165.663656	nan	nan	0.006036	6.861550e+18	4.141856e+16	3.118694e+14	0.064847	False	0.000000	72.429316	{'tp': 8, 'cp': 1, 'pp': 32, 'mb': 32, 'tp_sp': True, 'train': {'dp': 8, 'ep': 1, 'tp_ep': True}, 'inference': {'replica_count': 1, 'moe_dp': 1}}
4096	39.393748	nan	nan	0.025385	6.861550e+18	1.741787e+17	3.118694e+14	0.136352	False	0.000000	351.638339	{'tp': 64, 'cp': 1, 'pp': 16, 'mb': 16, 'tp_sp': True, 'train': {'dp': 4, 'ep': 1, 'tp_ep': True}, 'inference': {'replica_count': 1, 'moe_dp': 1}}
256	215.406329	nan	nan	0.004642	6.861550e+18	3.185399e+16	3.118694e+14	0.398980	True	25.371521	67.770935	{'tp': 8, 'cp': 1, 'pp': 2, 'mb': 2, 'tp_sp': True, 'train': {'dp': 16, 'ep': 1, 'tp_ep': True}, 'inference': {'replica_count': 1, 'moe_dp': 1}}
128	423.361668	nan	nan	0.002362	6.861550e+18	1.620730e+16	3.118694e+14	0.406002	True	130.490723	75.227503	{'tp': 4, 'cp': 1, 'pp': 2, 'mb': 2, 'tp_sp': True, 'train': {'dp': 16, 'ep': 1, 'tp_ep': True}, 'inference': {'replica_count': 1, 'moe_dp': 1}}
4096	105.294139	nan	nan	0.009497	6.861550e+18	6.516555e+16	3.118694e+14	0.051014	False	0.000000	113.058850	{'tp': 16, 'cp': 1, 'pp': 32, 'mb': 32, 'tp_sp': True, 'train': {'dp': 8, 'ep': 1, 'tp_ep': True}, 'inference': {'replica_count': 1, 'moe_dp': 1}}
256	248.135082	nan	nan	0.004030	6.861550e+18	2.765248e+16	3.118694e+14	0.346355	True	27.939148	47.410294	{'tp': 4, 'cp': 1, 'pp': 4, 'mb': 4, 'tp_sp': True, 'train': {'dp': 16, 'ep': 1, 'tp_ep': True}, 'inference': {'replica_count': 1, 'moe_dp': 1}}
4096	55.267162	nan	nan	0.018094	6.861550e+18	1.241524e+17	3.118694e+14	0.097190	False	0.000000	123.126115	{'tp': 32, 'cp': 1, 'pp': 16, 'mb': 16, 'tp_sp': True, 'train': {'dp': 8, 'ep': 1, 'tp_ep': True}, 'inference': {'replica_count': 1, 'moe_dp': 1}}
128	491.782418	nan	nan	0.002033	6.861550e+18	1.395241e+16	3.118694e+14	0.349516	True	135.878296	55.960235	{'tp': 2, 'cp': 1, 'pp': 4, 'mb': 4, 'tp_sp': True, 'train': {'dp': 16, 'ep': 1, 'tp_ep': True}, 'inference': {'replica_count': 1, 'moe_dp': 1}}
512	127.489265	nan	nan	0.007844	6.861550e+18	5.382061e+16	3.118694e+14	0.337059	False	0.000000	43.596307	{'tp': 8, 'cp': 1, 'pp': 4, 'mb': 4, 'tp_sp': True, 'train': {'dp': 16, 'ep': 1, 'tp_ep': True}, 'inference': {'replica_count': 1, 'moe_dp': 1}}
512	111.456540	nan	nan	0.008972	6.861550e+18	6.156256e+16	3.118694e+14	0.385544	False	0.000000	66.646078	{'tp': 16, 'cp': 1, 'pp': 2, 'mb': 2, 'tp_sp': True, 'train': {'dp': 16, 'ep': 1, 'tp_ep': True}, 'inference': {'replica_count': 1, 'moe_dp': 1}}
1024	59.454049	nan	nan	0.016820	6.861550e+18	1.154093e+17	3.118694e+14	0.361383	False	0.000000	68.445354	{'tp': 32, 'cp': 1, 'pp': 2, 'mb': 2, 'tp_sp': True, 'train': {'dp': 16, 'ep': 1, 'tp_ep': True}, 'inference': {'replica_count': 1, 'moe_dp': 1}}
256	146.520121	nan	nan	0.006825	6.861550e+18	4.683009e+16	3.118694e+14	0.586560	True	26.854950	111.824046	{'tp': 16, 'cp': 1, 'pp': 1, 'mb': 1, 'tp_sp': True, 'train': {'dp': 16, 'ep': 1, 'tp_ep': True}, 'inference': {'replica_count': 1, 'moe_dp': 1}}
128	285.057898	nan	nan	0.003508	6.861550e+18	2.407072e+16	3.118694e+14	0.602985	True	129.672791	118.688521	{'tp': 8, 'cp': 1, 'pp': 1, 'mb': 1, 'tp_sp': True, 'train': {'dp': 16, 'ep': 1, 'tp_ep': True}, 'inference': {'replica_count': 1, 'moe_dp': 1}}
4096	28.416030	nan	nan	0.035191	6.861550e+18	2.414676e+17	3.118694e+14	0.189028	False	0.000000	186.439942	{'tp': 64, 'cp': 1, 'pp': 8, 'mb': 8, 'tp_sp': True, 'train': {'dp': 8, 'ep': 1, 'tp_ep': True}, 'inference': {'replica_count': 1, 'moe_dp': 1}}
512	77.219102	nan	nan	0.012950	6.861550e+18	8.885820e+16	3.118694e+14	0.556487	False	0.000000	111.294171	{'tp': 32, 'cp': 1, 'pp': 1, 'mb': 1, 'tp_sp': True, 'train': {'dp': 16, 'ep': 1, 'tp_ep': True}, 'inference': {'replica_count': 1, 'moe_dp': 1}}
2048	33.542484	nan	nan	0.029813	6.861550e+18	2.045630e+17	3.118694e+14	0.320276	False	0.000000	93.550452	{'tp': 64, 'cp': 1, 'pp': 2, 'mb': 2, 'tp_sp': True, 'train': {'dp': 16, 'ep': 1, 'tp_ep': True}, 'inference': {'replica_count': 1, 'moe_dp': 1}}
1024	67.181362	nan	nan	0.014885	6.861550e+18	1.021347e+17	3.118694e+14	0.319816	False	0.000000	44.733403	{'tp': 16, 'cp': 1, 'pp': 4, 'mb': 4, 'tp_sp': True, 'train': {'dp': 16, 'ep': 1, 'tp_ep': True}, 'inference': {'replica_count': 1, 'moe_dp': 1}}
1024	42.712043	nan	nan	0.023413	6.861550e+18	1.606467e+17	3.118694e+14	0.503036	False	0.000000	122.853607	{'tp': 64, 'cp': 1, 'pp': 1, 'mb': 1, 'tp_sp': True, 'train': {'dp': 16, 'ep': 1, 'tp_ep': True}, 'inference': {'replica_count': 1, 'moe_dp': 1}}
1024	139.742753	nan	nan	0.007156	6.861550e+18	4.910129e+16	3.118694e+14	0.153752	False	0.000000	47.690972	{'tp': 8, 'cp': 1, 'pp': 8, 'mb': 8, 'tp_sp': True, 'train': {'dp': 16, 'ep': 1, 'tp_ep': True}, 'inference': {'replica_count': 1, 'moe_dp': 1}}
512	267.019040	nan	nan	0.003745	6.861550e+18	2.569686e+16	3.118694e+14	0.160930	False	0.000000	48.649739	{'tp': 4, 'cp': 1, 'pp': 8, 'mb': 8, 'tp_sp': True, 'train': {'dp': 16, 'ep': 1, 'tp_ep': True}, 'inference': {'replica_count': 1, 'moe_dp': 1}}
2048	37.003643	nan	nan	0.027024	6.861550e+18	1.854290e+17	3.118694e+14	0.290319	False	0.000000	55.804356	{'tp': 32, 'cp': 1, 'pp': 4, 'mb': 4, 'tp_sp': True, 'train': {'dp': 16, 'ep': 1, 'tp_ep': True}, 'inference': {'replica_count': 1, 'moe_dp': 1}}
2048	76.120441	nan	nan	0.013137	6.861550e+18	9.014070e+16	3.118694e+14	0.141130	False	0.000000	53.752185	{'tp': 16, 'cp': 1, 'pp': 8, 'mb': 8, 'tp_sp': True, 'train': {'dp': 16, 'ep': 1, 'tp_ep': True}, 'inference': {'replica_count': 1, 'moe_dp': 1}}
256	527.321032	nan	nan	0.001896	6.861550e+18	1.301209e+16	3.118694e+14	0.162980	True	31.972046	56.919287	{'tp': 2, 'cp': 1, 'pp': 8, 'mb': 8, 'tp_sp': True, 'train': {'dp': 16, 'ep': 1, 'tp_ep': True}, 'inference': {'replica_count': 1, 'moe_dp': 1}}
128	1048.759143	nan	nan	0.000954	6.861550e+18	6.542541e+15	3.118694e+14	0.163894	True	143.944092	70.061932	{'tp': 1, 'cp': 1, 'pp': 8, 'mb': 8, 'tp_sp': True, 'train': {'dp': 16, 'ep': 1, 'tp_ep': True}, 'inference': {'replica_count': 1, 'moe_dp': 1}}
4096	44.284209	nan	nan	0.022581	6.861550e+18	1.549435e+17	3.118694e+14	0.121294	False	0.000000	76.979918	{'tp': 32, 'cp': 1, 'pp': 8, 'mb': 8, 'tp_sp': True, 'train': {'dp': 16, 'ep': 1, 'tp_ep': True}, 'inference': {'replica_count': 1, 'moe_dp': 1}}
512	545.237843	nan	nan	0.001834	6.861550e+18	1.258451e+16	3.118694e+14	0.078812	False	0.000000	59.613185	{'tp': 2, 'cp': 1, 'pp': 16, 'mb': 16, 'tp_sp': True, 'train': {'dp': 16, 'ep': 1, 'tp_ep': True}, 'inference': {'replica_count': 1, 'moe_dp': 1}}
1024	278.068526	nan	nan	0.003596	6.861550e+18	2.467575e+16	3.118694e+14	0.077268	False	0.000000	54.337467	{'tp': 4, 'cp': 1, 'pp': 16, 'mb': 16, 'tp_sp': True, 'train': {'dp': 16, 'ep': 1, 'tp_ep': True}, 'inference': {'replica_count': 1, 'moe_dp': 1}}
256	1084.217403	nan	nan	0.000922	6.861550e+18	6.328574e+15	3.118694e+14	0.079267	True	40.037842	72.687006	{'tp': 1, 'cp': 1, 'pp': 16, 'mb': 16, 'tp_sp': True, 'train': {'dp': 16, 'ep': 1, 'tp_ep': True}, 'inference': {'replica_count': 1, 'moe_dp': 1}}
2048	150.754220	nan	nan	0.006633	6.861550e+18	4.551481e+16	3.118694e+14	0.071261	False	0.000000	57.607635	{'tp': 8, 'cp': 1, 'pp': 16, 'mb': 16, 'tp_sp': True, 'train': {'dp': 16, 'ep': 1, 'tp_ep': True}, 'inference': {'replica_count': 1, 'moe_dp': 1}}
4096	87.112906	nan	nan	0.011479	6.861550e+18	7.876617e+16	3.118694e+14	0.061660	False	0.000000	71.031750	{'tp': 16, 'cp': 1, 'pp': 16, 'mb': 16, 'tp_sp': True, 'train': {'dp': 16, 'ep': 1, 'tp_ep': True}, 'inference': {'replica_count': 1, 'moe_dp': 1}}
4096	21.961656	nan	nan	0.045534	6.861550e+18	3.124332e+17	3.118694e+14	0.244582	False	0.000000	103.487278	{'tp': 64, 'cp': 1, 'pp': 4, 'mb': 4, 'tp_sp': True, 'train': {'dp': 16, 'ep': 1, 'tp_ep': True}, 'inference': {'replica_count': 1, 'moe_dp': 1}}
1024	554.026339	nan	nan	0.001805	6.861550e+18	1.238488e+16	3.118694e+14	0.038781	False	0.000000	67.591899	{'tp': 2, 'cp': 1, 'pp': 32, 'mb': 32, 'tp_sp': True, 'train': {'dp': 16, 'ep': 1, 'tp_ep': True}, 'inference': {'replica_count': 1, 'moe_dp': 1}}
512	1101.745842	nan	nan	0.000908	6.861550e+18	6.227888e+15	3.118694e+14	0.039003	False	0.000000	77.181004	{'tp': 1, 'cp': 1, 'pp': 32, 'mb': 32, 'tp_sp': True, 'train': {'dp': 16, 'ep': 1, 'tp_ep': True}, 'inference': {'replica_count': 1, 'moe_dp': 1}}
2048	286.371570	nan	nan	0.003492	6.861550e+18	2.396030e+16	3.118694e+14	0.037514	False	0.000000	67.626130	{'tp': 4, 'cp': 1, 'pp': 32, 'mb': 32, 'tp_sp': True, 'train': {'dp': 16, 'ep': 1, 'tp_ep': True}, 'inference': {'replica_count': 1, 'moe_dp': 1}}
512	73.404445	nan	nan	0.013623	6.861550e+18	9.347595e+16	3.118694e+14	0.585406	True	20.429916	64.565776	{'tp': 16, 'cp': 1, 'pp': 1, 'mb': 1, 'tp_sp': True, 'train': {'dp': 32, 'ep': 1, 'tp_ep': True}, 'inference': {'replica_count': 1, 'moe_dp': 1}}
256	142.702687	nan	nan	0.007008	6.861550e+18	4.808284e+16	3.118694e+14	0.602251	True	118.841278	68.415797	{'tp': 8, 'cp': 1, 'pp': 1, 'mb': 1, 'tp_sp': True, 'train': {'dp': 32, 'ep': 1, 'tp_ep': True}, 'inference': {'replica_count': 1, 'moe_dp': 1}}
1024	38.736928	nan	nan	0.025815	6.861550e+18	1.771320e+17	3.118694e+14	0.554657	False	0.000000	65.346672	{'tp': 32, 'cp': 1, 'pp': 1, 'mb': 1, 'tp_sp': True, 'train': {'dp': 32, 'ep': 1, 'tp_ep': True}, 'inference': {'replica_count': 1, 'moe_dp': 1}}
1024	55.949161	nan	nan	0.017873	6.861550e+18	1.226390e+17	3.118694e+14	0.384022	False	0.000000	41.110686	{'tp': 16, 'cp': 1, 'pp': 2, 'mb': 2, 'tp_sp': True, 'train': {'dp': 32, 'ep': 1, 'tp_ep': True}, 'inference': {'replica_count': 1, 'moe_dp': 1}}
512	107.991708	nan	nan	0.009260	6.861550e+18	6.353775e+16	3.118694e+14	0.397914	True	19.932831	41.974974	{'tp': 8, 'cp': 1, 'pp': 2, 'mb': 2, 'tp_sp': True, 'train': {'dp': 32, 'ep': 1, 'tp_ep': True}, 'inference': {'replica_count': 1, 'moe_dp': 1}}
128	281.336342	nan	nan	0.003554	6.861550e+18	2.438914e+16	3.118694e+14	0.610961	True	317.595821	75.332291	{'tp': 4, 'cp': 1, 'pp': 1, 'mb': 1, 'tp_sp': True, 'train': {'dp': 32, 'ep': 1, 'tp_ep': True}, 'inference': {'replica_count': 1, 'moe_dp': 1}}
256	212.102700	nan	nan	0.004715	6.861550e+18	3.235013e+16	3.118694e+14	0.405194	True	119.739502	46.142550	{'tp': 4, 'cp': 1, 'pp': 2, 'mb': 2, 'tp_sp': True, 'train': {'dp': 32, 'ep': 1, 'tp_ep': True}, 'inference': {'replica_count': 1, 'moe_dp': 1}}
4096	165.604081	nan	nan	0.006038	6.861550e+18	4.143346e+16	3.118694e+14	0.032435	False	0.000000	79.638813	{'tp': 8, 'cp': 1, 'pp': 32, 'mb': 32, 'tp_sp': True, 'train': {'dp': 16, 'ep': 1, 'tp_ep': True}, 'inference': {'replica_count': 1, 'moe_dp': 1}}
2048	29.907377	nan	nan	0.033437	6.861550e+18	2.294267e+17	3.118694e+14	0.359204	False	0.000000	45.571061	{'tp': 32, 'cp': 1, 'pp': 2, 'mb': 2, 'tp_sp': True, 'train': {'dp': 32, 'ep': 1, 'tp_ep': True}, 'inference': {'replica_count': 1, 'moe_dp': 1}}
128	420.260040	nan	nan	0.002379	6.861550e+18	1.632692e+16	3.118694e+14	0.408998	True	319.479004	54.984628	{'tp': 2, 'cp': 1, 'pp': 2, 'mb': 2, 'tp_sp': True, 'train': {'dp': 32, 'ep': 1, 'tp_ep': True}, 'inference': {'replica_count': 1, 'moe_dp': 1}}
2048	21.462956	nan	nan	0.046592	6.861550e+18	3.196927e+17	3.118694e+14	0.500530	False	0.000000	75.291054	{'tp': 64, 'cp': 1, 'pp': 1, 'mb': 1, 'tp_sp': True, 'train': {'dp': 32, 'ep': 1, 'tp_ep': True}, 'inference': {'replica_count': 1, 'moe_dp': 1}}
1024	127.489175	nan	nan	0.007844	6.861550e+18	5.382065e+16	3.118694e+14	0.168530	False	0.000000	44.874346	{'tp': 8, 'cp': 1, 'pp': 4, 'mb': 4, 'tp_sp': True, 'train': {'dp': 32, 'ep': 1, 'tp_ep': True}, 'inference': {'replica_count': 1, 'moe_dp': 1}}
512	248.134988	nan	nan	0.004030	6.861550e+18	2.765249e+16	3.118694e+14	0.173177	True	23.394287	48.549111	{'tp': 4, 'cp': 1, 'pp': 4, 'mb': 4, 'tp_sp': True, 'train': {'dp': 32, 'ep': 1, 'tp_ep': True}, 'inference': {'replica_count': 1, 'moe_dp': 1}}
256	491.782359	nan	nan	0.002033	6.861550e+18	1.395241e+16	3.118694e+14	0.174758	True	126.788574	55.776656	{'tp': 2, 'cp': 1, 'pp': 4, 'mb': 4, 'tp_sp': True, 'train': {'dp': 32, 'ep': 1, 'tp_ep': True}, 'inference': {'replica_count': 1, 'moe_dp': 1}}
2048	67.181274	nan	nan	0.014885	6.861550e+18	1.021349e+17	3.118694e+14	0.159908	False	0.000000	45.081339	{'tp': 16, 'cp': 1, 'pp': 4, 'mb': 4, 'tp_sp': True, 'train': {'dp': 32, 'ep': 1, 'tp_ep': True}, 'inference': {'replica_count': 1, 'moe_dp': 1}}
4096	16.926935	nan	nan	0.059077	6.861550e+18	4.053628e+17	3.118694e+14	0.317330	False	0.000000	69.813467	{'tp': 64, 'cp': 1, 'pp': 2, 'mb': 2, 'tp_sp': True, 'train': {'dp': 32, 'ep': 1, 'tp_ep': True}, 'inference': {'replica_count': 1, 'moe_dp': 1}}
2048	139.739955	nan	nan	0.007156	6.861550e+18	4.910228e+16	3.118694e+14	0.076877	False	0.000000	49.743305	{'tp': 8, 'cp': 1, 'pp': 8, 'mb': 8, 'tp_sp': True, 'train': {'dp': 32, 'ep': 1, 'tp_ep': True}, 'inference': {'replica_count': 1, 'moe_dp': 1}}
1024	267.016172	nan	nan	0.003745	6.861550e+18	2.569713e+16	3.118694e+14	0.080466	False	0.000000	52.092044	{'tp': 4, 'cp': 1, 'pp': 8, 'mb': 8, 'tp_sp': True, 'train': {'dp': 32, 'ep': 1, 'tp_ep': True}, 'inference': {'replica_count': 1, 'moe_dp': 1}}
128	978.152842	nan	nan	0.001022	6.861550e+18	7.014804e+15	3.118694e+14	0.175725	True	333.577148	72.215901	{'tp': 1, 'cp': 1, 'pp': 4, 'mb': 4, 'tp_sp': True, 'train': {'dp': 32, 'ep': 1, 'tp_ep': True}, 'inference': {'replica_count': 1, 'moe_dp': 1}}
4096	37.003556	nan	nan	0.027024	6.861550e+18	1.854295e+17	3.118694e+14	0.145160	False	0.000000	56.973805	{'tp': 32, 'cp': 1, 'pp': 4, 'mb': 4, 'tp_sp': True, 'train': {'dp': 32, 'ep': 1, 'tp_ep': True}, 'inference': {'replica_count': 1, 'moe_dp': 1}}
512	527.318699	nan	nan	0.001896	6.861550e+18	1.301215e+16	3.118694e+14	0.081490	True	27.335449	56.242159	{'tp': 2, 'cp': 1, 'pp': 8, 'mb': 8, 'tp_sp': True, 'train': {'dp': 32, 'ep': 1, 'tp_ep': True}, 'inference': {'replica_count': 1, 'moe_dp': 1}}
4096	76.117678	nan	nan	0.013138	6.861550e+18	9.014398e+16	3.118694e+14	0.070567	False	0.000000	55.038490	{'tp': 16, 'cp': 1, 'pp': 8, 'mb': 8, 'tp_sp': True, 'train': {'dp': 32, 'ep': 1, 'tp_ep': True}, 'inference': {'replica_count': 1, 'moe_dp': 1}}
2048	278.068526	nan	nan	0.003596	6.861550e+18	2.467575e+16	3.118694e+14	0.038634	False	0.000000	56.849972	{'tp': 4, 'cp': 1, 'pp': 16, 'mb': 16, 'tp_sp': True, 'train': {'dp': 32, 'ep': 1, 'tp_ep': True}, 'inference': {'replica_count': 1, 'moe_dp': 1}}
1024	545.237843	nan	nan	0.001834	6.861550e+18	1.258451e+16	3.118694e+14	0.039406	False	0.000000	62.954095	{'tp': 2, 'cp': 1, 'pp': 16, 'mb': 16, 'tp_sp': True, 'train': {'dp': 32, 'ep': 1, 'tp_ep': True}, 'inference': {'replica_count': 1, 'moe_dp': 1}}
256	1048.756599	nan	nan	0.000954	6.861550e+18	6.542557e+15	3.118694e+14	0.081947	True	134.670898	75.270790	{'tp': 1, 'cp': 1, 'pp': 8, 'mb': 8, 'tp_sp': True, 'train': {'dp': 32, 'ep': 1, 'tp_ep': True}, 'inference': {'replica_count': 1, 'moe_dp': 1}}
4096	150.754220	nan	nan	0.006633	6.861550e+18	4.551481e+16	3.118694e+14	0.035630	False	0.000000	59.394730	{'tp': 8, 'cp': 1, 'pp': 16, 'mb': 16, 'tp_sp': True, 'train': {'dp': 32, 'ep': 1, 'tp_ep': True}, 'inference': {'replica_count': 1, 'moe_dp': 1}}
512	1084.217403	nan	nan	0.000922	6.861550e+18	6.328574e+15	3.118694e+14	0.039634	True	35.217773	77.274380	{'tp': 1, 'cp': 1, 'pp': 16, 'mb': 16, 'tp_sp': True, 'train': {'dp': 32, 'ep': 1, 'tp_ep': True}, 'inference': {'replica_count': 1, 'moe_dp': 1}}
1024	36.846979	nan	nan	0.027139	6.861550e+18	1.862174e+17	3.118694e+14	0.583106	True	17.217400	40.233994	{'tp': 16, 'cp': 1, 'pp': 1, 'mb': 1, 'tp_sp': True, 'train': {'dp': 64, 'ep': 1, 'tp_ep': True}, 'inference': {'replica_count': 1, 'moe_dp': 1}}
512	71.541077	nan	nan	0.013978	6.861550e+18	9.591063e+16	3.118694e+14	0.600653	True	113.425522	41.911214	{'tp': 8, 'cp': 1, 'pp': 1, 'mb': 1, 'tp_sp': True, 'train': {'dp': 64, 'ep': 1, 'tp_ep': True}, 'inference': {'replica_count': 1, 'moe_dp': 1}}
256	140.946537	nan	nan	0.007095	6.861550e+18	4.868193e+16	3.118694e+14	0.609755	True	306.807676	46.841653	{'tp': 4, 'cp': 1, 'pp': 1, 'mb': 1, 'tp_sp': True, 'train': {'dp': 64, 'ep': 1, 'tp_ep': True}, 'inference': {'replica_count': 1, 'moe_dp': 1}}
2048	19.486257	nan	nan	0.051318	6.861550e+18	3.521225e+17	3.118694e+14	0.551304	False	0.000000	41.847713	{'tp': 32, 'cp': 1, 'pp': 1, 'mb': 1, 'tp_sp': True, 'train': {'dp': 64, 'ep': 1, 'tp_ep': True}, 'inference': {'replica_count': 1, 'moe_dp': 1}}
128	279.714363	nan	nan	0.003575	6.861550e+18	2.453056e+16	3.118694e+14	0.614504	True	693.615353	55.537994	{'tp': 2, 'cp': 1, 'pp': 1, 'mb': 1, 'tp_sp': True, 'train': {'dp': 64, 'ep': 1, 'tp_ep': True}, 'inference': {'replica_count': 1, 'moe_dp': 1}}
4096	10.832862	nan	nan	0.092312	6.861550e+18	6.334014e+17	3.118694e+14	0.495845	False	0.000000	52.627560	{'tp': 64, 'cp': 1, 'pp': 1, 'mb': 1, 'tp_sp': True, 'train': {'dp': 64, 'ep': 1, 'tp_ep': True}, 'inference': {'replica_count': 1, 'moe_dp': 1}}
2048	553.984115	nan	nan	0.001805	6.861550e+18	1.238582e+16	3.118694e+14	0.019392	False	0.000000	75.156964	{'tp': 2, 'cp': 1, 'pp': 32, 'mb': 32, 'tp_sp': True, 'train': {'dp': 32, 'ep': 1, 'tp_ep': True}, 'inference': {'replica_count': 1, 'moe_dp': 1}}
4096	286.328713	nan	nan	0.003492	6.861550e+18	2.396389e+16	3.118694e+14	0.018760	False	0.000000	74.171879	{'tp': 4, 'cp': 1, 'pp': 32, 'mb': 32, 'tp_sp': True, 'train': {'dp': 32, 'ep': 1, 'tp_ep': True}, 'inference': {'replica_count': 1, 'moe_dp': 1}}
1024	107.991711	nan	nan	0.009260	6.861550e+18	6.353775e+16	3.118694e+14	0.198957	True	17.718124	42.922531	{'tp': 8, 'cp': 1, 'pp': 2, 'mb': 2, 'tp_sp': True, 'train': {'dp': 64, 'ep': 1, 'tp_ep': True}, 'inference': {'replica_count': 1, 'moe_dp': 1}}
256	420.260041	nan	nan	0.002379	6.861550e+18	1.632692e+16	3.118694e+14	0.204499	True	310.620178	55.395924	{'tp': 2, 'cp': 1, 'pp': 2, 'mb': 2, 'tp_sp': True, 'train': {'dp': 64, 'ep': 1, 'tp_ep': True}, 'inference': {'replica_count': 1, 'moe_dp': 1}}
2048	55.949164	nan	nan	0.017873	6.861550e+18	1.226390e+17	3.118694e+14	0.192011	False	0.000000	42.299091	{'tp': 16, 'cp': 1, 'pp': 2, 'mb': 2, 'tp_sp': True, 'train': {'dp': 64, 'ep': 1, 'tp_ep': True}, 'inference': {'replica_count': 1, 'moe_dp': 1}}
512	212.102702	nan	nan	0.004715	6.861550e+18	3.235013e+16	3.118694e+14	0.202597	True	115.310089	48.482291	{'tp': 4, 'cp': 1, 'pp': 2, 'mb': 2, 'tp_sp': True, 'train': {'dp': 64, 'ep': 1, 'tp_ep': True}, 'inference': {'replica_count': 1, 'moe_dp': 1}}
1024	1101.699355	nan	nan	0.000908	6.861550e+18	6.228151e+15	3.118694e+14	0.019502	False	0.000000	87.694694	{'tp': 1, 'cp': 1, 'pp': 32, 'mb': 32, 'tp_sp': True, 'train': {'dp': 32, 'ep': 1, 'tp_ep': True}, 'inference': {'replica_count': 1, 'moe_dp': 1}}
128	834.354542	nan	nan	0.001199	6.861550e+18	8.223782e+15	3.118694e+14	0.206010	True	701.240356	71.780506	{'tp': 1, 'cp': 1, 'pp': 2, 'mb': 2, 'tp_sp': True, 'train': {'dp': 64, 'ep': 1, 'tp_ep': True}, 'inference': {'replica_count': 1, 'moe_dp': 1}}
4096	29.907381	nan	nan	0.033437	6.861550e+18	2.294266e+17	3.118694e+14	0.179602	False	0.000000	47.121554	{'tp': 32, 'cp': 1, 'pp': 2, 'mb': 2, 'tp_sp': True, 'train': {'dp': 64, 'ep': 1, 'tp_ep': True}, 'inference': {'replica_count': 1, 'moe_dp': 1}}
2048	127.488449	nan	nan	0.007844	6.861550e+18	5.382096e+16	3.118694e+14	0.084265	False	0.000000	46.209875	{'tp': 8, 'cp': 1, 'pp': 4, 'mb': 4, 'tp_sp': True, 'train': {'dp': 64, 'ep': 1, 'tp_ep': True}, 'inference': {'replica_count': 1, 'moe_dp': 1}}
4096	67.180557	nan	nan	0.014885	6.861550e+18	1.021360e+17	3.118694e+14	0.079955	False	0.000000	48.164209	{'tp': 16, 'cp': 1, 'pp': 4, 'mb': 4, 'tp_sp': True, 'train': {'dp': 64, 'ep': 1, 'tp_ep': True}, 'inference': {'replica_count': 1, 'moe_dp': 1}}
1024	248.134245	nan	nan	0.004030	6.861550e+18	2.765257e+16	3.118694e+14	0.086589	True	21.121857	52.801060	{'tp': 4, 'cp': 1, 'pp': 4, 'mb': 4, 'tp_sp': True, 'train': {'dp': 64, 'ep': 1, 'tp_ep': True}, 'inference': {'replica_count': 1, 'moe_dp': 1}}
512	491.781898	nan	nan	0.002033	6.861550e+18	1.395243e+16	3.118694e+14	0.087379	True	122.243713	57.331437	{'tp': 2, 'cp': 1, 'pp': 4, 'mb': 4, 'tp_sp': True, 'train': {'dp': 64, 'ep': 1, 'tp_ep': True}, 'inference': {'replica_count': 1, 'moe_dp': 1}}
256	978.152347	nan	nan	0.001022	6.861550e+18	7.014807e+15	3.118694e+14	0.087862	True	324.487427	74.168865	{'tp': 1, 'cp': 1, 'pp': 4, 'mb': 4, 'tp_sp': True, 'train': {'dp': 64, 'ep': 1, 'tp_ep': True}, 'inference': {'replica_count': 1, 'moe_dp': 1}}
4096	139.737987	nan	nan	0.007156	6.861550e+18	4.910297e+16	3.118694e+14	0.038439	False	0.000000	52.804271	{'tp': 8, 'cp': 1, 'pp': 8, 'mb': 8, 'tp_sp': True, 'train': {'dp': 64, 'ep': 1, 'tp_ep': True}, 'inference': {'replica_count': 1, 'moe_dp': 1}}
2048	267.014154	nan	nan	0.003745	6.861550e+18	2.569733e+16	3.118694e+14	0.040233	False	0.000000	54.403094	{'tp': 4, 'cp': 1, 'pp': 8, 'mb': 8, 'tp_sp': True, 'train': {'dp': 64, 'ep': 1, 'tp_ep': True}, 'inference': {'replica_count': 1, 'moe_dp': 1}}
1024	527.317056	nan	nan	0.001896	6.861550e+18	1.301219e+16	3.118694e+14	0.040745	True	25.017151	60.209569	{'tp': 2, 'cp': 1, 'pp': 8, 'mb': 8, 'tp_sp': True, 'train': {'dp': 64, 'ep': 1, 'tp_ep': True}, 'inference': {'replica_count': 1, 'moe_dp': 1}}
512	1048.754803	nan	nan	0.000954	6.861550e+18	6.542568e+15	3.118694e+14	0.040974	True	130.034302	75.662836	{'tp': 1, 'cp': 1, 'pp': 8, 'mb': 8, 'tp_sp': True, 'train': {'dp': 64, 'ep': 1, 'tp_ep': True}, 'inference': {'replica_count': 1, 'moe_dp': 1}}
4096	278.068526	nan	nan	0.003596	6.861550e+18	2.467575e+16	3.118694e+14	0.019317	False	0.000000	65.236498	{'tp': 4, 'cp': 1, 'pp': 16, 'mb': 16, 'tp_sp': True, 'train': {'dp': 64, 'ep': 1, 'tp_ep': True}, 'inference': {'replica_count': 1, 'moe_dp': 1}}
2048	545.237843	nan	nan	0.001834	6.861550e+18	1.258451e+16	3.118694e+14	0.019703	False	0.000000	71.246441	{'tp': 2, 'cp': 1, 'pp': 16, 'mb': 16, 'tp_sp': True, 'train': {'dp': 64, 'ep': 1, 'tp_ep': True}, 'inference': {'replica_count': 1, 'moe_dp': 1}}
256	279.714383	nan	nan	0.003575	6.861550e+18	2.453056e+16	3.118694e+14	0.307252	True	684.802395	57.744909	{'tp': 2, 'cp': 1, 'pp': 1, 'mb': 1, 'tp_sp': True, 'train': {'dp': 128, 'ep': 1, 'tp_ep': True}, 'inference': {'replica_count': 1, 'moe_dp': 1}}
1024	71.541098	nan	nan	0.013978	6.861550e+18	9.591061e+16	3.118694e+14	0.300327	True	111.222282	44.664631	{'tp': 8, 'cp': 1, 'pp': 1, 'mb': 1, 'tp_sp': True, 'train': {'dp': 128, 'ep': 1, 'tp_ep': True}, 'inference': {'replica_count': 1, 'moe_dp': 1}}
2048	36.847000	nan	nan	0.027139	6.861550e+18	1.862173e+17	3.118694e+14	0.291553	True	16.115780	42.737641	{'tp': 16, 'cp': 1, 'pp': 1, 'mb': 1, 'tp_sp': True, 'train': {'dp': 128, 'ep': 1, 'tp_ep': True}, 'inference': {'replica_count': 1, 'moe_dp': 1}}
512	140.946558	nan	nan	0.007095	6.861550e+18	4.868193e+16	3.118694e+14	0.304877	True	302.401197	49.160233	{'tp': 4, 'cp': 1, 'pp': 1, 'mb': 1, 'tp_sp': True, 'train': {'dp': 128, 'ep': 1, 'tp_ep': True}, 'inference': {'replica_count': 1, 'moe_dp': 1}}
4096	19.486279	nan	nan	0.051318	6.861550e+18	3.521221e+17	3.118694e+14	0.275652	False	0.000000	43.959551	{'tp': 32, 'cp': 1, 'pp': 1, 'mb': 1, 'tp_sp': True, 'train': {'dp': 128, 'ep': 1, 'tp_ep': True}, 'inference': {'replica_count': 1, 'moe_dp': 1}}
1024	1084.217403	nan	nan	0.000922	6.861550e+18	6.328574e+15	3.118694e+14	0.019817	True	32.807739	84.349261	{'tp': 1, 'cp': 1, 'pp': 16, 'mb': 16, 'tp_sp': True, 'train': {'dp': 64, 'ep': 1, 'tp_ep': True}, 'inference': {'replica_count': 1, 'moe_dp': 1}}
128	555.769915	nan	nan	0.001799	6.861550e+18	1.234603e+16	3.118694e+14	0.309275	True	1449.604790	73.573453	{'tp': 1, 'cp': 1, 'pp': 1, 'mb': 1, 'tp_sp': True, 'train': {'dp': 128, 'ep': 1, 'tp_ep': True}, 'inference': {'replica_count': 1, 'moe_dp': 1}}
2048	107.991524	nan	nan	0.009260	6.861550e+18	6.353786e+16	3.118694e+14	0.099479	True	16.610771	46.944411	{'tp': 8, 'cp': 1, 'pp': 2, 'mb': 2, 'tp_sp': True, 'train': {'dp': 128, 'ep': 1, 'tp_ep': True}, 'inference': {'replica_count': 1, 'moe_dp': 1}}
4096	553.961041	nan	nan	0.001805	6.861550e+18	1.238634e+16	3.118694e+14	0.009696	False	0.000000	94.910523	{'tp': 2, 'cp': 1, 'pp': 32, 'mb': 32, 'tp_sp': True, 'train': {'dp': 64, 'ep': 1, 'tp_ep': True}, 'inference': {'replica_count': 1, 'moe_dp': 1}}
1024	212.102511	nan	nan	0.004715	6.861550e+18	3.235016e+16	3.118694e+14	0.101299	True	113.095383	51.473303	{'tp': 4, 'cp': 1, 'pp': 2, 'mb': 2, 'tp_sp': True, 'train': {'dp': 128, 'ep': 1, 'tp_ep': True}, 'inference': {'replica_count': 1, 'moe_dp': 1}}
4096	55.948979	nan	nan	0.017873	6.861550e+18	1.226394e+17	3.118694e+14	0.096006	False	0.000000	46.024017	{'tp': 16, 'cp': 1, 'pp': 2, 'mb': 2, 'tp_sp': True, 'train': {'dp': 128, 'ep': 1, 'tp_ep': True}, 'inference': {'replica_count': 1, 'moe_dp': 1}}
2048	1101.673928	nan	nan	0.000908	6.861550e+18	6.228295e+15	3.118694e+14	0.009751	False	0.000000	104.944122	{'tp': 1, 'cp': 1, 'pp': 32, 'mb': 32, 'tp_sp': True, 'train': {'dp': 64, 'ep': 1, 'tp_ep': True}, 'inference': {'replica_count': 1, 'moe_dp': 1}}
512	420.259840	nan	nan	0.002379	6.861550e+18	1.632692e+16	3.118694e+14	0.102250	True	306.190765	59.641092	{'tp': 2, 'cp': 1, 'pp': 2, 'mb': 2, 'tp_sp': True, 'train': {'dp': 128, 'ep': 1, 'tp_ep': True}, 'inference': {'replica_count': 1, 'moe_dp': 1}}
256	834.354324	nan	nan	0.001199	6.861550e+18	8.223784e+15	3.118694e+14	0.103005	True	692.381531	76.973981	{'tp': 1, 'cp': 1, 'pp': 2, 'mb': 2, 'tp_sp': True, 'train': {'dp': 128, 'ep': 1, 'tp_ep': True}, 'inference': {'replica_count': 1, 'moe_dp': 1}}
4096	127.487954	nan	nan	0.007844	6.861550e+18	5.382116e+16	3.118694e+14	0.042133	False	0.000000	52.056881	{'tp': 8, 'cp': 1, 'pp': 4, 'mb': 4, 'tp_sp': True, 'train': {'dp': 128, 'ep': 1, 'tp_ep': True}, 'inference': {'replica_count': 1, 'moe_dp': 1}}
2048	248.133736	nan	nan	0.004030	6.861550e+18	2.765263e+16	3.118694e+14	0.043295	True	19.985641	55.408562	{'tp': 4, 'cp': 1, 'pp': 4, 'mb': 4, 'tp_sp': True, 'train': {'dp': 128, 'ep': 1, 'tp_ep': True}, 'inference': {'replica_count': 1, 'moe_dp': 1}}
1024	491.781582	nan	nan	0.002033	6.861550e+18	1.395243e+16	3.118694e+14	0.043690	True	119.971283	62.574436	{'tp': 2, 'cp': 1, 'pp': 4, 'mb': 4, 'tp_sp': True, 'train': {'dp': 128, 'ep': 1, 'tp_ep': True}, 'inference': {'replica_count': 1, 'moe_dp': 1}}
4096	267.013496	nan	nan	0.003745	6.861550e+18	2.569739e+16	3.118694e+14	0.020117	False	0.000000	63.805002	{'tp': 4, 'cp': 1, 'pp': 8, 'mb': 8, 'tp_sp': True, 'train': {'dp': 128, 'ep': 1, 'tp_ep': True}, 'inference': {'replica_count': 1, 'moe_dp': 1}}
2048	527.316549	nan	nan	0.001896	6.861550e+18	1.301220e+16	3.118694e+14	0.020373	True	23.858002	69.887076	{'tp': 2, 'cp': 1, 'pp': 8, 'mb': 8, 'tp_sp': True, 'train': {'dp': 128, 'ep': 1, 'tp_ep': True}, 'inference': {'replica_count': 1, 'moe_dp': 1}}
512	978.152006	nan	nan	0.001022	6.861550e+18	7.014810e+15	3.118694e+14	0.043931	True	319.942566	80.018343	{'tp': 1, 'cp': 1, 'pp': 4, 'mb': 4, 'tp_sp': True, 'train': {'dp': 128, 'ep': 1, 'tp_ep': True}, 'inference': {'replica_count': 1, 'moe_dp': 1}}
4096	36.846959	nan	nan	0.027139	6.861550e+18	1.862175e+17	3.118694e+14	0.145777	True	15.564970	47.455969	{'tp': 16, 'cp': 1, 'pp': 1, 'mb': 1, 'tp_sp': True, 'train': {'dp': 256, 'ep': 1, 'tp_ep': True}, 'inference': {'replica_count': 1, 'moe_dp': 1}}
2048	71.541056	nan	nan	0.013978	6.861550e+18	9.591066e+16	3.118694e+14	0.150163	True	110.120663	50.395731	{'tp': 8, 'cp': 1, 'pp': 1, 'mb': 1, 'tp_sp': True, 'train': {'dp': 256, 'ep': 1, 'tp_ep': True}, 'inference': {'replica_count': 1, 'moe_dp': 1}}
1024	140.946515	nan	nan	0.007095	6.861550e+18	4.868194e+16	3.118694e+14	0.152439	True	300.197958	54.946557	{'tp': 4, 'cp': 1, 'pp': 1, 'mb': 1, 'tp_sp': True, 'train': {'dp': 256, 'ep': 1, 'tp_ep': True}, 'inference': {'replica_count': 1, 'moe_dp': 1}}
1024	1048.754308	nan	nan	0.000954	6.861550e+18	6.542572e+15	3.118694e+14	0.020487	True	127.716003	86.429155	{'tp': 1, 'cp': 1, 'pp': 8, 'mb': 8, 'tp_sp': True, 'train': {'dp': 128, 'ep': 1, 'tp_ep': True}, 'inference': {'replica_count': 1, 'moe_dp': 1}}
512	279.714338	nan	nan	0.003575	6.861550e+18	2.453056e+16	3.118694e+14	0.153626	True	680.395916	63.662313	{'tp': 2, 'cp': 1, 'pp': 1, 'mb': 1, 'tp_sp': True, 'train': {'dp': 256, 'ep': 1, 'tp_ep': True}, 'inference': {'replica_count': 1, 'moe_dp': 1}}
4096	545.237843	nan	nan	0.001834	6.861550e+18	1.258451e+16	3.118694e+14	0.009852	False	0.000000	87.944720	{'tp': 2, 'cp': 1, 'pp': 16, 'mb': 16, 'tp_sp': True, 'train': {'dp': 128, 'ep': 1, 'tp_ep': True}, 'inference': {'replica_count': 1, 'moe_dp': 1}}
256	555.769865	nan	nan	0.001799	6.861550e+18	1.234603e+16	3.118694e+14	0.154637	True	1440.791832	80.653103	{'tp': 1, 'cp': 1, 'pp': 1, 'mb': 1, 'tp_sp': True, 'train': {'dp': 256, 'ep': 1, 'tp_ep': True}, 'inference': {'replica_count': 1, 'moe_dp': 1}}
2048	1084.217403	nan	nan	0.000922	6.861550e+18	6.328574e+15	3.118694e+14	0.009908	True	31.602722	102.047377	{'tp': 1, 'cp': 1, 'pp': 16, 'mb': 16, 'tp_sp': True, 'train': {'dp': 128, 'ep': 1, 'tp_ep': True}, 'inference': {'replica_count': 1, 'moe_dp': 1}}
2048	212.102389	nan	nan	0.004715	6.861550e+18	3.235018e+16	3.118694e+14	0.050649	True	111.988029	62.528501	{'tp': 4, 'cp': 1, 'pp': 2, 'mb': 2, 'tp_sp': True, 'train': {'dp': 256, 'ep': 1, 'tp_ep': True}, 'inference': {'replica_count': 1, 'moe_dp': 1}}
4096	107.991406	nan	nan	0.009260	6.861550e+18	6.353793e+16	3.118694e+14	0.049739	True	16.057095	57.748501	{'tp': 8, 'cp': 1, 'pp': 2, 'mb': 2, 'tp_sp': True, 'train': {'dp': 256, 'ep': 1, 'tp_ep': True}, 'inference': {'replica_count': 1, 'moe_dp': 1}}
1024	420.259712	nan	nan	0.002379	6.861550e+18	1.632693e+16	3.118694e+14	0.051125	True	303.976059	70.485164	{'tp': 2, 'cp': 1, 'pp': 2, 'mb': 2, 'tp_sp': True, 'train': {'dp': 256, 'ep': 1, 'tp_ep': True}, 'inference': {'replica_count': 1, 'moe_dp': 1}}
512	834.354184	nan	nan	0.001199	6.861550e+18	8.223786e+15	3.118694e+14	0.051503	True	687.952118	87.689800	{'tp': 1, 'cp': 1, 'pp': 2, 'mb': 2, 'tp_sp': True, 'train': {'dp': 256, 'ep': 1, 'tp_ep': True}, 'inference': {'replica_count': 1, 'moe_dp': 1}}
4096	248.133486	nan	nan	0.004030	6.861550e+18	2.765266e+16	3.118694e+14	0.021647	True	19.417534	68.742225	{'tp': 4, 'cp': 1, 'pp': 4, 'mb': 4, 'tp_sp': True, 'train': {'dp': 256, 'ep': 1, 'tp_ep': True}, 'inference': {'replica_count': 1, 'moe_dp': 1}}
2048	491.781426	nan	nan	0.002033	6.861550e+18	1.395244e+16	3.118694e+14	0.021845	True	118.835068	75.935949	{'tp': 2, 'cp': 1, 'pp': 4, 'mb': 4, 'tp_sp': True, 'train': {'dp': 256, 'ep': 1, 'tp_ep': True}, 'inference': {'replica_count': 1, 'moe_dp': 1}}
1024	978.151834	nan	nan	0.001022	6.861550e+18	7.014811e+15	3.118694e+14	0.021966	True	317.670135	91.329034	{'tp': 1, 'cp': 1, 'pp': 4, 'mb': 4, 'tp_sp': True, 'train': {'dp': 256, 'ep': 1, 'tp_ep': True}, 'inference': {'replica_count': 1, 'moe_dp': 1}}
1024	279.714316	nan	nan	0.003575	6.861550e+18	2.453056e+16	3.118694e+14	0.076813	True	678.192677	77.370454	{'tp': 2, 'cp': 1, 'pp': 1, 'mb': 1, 'tp_sp': True, 'train': {'dp': 512, 'ep': 1, 'tp_ep': True}, 'inference': {'replica_count': 1, 'moe_dp': 1}}
2048	140.946495	nan	nan	0.007095	6.861550e+18	4.868195e+16	3.118694e+14	0.076219	True	299.096338	70.283544	{'tp': 4, 'cp': 1, 'pp': 1, 'mb': 1, 'tp_sp': True, 'train': {'dp': 512, 'ep': 1, 'tp_ep': True}, 'inference': {'replica_count': 1, 'moe_dp': 1}}
4096	71.541037	nan	nan	0.013978	6.861550e+18	9.591069e+16	3.118694e+14	0.075082	True	109.569853	64.556258	{'tp': 8, 'cp': 1, 'pp': 1, 'mb': 1, 'tp_sp': True, 'train': {'dp': 512, 'ep': 1, 'tp_ep': True}, 'inference': {'replica_count': 1, 'moe_dp': 1}}
4096	1101.663642	nan	nan	0.000908	6.861550e+18	6.228353e+15	3.118694e+14	0.004876	False	0.000000	147.090114	{'tp': 1, 'cp': 1, 'pp': 32, 'mb': 32, 'tp_sp': True, 'train': {'dp': 128, 'ep': 1, 'tp_ep': True}, 'inference': {'replica_count': 1, 'moe_dp': 1}}
4096	527.316549	nan	nan	0.001896	6.861550e+18	1.301220e+16	3.118694e+14	0.010186	True	23.278427	92.721593	{'tp': 2, 'cp': 1, 'pp': 8, 'mb': 8, 'tp_sp': True, 'train': {'dp': 256, 'ep': 1, 'tp_ep': True}, 'inference': {'replica_count': 1, 'moe_dp': 1}}
512	555.769841	nan	nan	0.001799	6.861550e+18	1.234603e+16	3.118694e+14	0.077319	True	1436.385353	93.944019	{'tp': 1, 'cp': 1, 'pp': 1, 'mb': 1, 'tp_sp': True, 'train': {'dp': 512, 'ep': 1, 'tp_ep': True}, 'inference': {'replica_count': 1, 'moe_dp': 1}}
2048	1048.754308	nan	nan	0.000954	6.861550e+18	6.542572e+15	3.118694e+14	0.010243	True	126.556854	108.788253	{'tp': 1, 'cp': 1, 'pp': 8, 'mb': 8, 'tp_sp': True, 'train': {'dp': 256, 'ep': 1, 'tp_ep': True}, 'inference': {'replica_count': 1, 'moe_dp': 1}}
4096	212.102345	nan	nan	0.004715	6.861550e+18	3.235019e+16	3.118694e+14	0.025325	True	111.434353	93.606905	{'tp': 4, 'cp': 1, 'pp': 2, 'mb': 2, 'tp_sp': True, 'train': {'dp': 512, 'ep': 1, 'tp_ep': True}, 'inference': {'replica_count': 1, 'moe_dp': 1}}
2048	420.259664	nan	nan	0.002379	6.861550e+18	1.632693e+16	3.118694e+14	0.025562	True	302.868706	104.423150	{'tp': 2, 'cp': 1, 'pp': 2, 'mb': 2, 'tp_sp': True, 'train': {'dp': 512, 'ep': 1, 'tp_ep': True}, 'inference': {'replica_count': 1, 'moe_dp': 1}}
4096	1084.217403	nan	nan	0.000922	6.861550e+18	6.328574e+15	3.118694e+14	0.004954	True	31.000214	143.342534	{'tp': 1, 'cp': 1, 'pp': 16, 'mb': 16, 'tp_sp': True, 'train': {'dp': 256, 'ep': 1, 'tp_ep': True}, 'inference': {'replica_count': 1, 'moe_dp': 1}}
1024	834.354128	nan	nan	0.001199	6.861550e+18	8.223786e+15	3.118694e+14	0.025751	True	685.737411	122.674777	{'tp': 1, 'cp': 1, 'pp': 2, 'mb': 2, 'tp_sp': True, 'train': {'dp': 512, 'ep': 1, 'tp_ep': True}, 'inference': {'replica_count': 1, 'moe_dp': 1}}
4096	491.781370	nan	nan	0.002033	6.861550e+18	1.395244e+16	3.118694e+14	0.010922	True	118.266960	118.867211	{'tp': 2, 'cp': 1, 'pp': 4, 'mb': 4, 'tp_sp': True, 'train': {'dp': 512, 'ep': 1, 'tp_ep': True}, 'inference': {'replica_count': 1, 'moe_dp': 1}}
2048	978.151771	nan	nan	0.001022	6.861550e+18	7.014811e+15	3.118694e+14	0.010983	True	316.533920	133.831964	{'tp': 1, 'cp': 1, 'pp': 4, 'mb': 4, 'tp_sp': True, 'train': {'dp': 512, 'ep': 1, 'tp_ep': True}, 'inference': {'replica_count': 1, 'moe_dp': 1}}
1024	555.769843	nan	nan	0.001799	6.861550e+18	1.234603e+16	3.118694e+14	0.038659	True	1434.182114	126.831918	{'tp': 1, 'cp': 1, 'pp': 1, 'mb': 1, 'tp_sp': True, 'train': {'dp': 1024, 'ep': 1, 'tp_ep': True}, 'inference': {'replica_count': 1, 'moe_dp': 1}}
2048	279.714321	nan	nan	0.003575	6.861550e+18	2.453056e+16	3.118694e+14	0.038407	True	677.091057	114.609955	{'tp': 2, 'cp': 1, 'pp': 1, 'mb': 1, 'tp_sp': True, 'train': {'dp': 1024, 'ep': 1, 'tp_ep': True}, 'inference': {'replica_count': 1, 'moe_dp': 1}}
4096	140.946500	nan	nan	0.007095	6.861550e+18	4.868195e+16	3.118694e+14	0.038110	True	298.545528	104.811206	{'tp': 4, 'cp': 1, 'pp': 1, 'mb': 1, 'tp_sp': True, 'train': {'dp': 1024, 'ep': 1, 'tp_ep': True}, 'inference': {'replica_count': 1, 'moe_dp': 1}}
4096	1048.754308	nan	nan	0.000954	6.861550e+18	6.542572e+15	3.118694e+14	0.005122	True	125.977280	165.171918	{'tp': 1, 'cp': 1, 'pp': 8, 'mb': 8, 'tp_sp': True, 'train': {'dp': 512, 'ep': 1, 'tp_ep': True}, 'inference': {'replica_count': 1, 'moe_dp': 1}}
128	514.118664	nan	nan	0.001945	6.861550e+18	1.334624e+16	3.118694e+14	0.334331	False	0.000000	121.618491	{'tp': 4, 'cp': 2, 'pp': 16, 'mb': 16, 'tp_sp': True, 'train': {'dp': 1, 'ep': 1, 'tp_ep': True}, 'inference': {'replica_count': 1, 'moe_dp': 1}}
256	305.803493	nan	nan	0.003270	6.861550e+18	2.243778e+16	3.118694e+14	0.281039	False	0.000000	128.661245	{'tp': 8, 'cp': 2, 'pp': 16, 'mb': 16, 'tp_sp': True, 'train': {'dp': 1, 'ep': 1, 'tp_ep': True}, 'inference': {'replica_count': 1, 'moe_dp': 1}}
128	488.315653	nan	nan	0.002048	6.861550e+18	1.405146e+16	3.118694e+14	0.351997	False	0.000000	83.257942	{'tp': 2, 'cp': 2, 'pp': 32, 'mb': 32, 'tp_sp': True, 'train': {'dp': 1, 'ep': 1, 'tp_ep': True}, 'inference': {'replica_count': 1, 'moe_dp': 1}}
4096	420.259667	nan	nan	0.002379	6.861550e+18	1.632693e+16	3.118694e+14	0.012781	True	302.315029	223.867412	{'tp': 2, 'cp': 1, 'pp': 2, 'mb': 2, 'tp_sp': True, 'train': {'dp': 1024, 'ep': 1, 'tp_ep': True}, 'inference': {'replica_count': 1, 'moe_dp': 1}}
128	524.226685	nan	nan	0.001908	6.861550e+18	1.308890e+16	3.118694e+14	0.327884	False	0.000000	198.191678	{'tp': 8, 'cp': 2, 'pp': 8, 'mb': 8, 'tp_sp': True, 'train': {'dp': 1, 'ep': 1, 'tp_ep': True}, 'inference': {'replica_count': 1, 'moe_dp': 1}}
2048	834.354126	nan	nan	0.001199	6.861550e+18	8.223786e+15	3.118694e+14	0.012876	True	684.630058	250.264664	{'tp': 1, 'cp': 1, 'pp': 2, 'mb': 2, 'tp_sp': True, 'train': {'dp': 1024, 'ep': 1, 'tp_ep': True}, 'inference': {'replica_count': 1, 'moe_dp': 1}}
256	316.155359	nan	nan	0.003163	6.861550e+18	2.170310e+16	3.118694e+14	0.271837	False	0.000000	215.569152	{'tp': 16, 'cp': 2, 'pp': 8, 'mb': 8, 'tp_sp': True, 'train': {'dp': 1, 'ep': 1, 'tp_ep': True}, 'inference': {'replica_count': 1, 'moe_dp': 1}}
512	201.678248	nan	nan	0.004958	6.861550e+18	3.402226e+16	3.118694e+14	0.213069	False	0.000000	179.491384	{'tp': 16, 'cp': 2, 'pp': 16, 'mb': 16, 'tp_sp': True, 'train': {'dp': 1, 'ep': 1, 'tp_ep': True}, 'inference': {'replica_count': 1, 'moe_dp': 1}}
4096	978.151767	nan	nan	0.001022	6.861550e+18	7.014811e+15	3.118694e+14	0.005491	True	315.965813	285.607199	{'tp': 1, 'cp': 1, 'pp': 4, 'mb': 4, 'tp_sp': True, 'train': {'dp': 1024, 'ep': 1, 'tp_ep': True}, 'inference': {'replica_count': 1, 'moe_dp': 1}}
256	289.946321	nan	nan	0.003449	6.861550e+18	2.366490e+16	3.118694e+14	0.296409	False	0.000000	93.101948	{'tp': 4, 'cp': 2, 'pp': 32, 'mb': 32, 'tp_sp': True, 'train': {'dp': 1, 'ep': 1, 'tp_ep': True}, 'inference': {'replica_count': 1, 'moe_dp': 1}}
512	190.971177	nan	nan	0.005236	6.861550e+18	3.592977e+16	3.118694e+14	0.225015	False	0.000000	130.014903	{'tp': 8, 'cp': 2, 'pp': 32, 'mb': 32, 'tp_sp': True, 'train': {'dp': 1, 'ep': 1, 'tp_ep': True}, 'inference': {'replica_count': 1, 'moe_dp': 1}}
128	521.402889	nan	nan	0.001918	6.861550e+18	1.315979e+16	3.118694e+14	0.329660	False	0.000000	347.792845	{'tp': 16, 'cp': 2, 'pp': 4, 'mb': 4, 'tp_sp': True, 'train': {'dp': 1, 'ep': 1, 'tp_ep': True}, 'inference': {'replica_count': 1, 'moe_dp': 1}}
512	212.058600	nan	nan	0.004716	6.861550e+18	3.235686e+16	3.118694e+14	0.202639	False	0.000000	324.459607	{'tp': 32, 'cp': 2, 'pp': 8, 'mb': 8, 'tp_sp': True, 'train': {'dp': 1, 'ep': 1, 'tp_ep': True}, 'inference': {'replica_count': 1, 'moe_dp': 1}}
256	324.092734	nan	nan	0.003086	6.861550e+18	2.117156e+16	3.118694e+14	0.265180	False	0.000000	390.905558	{'tp': 32, 'cp': 2, 'pp': 4, 'mb': 4, 'tp_sp': True, 'train': {'dp': 1, 'ep': 1, 'tp_ep': True}, 'inference': {'replica_count': 1, 'moe_dp': 1}}
1024	141.498794	nan	nan	0.007067	6.861550e+18	4.849193e+16	3.118694e+14	0.151844	False	0.000000	247.917396	{'tp': 16, 'cp': 2, 'pp': 32, 'mb': 32, 'tp_sp': True, 'train': {'dp': 1, 'ep': 1, 'tp_ep': True}, 'inference': {'replica_count': 1, 'moe_dp': 1}}
128	458.120331	nan	nan	0.002183	6.861550e+18	1.497762e+16	3.118694e+14	0.375197	True	12.154663	185.897860	{'tp': 8, 'cp': 2, 'pp': 4, 'mb': 4, 'tp_sp': True, 'train': {'dp': 2, 'ep': 1, 'tp_ep': True}, 'inference': {'replica_count': 1, 'moe_dp': 1}}
256	260.888630	nan	nan	0.003833	6.861550e+18	2.630069e+16	3.118694e+14	0.329423	False	0.000000	198.143151	{'tp': 16, 'cp': 2, 'pp': 4, 'mb': 4, 'tp_sp': True, 'train': {'dp': 2, 'ep': 1, 'tp_ep': True}, 'inference': {'replica_count': 1, 'moe_dp': 1}}
128	470.713553	nan	nan	0.002124	6.861550e+18	1.457691e+16	3.118694e+14	0.365160	True	11.848511	113.949753	{'tp': 4, 'cp': 2, 'pp': 8, 'mb': 8, 'tp_sp': True, 'train': {'dp': 2, 'ep': 1, 'tp_ep': True}, 'inference': {'replica_count': 1, 'moe_dp': 1}}
256	262.465596	nan	nan	0.003810	6.861550e+18	2.614266e+16	3.118694e+14	0.327444	False	0.000000	113.895490	{'tp': 8, 'cp': 2, 'pp': 8, 'mb': 8, 'tp_sp': True, 'train': {'dp': 2, 'ep': 1, 'tp_ep': True}, 'inference': {'replica_count': 1, 'moe_dp': 1}}
1024	149.581891	nan	nan	0.006685	6.861550e+18	4.587153e+16	3.118694e+14	0.143638	False	0.000000	419.247109	{'tp': 32, 'cp': 2, 'pp': 16, 'mb': 16, 'tp_sp': True, 'train': {'dp': 1, 'ep': 1, 'tp_ep': True}, 'inference': {'replica_count': 1, 'moe_dp': 1}}
256	257.742092	nan	nan	0.003880	6.861550e+18	2.662177e+16	3.118694e+14	0.333445	False	0.000000	74.039044	{'tp': 4, 'cp': 2, 'pp': 16, 'mb': 16, 'tp_sp': True, 'train': {'dp': 2, 'ep': 1, 'tp_ep': True}, 'inference': {'replica_count': 1, 'moe_dp': 1}}
128	466.837182	nan	nan	0.002142	6.861550e+18	1.469795e+16	3.118694e+14	0.368192	True	14.264038	78.213416	{'tp': 2, 'cp': 2, 'pp': 16, 'mb': 16, 'tp_sp': True, 'train': {'dp': 2, 'ep': 1, 'tp_ep': True}, 'inference': {'replica_count': 1, 'moe_dp': 1}}
512	162.214857	nan	nan	0.006165	6.861550e+18	4.229915e+16	3.118694e+14	0.264904	False	0.000000	239.727367	{'tp': 32, 'cp': 2, 'pp': 4, 'mb': 4, 'tp_sp': True, 'train': {'dp': 2, 'ep': 1, 'tp_ep': True}, 'inference': {'replica_count': 1, 'moe_dp': 1}}
128	418.459945	nan	nan	0.002390	6.861550e+18	1.639715e+16	3.118694e+14	0.410758	True	14.036743	346.953716	{'tp': 16, 'cp': 2, 'pp': 2, 'mb': 2, 'tp_sp': True, 'train': {'dp': 2, 'ep': 1, 'tp_ep': True}, 'inference': {'replica_count': 1, 'moe_dp': 1}}
512	153.415522	nan	nan	0.006518	6.861550e+18	4.472527e+16	3.118694e+14	0.280098	False	0.000000	89.206852	{'tp': 8, 'cp': 2, 'pp': 16, 'mb': 16, 'tp_sp': True, 'train': {'dp': 2, 'ep': 1, 'tp_ep': True}, 'inference': {'replica_count': 1, 'moe_dp': 1}}
512	158.373958	nan	nan	0.006314	6.861550e+18	4.332499e+16	3.118694e+14	0.271329	False	0.000000	137.706599	{'tp': 16, 'cp': 2, 'pp': 8, 'mb': 8, 'tp_sp': True, 'train': {'dp': 2, 'ep': 1, 'tp_ep': True}, 'inference': {'replica_count': 1, 'moe_dp': 1}}
128	457.480921	nan	nan	0.002186	6.861550e+18	1.499855e+16	3.118694e+14	0.375722	True	20.609009	58.964671	{'tp': 1, 'cp': 2, 'pp': 32, 'mb': 32, 'tp_sp': True, 'train': {'dp': 2, 'ep': 1, 'tp_ep': True}, 'inference': {'replica_count': 1, 'moe_dp': 1}}
256	245.250624	nan	nan	0.004077	6.861550e+18	2.797771e+16	3.118694e+14	0.350428	False	0.000000	60.992258	{'tp': 2, 'cp': 2, 'pp': 32, 'mb': 32, 'tp_sp': True, 'train': {'dp': 2, 'ep': 1, 'tp_ep': True}, 'inference': {'replica_count': 1, 'moe_dp': 1}}
256	248.191154	nan	nan	0.004029	6.861550e+18	2.764623e+16	3.118694e+14	0.346277	False	0.000000	370.717904	{'tp': 32, 'cp': 2, 'pp': 2, 'mb': 2, 'tp_sp': True, 'train': {'dp': 2, 'ep': 1, 'tp_ep': True}, 'inference': {'replica_count': 1, 'moe_dp': 1}}
1024	101.268276	nan	nan	0.009875	6.861550e+18	6.775617e+16	3.118694e+14	0.212166	False	0.000000	139.989482	{'tp': 16, 'cp': 2, 'pp': 16, 'mb': 16, 'tp_sp': True, 'train': {'dp': 2, 'ep': 1, 'tp_ep': True}, 'inference': {'replica_count': 1, 'moe_dp': 1}}
512	145.866219	nan	nan	0.006856	6.861550e+18	4.704002e+16	3.118694e+14	0.294595	False	0.000000	73.244969	{'tp': 4, 'cp': 2, 'pp': 32, 'mb': 32, 'tp_sp': True, 'train': {'dp': 2, 'ep': 1, 'tp_ep': True}, 'inference': {'replica_count': 1, 'moe_dp': 1}}
1024	96.270298	nan	nan	0.010387	6.861550e+18	7.127380e+16	3.118694e+14	0.223181	False	0.000000	104.946948	{'tp': 8, 'cp': 2, 'pp': 32, 'mb': 32, 'tp_sp': True, 'train': {'dp': 2, 'ep': 1, 'tp_ep': True}, 'inference': {'replica_count': 1, 'moe_dp': 1}}
1024	106.294409	nan	nan	0.009408	6.861550e+18	6.455231e+16	3.118694e+14	0.202134	False	0.000000	246.995717	{'tp': 32, 'cp': 2, 'pp': 8, 'mb': 8, 'tp_sp': True, 'train': {'dp': 2, 'ep': 1, 'tp_ep': True}, 'inference': {'replica_count': 1, 'moe_dp': 1}}
128	426.800415	nan	nan	0.002343	6.861550e+18	1.607672e+16	3.118694e+14	0.402731	True	58.614624	110.049940	{'tp': 4, 'cp': 2, 'pp': 4, 'mb': 4, 'tp_sp': True, 'train': {'dp': 4, 'ep': 1, 'tp_ep': True}, 'inference': {'replica_count': 1, 'moe_dp': 1}}
256	229.401570	nan	nan	0.004359	6.861550e+18	2.991065e+16	3.118694e+14	0.374639	False	0.000000	107.290210	{'tp': 8, 'cp': 2, 'pp': 4, 'mb': 4, 'tp_sp': True, 'train': {'dp': 4, 'ep': 1, 'tp_ep': True}, 'inference': {'replica_count': 1, 'moe_dp': 1}}
2048	71.439988	nan	nan	0.013998	6.861550e+18	9.604635e+16	3.118694e+14	0.150376	False	0.000000	227.961927	{'tp': 16, 'cp': 2, 'pp': 32, 'mb': 32, 'tp_sp': True, 'train': {'dp': 2, 'ep': 1, 'tp_ep': True}, 'inference': {'replica_count': 1, 'moe_dp': 1}}
256	209.443101	nan	nan	0.004775	6.861550e+18	3.276093e+16	3.118694e+14	0.410340	False	0.000000	180.266738	{'tp': 16, 'cp': 2, 'pp': 2, 'mb': 2, 'tp_sp': True, 'train': {'dp': 4, 'ep': 1, 'tp_ep': True}, 'inference': {'replica_count': 1, 'moe_dp': 1}}
128	379.644225	nan	nan	0.002634	6.861550e+18	1.807363e+16	3.118694e+14	0.452754	True	57.246704	187.445729	{'tp': 8, 'cp': 2, 'pp': 2, 'mb': 2, 'tp_sp': True, 'train': {'dp': 4, 'ep': 1, 'tp_ep': True}, 'inference': {'replica_count': 1, 'moe_dp': 1}}
512	130.732808	nan	nan	0.007649	6.861550e+18	5.248530e+16	3.118694e+14	0.328696	False	0.000000	114.169834	{'tp': 16, 'cp': 2, 'pp': 4, 'mb': 4, 'tp_sp': True, 'train': {'dp': 4, 'ep': 1, 'tp_ep': True}, 'inference': {'replica_count': 1, 'moe_dp': 1}}
512	124.292550	nan	nan	0.008046	6.861550e+18	5.520484e+16	3.118694e+14	0.345728	False	0.000000	201.936255	{'tp': 32, 'cp': 2, 'pp': 2, 'mb': 2, 'tp_sp': True, 'train': {'dp': 4, 'ep': 1, 'tp_ep': True}, 'inference': {'replica_count': 1, 'moe_dp': 1}}
256	235.992893	nan	nan	0.004237	6.861550e+18	2.907524e+16	3.118694e+14	0.364175	False	0.000000	67.743473	{'tp': 4, 'cp': 2, 'pp': 8, 'mb': 8, 'tp_sp': True, 'train': {'dp': 4, 'ep': 1, 'tp_ep': True}, 'inference': {'replica_count': 1, 'moe_dp': 1}}
128	445.018359	nan	nan	0.002247	6.861550e+18	1.541858e+16	3.118694e+14	0.386244	True	60.296265	73.596337	{'tp': 2, 'cp': 2, 'pp': 8, 'mb': 8, 'tp_sp': True, 'train': {'dp': 4, 'ep': 1, 'tp_ep': True}, 'inference': {'replica_count': 1, 'moe_dp': 1}}
2048	75.170860	nan	nan	0.013303	6.861550e+18	9.127939e+16	3.118694e+14	0.142912	False	0.000000	381.304022	{'tp': 32, 'cp': 2, 'pp': 16, 'mb': 16, 'tp_sp': True, 'train': {'dp': 2, 'ep': 1, 'tp_ep': True}, 'inference': {'replica_count': 1, 'moe_dp': 1}}
512	131.701123	nan	nan	0.007593	6.861550e+18	5.209940e+16	3.118694e+14	0.326280	False	0.000000	71.042753	{'tp': 8, 'cp': 2, 'pp': 8, 'mb': 8, 'tp_sp': True, 'train': {'dp': 4, 'ep': 1, 'tp_ep': True}, 'inference': {'replica_count': 1, 'moe_dp': 1}}
1024	79.571285	nan	nan	0.012567	6.861550e+18	8.623149e+16	3.118694e+14	0.270018	False	0.000000	93.810106	{'tp': 16, 'cp': 2, 'pp': 8, 'mb': 8, 'tp_sp': True, 'train': {'dp': 4, 'ep': 1, 'tp_ep': True}, 'inference': {'replica_count': 1, 'moe_dp': 1}}
256	234.400630	nan	nan	0.004266	6.861550e+18	2.927275e+16	3.118694e+14	0.366649	False	0.000000	51.812140	{'tp': 2, 'cp': 2, 'pp': 16, 'mb': 16, 'tp_sp': True, 'train': {'dp': 4, 'ep': 1, 'tp_ep': True}, 'inference': {'replica_count': 1, 'moe_dp': 1}}
128	449.966733	nan	nan	0.002222	6.861550e+18	1.524902e+16	3.118694e+14	0.381996	True	65.173462	57.362895	{'tp': 1, 'cp': 2, 'pp': 16, 'mb': 16, 'tp_sp': True, 'train': {'dp': 4, 'ep': 1, 'tp_ep': True}, 'inference': {'replica_count': 1, 'moe_dp': 1}}
512	129.649077	nan	nan	0.007713	6.861550e+18	5.292402e+16	3.118694e+14	0.331444	False	0.000000	54.029534	{'tp': 4, 'cp': 2, 'pp': 16, 'mb': 16, 'tp_sp': True, 'train': {'dp': 4, 'ep': 1, 'tp_ep': True}, 'inference': {'replica_count': 1, 'moe_dp': 1}}
128	271.781106	nan	nan	0.003679	6.861550e+18	2.524660e+16	3.118694e+14	0.632441	True	60.611084	330.365599	{'tp': 16, 'cp': 2, 'pp': 1, 'mb': 1, 'tp_sp': True, 'train': {'dp': 4, 'ep': 1, 'tp_ep': True}, 'inference': {'replica_count': 1, 'moe_dp': 1}}
1024	81.366451	nan	nan	0.012290	6.861550e+18	8.432898e+16	3.118694e+14	0.264061	False	0.000000	162.035058	{'tp': 32, 'cp': 2, 'pp': 4, 'mb': 4, 'tp_sp': True, 'train': {'dp': 4, 'ep': 1, 'tp_ep': True}, 'inference': {'replica_count': 1, 'moe_dp': 1}}
1024	77.374841	nan	nan	0.012924	6.861550e+18	8.867934e+16	3.118694e+14	0.277683	False	0.000000	68.773437	{'tp': 8, 'cp': 2, 'pp': 16, 'mb': 16, 'tp_sp': True, 'train': {'dp': 4, 'ep': 1, 'tp_ep': True}, 'inference': {'replica_count': 1, 'moe_dp': 1}}
256	158.271417	nan	nan	0.006318	6.861550e+18	4.335306e+16	3.118694e+14	0.543009	False	0.000000	350.073524	{'tp': 32, 'cp': 2, 'pp': 1, 'mb': 1, 'tp_sp': True, 'train': {'dp': 4, 'ep': 1, 'tp_ep': True}, 'inference': {'replica_count': 1, 'moe_dp': 1}}
256	457.359226	nan	nan	0.002186	6.861550e+18	1.500254e+16	3.118694e+14	0.187911	False	0.000000	59.792158	{'tp': 1, 'cp': 2, 'pp': 32, 'mb': 32, 'tp_sp': True, 'train': {'dp': 4, 'ep': 1, 'tp_ep': True}, 'inference': {'replica_count': 1, 'moe_dp': 1}}
512	245.131344	nan	nan	0.004079	6.861550e+18	2.799132e+16	3.118694e+14	0.175299	False	0.000000	60.639846	{'tp': 2, 'cp': 2, 'pp': 32, 'mb': 32, 'tp_sp': True, 'train': {'dp': 4, 'ep': 1, 'tp_ep': True}, 'inference': {'replica_count': 1, 'moe_dp': 1}}
1024	145.752301	nan	nan	0.006861	6.861550e+18	4.707679e+16	3.118694e+14	0.147412	False	0.000000	70.452863	{'tp': 4, 'cp': 2, 'pp': 32, 'mb': 32, 'tp_sp': True, 'train': {'dp': 4, 'ep': 1, 'tp_ep': True}, 'inference': {'replica_count': 1, 'moe_dp': 1}}
1024	81.934436	nan	nan	0.012205	6.861550e+18	8.374440e+16	3.118694e+14	0.262230	False	0.000000	341.373264	{'tp': 64, 'cp': 2, 'pp': 2, 'mb': 2, 'tp_sp': True, 'train': {'dp': 4, 'ep': 1, 'tp_ep': True}, 'inference': {'replica_count': 1, 'moe_dp': 1}}
512	101.830187	nan	nan	0.009820	6.861550e+18	6.738228e+16	3.118694e+14	0.421991	False	0.000000	405.531362	{'tp': 64, 'cp': 2, 'pp': 1, 'mb': 1, 'tp_sp': True, 'train': {'dp': 4, 'ep': 1, 'tp_ep': True}, 'inference': {'replica_count': 1, 'moe_dp': 1}}
2048	51.203626	nan	nan	0.019530	6.861550e+18	1.340052e+17	3.118694e+14	0.209806	False	0.000000	120.955203	{'tp': 16, 'cp': 2, 'pp': 16, 'mb': 16, 'tp_sp': True, 'train': {'dp': 4, 'ep': 1, 'tp_ep': True}, 'inference': {'replica_count': 1, 'moe_dp': 1}}
2048	53.482573	nan	nan	0.018698	6.861550e+18	1.282951e+17	3.118694e+14	0.200866	False	0.000000	202.909832	{'tp': 32, 'cp': 2, 'pp': 8, 'mb': 8, 'tp_sp': True, 'train': {'dp': 4, 'ep': 1, 'tp_ep': True}, 'inference': {'replica_count': 1, 'moe_dp': 1}}
2048	96.159062	nan	nan	0.010399	6.861550e+18	7.135625e+16	3.118694e+14	0.111720	False	0.000000	107.101832	{'tp': 8, 'cp': 2, 'pp': 32, 'mb': 32, 'tp_sp': True, 'train': {'dp': 4, 'ep': 1, 'tp_ep': True}, 'inference': {'replica_count': 1, 'moe_dp': 1}}
128	412.081468	nan	nan	0.002427	6.861550e+18	1.665096e+16	3.118694e+14	0.417116	True	154.562378	71.684159	{'tp': 2, 'cp': 2, 'pp': 4, 'mb': 4, 'tp_sp': True, 'train': {'dp': 8, 'ep': 1, 'tp_ep': True}, 'inference': {'replica_count': 1, 'moe_dp': 1}}
256	213.948229	nan	nan	0.004674	6.861550e+18	3.207108e+16	3.118694e+14	0.401699	True	37.785828	65.181656	{'tp': 4, 'cp': 2, 'pp': 4, 'mb': 4, 'tp_sp': True, 'train': {'dp': 8, 'ep': 1, 'tp_ep': True}, 'inference': {'replica_count': 1, 'moe_dp': 1}}
128	360.447158	nan	nan	0.002774	6.861550e+18	1.903622e+16	3.118694e+14	0.476868	True	149.722290	107.954178	{'tp': 4, 'cp': 2, 'pp': 2, 'mb': 2, 'tp_sp': True, 'train': {'dp': 8, 'ep': 1, 'tp_ep': True}, 'inference': {'replica_count': 1, 'moe_dp': 1}}
512	115.091088	nan	nan	0.008689	6.861550e+18	5.961843e+16	3.118694e+14	0.373369	False	0.000000	62.799028	{'tp': 8, 'cp': 2, 'pp': 4, 'mb': 4, 'tp_sp': True, 'train': {'dp': 8, 'ep': 1, 'tp_ep': True}, 'inference': {'replica_count': 1, 'moe_dp': 1}}
256	190.102274	nan	nan	0.005260	6.861550e+18	3.609399e+16	3.118694e+14	0.452087	True	35.870422	101.799734	{'tp': 8, 'cp': 2, 'pp': 2, 'mb': 2, 'tp_sp': True, 'train': {'dp': 8, 'ep': 1, 'tp_ep': True}, 'inference': {'replica_count': 1, 'moe_dp': 1}}
512	104.956292	nan	nan	0.009528	6.861550e+18	6.537531e+16	3.118694e+14	0.409422	False	0.000000	102.383885	{'tp': 16, 'cp': 2, 'pp': 2, 'mb': 2, 'tp_sp': True, 'train': {'dp': 8, 'ep': 1, 'tp_ep': True}, 'inference': {'replica_count': 1, 'moe_dp': 1}}
128	249.510463	nan	nan	0.004008	6.861550e+18	2.750005e+16	3.118694e+14	0.688891	True	150.578857	181.817995	{'tp': 8, 'cp': 2, 'pp': 1, 'mb': 1, 'tp_sp': True, 'train': {'dp': 8, 'ep': 1, 'tp_ep': True}, 'inference': {'replica_count': 1, 'moe_dp': 1}}
1024	62.355706	nan	nan	0.016037	6.861550e+18	1.100388e+17	3.118694e+14	0.344567	False	0.000000	124.402778	{'tp': 32, 'cp': 2, 'pp': 2, 'mb': 2, 'tp_sp': True, 'train': {'dp': 8, 'ep': 1, 'tp_ep': True}, 'inference': {'replica_count': 1, 'moe_dp': 1}}
256	136.045907	nan	nan	0.007350	6.861550e+18	5.043555e+16	3.118694e+14	0.631719	True	37.307983	183.217002	{'tp': 16, 'cp': 2, 'pp': 1, 'mb': 1, 'tp_sp': True, 'train': {'dp': 8, 'ep': 1, 'tp_ep': True}, 'inference': {'replica_count': 1, 'moe_dp': 1}}
256	223.345292	nan	nan	0.004477	6.861550e+18	3.072171e+16	3.118694e+14	0.384798	True	39.605164	47.969862	{'tp': 2, 'cp': 2, 'pp': 8, 'mb': 8, 'tp_sp': True, 'train': {'dp': 8, 'ep': 1, 'tp_ep': True}, 'inference': {'replica_count': 1, 'moe_dp': 1}}
512	118.634928	nan	nan	0.008429	6.861550e+18	5.783752e+16	3.118694e+14	0.362215	False	0.000000	47.683107	{'tp': 4, 'cp': 2, 'pp': 8, 'mb': 8, 'tp_sp': True, 'train': {'dp': 8, 'ep': 1, 'tp_ep': True}, 'inference': {'replica_count': 1, 'moe_dp': 1}}
128	435.134422	nan	nan	0.002298	6.861550e+18	1.576881e+16	3.118694e+14	0.395017	True	158.705688	55.779108	{'tp': 1, 'cp': 2, 'pp': 8, 'mb': 8, 'tp_sp': True, 'train': {'dp': 8, 'ep': 1, 'tp_ep': True}, 'inference': {'replica_count': 1, 'moe_dp': 1}}
4096	71.330093	nan	nan	0.014019	6.861550e+18	9.619433e+16	3.118694e+14	0.075304	False	0.000000	223.236272	{'tp': 16, 'cp': 2, 'pp': 32, 'mb': 32, 'tp_sp': True, 'train': {'dp': 4, 'ep': 1, 'tp_ep': True}, 'inference': {'replica_count': 1, 'moe_dp': 1}}
512	79.280302	nan	nan	0.012613	6.861550e+18	8.654798e+16	3.118694e+14	0.542019	False	0.000000	185.962049	{'tp': 32, 'cp': 2, 'pp': 1, 'mb': 1, 'tp_sp': True, 'train': {'dp': 8, 'ep': 1, 'tp_ep': True}, 'inference': {'replica_count': 1, 'moe_dp': 1}}
1024	65.677735	nan	nan	0.015226	6.861550e+18	1.044730e+17	3.118694e+14	0.327138	False	0.000000	70.983323	{'tp': 16, 'cp': 2, 'pp': 4, 'mb': 4, 'tp_sp': True, 'train': {'dp': 8, 'ep': 1, 'tp_ep': True}, 'inference': {'replica_count': 1, 'moe_dp': 1}}
1024	66.381278	nan	nan	0.015064	6.861550e+18	1.033657e+17	3.118694e+14	0.323671	False	0.000000	49.844520	{'tp': 8, 'cp': 2, 'pp': 8, 'mb': 8, 'tp_sp': True, 'train': {'dp': 8, 'ep': 1, 'tp_ep': True}, 'inference': {'replica_count': 1, 'moe_dp': 1}}
512	234.400630	nan	nan	0.004266	6.861550e+18	2.927275e+16	3.118694e+14	0.183325	False	0.000000	52.248736	{'tp': 2, 'cp': 2, 'pp': 16, 'mb': 16, 'tp_sp': True, 'train': {'dp': 8, 'ep': 1, 'tp_ep': True}, 'inference': {'replica_count': 1, 'moe_dp': 1}}
256	449.966733	nan	nan	0.002222	6.861550e+18	1.524902e+16	3.118694e+14	0.190998	True	45.893188	57.076109	{'tp': 1, 'cp': 2, 'pp': 16, 'mb': 16, 'tp_sp': True, 'train': {'dp': 8, 'ep': 1, 'tp_ep': True}, 'inference': {'replica_count': 1, 'moe_dp': 1}}
2048	40.220369	nan	nan	0.024863	6.861550e+18	1.705989e+17	3.118694e+14	0.267100	False	0.000000	74.302547	{'tp': 16, 'cp': 2, 'pp': 8, 'mb': 8, 'tp_sp': True, 'train': {'dp': 8, 'ep': 1, 'tp_ep': True}, 'inference': {'replica_count': 1, 'moe_dp': 1}}
1024	129.649077	nan	nan	0.007713	6.861550e+18	5.292402e+16	3.118694e+14	0.165722	False	0.000000	54.953169	{'tp': 4, 'cp': 2, 'pp': 16, 'mb': 16, 'tp_sp': True, 'train': {'dp': 8, 'ep': 1, 'tp_ep': True}, 'inference': {'replica_count': 1, 'moe_dp': 1}}
2048	40.948501	nan	nan	0.024421	6.861550e+18	1.675654e+17	3.118694e+14	0.262350	False	0.000000	121.893549	{'tp': 32, 'cp': 2, 'pp': 4, 'mb': 4, 'tp_sp': True, 'train': {'dp': 8, 'ep': 1, 'tp_ep': True}, 'inference': {'replica_count': 1, 'moe_dp': 1}}
512	457.248729	nan	nan	0.002187	6.861550e+18	1.500617e+16	3.118694e+14	0.093978	False	0.000000	61.499227	{'tp': 1, 'cp': 2, 'pp': 32, 'mb': 32, 'tp_sp': True, 'train': {'dp': 8, 'ep': 1, 'tp_ep': True}, 'inference': {'replica_count': 1, 'moe_dp': 1}}
2048	77.374841	nan	nan	0.012924	6.861550e+18	8.867934e+16	3.118694e+14	0.138842	False	0.000000	70.256619	{'tp': 8, 'cp': 2, 'pp': 16, 'mb': 16, 'tp_sp': True, 'train': {'dp': 8, 'ep': 1, 'tp_ep': True}, 'inference': {'replica_count': 1, 'moe_dp': 1}}
1024	51.042274	nan	nan	0.019592	6.861550e+18	1.344288e+17	3.118694e+14	0.420939	False	0.000000	258.744751	{'tp': 64, 'cp': 2, 'pp': 1, 'mb': 1, 'tp_sp': True, 'train': {'dp': 8, 'ep': 1, 'tp_ep': True}, 'inference': {'replica_count': 1, 'moe_dp': 1}}
1024	245.023879	nan	nan	0.004081	6.861550e+18	2.800360e+16	3.118694e+14	0.087688	False	0.000000	62.046607	{'tp': 2, 'cp': 2, 'pp': 32, 'mb': 32, 'tp_sp': True, 'train': {'dp': 8, 'ep': 1, 'tp_ep': True}, 'inference': {'replica_count': 1, 'moe_dp': 1}}
2048	145.650161	nan	nan	0.006866	6.861550e+18	4.710980e+16	3.118694e+14	0.073758	False	0.000000	69.879484	{'tp': 4, 'cp': 2, 'pp': 32, 'mb': 32, 'tp_sp': True, 'train': {'dp': 8, 'ep': 1, 'tp_ep': True}, 'inference': {'replica_count': 1, 'moe_dp': 1}}
4096	38.109034	nan	nan	0.026240	6.861550e+18	1.800505e+17	3.118694e+14	0.140949	False	0.000000	374.623497	{'tp': 32, 'cp': 2, 'pp': 16, 'mb': 16, 'tp_sp': True, 'train': {'dp': 4, 'ep': 1, 'tp_ep': True}, 'inference': {'replica_count': 1, 'moe_dp': 1}}
4096	51.203626	nan	nan	0.019530	6.861550e+18	1.340052e+17	3.118694e+14	0.104903	False	0.000000	119.310914	{'tp': 16, 'cp': 2, 'pp': 16, 'mb': 16, 'tp_sp': True, 'train': {'dp': 8, 'ep': 1, 'tp_ep': True}, 'inference': {'replica_count': 1, 'moe_dp': 1}}
2048	41.145378	nan	nan	0.024304	6.861550e+18	1.667636e+17	3.118694e+14	0.261095	False	0.000000	270.268046	{'tp': 64, 'cp': 2, 'pp': 2, 'mb': 2, 'tp_sp': True, 'train': {'dp': 8, 'ep': 1, 'tp_ep': True}, 'inference': {'replica_count': 1, 'moe_dp': 1}}
512	95.349176	nan	nan	0.010488	6.861550e+18	7.196234e+16	3.118694e+14	0.450674	True	25.182281	58.690984	{'tp': 8, 'cp': 2, 'pp': 2, 'mb': 2, 'tp_sp': True, 'train': {'dp': 16, 'ep': 1, 'tp_ep': True}, 'inference': {'replica_count': 1, 'moe_dp': 1}}
256	180.656733	nan	nan	0.005535	6.861550e+18	3.798115e+16	3.118694e+14	0.475724	True	129.355286	61.752754	{'tp': 4, 'cp': 2, 'pp': 2, 'mb': 2, 'tp_sp': True, 'train': {'dp': 16, 'ep': 1, 'tp_ep': True}, 'inference': {'replica_count': 1, 'moe_dp': 1}}
128	351.633409	nan	nan	0.002844	6.861550e+18	1.951336e+16	3.118694e+14	0.488820	True	337.701294	71.311808	{'tp': 2, 'cp': 2, 'pp': 2, 'mb': 2, 'tp_sp': True, 'train': {'dp': 16, 'ep': 1, 'tp_ep': True}, 'inference': {'replica_count': 1, 'moe_dp': 1}}
256	124.940366	nan	nan	0.008004	6.861550e+18	5.491860e+16	3.118694e+14	0.687870	True	129.294312	99.166019	{'tp': 8, 'cp': 2, 'pp': 1, 'mb': 1, 'tp_sp': True, 'train': {'dp': 16, 'ep': 1, 'tp_ep': True}, 'inference': {'replica_count': 1, 'moe_dp': 1}}
4096	96.059585	nan	nan	0.010410	6.861550e+18	7.143015e+16	3.118694e+14	0.055918	False	0.000000	104.136188	{'tp': 8, 'cp': 2, 'pp': 32, 'mb': 32, 'tp_sp': True, 'train': {'dp': 8, 'ep': 1, 'tp_ep': True}, 'inference': {'replica_count': 1, 'moe_dp': 1}}
512	68.177916	nan	nan	0.014668	6.861550e+18	1.006418e+17	3.118694e+14	0.630283	True	25.656433	97.915616	{'tp': 16, 'cp': 2, 'pp': 1, 'mb': 1, 'tp_sp': True, 'train': {'dp': 16, 'ep': 1, 'tp_ep': True}, 'inference': {'replica_count': 1, 'moe_dp': 1}}
128	238.500547	nan	nan	0.004193	6.861550e+18	2.876954e+16	3.118694e+14	0.720693	True	336.570068	106.183253	{'tp': 4, 'cp': 2, 'pp': 1, 'mb': 1, 'tp_sp': True, 'train': {'dp': 16, 'ep': 1, 'tp_ep': True}, 'inference': {'replica_count': 1, 'moe_dp': 1}}
4096	27.130917	nan	nan	0.036858	6.861550e+18	2.529052e+17	3.118694e+14	0.197982	False	0.000000	184.863494	{'tp': 32, 'cp': 2, 'pp': 8, 'mb': 8, 'tp_sp': True, 'train': {'dp': 8, 'ep': 1, 'tp_ep': True}, 'inference': {'replica_count': 1, 'moe_dp': 1}}
1024	39.778294	nan	nan	0.025139	6.861550e+18	1.724948e+17	3.118694e+14	0.540136	False	0.000000	108.243111	{'tp': 32, 'cp': 2, 'pp': 1, 'mb': 1, 'tp_sp': True, 'train': {'dp': 16, 'ep': 1, 'tp_ep': True}, 'inference': {'replica_count': 1, 'moe_dp': 1}}
1024	52.708531	nan	nan	0.018972	6.861550e+18	1.301791e+17	3.118694e+14	0.407632	False	0.000000	62.901593	{'tp': 16, 'cp': 2, 'pp': 2, 'mb': 2, 'tp_sp': True, 'train': {'dp': 16, 'ep': 1, 'tp_ep': True}, 'inference': {'replica_count': 1, 'moe_dp': 1}}
512	107.474341	nan	nan	0.009305	6.861550e+18	6.384361e+16	3.118694e+14	0.399829	True	27.371429	41.926147	{'tp': 4, 'cp': 2, 'pp': 4, 'mb': 4, 'tp_sp': True, 'train': {'dp': 16, 'ep': 1, 'tp_ep': True}, 'inference': {'replica_count': 1, 'moe_dp': 1}}
128	405.778656	nan	nan	0.002464	6.861550e+18	1.690959e+16	3.118694e+14	0.423594	True	347.971802	55.833130	{'tp': 1, 'cp': 2, 'pp': 4, 'mb': 4, 'tp_sp': True, 'train': {'dp': 16, 'ep': 1, 'tp_ep': True}, 'inference': {'replica_count': 1, 'moe_dp': 1}}
1024	57.946094	nan	nan	0.017257	6.861550e+18	1.184126e+17	3.118694e+14	0.370788	False	0.000000	42.496526	{'tp': 8, 'cp': 2, 'pp': 4, 'mb': 4, 'tp_sp': True, 'train': {'dp': 16, 'ep': 1, 'tp_ep': True}, 'inference': {'replica_count': 1, 'moe_dp': 1}}
256	206.723344	nan	nan	0.004837	6.861550e+18	3.319195e+16	3.118694e+14	0.415738	True	134.238220	45.777788	{'tp': 2, 'cp': 2, 'pp': 4, 'mb': 4, 'tp_sp': True, 'train': {'dp': 16, 'ep': 1, 'tp_ep': True}, 'inference': {'replica_count': 1, 'moe_dp': 1}}
2048	33.149662	nan	nan	0.030166	6.861550e+18	2.069870e+17	3.118694e+14	0.324071	False	0.000000	52.579156	{'tp': 16, 'cp': 2, 'pp': 4, 'mb': 4, 'tp_sp': True, 'train': {'dp': 16, 'ep': 1, 'tp_ep': True}, 'inference': {'replica_count': 1, 'moe_dp': 1}}
512	223.344739	nan	nan	0.004477	6.861550e+18	3.072179e+16	3.118694e+14	0.192399	True	30.331970	48.889474	{'tp': 2, 'cp': 2, 'pp': 8, 'mb': 8, 'tp_sp': True, 'train': {'dp': 16, 'ep': 1, 'tp_ep': True}, 'inference': {'replica_count': 1, 'moe_dp': 1}}
1024	118.634407	nan	nan	0.008429	6.861550e+18	5.783777e+16	3.118694e+14	0.181108	False	0.000000	45.444750	{'tp': 4, 'cp': 2, 'pp': 8, 'mb': 8, 'tp_sp': True, 'train': {'dp': 16, 'ep': 1, 'tp_ep': True}, 'inference': {'replica_count': 1, 'moe_dp': 1}}
2048	31.368741	nan	nan	0.031879	6.861550e+18	2.187385e+17	3.118694e+14	0.342470	False	0.000000	85.739906	{'tp': 32, 'cp': 2, 'pp': 2, 'mb': 2, 'tp_sp': True, 'train': {'dp': 16, 'ep': 1, 'tp_ep': True}, 'inference': {'replica_count': 1, 'moe_dp': 1}}
256	435.133945	nan	nan	0.002298	6.861550e+18	1.576882e+16	3.118694e+14	0.197509	True	140.159302	57.052655	{'tp': 1, 'cp': 2, 'pp': 8, 'mb': 8, 'tp_sp': True, 'train': {'dp': 16, 'ep': 1, 'tp_ep': True}, 'inference': {'replica_count': 1, 'moe_dp': 1}}
2048	66.380774	nan	nan	0.015065	6.861550e+18	1.033665e+17	3.118694e+14	0.161837	False	0.000000	51.677888	{'tp': 8, 'cp': 2, 'pp': 8, 'mb': 8, 'tp_sp': True, 'train': {'dp': 16, 'ep': 1, 'tp_ep': True}, 'inference': {'replica_count': 1, 'moe_dp': 1}}
1024	234.400630	nan	nan	0.004266	6.861550e+18	2.927275e+16	3.118694e+14	0.091662	False	0.000000	53.282632	{'tp': 2, 'cp': 2, 'pp': 16, 'mb': 16, 'tp_sp': True, 'train': {'dp': 16, 'ep': 1, 'tp_ep': True}, 'inference': {'replica_count': 1, 'moe_dp': 1}}
512	449.966733	nan	nan	0.002222	6.861550e+18	1.524902e+16	3.118694e+14	0.095499	True	36.253052	58.587595	{'tp': 1, 'cp': 2, 'pp': 16, 'mb': 16, 'tp_sp': True, 'train': {'dp': 16, 'ep': 1, 'tp_ep': True}, 'inference': {'replica_count': 1, 'moe_dp': 1}}
2048	129.649077	nan	nan	0.007713	6.861550e+18	5.292402e+16	3.118694e+14	0.082861	False	0.000000	56.426400	{'tp': 4, 'cp': 2, 'pp': 16, 'mb': 16, 'tp_sp': True, 'train': {'dp': 16, 'ep': 1, 'tp_ep': True}, 'inference': {'replica_count': 1, 'moe_dp': 1}}
4096	40.219873	nan	nan	0.024863	6.861550e+18	1.706010e+17	3.118694e+14	0.133552	False	0.000000	74.411375	{'tp': 16, 'cp': 2, 'pp': 8, 'mb': 8, 'tp_sp': True, 'train': {'dp': 16, 'ep': 1, 'tp_ep': True}, 'inference': {'replica_count': 1, 'moe_dp': 1}}
2048	25.638459	nan	nan	0.039004	6.861550e+18	2.676272e+17	3.118694e+14	0.419013	False	0.000000	179.320974	{'tp': 64, 'cp': 2, 'pp': 1, 'mb': 1, 'tp_sp': True, 'train': {'dp': 16, 'ep': 1, 'tp_ep': True}, 'inference': {'replica_count': 1, 'moe_dp': 1}}
1024	457.182436	nan	nan	0.002187	6.861550e+18	1.500834e+16	3.118694e+14	0.046996	False	0.000000	65.697714	{'tp': 1, 'cp': 2, 'pp': 32, 'mb': 32, 'tp_sp': True, 'train': {'dp': 16, 'ep': 1, 'tp_ep': True}, 'inference': {'replica_count': 1, 'moe_dp': 1}}
4096	77.374841	nan	nan	0.012924	6.861550e+18	8.867934e+16	3.118694e+14	0.069421	False	0.000000	70.416702	{'tp': 8, 'cp': 2, 'pp': 16, 'mb': 16, 'tp_sp': True, 'train': {'dp': 16, 'ep': 1, 'tp_ep': True}, 'inference': {'replica_count': 1, 'moe_dp': 1}}
4096	20.742911	nan	nan	0.048209	6.861550e+18	3.307901e+17	3.118694e+14	0.258952	False	0.000000	104.967195	{'tp': 32, 'cp': 2, 'pp': 4, 'mb': 4, 'tp_sp': True, 'train': {'dp': 16, 'ep': 1, 'tp_ep': True}, 'inference': {'replica_count': 1, 'moe_dp': 1}}
2048	244.959465	nan	nan	0.004082	6.861550e+18	2.801096e+16	3.118694e+14	0.043856	False	0.000000	65.906423	{'tp': 2, 'cp': 2, 'pp': 32, 'mb': 32, 'tp_sp': True, 'train': {'dp': 16, 'ep': 1, 'tp_ep': True}, 'inference': {'replica_count': 1, 'moe_dp': 1}}
512	62.666035	nan	nan	0.015958	6.861550e+18	1.094939e+17	3.118694e+14	0.685721	True	118.652039	57.202765	{'tp': 8, 'cp': 2, 'pp': 1, 'mb': 1, 'tp_sp': True, 'train': {'dp': 32, 'ep': 1, 'tp_ep': True}, 'inference': {'replica_count': 1, 'moe_dp': 1}}
256	119.535953	nan	nan	0.008366	6.861550e+18	5.740156e+16	3.118694e+14	0.718970	True	316.294800	62.258393	{'tp': 4, 'cp': 2, 'pp': 1, 'mb': 1, 'tp_sp': True, 'train': {'dp': 32, 'ep': 1, 'tp_ep': True}, 'inference': {'replica_count': 1, 'moe_dp': 1}}
1024	34.239831	nan	nan	0.029206	6.861550e+18	2.003967e+17	3.118694e+14	0.627506	True	19.830658	58.427556	{'tp': 16, 'cp': 2, 'pp': 1, 'mb': 1, 'tp_sp': True, 'train': {'dp': 32, 'ep': 1, 'tp_ep': True}, 'inference': {'replica_count': 1, 'moe_dp': 1}}
128	233.516831	nan	nan	0.004282	6.861550e+18	2.938354e+16	3.118694e+14	0.736074	True	711.580322	70.459660	{'tp': 2, 'cp': 2, 'pp': 1, 'mb': 1, 'tp_sp': True, 'train': {'dp': 32, 'ep': 1, 'tp_ep': True}, 'inference': {'replica_count': 1, 'moe_dp': 1}}
4096	145.588973	nan	nan	0.006869	6.861550e+18	4.712960e+16	3.118694e+14	0.036894	False	0.000000	76.598504	{'tp': 4, 'cp': 2, 'pp': 32, 'mb': 32, 'tp_sp': True, 'train': {'dp': 16, 'ep': 1, 'tp_ep': True}, 'inference': {'replica_count': 1, 'moe_dp': 1}}
1024	47.978157	nan	nan	0.020843	6.861550e+18	1.430140e+17	3.118694e+14	0.447822	True	19.838211	38.579022	{'tp': 8, 'cp': 2, 'pp': 2, 'mb': 2, 'tp_sp': True, 'train': {'dp': 32, 'ep': 1, 'tp_ep': True}, 'inference': {'replica_count': 1, 'moe_dp': 1}}
512	90.716873	nan	nan	0.011023	6.861550e+18	7.563698e+16	3.118694e+14	0.473687	True	119.171783	41.170138	{'tp': 4, 'cp': 2, 'pp': 2, 'mb': 2, 'tp_sp': True, 'train': {'dp': 32, 'ep': 1, 'tp_ep': True}, 'inference': {'replica_count': 1, 'moe_dp': 1}}
256	176.360440	nan	nan	0.005670	6.861550e+18	3.890640e+16	3.118694e+14	0.487313	True	317.838928	44.886978	{'tp': 2, 'cp': 2, 'pp': 2, 'mb': 2, 'tp_sp': True, 'train': {'dp': 32, 'ep': 1, 'tp_ep': True}, 'inference': {'replica_count': 1, 'moe_dp': 1}}
128	347.042958	nan	nan	0.002881	6.861550e+18	1.977147e+16	3.118694e+14	0.495286	True	715.173218	56.264369	{'tp': 1, 'cp': 2, 'pp': 2, 'mb': 2, 'tp_sp': True, 'train': {'dp': 32, 'ep': 1, 'tp_ep': True}, 'inference': {'replica_count': 1, 'moe_dp': 1}}
2048	26.580919	nan	nan	0.037621	6.861550e+18	2.581382e+17	3.118694e+14	0.404156	False	0.000000	42.746354	{'tp': 16, 'cp': 2, 'pp': 2, 'mb': 2, 'tp_sp': True, 'train': {'dp': 32, 'ep': 1, 'tp_ep': True}, 'inference': {'replica_count': 1, 'moe_dp': 1}}
2048	20.013752	nan	nan	0.049966	6.861550e+18	3.428418e+17	3.118694e+14	0.536773	False	0.000000	68.722170	{'tp': 32, 'cp': 2, 'pp': 1, 'mb': 1, 'tp_sp': True, 'train': {'dp': 32, 'ep': 1, 'tp_ep': True}, 'inference': {'replica_count': 1, 'moe_dp': 1}}
1024	107.474247	nan	nan	0.009305	6.861550e+18	6.384367e+16	3.118694e+14	0.199915	True	22.826569	42.507128	{'tp': 4, 'cp': 2, 'pp': 4, 'mb': 4, 'tp_sp': True, 'train': {'dp': 32, 'ep': 1, 'tp_ep': True}, 'inference': {'replica_count': 1, 'moe_dp': 1}}
512	206.723242	nan	nan	0.004837	6.861550e+18	3.319196e+16	3.118694e+14	0.207869	True	125.148499	46.140435	{'tp': 2, 'cp': 2, 'pp': 4, 'mb': 4, 'tp_sp': True, 'train': {'dp': 32, 'ep': 1, 'tp_ep': True}, 'inference': {'replica_count': 1, 'moe_dp': 1}}
2048	57.946004	nan	nan	0.017257	6.861550e+18	1.184128e+17	3.118694e+14	0.185394	False	0.000000	43.114130	{'tp': 8, 'cp': 2, 'pp': 4, 'mb': 4, 'tp_sp': True, 'train': {'dp': 32, 'ep': 1, 'tp_ep': True}, 'inference': {'replica_count': 1, 'moe_dp': 1}}
256	405.778588	nan	nan	0.002464	6.861550e+18	1.690959e+16	3.118694e+14	0.211797	True	329.792358	57.491831	{'tp': 1, 'cp': 2, 'pp': 4, 'mb': 4, 'tp_sp': True, 'train': {'dp': 32, 'ep': 1, 'tp_ep': True}, 'inference': {'replica_count': 1, 'moe_dp': 1}}
4096	16.102493	nan	nan	0.062102	6.861550e+18	4.261173e+17	3.118694e+14	0.333577	False	0.000000	65.915884	{'tp': 32, 'cp': 2, 'pp': 2, 'mb': 2, 'tp_sp': True, 'train': {'dp': 32, 'ep': 1, 'tp_ep': True}, 'inference': {'replica_count': 1, 'moe_dp': 1}}
4096	33.149574	nan	nan	0.030166	6.861550e+18	2.069876e+17	3.118694e+14	0.162036	False	0.000000	51.926048	{'tp': 16, 'cp': 2, 'pp': 4, 'mb': 4, 'tp_sp': True, 'train': {'dp': 32, 'ep': 1, 'tp_ep': True}, 'inference': {'replica_count': 1, 'moe_dp': 1}}
2048	118.631539	nan	nan	0.008429	6.861550e+18	5.783917e+16	3.118694e+14	0.090556	False	0.000000	46.335728	{'tp': 4, 'cp': 2, 'pp': 8, 'mb': 8, 'tp_sp': True, 'train': {'dp': 32, 'ep': 1, 'tp_ep': True}, 'inference': {'replica_count': 1, 'moe_dp': 1}}
512	435.131401	nan	nan	0.002298	6.861550e+18	1.576892e+16	3.118694e+14	0.098755	True	130.886108	59.433810	{'tp': 1, 'cp': 2, 'pp': 8, 'mb': 8, 'tp_sp': True, 'train': {'dp': 32, 'ep': 1, 'tp_ep': True}, 'inference': {'replica_count': 1, 'moe_dp': 1}}
1024	223.341730	nan	nan	0.004477	6.861550e+18	3.072220e+16	3.118694e+14	0.096201	True	25.695374	49.753472	{'tp': 2, 'cp': 2, 'pp': 8, 'mb': 8, 'tp_sp': True, 'train': {'dp': 32, 'ep': 1, 'tp_ep': True}, 'inference': {'replica_count': 1, 'moe_dp': 1}}
4096	66.377976	nan	nan	0.015065	6.861550e+18	1.033709e+17	3.118694e+14	0.080922	False	0.000000	52.688781	{'tp': 8, 'cp': 2, 'pp': 8, 'mb': 8, 'tp_sp': True, 'train': {'dp': 32, 'ep': 1, 'tp_ep': True}, 'inference': {'replica_count': 1, 'moe_dp': 1}}
4096	20.737780	nan	nan	0.048221	6.861550e+18	3.308720e+17	3.118694e+14	0.259016	False	0.000000	225.086140	{'tp': 64, 'cp': 2, 'pp': 2, 'mb': 2, 'tp_sp': True, 'train': {'dp': 16, 'ep': 1, 'tp_ep': True}, 'inference': {'replica_count': 1, 'moe_dp': 1}}
4096	28.628998	nan	nan	0.034930	6.861550e+18	2.396713e+17	3.118694e+14	0.187622	False	0.000000	411.627936	{'tp': 64, 'cp': 2, 'pp': 4, 'mb': 4, 'tp_sp': True, 'train': {'dp': 8, 'ep': 1, 'tp_ep': True}, 'inference': {'replica_count': 1, 'moe_dp': 1}}
2048	234.400630	nan	nan	0.004266	6.861550e+18	2.927275e+16	3.118694e+14	0.045831	False	0.000000	56.582039	{'tp': 2, 'cp': 2, 'pp': 16, 'mb': 16, 'tp_sp': True, 'train': {'dp': 32, 'ep': 1, 'tp_ep': True}, 'inference': {'replica_count': 1, 'moe_dp': 1}}
1024	449.966733	nan	nan	0.002222	6.861550e+18	1.524902e+16	3.118694e+14	0.047750	True	31.432983	62.716175	{'tp': 1, 'cp': 2, 'pp': 16, 'mb': 16, 'tp_sp': True, 'train': {'dp': 32, 'ep': 1, 'tp_ep': True}, 'inference': {'replica_count': 1, 'moe_dp': 1}}
512	60.024103	nan	nan	0.016660	6.861550e+18	1.143132e+17	3.118694e+14	0.715902	True	306.157166	39.478396	{'tp': 4, 'cp': 2, 'pp': 1, 'mb': 1, 'tp_sp': True, 'train': {'dp': 64, 'ep': 1, 'tp_ep': True}, 'inference': {'replica_count': 1, 'moe_dp': 1}}
1024	31.532768	nan	nan	0.031713	6.861550e+18	2.176006e+17	3.118694e+14	0.681377	True	113.330902	36.789865	{'tp': 8, 'cp': 2, 'pp': 1, 'mb': 1, 'tp_sp': True, 'train': {'dp': 64, 'ep': 1, 'tp_ep': True}, 'inference': {'replica_count': 1, 'moe_dp': 1}}
4096	129.649077	nan	nan	0.007713	6.861550e+18	5.292402e+16	3.118694e+14	0.041430	False	0.000000	58.243663	{'tp': 4, 'cp': 2, 'pp': 16, 'mb': 16, 'tp_sp': True, 'train': {'dp': 32, 'ep': 1, 'tp_ep': True}, 'inference': {'replica_count': 1, 'moe_dp': 1}}
256	117.117530	nan	nan	0.008538	6.861550e+18	5.858688e+16	3.118694e+14	0.733817	True	691.809692	45.981594	{'tp': 2, 'cp': 2, 'pp': 1, 'mb': 1, 'tp_sp': True, 'train': {'dp': 64, 'ep': 1, 'tp_ep': True}, 'inference': {'replica_count': 1, 'moe_dp': 1}}
128	230.901306	nan	nan	0.004331	6.861550e+18	2.971638e+16	3.118694e+14	0.744411	True	1463.280331	56.987305	{'tp': 1, 'cp': 2, 'pp': 1, 'mb': 1, 'tp_sp': True, 'train': {'dp': 64, 'ep': 1, 'tp_ep': True}, 'inference': {'replica_count': 1, 'moe_dp': 1}}
2048	17.268514	nan	nan	0.057909	6.861550e+18	3.973446e+17	3.118694e+14	0.622106	True	16.917770	38.605125	{'tp': 16, 'cp': 2, 'pp': 1, 'mb': 1, 'tp_sp': True, 'train': {'dp': 64, 'ep': 1, 'tp_ep': True}, 'inference': {'replica_count': 1, 'moe_dp': 1}}
4096	12.926668	nan	nan	0.077359	6.861550e+18	5.308058e+17	3.118694e+14	0.415530	False	0.000000	141.369061	{'tp': 64, 'cp': 2, 'pp': 1, 'mb': 1, 'tp_sp': True, 'train': {'dp': 32, 'ep': 1, 'tp_ep': True}, 'inference': {'replica_count': 1, 'moe_dp': 1}}
4096	244.914329	nan	nan	0.004083	6.861550e+18	2.801612e+16	3.118694e+14	0.021932	False	0.000000	73.253631	{'tp': 2, 'cp': 2, 'pp': 32, 'mb': 32, 'tp_sp': True, 'train': {'dp': 32, 'ep': 1, 'tp_ep': True}, 'inference': {'replica_count': 1, 'moe_dp': 1}}
2048	457.135949	nan	nan	0.002188	6.861550e+18	1.500987e+16	3.118694e+14	0.023500	False	0.000000	73.862560	{'tp': 1, 'cp': 2, 'pp': 32, 'mb': 32, 'tp_sp': True, 'train': {'dp': 32, 'ep': 1, 'tp_ep': True}, 'inference': {'replica_count': 1, 'moe_dp': 1}}
4096	10.581228	nan	nan	0.094507	6.861550e+18	6.484645e+17	3.118694e+14	0.507637	False	0.000000	49.620226	{'tp': 32, 'cp': 2, 'pp': 1, 'mb': 1, 'tp_sp': True, 'train': {'dp': 64, 'ep': 1, 'tp_ep': True}, 'inference': {'replica_count': 1, 'moe_dp': 1}}
2048	47.978160	nan	nan	0.020843	6.861550e+18	1.430140e+17	3.118694e+14	0.223911	True	17.623505	40.069557	{'tp': 8, 'cp': 2, 'pp': 2, 'mb': 2, 'tp_sp': True, 'train': {'dp': 64, 'ep': 1, 'tp_ep': True}, 'inference': {'replica_count': 1, 'moe_dp': 1}}
1024	90.716875	nan	nan	0.011023	6.861550e+18	7.563698e+16	3.118694e+14	0.236843	True	114.742371	41.193021	{'tp': 4, 'cp': 2, 'pp': 2, 'mb': 2, 'tp_sp': True, 'train': {'dp': 64, 'ep': 1, 'tp_ep': True}, 'inference': {'replica_count': 1, 'moe_dp': 1}}
512	176.360441	nan	nan	0.005670	6.861550e+18	3.890640e+16	3.118694e+14	0.243657	True	308.980103	46.786298	{'tp': 2, 'cp': 2, 'pp': 2, 'mb': 2, 'tp_sp': True, 'train': {'dp': 64, 'ep': 1, 'tp_ep': True}, 'inference': {'replica_count': 1, 'moe_dp': 1}}
256	347.042954	nan	nan	0.002881	6.861550e+18	1.977147e+16	3.118694e+14	0.247643	True	697.455566	56.535804	{'tp': 1, 'cp': 2, 'pp': 2, 'mb': 2, 'tp_sp': True, 'train': {'dp': 64, 'ep': 1, 'tp_ep': True}, 'inference': {'replica_count': 1, 'moe_dp': 1}}
4096	26.580922	nan	nan	0.037621	6.861550e+18	2.581382e+17	3.118694e+14	0.202078	False	0.000000	44.172672	{'tp': 16, 'cp': 2, 'pp': 2, 'mb': 2, 'tp_sp': True, 'train': {'dp': 64, 'ep': 1, 'tp_ep': True}, 'inference': {'replica_count': 1, 'moe_dp': 1}}
2048	107.473504	nan	nan	0.009305	6.861550e+18	6.384411e+16	3.118694e+14	0.099958	True	20.554138	43.842172	{'tp': 4, 'cp': 2, 'pp': 4, 'mb': 4, 'tp_sp': True, 'train': {'dp': 64, 'ep': 1, 'tp_ep': True}, 'inference': {'replica_count': 1, 'moe_dp': 1}}
4096	57.945278	nan	nan	0.017258	6.861550e+18	1.184143e+17	3.118694e+14	0.092698	False	0.000000	45.288688	{'tp': 8, 'cp': 2, 'pp': 4, 'mb': 4, 'tp_sp': True, 'train': {'dp': 64, 'ep': 1, 'tp_ep': True}, 'inference': {'replica_count': 1, 'moe_dp': 1}}
1024	206.722463	nan	nan	0.004837	6.861550e+18	3.319209e+16	3.118694e+14	0.103935	True	120.603638	48.607162	{'tp': 2, 'cp': 2, 'pp': 4, 'mb': 4, 'tp_sp': True, 'train': {'dp': 64, 'ep': 1, 'tp_ep': True}, 'inference': {'replica_count': 1, 'moe_dp': 1}}
512	405.778093	nan	nan	0.002464	6.861550e+18	1.690961e+16	3.118694e+14	0.105899	True	320.702637	59.846543	{'tp': 1, 'cp': 2, 'pp': 4, 'mb': 4, 'tp_sp': True, 'train': {'dp': 64, 'ep': 1, 'tp_ep': True}, 'inference': {'replica_count': 1, 'moe_dp': 1}}
2048	223.339610	nan	nan	0.004477	6.861550e+18	3.072250e+16	3.118694e+14	0.048101	True	23.377075	53.042787	{'tp': 2, 'cp': 2, 'pp': 8, 'mb': 8, 'tp_sp': True, 'train': {'dp': 64, 'ep': 1, 'tp_ep': True}, 'inference': {'replica_count': 1, 'moe_dp': 1}}
4096	118.629521	nan	nan	0.008430	6.861550e+18	5.784016e+16	3.118694e+14	0.045279	False	0.000000	50.492262	{'tp': 4, 'cp': 2, 'pp': 8, 'mb': 8, 'tp_sp': True, 'train': {'dp': 64, 'ep': 1, 'tp_ep': True}, 'inference': {'replica_count': 1, 'moe_dp': 1}}
1024	435.129605	nan	nan	0.002298	6.861550e+18	1.576898e+16	3.118694e+14	0.049378	True	126.249512	62.629661	{'tp': 1, 'cp': 2, 'pp': 8, 'mb': 8, 'tp_sp': True, 'train': {'dp': 64, 'ep': 1, 'tp_ep': True}, 'inference': {'replica_count': 1, 'moe_dp': 1}}
1024	60.024124	nan	nan	0.016660	6.861550e+18	1.143132e+17	3.118694e+14	0.357951	True	301.750687	41.743280	{'tp': 4, 'cp': 2, 'pp': 1, 'mb': 1, 'tp_sp': True, 'train': {'dp': 128, 'ep': 1, 'tp_ep': True}, 'inference': {'replica_count': 1, 'moe_dp': 1}}
2048	31.532789	nan	nan	0.031713	6.861550e+18	2.176005e+17	3.118694e+14	0.340688	True	111.127663	39.896060	{'tp': 8, 'cp': 2, 'pp': 1, 'mb': 1, 'tp_sp': True, 'train': {'dp': 128, 'ep': 1, 'tp_ep': True}, 'inference': {'replica_count': 1, 'moe_dp': 1}}
512	117.117550	nan	nan	0.008538	6.861550e+18	5.858687e+16	3.118694e+14	0.366908	True	682.996735	48.127668	{'tp': 2, 'cp': 2, 'pp': 1, 'mb': 1, 'tp_sp': True, 'train': {'dp': 128, 'ep': 1, 'tp_ep': True}, 'inference': {'replica_count': 1, 'moe_dp': 1}}
4096	17.268535	nan	nan	0.057909	6.861550e+18	3.973441e+17	3.118694e+14	0.311053	True	15.816151	40.537422	{'tp': 16, 'cp': 2, 'pp': 1, 'mb': 1, 'tp_sp': True, 'train': {'dp': 128, 'ep': 1, 'tp_ep': True}, 'inference': {'replica_count': 1, 'moe_dp': 1}}
256	230.901325	nan	nan	0.004331	6.861550e+18	2.971637e+16	3.118694e+14	0.372206	True	1445.654415	58.523368	{'tp': 1, 'cp': 2, 'pp': 1, 'mb': 1, 'tp_sp': True, 'train': {'dp': 128, 'ep': 1, 'tp_ep': True}, 'inference': {'replica_count': 1, 'moe_dp': 1}}
2048	449.966733	nan	nan	0.002222	6.861550e+18	1.524902e+16	3.118694e+14	0.023875	True	29.022949	68.959620	{'tp': 1, 'cp': 2, 'pp': 16, 'mb': 16, 'tp_sp': True, 'train': {'dp': 64, 'ep': 1, 'tp_ep': True}, 'inference': {'replica_count': 1, 'moe_dp': 1}}
4096	234.400630	nan	nan	0.004266	6.861550e+18	2.927275e+16	3.118694e+14	0.022916	False	0.000000	63.149277	{'tp': 2, 'cp': 2, 'pp': 16, 'mb': 16, 'tp_sp': True, 'train': {'dp': 64, 'ep': 1, 'tp_ep': True}, 'inference': {'replica_count': 1, 'moe_dp': 1}}
2048	90.716684	nan	nan	0.011023	6.861550e+18	7.563714e+16	3.118694e+14	0.118422	True	112.527664	45.365508	{'tp': 4, 'cp': 2, 'pp': 2, 'mb': 2, 'tp_sp': True, 'train': {'dp': 128, 'ep': 1, 'tp_ep': True}, 'inference': {'replica_count': 1, 'moe_dp': 1}}
4096	47.977973	nan	nan	0.020843	6.861550e+18	1.430146e+17	3.118694e+14	0.111956	True	16.516151	43.862844	{'tp': 8, 'cp': 2, 'pp': 2, 'mb': 2, 'tp_sp': True, 'train': {'dp': 128, 'ep': 1, 'tp_ep': True}, 'inference': {'replica_count': 1, 'moe_dp': 1}}
1024	176.360240	nan	nan	0.005670	6.861550e+18	3.890645e+16	3.118694e+14	0.121828	True	304.550690	49.943173	{'tp': 2, 'cp': 2, 'pp': 2, 'mb': 2, 'tp_sp': True, 'train': {'dp': 128, 'ep': 1, 'tp_ep': True}, 'inference': {'replica_count': 1, 'moe_dp': 1}}
512	347.042736	nan	nan	0.002881	6.861550e+18	1.977148e+16	3.118694e+14	0.123822	True	688.596741	61.883261	{'tp': 1, 'cp': 2, 'pp': 2, 'mb': 2, 'tp_sp': True, 'train': {'dp': 128, 'ep': 1, 'tp_ep': True}, 'inference': {'replica_count': 1, 'moe_dp': 1}}
4096	107.472995	nan	nan	0.009305	6.861550e+18	6.384441e+16	3.118694e+14	0.049979	True	19.417923	49.561505	{'tp': 4, 'cp': 2, 'pp': 4, 'mb': 4, 'tp_sp': True, 'train': {'dp': 128, 'ep': 1, 'tp_ep': True}, 'inference': {'replica_count': 1, 'moe_dp': 1}}
4096	457.110522	nan	nan	0.002188	6.861550e+18	1.501070e+16	3.118694e+14	0.011751	False	0.000000	91.726641	{'tp': 1, 'cp': 2, 'pp': 32, 'mb': 32, 'tp_sp': True, 'train': {'dp': 64, 'ep': 1, 'tp_ep': True}, 'inference': {'replica_count': 1, 'moe_dp': 1}}
2048	206.721930	nan	nan	0.004837	6.861550e+18	3.319217e+16	3.118694e+14	0.051968	True	118.331207	54.415555	{'tp': 2, 'cp': 2, 'pp': 4, 'mb': 4, 'tp_sp': True, 'train': {'dp': 128, 'ep': 1, 'tp_ep': True}, 'inference': {'replica_count': 1, 'moe_dp': 1}}
1024	405.777752	nan	nan	0.002464	6.861550e+18	1.690963e+16	3.118694e+14	0.052949	True	316.157776	64.078523	{'tp': 1, 'cp': 2, 'pp': 4, 'mb': 4, 'tp_sp': True, 'train': {'dp': 128, 'ep': 1, 'tp_ep': True}, 'inference': {'replica_count': 1, 'moe_dp': 1}}
1024	117.117505	nan	nan	0.008538	6.861550e+18	5.858689e+16	3.118694e+14	0.183454	True	678.590256	54.201851	{'tp': 2, 'cp': 2, 'pp': 1, 'mb': 1, 'tp_sp': True, 'train': {'dp': 256, 'ep': 1, 'tp_ep': True}, 'inference': {'replica_count': 1, 'moe_dp': 1}}
4096	31.532747	nan	nan	0.031713	6.861550e+18	2.176008e+17	3.118694e+14	0.170344	True	110.026043	45.334576	{'tp': 8, 'cp': 2, 'pp': 1, 'mb': 1, 'tp_sp': True, 'train': {'dp': 256, 'ep': 1, 'tp_ep': True}, 'inference': {'replica_count': 1, 'moe_dp': 1}}
4096	223.338960	nan	nan	0.004477	6.861550e+18	3.072258e+16	3.118694e+14	0.024051	True	22.217926	61.788331	{'tp': 2, 'cp': 2, 'pp': 8, 'mb': 8, 'tp_sp': True, 'train': {'dp': 128, 'ep': 1, 'tp_ep': True}, 'inference': {'replica_count': 1, 'moe_dp': 1}}
2048	60.024081	nan	nan	0.016660	6.861550e+18	1.143133e+17	3.118694e+14	0.178976	True	299.547447	48.662687	{'tp': 4, 'cp': 2, 'pp': 1, 'mb': 1, 'tp_sp': True, 'train': {'dp': 256, 'ep': 1, 'tp_ep': True}, 'inference': {'replica_count': 1, 'moe_dp': 1}}
2048	435.129110	nan	nan	0.002298	6.861550e+18	1.576900e+16	3.118694e+14	0.024689	True	123.931213	70.146175	{'tp': 1, 'cp': 2, 'pp': 8, 'mb': 8, 'tp_sp': True, 'train': {'dp': 128, 'ep': 1, 'tp_ep': True}, 'inference': {'replica_count': 1, 'moe_dp': 1}}
512	230.901275	nan	nan	0.004331	6.861550e+18	2.971638e+16	3.118694e+14	0.186103	True	1436.841457	64.682661	{'tp': 1, 'cp': 2, 'pp': 1, 'mb': 1, 'tp_sp': True, 'train': {'dp': 256, 'ep': 1, 'tp_ep': True}, 'inference': {'replica_count': 1, 'moe_dp': 1}}
4096	90.716562	nan	nan	0.011023	6.861550e+18	7.563724e+16	3.118694e+14	0.059211	True	111.420311	56.720385	{'tp': 4, 'cp': 2, 'pp': 2, 'mb': 2, 'tp_sp': True, 'train': {'dp': 256, 'ep': 1, 'tp_ep': True}, 'inference': {'replica_count': 1, 'moe_dp': 1}}
2048	176.360112	nan	nan	0.005670	6.861550e+18	3.890647e+16	3.118694e+14	0.060914	True	302.335983	63.503601	{'tp': 2, 'cp': 2, 'pp': 2, 'mb': 2, 'tp_sp': True, 'train': {'dp': 256, 'ep': 1, 'tp_ep': True}, 'inference': {'replica_count': 1, 'moe_dp': 1}}
1024	347.042596	nan	nan	0.002881	6.861550e+18	1.977149e+16	3.118694e+14	0.061911	True	684.167328	71.325064	{'tp': 1, 'cp': 2, 'pp': 2, 'mb': 2, 'tp_sp': True, 'train': {'dp': 256, 'ep': 1, 'tp_ep': True}, 'inference': {'replica_count': 1, 'moe_dp': 1}}
4096	449.966733	nan	nan	0.002222	6.861550e+18	1.524902e+16	3.118694e+14	0.011937	True	27.817932	88.881549	{'tp': 1, 'cp': 2, 'pp': 16, 'mb': 16, 'tp_sp': True, 'train': {'dp': 128, 'ep': 1, 'tp_ep': True}, 'inference': {'replica_count': 1, 'moe_dp': 1}}
4096	206.721664	nan	nan	0.004837	6.861550e+18	3.319222e+16	3.118694e+14	0.025984	True	117.194992	67.482286	{'tp': 2, 'cp': 2, 'pp': 4, 'mb': 4, 'tp_sp': True, 'train': {'dp': 256, 'ep': 1, 'tp_ep': True}, 'inference': {'replica_count': 1, 'moe_dp': 1}}
2048	405.777580	nan	nan	0.002464	6.861550e+18	1.690963e+16	3.118694e+14	0.026475	True	313.885345	77.862310	{'tp': 1, 'cp': 2, 'pp': 4, 'mb': 4, 'tp_sp': True, 'train': {'dp': 256, 'ep': 1, 'tp_ep': True}, 'inference': {'replica_count': 1, 'moe_dp': 1}}
4096	60.024061	nan	nan	0.016660	6.861550e+18	1.143133e+17	3.118694e+14	0.089488	True	298.445827	62.107161	{'tp': 4, 'cp': 2, 'pp': 1, 'mb': 1, 'tp_sp': True, 'train': {'dp': 512, 'ep': 1, 'tp_ep': True}, 'inference': {'replica_count': 1, 'moe_dp': 1}}
2048	117.117483	nan	nan	0.008538	6.861550e+18	5.858690e+16	3.118694e+14	0.091727	True	676.387016	66.931519	{'tp': 2, 'cp': 2, 'pp': 1, 'mb': 1, 'tp_sp': True, 'train': {'dp': 512, 'ep': 1, 'tp_ep': True}, 'inference': {'replica_count': 1, 'moe_dp': 1}}
1024	230.901251	nan	nan	0.004331	6.861550e+18	2.971638e+16	3.118694e+14	0.093051	True	1432.434978	78.505014	{'tp': 1, 'cp': 2, 'pp': 1, 'mb': 1, 'tp_sp': True, 'train': {'dp': 512, 'ep': 1, 'tp_ep': True}, 'inference': {'replica_count': 1, 'moe_dp': 1}}
4096	435.129110	nan	nan	0.002298	6.861550e+18	1.576900e+16	3.118694e+14	0.012344	True	122.772064	92.423032	{'tp': 1, 'cp': 2, 'pp': 8, 'mb': 8, 'tp_sp': True, 'train': {'dp': 256, 'ep': 1, 'tp_ep': True}, 'inference': {'replica_count': 1, 'moe_dp': 1}}
4096	176.360064	nan	nan	0.005670	6.861550e+18	3.890648e+16	3.118694e+14	0.030457	True	301.228630	101.971628	{'tp': 2, 'cp': 2, 'pp': 2, 'mb': 2, 'tp_sp': True, 'train': {'dp': 512, 'ep': 1, 'tp_ep': True}, 'inference': {'replica_count': 1, 'moe_dp': 1}}
4096	117.117488	nan	nan	0.008538	6.861550e+18	5.858690e+16	3.118694e+14	0.045864	True	675.285397	99.278806	{'tp': 2, 'cp': 2, 'pp': 1, 'mb': 1, 'tp_sp': True, 'train': {'dp': 1024, 'ep': 1, 'tp_ep': True}, 'inference': {'replica_count': 1, 'moe_dp': 1}}
2048	347.042540	nan	nan	0.002881	6.861550e+18	1.977150e+16	3.118694e+14	0.030955	True	681.952621	112.025571	{'tp': 1, 'cp': 2, 'pp': 2, 'mb': 2, 'tp_sp': True, 'train': {'dp': 512, 'ep': 1, 'tp_ep': True}, 'inference': {'replica_count': 1, 'moe_dp': 1}}
2048	230.901253	nan	nan	0.004331	6.861550e+18	2.971638e+16	3.118694e+14	0.046526	True	1430.231739	110.922203	{'tp': 1, 'cp': 2, 'pp': 1, 'mb': 1, 'tp_sp': True, 'train': {'dp': 1024, 'ep': 1, 'tp_ep': True}, 'inference': {'replica_count': 1, 'moe_dp': 1}}
4096	405.777517	nan	nan	0.002464	6.861550e+18	1.690964e+16	3.118694e+14	0.013237	True	312.749130	118.637013	{'tp': 1, 'cp': 2, 'pp': 4, 'mb': 4, 'tp_sp': True, 'train': {'dp': 512, 'ep': 1, 'tp_ep': True}, 'inference': {'replica_count': 1, 'moe_dp': 1}}
128	462.253409	nan	nan	0.002163	6.861550e+18	1.484370e+16	3.118694e+14	0.371843	True	52.824585	114.802576	{'tp': 2, 'cp': 4, 'pp': 16, 'mb': 16, 'tp_sp': True, 'train': {'dp': 1, 'ep': 1, 'tp_ep': True}, 'inference': {'replica_count': 1, 'moe_dp': 1}}
128	465.458331	nan	nan	0.002148	6.861550e+18	1.474149e+16	3.118694e+14	0.369282	True	48.941284	182.966951	{'tp': 4, 'cp': 4, 'pp': 8, 'mb': 8, 'tp_sp': True, 'train': {'dp': 1, 'ep': 1, 'tp_ep': True}, 'inference': {'replica_count': 1, 'moe_dp': 1}}
4096	347.042538	nan	nan	0.002881	6.861550e+18	1.977150e+16	3.118694e+14	0.015478	True	680.845268	219.017524	{'tp': 1, 'cp': 2, 'pp': 2, 'mb': 2, 'tp_sp': True, 'train': {'dp': 1024, 'ep': 1, 'tp_ep': True}, 'inference': {'replica_count': 1, 'moe_dp': 1}}
256	276.611917	nan	nan	0.003615	6.861550e+18	2.480569e+16	3.118694e+14	0.310698	False	0.000000	127.990148	{'tp': 4, 'cp': 4, 'pp': 16, 'mb': 16, 'tp_sp': True, 'train': {'dp': 1, 'ep': 1, 'tp_ep': True}, 'inference': {'replica_count': 1, 'moe_dp': 1}}
256	280.655572	nan	nan	0.003563	6.861550e+18	2.444829e+16	3.118694e+14	0.306222	False	0.000000	201.362995	{'tp': 8, 'cp': 4, 'pp': 8, 'mb': 8, 'tp_sp': True, 'train': {'dp': 1, 'ep': 1, 'tp_ep': True}, 'inference': {'replica_count': 1, 'moe_dp': 1}}
128	442.944049	nan	nan	0.002258	6.861550e+18	1.549078e+16	3.118694e+14	0.388053	True	62.105103	79.023297	{'tp': 1, 'cp': 4, 'pp': 32, 'mb': 32, 'tp_sp': True, 'train': {'dp': 1, 'ep': 1, 'tp_ep': True}, 'inference': {'replica_count': 1, 'moe_dp': 1}}
512	184.012816	nan	nan	0.005434	6.861550e+18	3.728844e+16	3.118694e+14	0.233524	False	0.000000	177.138133	{'tp': 8, 'cp': 4, 'pp': 16, 'mb': 16, 'tp_sp': True, 'train': {'dp': 1, 'ep': 1, 'tp_ep': True}, 'inference': {'replica_count': 1, 'moe_dp': 1}}
256	265.487605	nan	nan	0.003767	6.861550e+18	2.584509e+16	3.118694e+14	0.323717	False	0.000000	88.952798	{'tp': 2, 'cp': 4, 'pp': 32, 'mb': 32, 'tp_sp': True, 'train': {'dp': 1, 'ep': 1, 'tp_ep': True}, 'inference': {'replica_count': 1, 'moe_dp': 1}}
128	453.955781	nan	nan	0.002203	6.861550e+18	1.511502e+16	3.118694e+14	0.378639	True	48.513550	322.314942	{'tp': 8, 'cp': 4, 'pp': 4, 'mb': 4, 'tp_sp': True, 'train': {'dp': 1, 'ep': 1, 'tp_ep': True}, 'inference': {'replica_count': 1, 'moe_dp': 1}}
512	177.239150	nan	nan	0.005642	6.861550e+18	3.871351e+16	3.118694e+14	0.242449	False	0.000000	124.766698	{'tp': 4, 'cp': 4, 'pp': 32, 'mb': 32, 'tp_sp': True, 'train': {'dp': 1, 'ep': 1, 'tp_ep': True}, 'inference': {'replica_count': 1, 'moe_dp': 1}}
512	188.287230	nan	nan	0.005311	6.861550e+18	3.644193e+16	3.118694e+14	0.228223	False	0.000000	309.389435	{'tp': 16, 'cp': 4, 'pp': 8, 'mb': 8, 'tp_sp': True, 'train': {'dp': 1, 'ep': 1, 'tp_ep': True}, 'inference': {'replica_count': 1, 'moe_dp': 1}}
256	278.949535	nan	nan	0.003585	6.861550e+18	2.459782e+16	3.118694e+14	0.308094	False	0.000000	366.353249	{'tp': 16, 'cp': 4, 'pp': 4, 'mb': 4, 'tp_sp': True, 'train': {'dp': 1, 'ep': 1, 'tp_ep': True}, 'inference': {'replica_count': 1, 'moe_dp': 1}}
1024	133.211251	nan	nan	0.007507	6.861550e+18	5.150879e+16	3.118694e+14	0.161290	False	0.000000	243.875122	{'tp': 8, 'cp': 4, 'pp': 32, 'mb': 32, 'tp_sp': True, 'train': {'dp': 1, 'ep': 1, 'tp_ep': True}, 'inference': {'replica_count': 1, 'moe_dp': 1}}
1024	137.729428	nan	nan	0.007261	6.861550e+18	4.981906e+16	3.118694e+14	0.155999	False	0.000000	413.844443	{'tp': 16, 'cp': 4, 'pp': 16, 'mb': 16, 'tp_sp': True, 'train': {'dp': 1, 'ep': 1, 'tp_ep': True}, 'inference': {'replica_count': 1, 'moe_dp': 1}}
128	402.405816	nan	nan	0.002485	6.861550e+18	1.705132e+16	3.118694e+14	0.427145	True	94.973511	176.197858	{'tp': 4, 'cp': 4, 'pp': 4, 'mb': 4, 'tp_sp': True, 'train': {'dp': 2, 'ep': 1, 'tp_ep': True}, 'inference': {'replica_count': 1, 'moe_dp': 1}}
256	227.233458	nan	nan	0.004401	6.861550e+18	3.019604e+16	3.118694e+14	0.378214	True	8.496033	177.751864	{'tp': 8, 'cp': 4, 'pp': 4, 'mb': 4, 'tp_sp': True, 'train': {'dp': 2, 'ep': 1, 'tp_ep': True}, 'inference': {'replica_count': 1, 'moe_dp': 1}}
128	360.252287	nan	nan	0.002776	6.861550e+18	1.904651e+16	3.118694e+14	0.477126	True	92.682007	310.215199	{'tp': 8, 'cp': 4, 'pp': 2, 'mb': 2, 'tp_sp': True, 'train': {'dp': 2, 'ep': 1, 'tp_ep': True}, 'inference': {'replica_count': 1, 'moe_dp': 1}}
128	418.853099	nan	nan	0.002387	6.861550e+18	1.638176e+16	3.118694e+14	0.410372	True	97.389038	111.705091	{'tp': 2, 'cp': 4, 'pp': 8, 'mb': 8, 'tp_sp': True, 'train': {'dp': 2, 'ep': 1, 'tp_ep': True}, 'inference': {'replica_count': 1, 'moe_dp': 1}}
256	209.232015	nan	nan	0.004779	6.861550e+18	3.279398e+16	3.118694e+14	0.410754	True	8.359558	326.499358	{'tp': 16, 'cp': 4, 'pp': 2, 'mb': 2, 'tp_sp': True, 'train': {'dp': 2, 'ep': 1, 'tp_ep': True}, 'inference': {'replica_count': 1, 'moe_dp': 1}}
256	233.276422	nan	nan	0.004287	6.861550e+18	2.941382e+16	3.118694e+14	0.368416	True	9.199158	110.769233	{'tp': 4, 'cp': 4, 'pp': 8, 'mb': 8, 'tp_sp': True, 'train': {'dp': 2, 'ep': 1, 'tp_ep': True}, 'inference': {'replica_count': 1, 'moe_dp': 1}}
128	419.000891	nan	nan	0.002387	6.861550e+18	1.637598e+16	3.118694e+14	0.410227	True	103.734009	74.691231	{'tp': 1, 'cp': 4, 'pp': 16, 'mb': 16, 'tp_sp': True, 'train': {'dp': 2, 'ep': 1, 'tp_ep': True}, 'inference': {'replica_count': 1, 'moe_dp': 1}}
512	140.709727	nan	nan	0.007107	6.861550e+18	4.876386e+16	3.118694e+14	0.305390	False	0.000000	131.370178	{'tp': 8, 'cp': 4, 'pp': 8, 'mb': 8, 'tp_sp': True, 'train': {'dp': 2, 'ep': 1, 'tp_ep': True}, 'inference': {'replica_count': 1, 'moe_dp': 1}}
256	231.953886	nan	nan	0.004311	6.861550e+18	2.958153e+16	3.118694e+14	0.370517	True	12.119324	74.836494	{'tp': 2, 'cp': 4, 'pp': 16, 'mb': 16, 'tp_sp': True, 'train': {'dp': 2, 'ep': 1, 'tp_ep': True}, 'inference': {'replica_count': 1, 'moe_dp': 1}}
512	139.678597	nan	nan	0.007159	6.861550e+18	4.912385e+16	3.118694e+14	0.307645	False	0.000000	225.534476	{'tp': 16, 'cp': 4, 'pp': 4, 'mb': 4, 'tp_sp': True, 'train': {'dp': 2, 'ep': 1, 'tp_ep': True}, 'inference': {'replica_count': 1, 'moe_dp': 1}}
512	138.936413	nan	nan	0.007198	6.861550e+18	4.938626e+16	3.118694e+14	0.309288	False	0.000000	85.423877	{'tp': 4, 'cp': 4, 'pp': 16, 'mb': 16, 'tp_sp': True, 'train': {'dp': 2, 'ep': 1, 'tp_ep': True}, 'inference': {'replica_count': 1, 'moe_dp': 1}}
256	223.407634	nan	nan	0.004476	6.861550e+18	3.071314e+16	3.118694e+14	0.384690	True	18.716614	54.311932	{'tp': 1, 'cp': 4, 'pp': 32, 'mb': 32, 'tp_sp': True, 'train': {'dp': 2, 'ep': 1, 'tp_ep': True}, 'inference': {'replica_count': 1, 'moe_dp': 1}}
512	134.046824	nan	nan	0.007460	6.861550e+18	5.118771e+16	3.118694e+14	0.320570	False	0.000000	71.220492	{'tp': 2, 'cp': 4, 'pp': 32, 'mb': 32, 'tp_sp': True, 'train': {'dp': 2, 'ep': 1, 'tp_ep': True}, 'inference': {'replica_count': 1, 'moe_dp': 1}}
1024	92.529300	nan	nan	0.010807	6.861550e+18	7.415543e+16	3.118694e+14	0.232204	False	0.000000	134.748564	{'tp': 8, 'cp': 4, 'pp': 16, 'mb': 16, 'tp_sp': True, 'train': {'dp': 2, 'ep': 1, 'tp_ep': True}, 'inference': {'replica_count': 1, 'moe_dp': 1}}
1024	94.442546	nan	nan	0.010588	6.861550e+18	7.265317e+16	3.118694e+14	0.227500	False	0.000000	242.496473	{'tp': 16, 'cp': 4, 'pp': 8, 'mb': 8, 'tp_sp': True, 'train': {'dp': 2, 'ep': 1, 'tp_ep': True}, 'inference': {'replica_count': 1, 'moe_dp': 1}}
1024	89.567931	nan	nan	0.011165	6.861550e+18	7.660722e+16	3.118694e+14	0.239882	False	0.000000	103.439865	{'tp': 4, 'cp': 4, 'pp': 32, 'mb': 32, 'tp_sp': True, 'train': {'dp': 2, 'ep': 1, 'tp_ep': True}, 'inference': {'replica_count': 1, 'moe_dp': 1}}
2048	67.355263	nan	nan	0.014847	6.861550e+18	1.018710e+17	3.118694e+14	0.159495	False	0.000000	228.777707	{'tp': 8, 'cp': 4, 'pp': 32, 'mb': 32, 'tp_sp': True, 'train': {'dp': 2, 'ep': 1, 'tp_ep': True}, 'inference': {'replica_count': 1, 'moe_dp': 1}}
128	331.562040	nan	nan	0.003016	6.861550e+18	2.069462e+16	3.118694e+14	0.518412	True	185.157593	172.100152	{'tp': 4, 'cp': 4, 'pp': 2, 'mb': 2, 'tp_sp': True, 'train': {'dp': 4, 'ep': 1, 'tp_ep': True}, 'inference': {'replica_count': 1, 'moe_dp': 1}}
256	180.398328	nan	nan	0.005543	6.861550e+18	3.803555e+16	3.118694e+14	0.476406	True	53.588074	170.054244	{'tp': 8, 'cp': 4, 'pp': 2, 'mb': 2, 'tp_sp': True, 'train': {'dp': 4, 'ep': 1, 'tp_ep': True}, 'inference': {'replica_count': 1, 'moe_dp': 1}}
512	104.843500	nan	nan	0.009538	6.861550e+18	6.544564e+16	3.118694e+14	0.409862	False	0.000000	189.154998	{'tp': 16, 'cp': 4, 'pp': 2, 'mb': 2, 'tp_sp': True, 'train': {'dp': 4, 'ep': 1, 'tp_ep': True}, 'inference': {'replica_count': 1, 'moe_dp': 1}}
2048	69.290863	nan	nan	0.014432	6.861550e+18	9.902532e+16	3.118694e+14	0.155040	False	0.000000	374.617059	{'tp': 16, 'cp': 4, 'pp': 16, 'mb': 16, 'tp_sp': True, 'train': {'dp': 2, 'ep': 1, 'tp_ep': True}, 'inference': {'replica_count': 1, 'moe_dp': 1}}
128	232.976126	nan	nan	0.004292	6.861550e+18	2.945173e+16	3.118694e+14	0.737782	True	185.830688	303.677442	{'tp': 8, 'cp': 4, 'pp': 1, 'mb': 1, 'tp_sp': True, 'train': {'dp': 4, 'ep': 1, 'tp_ep': True}, 'inference': {'replica_count': 1, 'moe_dp': 1}}
256	201.728872	nan	nan	0.004957	6.861550e+18	3.401372e+16	3.118694e+14	0.426031	True	55.965271	98.913049	{'tp': 4, 'cp': 4, 'pp': 4, 'mb': 4, 'tp_sp': True, 'train': {'dp': 4, 'ep': 1, 'tp_ep': True}, 'inference': {'replica_count': 1, 'moe_dp': 1}}
128	377.634321	nan	nan	0.002648	6.861550e+18	1.816983e+16	3.118694e+14	0.455164	True	190.921265	106.042939	{'tp': 2, 'cp': 4, 'pp': 4, 'mb': 4, 'tp_sp': True, 'train': {'dp': 4, 'ep': 1, 'tp_ep': True}, 'inference': {'replica_count': 1, 'moe_dp': 1}}
256	132.298720	nan	nan	0.007559	6.861550e+18	5.186407e+16	3.118694e+14	0.649612	True	54.933899	314.907861	{'tp': 16, 'cp': 4, 'pp': 1, 'mb': 1, 'tp_sp': True, 'train': {'dp': 4, 'ep': 1, 'tp_ep': True}, 'inference': {'replica_count': 1, 'moe_dp': 1}}
512	113.986277	nan	nan	0.008773	6.861550e+18	6.019628e+16	3.118694e+14	0.376987	False	0.000000	108.426105	{'tp': 8, 'cp': 4, 'pp': 4, 'mb': 4, 'tp_sp': True, 'train': {'dp': 4, 'ep': 1, 'tp_ep': True}, 'inference': {'replica_count': 1, 'moe_dp': 1}}
256	210.204687	nan	nan	0.004757	6.861550e+18	3.264223e+16	3.118694e+14	0.408853	True	58.151550	67.428791	{'tp': 2, 'cp': 4, 'pp': 8, 'mb': 8, 'tp_sp': True, 'train': {'dp': 4, 'ep': 1, 'tp_ep': True}, 'inference': {'replica_count': 1, 'moe_dp': 1}}
128	397.182068	nan	nan	0.002518	6.861550e+18	1.727558e+16	3.118694e+14	0.432763	True	195.798462	72.812068	{'tp': 1, 'cp': 4, 'pp': 8, 'mb': 8, 'tp_sp': True, 'train': {'dp': 4, 'ep': 1, 'tp_ep': True}, 'inference': {'replica_count': 1, 'moe_dp': 1}}
512	117.222014	nan	nan	0.008531	6.861550e+18	5.853465e+16	3.118694e+14	0.366581	False	0.000000	70.204223	{'tp': 4, 'cp': 4, 'pp': 8, 'mb': 8, 'tp_sp': True, 'train': {'dp': 4, 'ep': 1, 'tp_ep': True}, 'inference': {'replica_count': 1, 'moe_dp': 1}}
256	211.358145	nan	nan	0.004731	6.861550e+18	3.246409e+16	3.118694e+14	0.406622	True	63.281067	50.963990	{'tp': 1, 'cp': 4, 'pp': 16, 'mb': 16, 'tp_sp': True, 'train': {'dp': 4, 'ep': 1, 'tp_ep': True}, 'inference': {'replica_count': 1, 'moe_dp': 1}}
1024	70.130308	nan	nan	0.014259	6.861550e+18	9.784001e+16	3.118694e+14	0.306368	False	0.000000	154.239804	{'tp': 16, 'cp': 4, 'pp': 4, 'mb': 4, 'tp_sp': True, 'train': {'dp': 4, 'ep': 1, 'tp_ep': True}, 'inference': {'replica_count': 1, 'moe_dp': 1}}
512	81.927068	nan	nan	0.012206	6.861550e+18	8.375193e+16	3.118694e+14	0.524508	False	0.000000	379.486440	{'tp': 32, 'cp': 4, 'pp': 1, 'mb': 1, 'tp_sp': True, 'train': {'dp': 4, 'ep': 1, 'tp_ep': True}, 'inference': {'replica_count': 1, 'moe_dp': 1}}
1024	70.832309	nan	nan	0.014118	6.861550e+18	9.687034e+16	3.118694e+14	0.303332	False	0.000000	90.840329	{'tp': 8, 'cp': 4, 'pp': 8, 'mb': 8, 'tp_sp': True, 'train': {'dp': 4, 'ep': 1, 'tp_ep': True}, 'inference': {'replica_count': 1, 'moe_dp': 1}}
1024	67.038588	nan	nan	0.014917	6.861550e+18	1.023522e+17	3.118694e+14	0.320497	False	0.000000	333.216727	{'tp': 32, 'cp': 4, 'pp': 2, 'mb': 2, 'tp_sp': True, 'train': {'dp': 4, 'ep': 1, 'tp_ep': True}, 'inference': {'replica_count': 1, 'moe_dp': 1}}
512	117.180734	nan	nan	0.008534	6.861550e+18	5.855528e+16	3.118694e+14	0.366710	False	0.000000	53.489252	{'tp': 2, 'cp': 4, 'pp': 16, 'mb': 16, 'tp_sp': True, 'train': {'dp': 4, 'ep': 1, 'tp_ep': True}, 'inference': {'replica_count': 1, 'moe_dp': 1}}
1024	70.304565	nan	nan	0.014224	6.861550e+18	9.759751e+16	3.118694e+14	0.305609	False	0.000000	69.259772	{'tp': 4, 'cp': 4, 'pp': 16, 'mb': 16, 'tp_sp': True, 'train': {'dp': 4, 'ep': 1, 'tp_ep': True}, 'inference': {'replica_count': 1, 'moe_dp': 1}}
512	223.277630	nan	nan	0.004479	6.861550e+18	3.073102e+16	3.118694e+14	0.192457	False	0.000000	55.190099	{'tp': 1, 'cp': 4, 'pp': 32, 'mb': 32, 'tp_sp': True, 'train': {'dp': 4, 'ep': 1, 'tp_ep': True}, 'inference': {'replica_count': 1, 'moe_dp': 1}}
1024	133.927544	nan	nan	0.007467	6.861550e+18	5.123330e+16	3.118694e+14	0.160428	False	0.000000	70.849426	{'tp': 2, 'cp': 4, 'pp': 32, 'mb': 32, 'tp_sp': True, 'train': {'dp': 4, 'ep': 1, 'tp_ep': True}, 'inference': {'replica_count': 1, 'moe_dp': 1}}
2048	46.894754	nan	nan	0.021324	6.861550e+18	1.463181e+17	3.118694e+14	0.229084	False	0.000000	117.917061	{'tp': 8, 'cp': 4, 'pp': 16, 'mb': 16, 'tp_sp': True, 'train': {'dp': 4, 'ep': 1, 'tp_ep': True}, 'inference': {'replica_count': 1, 'moe_dp': 1}}
2048	89.454013	nan	nan	0.011179	6.861550e+18	7.670478e+16	3.118694e+14	0.120094	False	0.000000	107.198995	{'tp': 4, 'cp': 4, 'pp': 32, 'mb': 32, 'tp_sp': True, 'train': {'dp': 4, 'ep': 1, 'tp_ep': True}, 'inference': {'replica_count': 1, 'moe_dp': 1}}
2048	47.602576	nan	nan	0.021007	6.861550e+18	1.441424e+17	3.118694e+14	0.225678	False	0.000000	200.252864	{'tp': 16, 'cp': 4, 'pp': 8, 'mb': 8, 'tp_sp': True, 'train': {'dp': 4, 'ep': 1, 'tp_ep': True}, 'inference': {'replica_count': 1, 'moe_dp': 1}}
128	318.015371	nan	nan	0.003145	6.861550e+18	2.157616e+16	3.118694e+14	0.540495	True	373.136597	102.771779	{'tp': 2, 'cp': 4, 'pp': 2, 'mb': 2, 'tp_sp': True, 'train': {'dp': 8, 'ep': 1, 'tp_ep': True}, 'inference': {'replica_count': 1, 'moe_dp': 1}}
256	166.219969	nan	nan	0.006016	6.861550e+18	4.127994e+16	3.118694e+14	0.517043	True	147.072937	96.849386	{'tp': 4, 'cp': 4, 'pp': 2, 'mb': 2, 'tp_sp': True, 'train': {'dp': 8, 'ep': 1, 'tp_ep': True}, 'inference': {'replica_count': 1, 'moe_dp': 1}}
256	116.682766	nan	nan	0.008570	6.861550e+18	5.880517e+16	3.118694e+14	0.736551	True	146.920227	167.397337	{'tp': 8, 'cp': 4, 'pp': 1, 'mb': 1, 'tp_sp': True, 'train': {'dp': 8, 'ep': 1, 'tp_ep': True}, 'inference': {'replica_count': 1, 'moe_dp': 1}}
128	217.455756	nan	nan	0.004599	6.861550e+18	3.155378e+16	3.118694e+14	0.790439	True	371.821899	173.194756	{'tp': 4, 'cp': 4, 'pp': 1, 'mb': 1, 'tp_sp': True, 'train': {'dp': 8, 'ep': 1, 'tp_ep': True}, 'inference': {'replica_count': 1, 'moe_dp': 1}}
512	90.503613	nan	nan	0.011049	6.861550e+18	7.581521e+16	3.118694e+14	0.474803	True	34.041107	96.258286	{'tp': 8, 'cp': 4, 'pp': 2, 'mb': 2, 'tp_sp': True, 'train': {'dp': 8, 'ep': 1, 'tp_ep': True}, 'inference': {'replica_count': 1, 'moe_dp': 1}}
512	66.314290	nan	nan	0.015080	6.861550e+18	1.034702e+17	3.118694e+14	0.647996	True	34.469391	173.813717	{'tp': 16, 'cp': 4, 'pp': 1, 'mb': 1, 'tp_sp': True, 'train': {'dp': 8, 'ep': 1, 'tp_ep': True}, 'inference': {'replica_count': 1, 'moe_dp': 1}}
1024	52.658664	nan	nan	0.018990	6.861550e+18	1.303024e+17	3.118694e+14	0.408018	False	0.000000	119.022494	{'tp': 16, 'cp': 4, 'pp': 2, 'mb': 2, 'tp_sp': True, 'train': {'dp': 8, 'ep': 1, 'tp_ep': True}, 'inference': {'replica_count': 1, 'moe_dp': 1}}
4096	67.244027	nan	nan	0.014871	6.861550e+18	1.020395e+17	3.118694e+14	0.079880	False	0.000000	225.748513	{'tp': 8, 'cp': 4, 'pp': 32, 'mb': 32, 'tp_sp': True, 'train': {'dp': 4, 'ep': 1, 'tp_ep': True}, 'inference': {'replica_count': 1, 'moe_dp': 1}}
256	189.497104	nan	nan	0.005277	6.861550e+18	3.620926e+16	3.118694e+14	0.453531	True	152.417664	63.110638	{'tp': 2, 'cp': 4, 'pp': 4, 'mb': 4, 'tp_sp': True, 'train': {'dp': 8, 'ep': 1, 'tp_ep': True}, 'inference': {'replica_count': 1, 'moe_dp': 1}}
512	101.362858	nan	nan	0.009866	6.861550e+18	6.769294e+16	3.118694e+14	0.423936	True	36.461151	61.625889	{'tp': 4, 'cp': 4, 'pp': 4, 'mb': 4, 'tp_sp': True, 'train': {'dp': 8, 'ep': 1, 'tp_ep': True}, 'inference': {'replica_count': 1, 'moe_dp': 1}}
128	366.725048	nan	nan	0.002727	6.861550e+18	1.871034e+16	3.118694e+14	0.468704	True	384.330688	72.423390	{'tp': 1, 'cp': 4, 'pp': 4, 'mb': 4, 'tp_sp': True, 'train': {'dp': 8, 'ep': 1, 'tp_ep': True}, 'inference': {'replica_count': 1, 'moe_dp': 1}}
1024	57.392090	nan	nan	0.017424	6.861550e+18	1.195557e+17	3.118694e+14	0.374367	False	0.000000	68.868804	{'tp': 8, 'cp': 4, 'pp': 4, 'mb': 4, 'tp_sp': True, 'train': {'dp': 8, 'ep': 1, 'tp_ep': True}, 'inference': {'replica_count': 1, 'moe_dp': 1}}
256	200.290060	nan	nan	0.004993	6.861550e+18	3.425807e+16	3.118694e+14	0.429092	True	156.813293	50.635345	{'tp': 1, 'cp': 4, 'pp': 8, 'mb': 8, 'tp_sp': True, 'train': {'dp': 8, 'ep': 1, 'tp_ep': True}, 'inference': {'replica_count': 1, 'moe_dp': 1}}
1024	41.111719	nan	nan	0.024324	6.861550e+18	1.669001e+17	3.118694e+14	0.522617	False	0.000000	245.818306	{'tp': 32, 'cp': 4, 'pp': 1, 'mb': 1, 'tp_sp': True, 'train': {'dp': 8, 'ep': 1, 'tp_ep': True}, 'inference': {'replica_count': 1, 'moe_dp': 1}}
512	106.160212	nan	nan	0.009420	6.861550e+18	6.463392e+16	3.118694e+14	0.404779	True	38.532806	47.107454	{'tp': 2, 'cp': 4, 'pp': 8, 'mb': 8, 'tp_sp': True, 'train': {'dp': 8, 'ep': 1, 'tp_ep': True}, 'inference': {'replica_count': 1, 'moe_dp': 1}}
1024	59.307816	nan	nan	0.016861	6.861550e+18	1.156939e+17	3.118694e+14	0.362274	False	0.000000	49.676811	{'tp': 4, 'cp': 4, 'pp': 8, 'mb': 8, 'tp_sp': True, 'train': {'dp': 8, 'ep': 1, 'tp_ep': True}, 'inference': {'replica_count': 1, 'moe_dp': 1}}
2048	48.179000	nan	nan	0.020756	6.861550e+18	1.424179e+17	3.118694e+14	0.222978	False	0.000000	442.564612	{'tp': 32, 'cp': 4, 'pp': 4, 'mb': 4, 'tp_sp': True, 'train': {'dp': 4, 'ep': 1, 'tp_ep': True}, 'inference': {'replica_count': 1, 'moe_dp': 1}}
512	211.358145	nan	nan	0.004731	6.861550e+18	3.246409e+16	3.118694e+14	0.203311	True	44.000793	50.974796	{'tp': 1, 'cp': 4, 'pp': 16, 'mb': 16, 'tp_sp': True, 'train': {'dp': 8, 'ep': 1, 'tp_ep': True}, 'inference': {'replica_count': 1, 'moe_dp': 1}}
2048	35.373638	nan	nan	0.028270	6.861550e+18	1.939736e+17	3.118694e+14	0.303696	False	0.000000	120.648586	{'tp': 16, 'cp': 4, 'pp': 4, 'mb': 4, 'tp_sp': True, 'train': {'dp': 8, 'ep': 1, 'tp_ep': True}, 'inference': {'replica_count': 1, 'moe_dp': 1}}
2048	35.909903	nan	nan	0.027847	6.861550e+18	1.910768e+17	3.118694e+14	0.299161	False	0.000000	73.085013	{'tp': 8, 'cp': 4, 'pp': 8, 'mb': 8, 'tp_sp': True, 'train': {'dp': 8, 'ep': 1, 'tp_ep': True}, 'inference': {'replica_count': 1, 'moe_dp': 1}}
1024	117.180734	nan	nan	0.008534	6.861550e+18	5.855528e+16	3.118694e+14	0.183355	False	0.000000	56.044595	{'tp': 2, 'cp': 4, 'pp': 16, 'mb': 16, 'tp_sp': True, 'train': {'dp': 8, 'ep': 1, 'tp_ep': True}, 'inference': {'replica_count': 1, 'moe_dp': 1}}
4096	35.170930	nan	nan	0.028433	6.861550e+18	1.950915e+17	3.118694e+14	0.152723	False	0.000000	362.220259	{'tp': 16, 'cp': 4, 'pp': 16, 'mb': 16, 'tp_sp': True, 'train': {'dp': 4, 'ep': 1, 'tp_ep': True}, 'inference': {'replica_count': 1, 'moe_dp': 1}}
2048	70.304565	nan	nan	0.014224	6.861550e+18	9.759751e+16	3.118694e+14	0.152804	False	0.000000	68.904863	{'tp': 4, 'cp': 4, 'pp': 16, 'mb': 16, 'tp_sp': True, 'train': {'dp': 8, 'ep': 1, 'tp_ep': True}, 'inference': {'replica_count': 1, 'moe_dp': 1}}
1024	223.159513	nan	nan	0.004481	6.861550e+18	3.074729e+16	3.118694e+14	0.096280	False	0.000000	56.873543	{'tp': 1, 'cp': 4, 'pp': 32, 'mb': 32, 'tp_sp': True, 'train': {'dp': 8, 'ep': 1, 'tp_ep': True}, 'inference': {'replica_count': 1, 'moe_dp': 1}}
2048	33.716061	nan	nan	0.029659	6.861550e+18	2.035098e+17	3.118694e+14	0.318627	False	0.000000	258.981350	{'tp': 32, 'cp': 4, 'pp': 2, 'mb': 2, 'tp_sp': True, 'train': {'dp': 8, 'ep': 1, 'tp_ep': True}, 'inference': {'replica_count': 1, 'moe_dp': 1}}
2048	133.820079	nan	nan	0.007473	6.861550e+18	5.127444e+16	3.118694e+14	0.080278	False	0.000000	71.160972	{'tp': 2, 'cp': 4, 'pp': 32, 'mb': 32, 'tp_sp': True, 'train': {'dp': 8, 'ep': 1, 'tp_ep': True}, 'inference': {'replica_count': 1, 'moe_dp': 1}}
4096	46.894754	nan	nan	0.021324	6.861550e+18	1.463181e+17	3.118694e+14	0.114542	False	0.000000	117.232380	{'tp': 8, 'cp': 4, 'pp': 16, 'mb': 16, 'tp_sp': True, 'train': {'dp': 8, 'ep': 1, 'tp_ep': True}, 'inference': {'replica_count': 1, 'moe_dp': 1}}
4096	89.351873	nan	nan	0.011192	6.861550e+18	7.679246e+16	3.118694e+14	0.060115	False	0.000000	104.072049	{'tp': 4, 'cp': 4, 'pp': 32, 'mb': 32, 'tp_sp': True, 'train': {'dp': 8, 'ep': 1, 'tp_ep': True}, 'inference': {'replica_count': 1, 'moe_dp': 1}}
512	58.542709	nan	nan	0.017082	6.861550e+18	1.172059e+17	3.118694e+14	0.734018	True	127.464996	90.902126	{'tp': 8, 'cp': 4, 'pp': 1, 'mb': 1, 'tp_sp': True, 'train': {'dp': 16, 'ep': 1, 'tp_ep': True}, 'inference': {'replica_count': 1, 'moe_dp': 1}}
256	109.018655	nan	nan	0.009173	6.861550e+18	6.293923e+16	3.118694e+14	0.788331	True	333.920715	95.704138	{'tp': 4, 'cp': 4, 'pp': 1, 'mb': 1, 'tp_sp': True, 'train': {'dp': 16, 'ep': 1, 'tp_ep': True}, 'inference': {'replica_count': 1, 'moe_dp': 1}}
128	312.485426	nan	nan	0.003200	6.861550e+18	2.195798e+16	3.118694e+14	0.550060	True	750.608521	72.542183	{'tp': 1, 'cp': 4, 'pp': 2, 'mb': 2, 'tp_sp': True, 'train': {'dp': 16, 'ep': 1, 'tp_ep': True}, 'inference': {'replica_count': 1, 'moe_dp': 1}}
256	159.552691	nan	nan	0.006268	6.861550e+18	4.300492e+16	3.118694e+14	0.538648	True	335.556580	62.373605	{'tp': 2, 'cp': 4, 'pp': 2, 'mb': 2, 'tp_sp': True, 'train': {'dp': 16, 'ep': 1, 'tp_ep': True}, 'inference': {'replica_count': 1, 'moe_dp': 1}}
128	210.212340	nan	nan	0.004757	6.861550e+18	3.264104e+16	3.118694e+14	0.817676	True	746.832153	104.444326	{'tp': 2, 'cp': 4, 'pp': 1, 'mb': 1, 'tp_sp': True, 'train': {'dp': 16, 'ep': 1, 'tp_ep': True}, 'inference': {'replica_count': 1, 'moe_dp': 1}}
512	83.500332	nan	nan	0.011976	6.861550e+18	8.217393e+16	3.118694e+14	0.514625	True	128.030609	58.165576	{'tp': 4, 'cp': 4, 'pp': 2, 'mb': 2, 'tp_sp': True, 'train': {'dp': 16, 'ep': 1, 'tp_ep': True}, 'inference': {'replica_count': 1, 'moe_dp': 1}}
4096	24.192017	nan	nan	0.041336	6.861550e+18	2.836287e+17	3.118694e+14	0.222033	False	0.000000	178.516891	{'tp': 16, 'cp': 4, 'pp': 8, 'mb': 8, 'tp_sp': True, 'train': {'dp': 8, 'ep': 1, 'tp_ep': True}, 'inference': {'replica_count': 1, 'moe_dp': 1}}
1024	45.557310	nan	nan	0.021950	6.861550e+18	1.506136e+17	3.118694e+14	0.471619	True	24.267624	58.989105	{'tp': 8, 'cp': 4, 'pp': 2, 'mb': 2, 'tp_sp': True, 'train': {'dp': 16, 'ep': 1, 'tp_ep': True}, 'inference': {'replica_count': 1, 'moe_dp': 1}}
1024	33.313556	nan	nan	0.030018	6.861550e+18	2.059687e+17	3.118694e+14	0.644954	True	24.237137	100.223378	{'tp': 16, 'cp': 4, 'pp': 1, 'mb': 1, 'tp_sp': True, 'train': {'dp': 16, 'ep': 1, 'tp_ep': True}, 'inference': {'replica_count': 1, 'moe_dp': 1}}
512	95.641400	nan	nan	0.010456	6.861550e+18	7.174247e+16	3.118694e+14	0.449297	True	133.165863	42.361833	{'tp': 2, 'cp': 4, 'pp': 4, 'mb': 4, 'tp_sp': True, 'train': {'dp': 16, 'ep': 1, 'tp_ep': True}, 'inference': {'replica_count': 1, 'moe_dp': 1}}
1024	51.236953	nan	nan	0.019517	6.861550e+18	1.339180e+17	3.118694e+14	0.419340	True	26.709091	42.760197	{'tp': 4, 'cp': 4, 'pp': 4, 'mb': 4, 'tp_sp': True, 'train': {'dp': 16, 'ep': 1, 'tp_ep': True}, 'inference': {'replica_count': 1, 'moe_dp': 1}}
256	184.853261	nan	nan	0.005410	6.861550e+18	3.711890e+16	3.118694e+14	0.464924	True	346.079407	49.042423	{'tp': 1, 'cp': 4, 'pp': 4, 'mb': 4, 'tp_sp': True, 'train': {'dp': 16, 'ep': 1, 'tp_ep': True}, 'inference': {'replica_count': 1, 'moe_dp': 1}}
2048	29.061551	nan	nan	0.034410	6.861550e+18	2.361041e+17	3.118694e+14	0.369658	False	0.000000	52.351133	{'tp': 8, 'cp': 4, 'pp': 4, 'mb': 4, 'tp_sp': True, 'train': {'dp': 16, 'ep': 1, 'tp_ep': True}, 'inference': {'replica_count': 1, 'moe_dp': 1}}
512	200.289443	nan	nan	0.004993	6.861550e+18	3.425817e+16	3.118694e+14	0.214546	True	138.266907	49.743764	{'tp': 1, 'cp': 4, 'pp': 8, 'mb': 8, 'tp_sp': True, 'train': {'dp': 16, 'ep': 1, 'tp_ep': True}, 'inference': {'replica_count': 1, 'moe_dp': 1}}
1024	106.159659	nan	nan	0.009420	6.861550e+18	6.463425e+16	3.118694e+14	0.202390	True	29.259613	47.630253	{'tp': 2, 'cp': 4, 'pp': 8, 'mb': 8, 'tp_sp': True, 'train': {'dp': 16, 'ep': 1, 'tp_ep': True}, 'inference': {'replica_count': 1, 'moe_dp': 1}}
2048	59.307295	nan	nan	0.016861	6.861550e+18	1.156949e+17	3.118694e+14	0.181139	False	0.000000	50.605952	{'tp': 4, 'cp': 4, 'pp': 8, 'mb': 8, 'tp_sp': True, 'train': {'dp': 16, 'ep': 1, 'tp_ep': True}, 'inference': {'replica_count': 1, 'moe_dp': 1}}
2048	26.557260	nan	nan	0.037654	6.861550e+18	2.583682e+17	3.118694e+14	0.404516	False	0.000000	86.021743	{'tp': 16, 'cp': 4, 'pp': 2, 'mb': 2, 'tp_sp': True, 'train': {'dp': 16, 'ep': 1, 'tp_ep': True}, 'inference': {'replica_count': 1, 'moe_dp': 1}}
2048	20.685560	nan	nan	0.048343	6.861550e+18	3.317072e+17	3.118694e+14	0.519340	False	0.000000	170.464582	{'tp': 32, 'cp': 4, 'pp': 1, 'mb': 1, 'tp_sp': True, 'train': {'dp': 16, 'ep': 1, 'tp_ep': True}, 'inference': {'replica_count': 1, 'moe_dp': 1}}
4096	35.909399	nan	nan	0.027848	6.861550e+18	1.910795e+17	3.118694e+14	0.149583	False	0.000000	73.923359	{'tp': 8, 'cp': 4, 'pp': 8, 'mb': 8, 'tp_sp': True, 'train': {'dp': 16, 'ep': 1, 'tp_ep': True}, 'inference': {'replica_count': 1, 'moe_dp': 1}}
1024	211.358145	nan	nan	0.004731	6.861550e+18	3.246409e+16	3.118694e+14	0.101655	True	34.360657	53.892807	{'tp': 1, 'cp': 4, 'pp': 16, 'mb': 16, 'tp_sp': True, 'train': {'dp': 16, 'ep': 1, 'tp_ep': True}, 'inference': {'replica_count': 1, 'moe_dp': 1}}
2048	117.180734	nan	nan	0.008534	6.861550e+18	5.855528e+16	3.118694e+14	0.091678	False	0.000000	56.546434	{'tp': 2, 'cp': 4, 'pp': 16, 'mb': 16, 'tp_sp': True, 'train': {'dp': 16, 'ep': 1, 'tp_ep': True}, 'inference': {'replica_count': 1, 'moe_dp': 1}}
4096	18.784984	nan	nan	0.053234	6.861550e+18	3.652678e+17	3.118694e+14	0.285942	False	0.000000	103.940533	{'tp': 16, 'cp': 4, 'pp': 4, 'mb': 4, 'tp_sp': True, 'train': {'dp': 16, 'ep': 1, 'tp_ep': True}, 'inference': {'replica_count': 1, 'moe_dp': 1}}
4096	70.304565	nan	nan	0.014224	6.861550e+18	9.759751e+16	3.118694e+14	0.076402	False	0.000000	70.292250	{'tp': 4, 'cp': 4, 'pp': 16, 'mb': 16, 'tp_sp': True, 'train': {'dp': 16, 'ep': 1, 'tp_ep': True}, 'inference': {'replica_count': 1, 'moe_dp': 1}}
2048	223.088647	nan	nan	0.004483	6.861550e+18	3.075706e+16	3.118694e+14	0.048155	False	0.000000	60.952272	{'tp': 1, 'cp': 4, 'pp': 32, 'mb': 32, 'tp_sp': True, 'train': {'dp': 16, 'ep': 1, 'tp_ep': True}, 'inference': {'replica_count': 1, 'moe_dp': 1}}
256	105.465920	nan	nan	0.009482	6.861550e+18	6.505941e+16	3.118694e+14	0.814887	True	709.435608	61.109817	{'tp': 2, 'cp': 4, 'pp': 1, 'mb': 1, 'tp_sp': True, 'train': {'dp': 32, 'ep': 1, 'tp_ep': True}, 'inference': {'replica_count': 1, 'moe_dp': 1}}
512	54.766469	nan	nan	0.018259	6.861550e+18	1.252874e+17	3.118694e+14	0.784630	True	314.970123	56.560695	{'tp': 4, 'cp': 4, 'pp': 1, 'mb': 1, 'tp_sp': True, 'train': {'dp': 32, 'ep': 1, 'tp_ep': True}, 'inference': {'replica_count': 1, 'moe_dp': 1}}
1024	29.472183	nan	nan	0.033930	6.861550e+18	2.328145e+17	3.118694e+14	0.729016	True	117.737381	53.680828	{'tp': 8, 'cp': 4, 'pp': 1, 'mb': 1, 'tp_sp': True, 'train': {'dp': 32, 'ep': 1, 'tp_ep': True}, 'inference': {'replica_count': 1, 'moe_dp': 1}}
128	207.416830	nan	nan	0.004821	6.861550e+18	3.308097e+16	3.118694e+14	0.828696	True	1498.532162	72.185484	{'tp': 1, 'cp': 4, 'pp': 1, 'mb': 1, 'tp_sp': True, 'train': {'dp': 32, 'ep': 1, 'tp_ep': True}, 'inference': {'replica_count': 1, 'moe_dp': 1}}
4096	133.755665	nan	nan	0.007476	6.861550e+18	5.129914e+16	3.118694e+14	0.040158	False	0.000000	76.750594	{'tp': 2, 'cp': 4, 'pp': 32, 'mb': 32, 'tp_sp': True, 'train': {'dp': 16, 'ep': 1, 'tp_ep': True}, 'inference': {'replica_count': 1, 'moe_dp': 1}}
512	80.501520	nan	nan	0.012422	6.861550e+18	8.523504e+16	3.118694e+14	0.533796	True	316.766571	41.410772	{'tp': 2, 'cp': 4, 'pp': 2, 'mb': 2, 'tp_sp': True, 'train': {'dp': 32, 'ep': 1, 'tp_ep': True}, 'inference': {'replica_count': 1, 'moe_dp': 1}}
256	157.479535	nan	nan	0.006350	6.861550e+18	4.357106e+16	3.118694e+14	0.545739	True	713.280823	48.605782	{'tp': 1, 'cp': 4, 'pp': 2, 'mb': 2, 'tp_sp': True, 'train': {'dp': 32, 'ep': 1, 'tp_ep': True}, 'inference': {'replica_count': 1, 'moe_dp': 1}}
1024	42.186395	nan	nan	0.023704	6.861550e+18	1.626484e+17	3.118694e+14	0.509304	True	118.509445	38.599955	{'tp': 4, 'cp': 4, 'pp': 2, 'mb': 2, 'tp_sp': True, 'train': {'dp': 32, 'ep': 1, 'tp_ep': True}, 'inference': {'replica_count': 1, 'moe_dp': 1}}
2048	16.806013	nan	nan	0.059503	6.861550e+18	4.082795e+17	3.118694e+14	0.639226	True	19.121010	65.725101	{'tp': 16, 'cp': 4, 'pp': 1, 'mb': 1, 'tp_sp': True, 'train': {'dp': 32, 'ep': 1, 'tp_ep': True}, 'inference': {'replica_count': 1, 'moe_dp': 1}}
2048	23.051982	nan	nan	0.043380	6.861550e+18	2.976555e+17	3.118694e+14	0.466027	True	19.380882	41.156382	{'tp': 8, 'cp': 4, 'pp': 2, 'mb': 2, 'tp_sp': True, 'train': {'dp': 32, 'ep': 1, 'tp_ep': True}, 'inference': {'replica_count': 1, 'moe_dp': 1}}
2048	51.236859	nan	nan	0.019517	6.861550e+18	1.339182e+17	3.118694e+14	0.209670	True	22.164230	42.460351	{'tp': 4, 'cp': 4, 'pp': 4, 'mb': 4, 'tp_sp': True, 'train': {'dp': 32, 'ep': 1, 'tp_ep': True}, 'inference': {'replica_count': 1, 'moe_dp': 1}}
1024	95.641298	nan	nan	0.010456	6.861550e+18	7.174255e+16	3.118694e+14	0.224649	True	124.076141	43.405063	{'tp': 2, 'cp': 4, 'pp': 4, 'mb': 4, 'tp_sp': True, 'train': {'dp': 32, 'ep': 1, 'tp_ep': True}, 'inference': {'replica_count': 1, 'moe_dp': 1}}
512	184.853143	nan	nan	0.005410	6.861550e+18	3.711893e+16	3.118694e+14	0.232462	True	327.899963	49.212993	{'tp': 1, 'cp': 4, 'pp': 4, 'mb': 4, 'tp_sp': True, 'train': {'dp': 32, 'ep': 1, 'tp_ep': True}, 'inference': {'replica_count': 1, 'moe_dp': 1}}
4096	14.771382	nan	nan	0.067698	6.861550e+18	4.645165e+17	3.118694e+14	0.363637	False	0.000000	63.744936	{'tp': 16, 'cp': 4, 'pp': 2, 'mb': 2, 'tp_sp': True, 'train': {'dp': 32, 'ep': 1, 'tp_ep': True}, 'inference': {'replica_count': 1, 'moe_dp': 1}}
4096	29.061461	nan	nan	0.034410	6.861550e+18	2.361048e+17	3.118694e+14	0.184830	False	0.000000	51.173806	{'tp': 8, 'cp': 4, 'pp': 4, 'mb': 4, 'tp_sp': True, 'train': {'dp': 32, 'ep': 1, 'tp_ep': True}, 'inference': {'replica_count': 1, 'moe_dp': 1}}
1024	200.286152	nan	nan	0.004993	6.861550e+18	3.425873e+16	3.118694e+14	0.107275	True	128.993713	51.168662	{'tp': 1, 'cp': 4, 'pp': 8, 'mb': 8, 'tp_sp': True, 'train': {'dp': 32, 'ep': 1, 'tp_ep': True}, 'inference': {'replica_count': 1, 'moe_dp': 1}}
2048	106.156650	nan	nan	0.009420	6.861550e+18	6.463608e+16	3.118694e+14	0.101198	True	24.623016	46.750010	{'tp': 2, 'cp': 4, 'pp': 8, 'mb': 8, 'tp_sp': True, 'train': {'dp': 32, 'ep': 1, 'tp_ep': True}, 'inference': {'replica_count': 1, 'moe_dp': 1}}
4096	59.304427	nan	nan	0.016862	6.861550e+18	1.157005e+17	3.118694e+14	0.090574	False	0.000000	51.667575	{'tp': 4, 'cp': 4, 'pp': 8, 'mb': 8, 'tp_sp': True, 'train': {'dp': 32, 'ep': 1, 'tp_ep': True}, 'inference': {'replica_count': 1, 'moe_dp': 1}}
2048	211.358145	nan	nan	0.004731	6.861550e+18	3.246409e+16	3.118694e+14	0.050828	True	29.540588	57.455084	{'tp': 1, 'cp': 4, 'pp': 16, 'mb': 16, 'tp_sp': True, 'train': {'dp': 32, 'ep': 1, 'tp_ep': True}, 'inference': {'replica_count': 1, 'moe_dp': 1}}
4096	24.356418	nan	nan	0.041057	6.861550e+18	2.817143e+17	3.118694e+14	0.220534	False	0.000000	408.943554	{'tp': 32, 'cp': 4, 'pp': 4, 'mb': 4, 'tp_sp': True, 'train': {'dp': 8, 'ep': 1, 'tp_ep': True}, 'inference': {'replica_count': 1, 'moe_dp': 1}}
4096	117.180734	nan	nan	0.008534	6.861550e+18	5.855528e+16	3.118694e+14	0.045839	False	0.000000	58.909809	{'tp': 2, 'cp': 4, 'pp': 16, 'mb': 16, 'tp_sp': True, 'train': {'dp': 32, 'ep': 1, 'tp_ep': True}, 'inference': {'replica_count': 1, 'moe_dp': 1}}
1024	27.671176	nan	nan	0.036139	6.861550e+18	2.479674e+17	3.118694e+14	0.776465	True	305.494827	37.051319	{'tp': 4, 'cp': 4, 'pp': 1, 'mb': 1, 'tp_sp': True, 'train': {'dp': 64, 'ep': 1, 'tp_ep': True}, 'inference': {'replica_count': 1, 'moe_dp': 1}}
512	53.213034	nan	nan	0.018792	6.861550e+18	1.289449e+17	3.118694e+14	0.807535	True	690.737335	40.557895	{'tp': 2, 'cp': 4, 'pp': 1, 'mb': 1, 'tp_sp': True, 'train': {'dp': 64, 'ep': 1, 'tp_ep': True}, 'inference': {'replica_count': 1, 'moe_dp': 1}}
4096	17.488310	nan	nan	0.057181	6.861550e+18	3.923507e+17	3.118694e+14	0.307144	False	0.000000	223.059226	{'tp': 32, 'cp': 4, 'pp': 2, 'mb': 2, 'tp_sp': True, 'train': {'dp': 16, 'ep': 1, 'tp_ep': True}, 'inference': {'replica_count': 1, 'moe_dp': 1}}
2048	14.915681	nan	nan	0.067044	6.861550e+18	4.600226e+17	3.118694e+14	0.720239	True	112.873573	36.693646	{'tp': 8, 'cp': 4, 'pp': 1, 'mb': 1, 'tp_sp': True, 'train': {'dp': 64, 'ep': 1, 'tp_ep': True}, 'inference': {'replica_count': 1, 'moe_dp': 1}}
256	104.528591	nan	nan	0.009567	6.861550e+18	6.564281e+16	3.118694e+14	0.822194	True	1461.305143	49.112372	{'tp': 1, 'cp': 4, 'pp': 1, 'mb': 1, 'tp_sp': True, 'train': {'dp': 64, 'ep': 1, 'tp_ep': True}, 'inference': {'replica_count': 1, 'moe_dp': 1}}
4096	11.350550	nan	nan	0.088101	6.861550e+18	6.045125e+17	3.118694e+14	0.473230	False	0.000000	136.065125	{'tp': 32, 'cp': 4, 'pp': 1, 'mb': 1, 'tp_sp': True, 'train': {'dp': 32, 'ep': 1, 'tp_ep': True}, 'inference': {'replica_count': 1, 'moe_dp': 1}}
4096	223.038954	nan	nan	0.004484	6.861550e+18	3.076391e+16	3.118694e+14	0.024083	False	0.000000	69.621755	{'tp': 1, 'cp': 4, 'pp': 32, 'mb': 32, 'tp_sp': True, 'train': {'dp': 32, 'ep': 1, 'tp_ep': True}, 'inference': {'replica_count': 1, 'moe_dp': 1}}
4096	10.063171	nan	nan	0.099372	6.861550e+18	6.818477e+17	3.118694e+14	0.533771	True	16.562946	48.169585	{'tp': 16, 'cp': 4, 'pp': 1, 'mb': 1, 'tp_sp': True, 'train': {'dp': 64, 'ep': 1, 'tp_ep': True}, 'inference': {'replica_count': 1, 'moe_dp': 1}}
2048	42.186397	nan	nan	0.023704	6.861550e+18	1.626484e+17	3.118694e+14	0.254652	True	114.080032	39.587695	{'tp': 4, 'cp': 4, 'pp': 2, 'mb': 2, 'tp_sp': True, 'train': {'dp': 64, 'ep': 1, 'tp_ep': True}, 'inference': {'replica_count': 1, 'moe_dp': 1}}
1024	80.501521	nan	nan	0.012422	6.861550e+18	8.523504e+16	3.118694e+14	0.266898	True	307.907745	42.489620	{'tp': 2, 'cp': 4, 'pp': 2, 'mb': 2, 'tp_sp': True, 'train': {'dp': 64, 'ep': 1, 'tp_ep': True}, 'inference': {'replica_count': 1, 'moe_dp': 1}}
512	157.479531	nan	nan	0.006350	6.861550e+18	4.357106e+16	3.118694e+14	0.272870	True	695.563171	50.952566	{'tp': 1, 'cp': 4, 'pp': 2, 'mb': 2, 'tp_sp': True, 'train': {'dp': 64, 'ep': 1, 'tp_ep': True}, 'inference': {'replica_count': 1, 'moe_dp': 1}}
4096	23.051985	nan	nan	0.043380	6.861550e+18	2.976555e+17	3.118694e+14	0.233014	True	17.166176	43.560770	{'tp': 8, 'cp': 4, 'pp': 2, 'mb': 2, 'tp_sp': True, 'train': {'dp': 64, 'ep': 1, 'tp_ep': True}, 'inference': {'replica_count': 1, 'moe_dp': 1}}
2048	95.640519	nan	nan	0.010456	6.861550e+18	7.174313e+16	3.118694e+14	0.112325	True	119.531281	45.944588	{'tp': 2, 'cp': 4, 'pp': 4, 'mb': 4, 'tp_sp': True, 'train': {'dp': 64, 'ep': 1, 'tp_ep': True}, 'inference': {'replica_count': 1, 'moe_dp': 1}}
4096	51.236116	nan	nan	0.019517	6.861550e+18	1.339202e+17	3.118694e+14	0.104837	True	19.891800	44.837298	{'tp': 4, 'cp': 4, 'pp': 4, 'mb': 4, 'tp_sp': True, 'train': {'dp': 64, 'ep': 1, 'tp_ep': True}, 'inference': {'replica_count': 1, 'moe_dp': 1}}
1024	184.852294	nan	nan	0.005410	6.861550e+18	3.711910e+16	3.118694e+14	0.116232	True	318.810242	51.916458	{'tp': 1, 'cp': 4, 'pp': 4, 'mb': 4, 'tp_sp': True, 'train': {'dp': 64, 'ep': 1, 'tp_ep': True}, 'inference': {'replica_count': 1, 'moe_dp': 1}}
2048	27.671197	nan	nan	0.036139	6.861550e+18	2.479672e+17	3.118694e+14	0.388232	True	301.088348	39.093796	{'tp': 4, 'cp': 4, 'pp': 1, 'mb': 1, 'tp_sp': True, 'train': {'dp': 128, 'ep': 1, 'tp_ep': True}, 'inference': {'replica_count': 1, 'moe_dp': 1}}
1024	53.213054	nan	nan	0.018792	6.861550e+18	1.289449e+17	3.118694e+14	0.403767	True	681.924377	43.418577	{'tp': 2, 'cp': 4, 'pp': 1, 'mb': 1, 'tp_sp': True, 'train': {'dp': 128, 'ep': 1, 'tp_ep': True}, 'inference': {'replica_count': 1, 'moe_dp': 1}}
4096	106.154530	nan	nan	0.009420	6.861550e+18	6.463737e+16	3.118694e+14	0.050600	True	22.304718	51.713710	{'tp': 2, 'cp': 4, 'pp': 8, 'mb': 8, 'tp_sp': True, 'train': {'dp': 64, 'ep': 1, 'tp_ep': True}, 'inference': {'replica_count': 1, 'moe_dp': 1}}
2048	200.283829	nan	nan	0.004993	6.861550e+18	3.425913e+16	3.118694e+14	0.053638	True	124.357117	56.298109	{'tp': 1, 'cp': 4, 'pp': 8, 'mb': 8, 'tp_sp': True, 'train': {'dp': 64, 'ep': 1, 'tp_ep': True}, 'inference': {'replica_count': 1, 'moe_dp': 1}}
4096	14.915702	nan	nan	0.067043	6.861550e+18	4.600219e+17	3.118694e+14	0.360119	True	110.670334	39.920022	{'tp': 8, 'cp': 4, 'pp': 1, 'mb': 1, 'tp_sp': True, 'train': {'dp': 128, 'ep': 1, 'tp_ep': True}, 'inference': {'replica_count': 1, 'moe_dp': 1}}
512	104.528610	nan	nan	0.009567	6.861550e+18	6.564279e+16	3.118694e+14	0.411097	True	1443.679228	51.024423	{'tp': 1, 'cp': 4, 'pp': 1, 'mb': 1, 'tp_sp': True, 'train': {'dp': 128, 'ep': 1, 'tp_ep': True}, 'inference': {'replica_count': 1, 'moe_dp': 1}}
4096	42.186206	nan	nan	0.023704	6.861550e+18	1.626491e+17	3.118694e+14	0.127327	True	111.865326	43.407997	{'tp': 4, 'cp': 4, 'pp': 2, 'mb': 2, 'tp_sp': True, 'train': {'dp': 128, 'ep': 1, 'tp_ep': True}, 'inference': {'replica_count': 1, 'moe_dp': 1}}
2048	80.501320	nan	nan	0.012422	6.861550e+18	8.523525e+16	3.118694e+14	0.133449	True	303.478333	46.082675	{'tp': 2, 'cp': 4, 'pp': 2, 'mb': 2, 'tp_sp': True, 'train': {'dp': 128, 'ep': 1, 'tp_ep': True}, 'inference': {'replica_count': 1, 'moe_dp': 1}}
4096	211.358145	nan	nan	0.004731	6.861550e+18	3.246409e+16	3.118694e+14	0.025414	True	27.130554	63.491669	{'tp': 1, 'cp': 4, 'pp': 16, 'mb': 16, 'tp_sp': True, 'train': {'dp': 64, 'ep': 1, 'tp_ep': True}, 'inference': {'replica_count': 1, 'moe_dp': 1}}
1024	157.479313	nan	nan	0.006350	6.861550e+18	4.357112e+16	3.118694e+14	0.136435	True	686.704346	54.858444	{'tp': 1, 'cp': 4, 'pp': 2, 'mb': 2, 'tp_sp': True, 'train': {'dp': 128, 'ep': 1, 'tp_ep': True}, 'inference': {'replica_count': 1, 'moe_dp': 1}}
4096	95.639986	nan	nan	0.010456	6.861550e+18	7.174353e+16	3.118694e+14	0.056163	True	117.258850	50.644710	{'tp': 2, 'cp': 4, 'pp': 4, 'mb': 4, 'tp_sp': True, 'train': {'dp': 128, 'ep': 1, 'tp_ep': True}, 'inference': {'replica_count': 1, 'moe_dp': 1}}
2048	184.851710	nan	nan	0.005410	6.861550e+18	3.711921e+16	3.118694e+14	0.058116	True	314.265381	56.879014	{'tp': 1, 'cp': 4, 'pp': 4, 'mb': 4, 'tp_sp': True, 'train': {'dp': 128, 'ep': 1, 'tp_ep': True}, 'inference': {'replica_count': 1, 'moe_dp': 1}}
2048	53.213009	nan	nan	0.018792	6.861550e+18	1.289450e+17	3.118694e+14	0.201884	True	677.517899	49.596310	{'tp': 2, 'cp': 4, 'pp': 1, 'mb': 1, 'tp_sp': True, 'train': {'dp': 256, 'ep': 1, 'tp_ep': True}, 'inference': {'replica_count': 1, 'moe_dp': 1}}
4096	27.671154	nan	nan	0.036139	6.861550e+18	2.479676e+17	3.118694e+14	0.194116	True	298.885109	45.017955	{'tp': 4, 'cp': 4, 'pp': 1, 'mb': 1, 'tp_sp': True, 'train': {'dp': 256, 'ep': 1, 'tp_ep': True}, 'inference': {'replica_count': 1, 'moe_dp': 1}}
1024	104.528560	nan	nan	0.009567	6.861550e+18	6.564283e+16	3.118694e+14	0.205549	True	1434.866270	57.609148	{'tp': 1, 'cp': 4, 'pp': 1, 'mb': 1, 'tp_sp': True, 'train': {'dp': 256, 'ep': 1, 'tp_ep': True}, 'inference': {'replica_count': 1, 'moe_dp': 1}}
4096	200.283193	nan	nan	0.004993	6.861550e+18	3.425924e+16	3.118694e+14	0.026819	True	122.038818	62.425514	{'tp': 1, 'cp': 4, 'pp': 8, 'mb': 8, 'tp_sp': True, 'train': {'dp': 128, 'ep': 1, 'tp_ep': True}, 'inference': {'replica_count': 1, 'moe_dp': 1}}
4096	80.501192	nan	nan	0.012422	6.861550e+18	8.523538e+16	3.118694e+14	0.066725	True	301.263626	56.754026	{'tp': 2, 'cp': 4, 'pp': 2, 'mb': 2, 'tp_sp': True, 'train': {'dp': 256, 'ep': 1, 'tp_ep': True}, 'inference': {'replica_count': 1, 'moe_dp': 1}}
2048	157.479173	nan	nan	0.006350	6.861550e+18	4.357116e+16	3.118694e+14	0.068218	True	682.274933	64.398152	{'tp': 1, 'cp': 4, 'pp': 2, 'mb': 2, 'tp_sp': True, 'train': {'dp': 256, 'ep': 1, 'tp_ep': True}, 'inference': {'replica_count': 1, 'moe_dp': 1}}
4096	53.212987	nan	nan	0.018792	6.861550e+18	1.289450e+17	3.118694e+14	0.100942	True	675.314659	63.673087	{'tp': 2, 'cp': 4, 'pp': 1, 'mb': 1, 'tp_sp': True, 'train': {'dp': 512, 'ep': 1, 'tp_ep': True}, 'inference': {'replica_count': 1, 'moe_dp': 1}}
2048	104.528536	nan	nan	0.009567	6.861550e+18	6.564284e+16	3.118694e+14	0.102774	True	1430.459791	70.003680	{'tp': 1, 'cp': 4, 'pp': 1, 'mb': 1, 'tp_sp': True, 'train': {'dp': 512, 'ep': 1, 'tp_ep': True}, 'inference': {'replica_count': 1, 'moe_dp': 1}}
4096	184.851415	nan	nan	0.005410	6.861550e+18	3.711927e+16	3.118694e+14	0.029058	True	311.992950	71.973347	{'tp': 1, 'cp': 4, 'pp': 4, 'mb': 4, 'tp_sp': True, 'train': {'dp': 256, 'ep': 1, 'tp_ep': True}, 'inference': {'replica_count': 1, 'moe_dp': 1}}
4096	157.479117	nan	nan	0.006350	6.861550e+18	4.357117e+16	3.118694e+14	0.034109	True	680.060226	97.234133	{'tp': 1, 'cp': 4, 'pp': 2, 'mb': 2, 'tp_sp': True, 'train': {'dp': 512, 'ep': 1, 'tp_ep': True}, 'inference': {'replica_count': 1, 'moe_dp': 1}}
4096	104.528538	nan	nan	0.009567	6.861550e+18	6.564284e+16	3.118694e+14	0.051387	True	1428.256552	104.784451	{'tp': 1, 'cp': 4, 'pp': 1, 'mb': 1, 'tp_sp': True, 'train': {'dp': 1024, 'ep': 1, 'tp_ep': True}, 'inference': {'replica_count': 1, 'moe_dp': 1}}
128	442.214198	nan	nan	0.002261	6.861550e+18	1.551635e+16	3.118694e+14	0.388693	True	180.855103	110.034881	{'tp': 1, 'cp': 8, 'pp': 16, 'mb': 16, 'tp_sp': True, 'train': {'dp': 1, 'ep': 1, 'tp_ep': True}, 'inference': {'replica_count': 1, 'moe_dp': 1}}
256	263.563902	nan	nan	0.003794	6.861550e+18	2.603372e+16	3.118694e+14	0.326080	True	50.679871	124.388265	{'tp': 2, 'cp': 8, 'pp': 16, 'mb': 16, 'tp_sp': True, 'train': {'dp': 1, 'ep': 1, 'tp_ep': True}, 'inference': {'replica_count': 1, 'moe_dp': 1}}
128	439.093397	nan	nan	0.002277	6.861550e+18	1.562663e+16	3.118694e+14	0.391456	True	171.574585	178.260248	{'tp': 2, 'cp': 8, 'pp': 8, 'mb': 8, 'tp_sp': True, 'train': {'dp': 1, 'ep': 1, 'tp_ep': True}, 'inference': {'replica_count': 1, 'moe_dp': 1}}
256	264.805401	nan	nan	0.003776	6.861550e+18	2.591167e+16	3.118694e+14	0.324551	True	46.291931	199.494597	{'tp': 4, 'cp': 8, 'pp': 8, 'mb': 8, 'tp_sp': True, 'train': {'dp': 1, 'ep': 1, 'tp_ep': True}, 'inference': {'replica_count': 1, 'moe_dp': 1}}
256	256.787332	nan	nan	0.003894	6.861550e+18	2.672075e+16	3.118694e+14	0.334685	True	60.212708	78.526942	{'tp': 1, 'cp': 8, 'pp': 32, 'mb': 32, 'tp_sp': True, 'train': {'dp': 1, 'ep': 1, 'tp_ep': True}, 'inference': {'replica_count': 1, 'moe_dp': 1}}
512	176.198211	nan	nan	0.005675	6.861550e+18	3.894222e+16	3.118694e+14	0.243881	False	0.000000	172.725646	{'tp': 4, 'cp': 8, 'pp': 16, 'mb': 16, 'tp_sp': True, 'train': {'dp': 1, 'ep': 1, 'tp_ep': True}, 'inference': {'replica_count': 1, 'moe_dp': 1}}
128	423.535516	nan	nan	0.002361	6.861550e+18	1.620065e+16	3.118694e+14	0.405835	True	167.691284	303.207177	{'tp': 4, 'cp': 8, 'pp': 4, 'mb': 4, 'tp_sp': True, 'train': {'dp': 1, 'ep': 1, 'tp_ep': True}, 'inference': {'replica_count': 1, 'moe_dp': 1}}
512	171.440548	nan	nan	0.005833	6.861550e+18	4.002291e+16	3.118694e+14	0.250649	False	0.000000	125.379830	{'tp': 2, 'cp': 8, 'pp': 32, 'mb': 32, 'tp_sp': True, 'train': {'dp': 1, 'ep': 1, 'tp_ep': True}, 'inference': {'replica_count': 1, 'moe_dp': 1}}
512	177.882128	nan	nan	0.005622	6.861550e+18	3.857358e+16	3.118694e+14	0.241572	False	0.000000	301.450534	{'tp': 8, 'cp': 8, 'pp': 8, 'mb': 8, 'tp_sp': True, 'train': {'dp': 1, 'ep': 1, 'tp_ep': True}, 'inference': {'replica_count': 1, 'moe_dp': 1}}
256	259.061781	nan	nan	0.003860	6.861550e+18	2.648615e+16	3.118694e+14	0.331746	True	44.854919	352.704560	{'tp': 8, 'cp': 8, 'pp': 4, 'mb': 4, 'tp_sp': True, 'train': {'dp': 1, 'ep': 1, 'tp_ep': True}, 'inference': {'replica_count': 1, 'moe_dp': 1}}
256	222.798314	nan	nan	0.004488	6.861550e+18	3.079714e+16	3.118694e+14	0.385743	True	101.841614	69.188124	{'tp': 1, 'cp': 8, 'pp': 16, 'mb': 16, 'tp_sp': True, 'train': {'dp': 2, 'ep': 1, 'tp_ep': True}, 'inference': {'replica_count': 1, 'moe_dp': 1}}
512	132.830793	nan	nan	0.007528	6.861550e+18	5.165632e+16	3.118694e+14	0.323505	True	11.046967	85.189520	{'tp': 2, 'cp': 8, 'pp': 16, 'mb': 16, 'tp_sp': True, 'train': {'dp': 2, 'ep': 1, 'tp_ep': True}, 'inference': {'replica_count': 1, 'moe_dp': 1}}
128	398.823492	nan	nan	0.002507	6.861550e+18	1.720448e+16	3.118694e+14	0.430982	True	269.984009	106.029744	{'tp': 1, 'cp': 8, 'pp': 8, 'mb': 8, 'tp_sp': True, 'train': {'dp': 2, 'ep': 1, 'tp_ep': True}, 'inference': {'replica_count': 1, 'moe_dp': 1}}
256	220.233208	nan	nan	0.004541	6.861550e+18	3.115584e+16	3.118694e+14	0.390235	True	95.244324	108.758283	{'tp': 2, 'cp': 8, 'pp': 8, 'mb': 8, 'tp_sp': True, 'train': {'dp': 2, 'ep': 1, 'tp_ep': True}, 'inference': {'replica_count': 1, 'moe_dp': 1}}
512	132.897524	nan	nan	0.007525	6.861550e+18	5.163038e+16	3.118694e+14	0.323342	True	7.874481	128.177603	{'tp': 4, 'cp': 8, 'pp': 8, 'mb': 8, 'tp_sp': True, 'train': {'dp': 2, 'ep': 1, 'tp_ep': True}, 'inference': {'replica_count': 1, 'moe_dp': 1}}
1024	88.787302	nan	nan	0.011263	6.861550e+18	7.728076e+16	3.118694e+14	0.241991	False	0.000000	136.660620	{'tp': 4, 'cp': 8, 'pp': 16, 'mb': 16, 'tp_sp': True, 'train': {'dp': 2, 'ep': 1, 'tp_ep': True}, 'inference': {'replica_count': 1, 'moe_dp': 1}}
512	129.812529	nan	nan	0.007703	6.861550e+18	5.285738e+16	3.118694e+14	0.331027	True	17.770416	59.123226	{'tp': 1, 'cp': 8, 'pp': 32, 'mb': 32, 'tp_sp': True, 'train': {'dp': 2, 'ep': 1, 'tp_ep': True}, 'inference': {'replica_count': 1, 'moe_dp': 1}}
128	377.412363	nan	nan	0.002650	6.861550e+18	1.818051e+16	3.118694e+14	0.455432	True	263.639038	174.200178	{'tp': 2, 'cp': 8, 'pp': 4, 'mb': 4, 'tp_sp': True, 'train': {'dp': 2, 'ep': 1, 'tp_ep': True}, 'inference': {'replica_count': 1, 'moe_dp': 1}}
1024	86.719433	nan	nan	0.011531	6.861550e+18	7.912356e+16	3.118694e+14	0.247761	False	0.000000	105.724652	{'tp': 2, 'cp': 8, 'pp': 32, 'mb': 32, 'tp_sp': True, 'train': {'dp': 2, 'ep': 1, 'tp_ep': True}, 'inference': {'replica_count': 1, 'moe_dp': 1}}
1024	89.331548	nan	nan	0.011194	6.861550e+18	7.680993e+16	3.118694e+14	0.240516	False	0.000000	235.020825	{'tp': 8, 'cp': 8, 'pp': 8, 'mb': 8, 'tp_sp': True, 'train': {'dp': 2, 'ep': 1, 'tp_ep': True}, 'inference': {'replica_count': 1, 'moe_dp': 1}}
2048	65.620692	nan	nan	0.015239	6.861550e+18	1.045638e+17	3.118694e+14	0.163711	False	0.000000	231.041539	{'tp': 4, 'cp': 8, 'pp': 32, 'mb': 32, 'tp_sp': True, 'train': {'dp': 2, 'ep': 1, 'tp_ep': True}, 'inference': {'replica_count': 1, 'moe_dp': 1}}
2048	66.794431	nan	nan	0.014971	6.861550e+18	1.027264e+17	3.118694e+14	0.160834	False	0.000000	371.322913	{'tp': 8, 'cp': 8, 'pp': 16, 'mb': 16, 'tp_sp': True, 'train': {'dp': 2, 'ep': 1, 'tp_ep': True}, 'inference': {'replica_count': 1, 'moe_dp': 1}}
128	215.474465	nan	nan	0.004641	6.861550e+18	3.184391e+16	3.118694e+14	0.797707	True	442.325562	295.306894	{'tp': 4, 'cp': 8, 'pp': 1, 'mb': 1, 'tp_sp': True, 'train': {'dp': 4, 'ep': 1, 'tp_ep': True}, 'inference': {'replica_count': 1, 'moe_dp': 1}}
256	120.856656	nan	nan	0.008274	6.861550e+18	5.677428e+16	3.118694e+14	0.711113	True	182.172058	299.690777	{'tp': 8, 'cp': 8, 'pp': 1, 'mb': 1, 'tp_sp': True, 'train': {'dp': 4, 'ep': 1, 'tp_ep': True}, 'inference': {'replica_count': 1, 'moe_dp': 1}}
128	358.645834	nan	nan	0.002788	6.861550e+18	1.913183e+16	3.118694e+14	0.479263	True	457.048462	100.406758	{'tp': 1, 'cp': 8, 'pp': 4, 'mb': 4, 'tp_sp': True, 'train': {'dp': 4, 'ep': 1, 'tp_ep': True}, 'inference': {'replica_count': 1, 'moe_dp': 1}}
256	189.363538	nan	nan	0.005281	6.861550e+18	3.623480e+16	3.118694e+14	0.453851	True	188.776550	97.587714	{'tp': 2, 'cp': 8, 'pp': 4, 'mb': 4, 'tp_sp': True, 'train': {'dp': 4, 'ep': 1, 'tp_ep': True}, 'inference': {'replica_count': 1, 'moe_dp': 1}}
512	106.580058	nan	nan	0.009383	6.861550e+18	6.437931e+16	3.118694e+14	0.403184	True	54.640594	105.681064	{'tp': 4, 'cp': 8, 'pp': 4, 'mb': 4, 'tp_sp': True, 'train': {'dp': 4, 'ep': 1, 'tp_ep': True}, 'inference': {'replica_count': 1, 'moe_dp': 1}}
512	73.565265	nan	nan	0.013593	6.861550e+18	9.327160e+16	3.118694e+14	0.584126	True	52.095306	365.055549	{'tp': 16, 'cp': 8, 'pp': 1, 'mb': 1, 'tp_sp': True, 'train': {'dp': 4, 'ep': 1, 'tp_ep': True}, 'inference': {'replica_count': 1, 'moe_dp': 1}}
256	167.431020	nan	nan	0.005973	6.861550e+18	4.098136e+16	3.118694e+14	0.513303	True	182.508240	163.594746	{'tp': 4, 'cp': 8, 'pp': 2, 'mb': 2, 'tp_sp': True, 'train': {'dp': 4, 'ep': 1, 'tp_ep': True}, 'inference': {'replica_count': 1, 'moe_dp': 1}}
128	309.992758	nan	nan	0.003226	6.861550e+18	2.213455e+16	3.118694e+14	0.554483	True	444.007202	170.456242	{'tp': 2, 'cp': 8, 'pp': 2, 'mb': 2, 'tp_sp': True, 'train': {'dp': 4, 'ep': 1, 'tp_ep': True}, 'inference': {'replica_count': 1, 'moe_dp': 1}}
512	96.330742	nan	nan	0.010381	6.861550e+18	7.122908e+16	3.118694e+14	0.446082	True	51.758759	186.988950	{'tp': 8, 'cp': 8, 'pp': 2, 'mb': 2, 'tp_sp': True, 'train': {'dp': 4, 'ep': 1, 'tp_ep': True}, 'inference': {'replica_count': 1, 'moe_dp': 1}}
256	201.049115	nan	nan	0.004974	6.861550e+18	3.412873e+16	3.118694e+14	0.427472	True	193.906067	66.131863	{'tp': 1, 'cp': 8, 'pp': 8, 'mb': 8, 'tp_sp': True, 'train': {'dp': 4, 'ep': 1, 'tp_ep': True}, 'inference': {'replica_count': 1, 'moe_dp': 1}}
512	111.116394	nan	nan	0.009000	6.861550e+18	6.175102e+16	3.118694e+14	0.386724	True	57.079193	70.281629	{'tp': 2, 'cp': 8, 'pp': 8, 'mb': 8, 'tp_sp': True, 'train': {'dp': 4, 'ep': 1, 'tp_ep': True}, 'inference': {'replica_count': 1, 'moe_dp': 1}}
1024	67.090311	nan	nan	0.014905	6.861550e+18	1.022733e+17	3.118694e+14	0.320250	False	0.000000	92.069629	{'tp': 4, 'cp': 8, 'pp': 8, 'mb': 8, 'tp_sp': True, 'train': {'dp': 4, 'ep': 1, 'tp_ep': True}, 'inference': {'replica_count': 1, 'moe_dp': 1}}
512	112.711804	nan	nan	0.008872	6.861550e+18	6.087694e+16	3.118694e+14	0.381250	True	62.334869	49.628745	{'tp': 1, 'cp': 8, 'pp': 16, 'mb': 16, 'tp_sp': True, 'train': {'dp': 4, 'ep': 1, 'tp_ep': True}, 'inference': {'replica_count': 1, 'moe_dp': 1}}
1024	65.284894	nan	nan	0.015317	6.861550e+18	1.051016e+17	3.118694e+14	0.329107	False	0.000000	154.289475	{'tp': 8, 'cp': 8, 'pp': 4, 'mb': 4, 'tp_sp': True, 'train': {'dp': 4, 'ep': 1, 'tp_ep': True}, 'inference': {'replica_count': 1, 'moe_dp': 1}}
1024	67.298675	nan	nan	0.014859	6.861550e+18	1.019567e+17	3.118694e+14	0.319259	False	0.000000	70.192407	{'tp': 2, 'cp': 8, 'pp': 16, 'mb': 16, 'tp_sp': True, 'train': {'dp': 4, 'ep': 1, 'tp_ep': True}, 'inference': {'replica_count': 1, 'moe_dp': 1}}
1024	129.682525	nan	nan	0.007711	6.861550e+18	5.291037e+16	3.118694e+14	0.165679	False	0.000000	58.062612	{'tp': 1, 'cp': 8, 'pp': 32, 'mb': 32, 'tp_sp': True, 'train': {'dp': 4, 'ep': 1, 'tp_ep': True}, 'inference': {'replica_count': 1, 'moe_dp': 1}}
1024	60.794023	nan	nan	0.016449	6.861550e+18	1.128655e+17	3.118694e+14	0.353418	False	0.000000	324.186223	{'tp': 16, 'cp': 8, 'pp': 2, 'mb': 2, 'tp_sp': True, 'train': {'dp': 4, 'ep': 1, 'tp_ep': True}, 'inference': {'replica_count': 1, 'moe_dp': 1}}
2048	45.064482	nan	nan	0.022190	6.861550e+18	1.522607e+17	3.118694e+14	0.238388	False	0.000000	124.070845	{'tp': 4, 'cp': 8, 'pp': 16, 'mb': 16, 'tp_sp': True, 'train': {'dp': 4, 'ep': 1, 'tp_ep': True}, 'inference': {'replica_count': 1, 'moe_dp': 1}}
2048	86.600153	nan	nan	0.011547	6.861550e+18	7.923254e+16	3.118694e+14	0.124051	False	0.000000	106.704117	{'tp': 2, 'cp': 8, 'pp': 32, 'mb': 32, 'tp_sp': True, 'train': {'dp': 4, 'ep': 1, 'tp_ep': True}, 'inference': {'replica_count': 1, 'moe_dp': 1}}
2048	45.106144	nan	nan	0.022170	6.861550e+18	1.521201e+17	3.118694e+14	0.238168	False	0.000000	198.352872	{'tp': 8, 'cp': 8, 'pp': 8, 'mb': 8, 'tp_sp': True, 'train': {'dp': 4, 'ep': 1, 'tp_ep': True}, 'inference': {'replica_count': 1, 'moe_dp': 1}}
128	203.076401	nan	nan	0.004924	6.861550e+18	3.378802e+16	3.118694e+14	0.846408	True	817.335815	167.095629	{'tp': 2, 'cp': 8, 'pp': 1, 'mb': 1, 'tp_sp': True, 'train': {'dp': 8, 'ep': 1, 'tp_ep': True}, 'inference': {'replica_count': 1, 'moe_dp': 1}}
256	108.037977	nan	nan	0.009256	6.861550e+18	6.351054e+16	3.118694e+14	0.795487	True	369.172546	157.608229	{'tp': 4, 'cp': 8, 'pp': 1, 'mb': 1, 'tp_sp': True, 'train': {'dp': 8, 'ep': 1, 'tp_ep': True}, 'inference': {'replica_count': 1, 'moe_dp': 1}}
4096	65.506774	nan	nan	0.015266	6.861550e+18	1.047457e+17	3.118694e+14	0.081998	False	0.000000	218.619990	{'tp': 4, 'cp': 8, 'pp': 32, 'mb': 32, 'tp_sp': True, 'train': {'dp': 4, 'ep': 1, 'tp_ep': True}, 'inference': {'replica_count': 1, 'moe_dp': 1}}
128	301.626498	nan	nan	0.003315	6.861550e+18	2.274850e+16	3.118694e+14	0.569862	True	821.479126	101.195993	{'tp': 1, 'cp': 8, 'pp': 2, 'mb': 2, 'tp_sp': True, 'train': {'dp': 8, 'ep': 1, 'tp_ep': True}, 'inference': {'replica_count': 1, 'moe_dp': 1}}
512	60.639159	nan	nan	0.016491	6.861550e+18	1.131538e+17	3.118694e+14	0.708641	True	145.090912	166.609740	{'tp': 8, 'cp': 8, 'pp': 1, 'mb': 1, 'tp_sp': True, 'train': {'dp': 8, 'ep': 1, 'tp_ep': True}, 'inference': {'replica_count': 1, 'moe_dp': 1}}
256	155.547742	nan	nan	0.006429	6.861550e+18	4.411218e+16	3.118694e+14	0.552517	True	370.991882	94.743446	{'tp': 2, 'cp': 8, 'pp': 2, 'mb': 2, 'tp_sp': True, 'train': {'dp': 8, 'ep': 1, 'tp_ep': True}, 'inference': {'replica_count': 1, 'moe_dp': 1}}
256	180.812015	nan	nan	0.005531	6.861550e+18	3.794853e+16	3.118694e+14	0.475316	True	382.438293	64.993750	{'tp': 1, 'cp': 8, 'pp': 4, 'mb': 4, 'tp_sp': True, 'train': {'dp': 8, 'ep': 1, 'tp_ep': True}, 'inference': {'replica_count': 1, 'moe_dp': 1}}
512	84.111557	nan	nan	0.011889	6.861550e+18	8.157678e+16	3.118694e+14	0.510886	True	145.748260	93.221791	{'tp': 4, 'cp': 8, 'pp': 2, 'mb': 2, 'tp_sp': True, 'train': {'dp': 8, 'ep': 1, 'tp_ep': True}, 'inference': {'replica_count': 1, 'moe_dp': 1}}
2048	44.604791	nan	nan	0.022419	6.861550e+18	1.538299e+17	3.118694e+14	0.240845	False	0.000000	440.430252	{'tp': 16, 'cp': 8, 'pp': 4, 'mb': 4, 'tp_sp': True, 'train': {'dp': 4, 'ep': 1, 'tp_ep': True}, 'inference': {'replica_count': 1, 'moe_dp': 1}}
512	95.571847	nan	nan	0.010463	6.861550e+18	7.179468e+16	3.118694e+14	0.449624	True	151.345306	63.857834	{'tp': 2, 'cp': 8, 'pp': 4, 'mb': 4, 'tp_sp': True, 'train': {'dp': 8, 'ep': 1, 'tp_ep': True}, 'inference': {'replica_count': 1, 'moe_dp': 1}}
1024	36.948697	nan	nan	0.027065	6.861550e+18	1.857048e+17	3.118694e+14	0.581501	True	33.050095	236.578830	{'tp': 16, 'cp': 8, 'pp': 1, 'mb': 1, 'tp_sp': True, 'train': {'dp': 8, 'ep': 1, 'tp_ep': True}, 'inference': {'replica_count': 1, 'moe_dp': 1}}
1024	48.476812	nan	nan	0.020628	6.861550e+18	1.415429e+17	3.118694e+14	0.443216	True	33.126450	117.968123	{'tp': 8, 'cp': 8, 'pp': 2, 'mb': 2, 'tp_sp': True, 'train': {'dp': 8, 'ep': 1, 'tp_ep': True}, 'inference': {'replica_count': 1, 'moe_dp': 1}}
4096	33.951914	nan	nan	0.029453	6.861550e+18	2.020961e+17	3.118694e+14	0.158207	False	0.000000	360.324201	{'tp': 8, 'cp': 8, 'pp': 16, 'mb': 16, 'tp_sp': True, 'train': {'dp': 4, 'ep': 1, 'tp_ep': True}, 'inference': {'replica_count': 1, 'moe_dp': 1}}
1024	53.843199	nan	nan	0.018572	6.861550e+18	1.274358e+17	3.118694e+14	0.399042	True	35.798813	69.375436	{'tp': 4, 'cp': 8, 'pp': 4, 'mb': 4, 'tp_sp': True, 'train': {'dp': 8, 'ep': 1, 'tp_ep': True}, 'inference': {'replica_count': 1, 'moe_dp': 1}}
512	101.678535	nan	nan	0.009835	6.861550e+18	6.748278e+16	3.118694e+14	0.422620	True	155.867096	46.659262	{'tp': 1, 'cp': 8, 'pp': 8, 'mb': 8, 'tp_sp': True, 'train': {'dp': 8, 'ep': 1, 'tp_ep': True}, 'inference': {'replica_count': 1, 'moe_dp': 1}}
1024	56.295553	nan	nan	0.017763	6.861550e+18	1.218844e+17	3.118694e+14	0.381659	True	37.996628	52.318638	{'tp': 2, 'cp': 8, 'pp': 8, 'mb': 8, 'tp_sp': True, 'train': {'dp': 8, 'ep': 1, 'tp_ep': True}, 'inference': {'replica_count': 1, 'moe_dp': 1}}
1024	112.711804	nan	nan	0.008872	6.861550e+18	6.087694e+16	3.118694e+14	0.190625	True	43.054596	50.050830	{'tp': 1, 'cp': 8, 'pp': 16, 'mb': 16, 'tp_sp': True, 'train': {'dp': 8, 'ep': 1, 'tp_ep': True}, 'inference': {'replica_count': 1, 'moe_dp': 1}}
2048	34.076445	nan	nan	0.029346	6.861550e+18	2.013576e+17	3.118694e+14	0.315257	False	0.000000	73.951330	{'tp': 4, 'cp': 8, 'pp': 8, 'mb': 8, 'tp_sp': True, 'train': {'dp': 8, 'ep': 1, 'tp_ep': True}, 'inference': {'replica_count': 1, 'moe_dp': 1}}
2048	33.006249	nan	nan	0.030297	6.861550e+18	2.078864e+17	3.118694e+14	0.325479	False	0.000000	117.382760	{'tp': 8, 'cp': 8, 'pp': 4, 'mb': 4, 'tp_sp': True, 'train': {'dp': 8, 'ep': 1, 'tp_ep': True}, 'inference': {'replica_count': 1, 'moe_dp': 1}}
2048	129.564408	nan	nan	0.007718	6.861550e+18	5.295860e+16	3.118694e+14	0.082915	False	0.000000	60.044207	{'tp': 1, 'cp': 8, 'pp': 32, 'mb': 32, 'tp_sp': True, 'train': {'dp': 8, 'ep': 1, 'tp_ep': True}, 'inference': {'replica_count': 1, 'moe_dp': 1}}
2048	67.298675	nan	nan	0.014859	6.861550e+18	1.019567e+17	3.118694e+14	0.159629	False	0.000000	68.907581	{'tp': 2, 'cp': 8, 'pp': 16, 'mb': 16, 'tp_sp': True, 'train': {'dp': 8, 'ep': 1, 'tp_ep': True}, 'inference': {'replica_count': 1, 'moe_dp': 1}}
4096	45.064482	nan	nan	0.022190	6.861550e+18	1.522607e+17	3.118694e+14	0.119194	False	0.000000	117.387224	{'tp': 4, 'cp': 8, 'pp': 16, 'mb': 16, 'tp_sp': True, 'train': {'dp': 8, 'ep': 1, 'tp_ep': True}, 'inference': {'replica_count': 1, 'moe_dp': 1}}
4096	86.492688	nan	nan	0.011562	6.861550e+18	7.933099e+16	3.118694e+14	0.062103	False	0.000000	107.366420	{'tp': 2, 'cp': 8, 'pp': 32, 'mb': 32, 'tp_sp': True, 'train': {'dp': 8, 'ep': 1, 'tp_ep': True}, 'inference': {'replica_count': 1, 'moe_dp': 1}}
256	101.903488	nan	nan	0.009813	6.861550e+18	6.733381e+16	3.118694e+14	0.843374	True	744.687439	95.081668	{'tp': 2, 'cp': 8, 'pp': 1, 'mb': 1, 'tp_sp': True, 'train': {'dp': 16, 'ep': 1, 'tp_ep': True}, 'inference': {'replica_count': 1, 'moe_dp': 1}}
128	199.285727	nan	nan	0.005018	6.861550e+18	3.443072e+16	3.118694e+14	0.862508	True	1569.035824	103.215157	{'tp': 1, 'cp': 8, 'pp': 1, 'mb': 1, 'tp_sp': True, 'train': {'dp': 16, 'ep': 1, 'tp_ep': True}, 'inference': {'replica_count': 1, 'moe_dp': 1}}
2048	30.631373	nan	nan	0.032646	6.861550e+18	2.240040e+17	3.118694e+14	0.350714	False	0.000000	264.583159	{'tp': 16, 'cp': 8, 'pp': 2, 'mb': 2, 'tp_sp': True, 'train': {'dp': 8, 'ep': 1, 'tp_ep': True}, 'inference': {'replica_count': 1, 'moe_dp': 1}}
512	54.281164	nan	nan	0.018423	6.861550e+18	1.264076e+17	3.118694e+14	0.791645	True	332.596039	90.027745	{'tp': 4, 'cp': 8, 'pp': 1, 'mb': 1, 'tp_sp': True, 'train': {'dp': 16, 'ep': 1, 'tp_ep': True}, 'inference': {'replica_count': 1, 'moe_dp': 1}}
1024	30.525567	nan	nan	0.032759	6.861550e+18	2.247804e+17	3.118694e+14	0.703859	True	126.550339	100.184611	{'tp': 8, 'cp': 8, 'pp': 1, 'mb': 1, 'tp_sp': True, 'train': {'dp': 16, 'ep': 1, 'tp_ep': True}, 'inference': {'replica_count': 1, 'moe_dp': 1}}
4096	23.373037	nan	nan	0.042784	6.861550e+18	2.935669e+17	3.118694e+14	0.229813	False	0.000000	180.792088	{'tp': 8, 'cp': 8, 'pp': 8, 'mb': 8, 'tp_sp': True, 'train': {'dp': 8, 'ep': 1, 'tp_ep': True}, 'inference': {'replica_count': 1, 'moe_dp': 1}}
512	91.380012	nan	nan	0.010943	6.861550e+18	7.508808e+16	3.118694e+14	0.470249	True	345.133209	44.655456	{'tp': 1, 'cp': 8, 'pp': 4, 'mb': 4, 'tp_sp': True, 'train': {'dp': 16, 'ep': 1, 'tp_ep': True}, 'inference': {'replica_count': 1, 'moe_dp': 1}}
1024	42.493375	nan	nan	0.023533	6.861550e+18	1.614734e+17	3.118694e+14	0.505625	True	127.368271	59.387768	{'tp': 4, 'cp': 8, 'pp': 2, 'mb': 2, 'tp_sp': True, 'train': {'dp': 16, 'ep': 1, 'tp_ep': True}, 'inference': {'replica_count': 1, 'moe_dp': 1}}
512	78.500224	nan	nan	0.012739	6.861550e+18	8.740803e+16	3.118694e+14	0.547405	True	334.484222	60.307901	{'tp': 2, 'cp': 8, 'pp': 2, 'mb': 2, 'tp_sp': True, 'train': {'dp': 16, 'ep': 1, 'tp_ep': True}, 'inference': {'replica_count': 1, 'moe_dp': 1}}
256	152.052569	nan	nan	0.006577	6.861550e+18	4.512617e+16	3.118694e+14	0.565218	True	748.716125	64.921241	{'tp': 1, 'cp': 8, 'pp': 2, 'mb': 2, 'tp_sp': True, 'train': {'dp': 16, 'ep': 1, 'tp_ep': True}, 'inference': {'replica_count': 1, 'moe_dp': 1}}
1024	48.374909	nan	nan	0.020672	6.861550e+18	1.418411e+17	3.118694e+14	0.444150	True	132.629684	43.783696	{'tp': 2, 'cp': 8, 'pp': 4, 'mb': 4, 'tp_sp': True, 'train': {'dp': 16, 'ep': 1, 'tp_ep': True}, 'inference': {'replica_count': 1, 'moe_dp': 1}}
2048	24.513575	nan	nan	0.040794	6.861550e+18	2.799082e+17	3.118694e+14	0.438241	True	23.810295	81.083969	{'tp': 8, 'cp': 8, 'pp': 2, 'mb': 2, 'tp_sp': True, 'train': {'dp': 16, 'ep': 1, 'tp_ep': True}, 'inference': {'replica_count': 1, 'moe_dp': 1}}
2048	27.320206	nan	nan	0.036603	6.861550e+18	2.511529e+17	3.118694e+14	0.393220	True	26.377922	52.856547	{'tp': 4, 'cp': 8, 'pp': 4, 'mb': 4, 'tp_sp': True, 'train': {'dp': 16, 'ep': 1, 'tp_ep': True}, 'inference': {'replica_count': 1, 'moe_dp': 1}}
1024	101.677918	nan	nan	0.009835	6.861550e+18	6.748319e+16	3.118694e+14	0.211311	True	137.320709	46.749953	{'tp': 1, 'cp': 8, 'pp': 8, 'mb': 8, 'tp_sp': True, 'train': {'dp': 16, 'ep': 1, 'tp_ep': True}, 'inference': {'replica_count': 1, 'moe_dp': 1}}
2048	56.295000	nan	nan	0.017764	6.861550e+18	1.218856e+17	3.118694e+14	0.190831	True	28.723434	52.520923	{'tp': 2, 'cp': 8, 'pp': 8, 'mb': 8, 'tp_sp': True, 'train': {'dp': 16, 'ep': 1, 'tp_ep': True}, 'inference': {'replica_count': 1, 'moe_dp': 1}}
2048	18.629058	nan	nan	0.053680	6.861550e+18	3.683251e+17	3.118694e+14	0.576672	True	23.527489	170.280489	{'tp': 16, 'cp': 8, 'pp': 1, 'mb': 1, 'tp_sp': True, 'train': {'dp': 16, 'ep': 1, 'tp_ep': True}, 'inference': {'replica_count': 1, 'moe_dp': 1}}
2048	112.711804	nan	nan	0.008872	6.861550e+18	6.087694e+16	3.118694e+14	0.095313	True	33.414459	52.159057	{'tp': 1, 'cp': 8, 'pp': 16, 'mb': 16, 'tp_sp': True, 'train': {'dp': 16, 'ep': 1, 'tp_ep': True}, 'inference': {'replica_count': 1, 'moe_dp': 1}}
4096	34.075924	nan	nan	0.029346	6.861550e+18	2.013606e+17	3.118694e+14	0.157631	False	0.000000	74.220213	{'tp': 4, 'cp': 8, 'pp': 8, 'mb': 8, 'tp_sp': True, 'train': {'dp': 16, 'ep': 1, 'tp_ep': True}, 'inference': {'replica_count': 1, 'moe_dp': 1}}
4096	129.493542	nan	nan	0.007722	6.861550e+18	5.298759e+16	3.118694e+14	0.041480	False	0.000000	63.078576	{'tp': 1, 'cp': 8, 'pp': 32, 'mb': 32, 'tp_sp': True, 'train': {'dp': 16, 'ep': 1, 'tp_ep': True}, 'inference': {'replica_count': 1, 'moe_dp': 1}}
256	100.464493	nan	nan	0.009954	6.861550e+18	6.829826e+16	3.118694e+14	0.855454	True	1496.556974	62.948897	{'tp': 1, 'cp': 8, 'pp': 1, 'mb': 1, 'tp_sp': True, 'train': {'dp': 32, 'ep': 1, 'tp_ep': True}, 'inference': {'replica_count': 1, 'moe_dp': 1}}
4096	67.298675	nan	nan	0.014859	6.861550e+18	1.019567e+17	3.118694e+14	0.079815	False	0.000000	72.792970	{'tp': 2, 'cp': 8, 'pp': 16, 'mb': 16, 'tp_sp': True, 'train': {'dp': 16, 'ep': 1, 'tp_ep': True}, 'inference': {'replica_count': 1, 'moe_dp': 1}}
512	51.432392	nan	nan	0.019443	6.861550e+18	1.334091e+17	3.118694e+14	0.835493	True	708.363251	55.914407	{'tp': 2, 'cp': 8, 'pp': 1, 'mb': 1, 'tp_sp': True, 'train': {'dp': 32, 'ep': 1, 'tp_ep': True}, 'inference': {'replica_count': 1, 'moe_dp': 1}}
4096	18.128800	nan	nan	0.055161	6.861550e+18	3.784889e+17	3.118694e+14	0.296292	False	0.000000	100.010393	{'tp': 8, 'cp': 8, 'pp': 4, 'mb': 4, 'tp_sp': True, 'train': {'dp': 16, 'ep': 1, 'tp_ep': True}, 'inference': {'replica_count': 1, 'moe_dp': 1}}
1024	27.429223	nan	nan	0.036457	6.861550e+18	2.501547e+17	3.118694e+14	0.783314	True	314.307785	54.643703	{'tp': 4, 'cp': 8, 'pp': 1, 'mb': 1, 'tp_sp': True, 'train': {'dp': 32, 'ep': 1, 'tp_ep': True}, 'inference': {'replica_count': 1, 'moe_dp': 1}}
512	76.817160	nan	nan	0.013018	6.861550e+18	8.932314e+16	3.118694e+14	0.559398	True	712.334625	44.885421	{'tp': 1, 'cp': 8, 'pp': 2, 'mb': 2, 'tp_sp': True, 'train': {'dp': 32, 'ep': 1, 'tp_ep': True}, 'inference': {'replica_count': 1, 'moe_dp': 1}}
1024	39.713049	nan	nan	0.025181	6.861550e+18	1.727782e+17	3.118694e+14	0.541024	True	316.230392	39.632895	{'tp': 2, 'cp': 8, 'pp': 2, 'mb': 2, 'tp_sp': True, 'train': {'dp': 32, 'ep': 1, 'tp_ep': True}, 'inference': {'replica_count': 1, 'moe_dp': 1}}
2048	15.443389	nan	nan	0.064753	6.861550e+18	4.443034e+17	3.118694e+14	0.695628	True	117.280052	66.058274	{'tp': 8, 'cp': 8, 'pp': 1, 'mb': 1, 'tp_sp': True, 'train': {'dp': 32, 'ep': 1, 'tp_ep': True}, 'inference': {'replica_count': 1, 'moe_dp': 1}}
2048	21.547496	nan	nan	0.046409	6.861550e+18	3.184384e+17	3.118694e+14	0.498566	True	118.178276	42.087834	{'tp': 4, 'cp': 8, 'pp': 2, 'mb': 2, 'tp_sp': True, 'train': {'dp': 32, 'ep': 1, 'tp_ep': True}, 'inference': {'replica_count': 1, 'moe_dp': 1}}
2048	48.374807	nan	nan	0.020672	6.861550e+18	1.418414e+17	3.118694e+14	0.222075	True	123.539963	45.021442	{'tp': 2, 'cp': 8, 'pp': 4, 'mb': 4, 'tp_sp': True, 'train': {'dp': 32, 'ep': 1, 'tp_ep': True}, 'inference': {'replica_count': 1, 'moe_dp': 1}}
1024	91.379894	nan	nan	0.010943	6.861550e+18	7.508818e+16	3.118694e+14	0.235125	True	326.953766	46.046581	{'tp': 1, 'cp': 8, 'pp': 4, 'mb': 4, 'tp_sp': True, 'train': {'dp': 32, 'ep': 1, 'tp_ep': True}, 'inference': {'replica_count': 1, 'moe_dp': 1}}
4096	27.320112	nan	nan	0.036603	6.861550e+18	2.511538e+17	3.118694e+14	0.196611	True	21.833061	52.111827	{'tp': 4, 'cp': 8, 'pp': 4, 'mb': 4, 'tp_sp': True, 'train': {'dp': 32, 'ep': 1, 'tp_ep': True}, 'inference': {'replica_count': 1, 'moe_dp': 1}}
2048	101.674627	nan	nan	0.009835	6.861550e+18	6.748537e+16	3.118694e+14	0.105659	True	128.047516	48.209881	{'tp': 1, 'cp': 8, 'pp': 8, 'mb': 8, 'tp_sp': True, 'train': {'dp': 32, 'ep': 1, 'tp_ep': True}, 'inference': {'replica_count': 1, 'moe_dp': 1}}
4096	14.290435	nan	nan	0.069977	6.861550e+18	4.801498e+17	3.118694e+14	0.375875	True	19.152218	64.224933	{'tp': 8, 'cp': 8, 'pp': 2, 'mb': 2, 'tp_sp': True, 'train': {'dp': 32, 'ep': 1, 'tp_ep': True}, 'inference': {'replica_count': 1, 'moe_dp': 1}}
512	50.755125	nan	nan	0.019702	6.861550e+18	1.351893e+17	3.118694e+14	0.846642	True	1460.317550	45.520985	{'tp': 1, 'cp': 8, 'pp': 1, 'mb': 1, 'tp_sp': True, 'train': {'dp': 64, 'ep': 1, 'tp_ep': True}, 'inference': {'replica_count': 1, 'moe_dp': 1}}
4096	56.291991	nan	nan	0.017765	6.861550e+18	1.218921e+17	3.118694e+14	0.095421	True	24.086838	54.497413	{'tp': 2, 'cp': 8, 'pp': 8, 'mb': 8, 'tp_sp': True, 'train': {'dp': 32, 'ep': 1, 'tp_ep': True}, 'inference': {'replica_count': 1, 'moe_dp': 1}}
1024	26.021445	nan	nan	0.038430	6.861550e+18	2.636883e+17	3.118694e+14	0.825692	True	690.201157	39.252270	{'tp': 2, 'cp': 8, 'pp': 1, 'mb': 1, 'tp_sp': True, 'train': {'dp': 64, 'ep': 1, 'tp_ep': True}, 'inference': {'replica_count': 1, 'moe_dp': 1}}
4096	16.646340	nan	nan	0.060073	6.861550e+18	4.121957e+17	3.118694e+14	0.322679	False	0.000000	226.421135	{'tp': 16, 'cp': 8, 'pp': 2, 'mb': 2, 'tp_sp': True, 'train': {'dp': 16, 'ep': 1, 'tp_ep': True}, 'inference': {'replica_count': 1, 'moe_dp': 1}}
4096	112.711804	nan	nan	0.008872	6.861550e+18	6.087694e+16	3.118694e+14	0.047656	True	28.594391	54.144914	{'tp': 1, 'cp': 8, 'pp': 16, 'mb': 16, 'tp_sp': True, 'train': {'dp': 32, 'ep': 1, 'tp_ep': True}, 'inference': {'replica_count': 1, 'moe_dp': 1}}
2048	13.912273	nan	nan	0.071879	6.861550e+18	4.932012e+17	3.118694e+14	0.772185	True	305.163658	37.768888	{'tp': 4, 'cp': 8, 'pp': 1, 'mb': 1, 'tp_sp': True, 'train': {'dp': 64, 'ep': 1, 'tp_ep': True}, 'inference': {'replica_count': 1, 'moe_dp': 1}}
1024	76.817156	nan	nan	0.013018	6.861550e+18	8.932315e+16	3.118694e+14	0.279699	True	694.616974	45.784714	{'tp': 1, 'cp': 8, 'pp': 2, 'mb': 2, 'tp_sp': True, 'train': {'dp': 64, 'ep': 1, 'tp_ep': True}, 'inference': {'replica_count': 1, 'moe_dp': 1}}
4096	9.923076	nan	nan	0.100775	6.861550e+18	6.914741e+17	3.118694e+14	0.541306	True	112.644909	49.546739	{'tp': 8, 'cp': 8, 'pp': 1, 'mb': 1, 'tp_sp': True, 'train': {'dp': 64, 'ep': 1, 'tp_ep': True}, 'inference': {'replica_count': 1, 'moe_dp': 1}}
4096	11.033284	nan	nan	0.090635	6.861550e+18	6.218956e+17	3.118694e+14	0.486838	True	18.766186	134.630576	{'tp': 16, 'cp': 8, 'pp': 1, 'mb': 1, 'tp_sp': True, 'train': {'dp': 32, 'ep': 1, 'tp_ep': True}, 'inference': {'replica_count': 1, 'moe_dp': 1}}
2048	39.713050	nan	nan	0.025181	6.861550e+18	1.727782e+17	3.118694e+14	0.270512	True	307.371567	42.266267	{'tp': 2, 'cp': 8, 'pp': 2, 'mb': 2, 'tp_sp': True, 'train': {'dp': 64, 'ep': 1, 'tp_ep': True}, 'inference': {'replica_count': 1, 'moe_dp': 1}}
4096	21.547498	nan	nan	0.046409	6.861550e+18	3.184384e+17	3.118694e+14	0.249283	True	113.748863	43.559360	{'tp': 4, 'cp': 8, 'pp': 2, 'mb': 2, 'tp_sp': True, 'train': {'dp': 64, 'ep': 1, 'tp_ep': True}, 'inference': {'replica_count': 1, 'moe_dp': 1}}
2048	91.379045	nan	nan	0.010943	6.861550e+18	7.508888e+16	3.118694e+14	0.117564	True	317.864044	47.473510	{'tp': 1, 'cp': 8, 'pp': 4, 'mb': 4, 'tp_sp': True, 'train': {'dp': 64, 'ep': 1, 'tp_ep': True}, 'inference': {'replica_count': 1, 'moe_dp': 1}}
4096	48.374028	nan	nan	0.020672	6.861550e+18	1.418437e+17	3.118694e+14	0.111039	True	118.995102	46.400465	{'tp': 2, 'cp': 8, 'pp': 4, 'mb': 4, 'tp_sp': True, 'train': {'dp': 64, 'ep': 1, 'tp_ep': True}, 'inference': {'replica_count': 1, 'moe_dp': 1}}
2048	26.021465	nan	nan	0.038430	6.861550e+18	2.636881e+17	3.118694e+14	0.412846	True	681.388199	42.237068	{'tp': 2, 'cp': 8, 'pp': 1, 'mb': 1, 'tp_sp': True, 'train': {'dp': 128, 'ep': 1, 'tp_ep': True}, 'inference': {'replica_count': 1, 'moe_dp': 1}}
4096	13.912294	nan	nan	0.071879	6.861550e+18	4.932005e+17	3.118694e+14	0.386092	True	300.757179	40.588088	{'tp': 4, 'cp': 8, 'pp': 1, 'mb': 1, 'tp_sp': True, 'train': {'dp': 128, 'ep': 1, 'tp_ep': True}, 'inference': {'replica_count': 1, 'moe_dp': 1}}
4096	22.785530	nan	nan	0.043888	6.861550e+18	3.011363e+17	3.118694e+14	0.235738	False	0.000000	443.896581	{'tp': 16, 'cp': 8, 'pp': 4, 'mb': 4, 'tp_sp': True, 'train': {'dp': 8, 'ep': 1, 'tp_ep': True}, 'inference': {'replica_count': 1, 'moe_dp': 1}}
1024	50.755144	nan	nan	0.019702	6.861550e+18	1.351893e+17	3.118694e+14	0.423321	True	1442.691634	47.546873	{'tp': 1, 'cp': 8, 'pp': 1, 'mb': 1, 'tp_sp': True, 'train': {'dp': 128, 'ep': 1, 'tp_ep': True}, 'inference': {'replica_count': 1, 'moe_dp': 1}}
4096	101.672304	nan	nan	0.009836	6.861550e+18	6.748691e+16	3.118694e+14	0.052831	True	123.410919	52.019170	{'tp': 1, 'cp': 8, 'pp': 8, 'mb': 8, 'tp_sp': True, 'train': {'dp': 64, 'ep': 1, 'tp_ep': True}, 'inference': {'replica_count': 1, 'moe_dp': 1}}
2048	76.816938	nan	nan	0.013018	6.861550e+18	8.932340e+16	3.118694e+14	0.139850	True	685.758148	50.027794	{'tp': 1, 'cp': 8, 'pp': 2, 'mb': 2, 'tp_sp': True, 'train': {'dp': 128, 'ep': 1, 'tp_ep': True}, 'inference': {'replica_count': 1, 'moe_dp': 1}}
4096	39.712849	nan	nan	0.025181	6.861550e+18	1.727791e+17	3.118694e+14	0.135257	True	302.942154	45.110350	{'tp': 2, 'cp': 8, 'pp': 2, 'mb': 2, 'tp_sp': True, 'train': {'dp': 128, 'ep': 1, 'tp_ep': True}, 'inference': {'replica_count': 1, 'moe_dp': 1}}
4096	26.021420	nan	nan	0.038430	6.861550e+18	2.636885e+17	3.118694e+14	0.206423	True	676.981720	47.823654	{'tp': 2, 'cp': 8, 'pp': 1, 'mb': 1, 'tp_sp': True, 'train': {'dp': 256, 'ep': 1, 'tp_ep': True}, 'inference': {'replica_count': 1, 'moe_dp': 1}}
4096	91.378461	nan	nan	0.010943	6.861550e+18	7.508936e+16	3.118694e+14	0.058782	True	313.319183	53.935491	{'tp': 1, 'cp': 8, 'pp': 4, 'mb': 4, 'tp_sp': True, 'train': {'dp': 128, 'ep': 1, 'tp_ep': True}, 'inference': {'replica_count': 1, 'moe_dp': 1}}
2048	50.755094	nan	nan	0.019702	6.861550e+18	1.351894e+17	3.118694e+14	0.211661	True	1433.878676	53.574709	{'tp': 1, 'cp': 8, 'pp': 1, 'mb': 1, 'tp_sp': True, 'train': {'dp': 256, 'ep': 1, 'tp_ep': True}, 'inference': {'replica_count': 1, 'moe_dp': 1}}
4096	76.816798	nan	nan	0.013018	6.861550e+18	8.932356e+16	3.118694e+14	0.069925	True	681.328735	60.834668	{'tp': 1, 'cp': 8, 'pp': 2, 'mb': 2, 'tp_sp': True, 'train': {'dp': 256, 'ep': 1, 'tp_ep': True}, 'inference': {'replica_count': 1, 'moe_dp': 1}}
4096	50.755070	nan	nan	0.019702	6.861550e+18	1.351895e+17	3.118694e+14	0.105830	True	1429.472198	67.789516	{'tp': 1, 'cp': 8, 'pp': 1, 'mb': 1, 'tp_sp': True, 'train': {'dp': 512, 'ep': 1, 'tp_ep': True}, 'inference': {'replica_count': 1, 'moe_dp': 1}}
256	263.089698	nan	nan	0.003801	6.861550e+18	2.608065e+16	3.118694e+14	0.326667	True	178.962708	110.546954	{'tp': 1, 'cp': 16, 'pp': 16, 'mb': 16, 'tp_sp': True, 'train': {'dp': 1, 'ep': 1, 'tp_ep': True}, 'inference': {'replica_count': 1, 'moe_dp': 1}}
128	436.462115	nan	nan	0.002291	6.861550e+18	1.572084e+16	3.118694e+14	0.393816	True	418.355103	176.803339	{'tp': 1, 'cp': 16, 'pp': 8, 'mb': 8, 'tp_sp': True, 'train': {'dp': 1, 'ep': 1, 'tp_ep': True}, 'inference': {'replica_count': 1, 'moe_dp': 1}}
256	257.846546	nan	nan	0.003878	6.861550e+18	2.661098e+16	3.118694e+14	0.333310	True	169.429871	197.246475	{'tp': 2, 'cp': 16, 'pp': 8, 'mb': 8, 'tp_sp': True, 'train': {'dp': 1, 'ep': 1, 'tp_ep': True}, 'inference': {'replica_count': 1, 'moe_dp': 1}}
512	173.127548	nan	nan	0.005776	6.861550e+18	3.963292e+16	3.118694e+14	0.248207	True	49.607513	174.737902	{'tp': 2, 'cp': 16, 'pp': 16, 'mb': 16, 'tp_sp': True, 'train': {'dp': 1, 'ep': 1, 'tp_ep': True}, 'inference': {'replica_count': 1, 'moe_dp': 1}}
512	171.286750	nan	nan	0.005838	6.861550e+18	4.005885e+16	3.118694e+14	0.250874	True	59.266510	91.384949	{'tp': 1, 'cp': 16, 'pp': 32, 'mb': 32, 'tp_sp': True, 'train': {'dp': 1, 'ep': 1, 'tp_ep': True}, 'inference': {'replica_count': 1, 'moe_dp': 1}}
128	410.087901	nan	nan	0.002439	6.861550e+18	1.673190e+16	3.118694e+14	0.419143	True	409.074585	308.164343	{'tp': 2, 'cp': 16, 'pp': 4, 'mb': 4, 'tp_sp': True, 'train': {'dp': 1, 'ep': 1, 'tp_ep': True}, 'inference': {'replica_count': 1, 'moe_dp': 1}}
512	173.260636	nan	nan	0.005772	6.861550e+18	3.960248e+16	3.118694e+14	0.248016	True	44.967255	301.629576	{'tp': 4, 'cp': 16, 'pp': 8, 'mb': 8, 'tp_sp': True, 'train': {'dp': 1, 'ep': 1, 'tp_ep': True}, 'inference': {'replica_count': 1, 'moe_dp': 1}}
256	250.087748	nan	nan	0.003999	6.861550e+18	2.743657e+16	3.118694e+14	0.343651	True	165.041931	353.809447	{'tp': 4, 'cp': 16, 'pp': 4, 'mb': 4, 'tp_sp': True, 'train': {'dp': 1, 'ep': 1, 'tp_ep': True}, 'inference': {'replica_count': 1, 'moe_dp': 1}}
1024	128.230763	nan	nan	0.007798	6.861550e+18	5.350939e+16	3.118694e+14	0.167555	False	0.000000	358.155341	{'tp': 2, 'cp': 16, 'pp': 32, 'mb': 32, 'tp_sp': True, 'train': {'dp': 1, 'ep': 1, 'tp_ep': True}, 'inference': {'replica_count': 1, 'moe_dp': 1}}
128	374.921521	nan	nan	0.002667	6.861550e+18	1.830130e+16	3.118694e+14	0.458457	True	602.484009	172.034697	{'tp': 1, 'cp': 16, 'pp': 4, 'mb': 4, 'tp_sp': True, 'train': {'dp': 2, 'ep': 1, 'tp_ep': True}, 'inference': {'replica_count': 1, 'moe_dp': 1}}
256	205.612128	nan	nan	0.004864	6.861550e+18	3.337133e+16	3.118694e+14	0.417985	True	261.494324	172.802051	{'tp': 2, 'cp': 16, 'pp': 4, 'mb': 4, 'tp_sp': True, 'train': {'dp': 2, 'ep': 1, 'tp_ep': True}, 'inference': {'replica_count': 1, 'moe_dp': 1}}
128	322.394426	nan	nan	0.003102	6.861550e+18	2.128309e+16	3.118694e+14	0.533153	True	585.748413	407.552609	{'tp': 2, 'cp': 16, 'pp': 2, 'mb': 2, 'tp_sp': True, 'train': {'dp': 2, 'ep': 1, 'tp_ep': True}, 'inference': {'replica_count': 1, 'moe_dp': 1}}
256	219.768608	nan	nan	0.004550	6.861550e+18	3.122170e+16	3.118694e+14	0.391060	True	268.091614	102.414920	{'tp': 1, 'cp': 16, 'pp': 8, 'mb': 8, 'tp_sp': True, 'train': {'dp': 2, 'ep': 1, 'tp_ep': True}, 'inference': {'replica_count': 1, 'moe_dp': 1}}
512	125.434013	nan	nan	0.007972	6.861550e+18	5.470247e+16	3.118694e+14	0.342582	True	90.999481	215.879708	{'tp': 4, 'cp': 16, 'pp': 4, 'mb': 4, 'tp_sp': True, 'train': {'dp': 2, 'ep': 1, 'tp_ep': True}, 'inference': {'replica_count': 1, 'moe_dp': 1}}
256	184.324258	nan	nan	0.005425	6.861550e+18	3.722543e+16	3.118694e+14	0.466259	True	253.378845	441.341593	{'tp': 4, 'cp': 16, 'pp': 2, 'mb': 2, 'tp_sp': True, 'train': {'dp': 2, 'ep': 1, 'tp_ep': True}, 'inference': {'replica_count': 1, 'moe_dp': 1}}
512	132.689996	nan	nan	0.007536	6.861550e+18	5.171113e+16	3.118694e+14	0.323848	True	100.895416	71.697335	{'tp': 1, 'cp': 16, 'pp': 16, 'mb': 16, 'tp_sp': True, 'train': {'dp': 2, 'ep': 1, 'tp_ep': True}, 'inference': {'replica_count': 1, 'moe_dp': 1}}
512	129.831662	nan	nan	0.007702	6.861550e+18	5.284959e+16	3.118694e+14	0.330978	True	94.171967	129.336302	{'tp': 2, 'cp': 16, 'pp': 8, 'mb': 8, 'tp_sp': True, 'train': {'dp': 2, 'ep': 1, 'tp_ep': True}, 'inference': {'replica_count': 1, 'moe_dp': 1}}
1024	87.372123	nan	nan	0.011445	6.861550e+18	7.853249e+16	3.118694e+14	0.245910	True	17.297318	71.137321	{'tp': 1, 'cp': 16, 'pp': 32, 'mb': 32, 'tp_sp': True, 'train': {'dp': 2, 'ep': 1, 'tp_ep': True}, 'inference': {'replica_count': 1, 'moe_dp': 1}}
1024	87.291980	nan	nan	0.011456	6.861550e+18	7.860459e+16	3.118694e+14	0.246136	True	10.510788	139.171409	{'tp': 2, 'cp': 16, 'pp': 16, 'mb': 16, 'tp_sp': True, 'train': {'dp': 2, 'ep': 1, 'tp_ep': True}, 'inference': {'replica_count': 1, 'moe_dp': 1}}
1024	87.183465	nan	nan	0.011470	6.861550e+18	7.870243e+16	3.118694e+14	0.246442	True	7.212143	233.592198	{'tp': 4, 'cp': 16, 'pp': 8, 'mb': 8, 'tp_sp': True, 'train': {'dp': 2, 'ep': 1, 'tp_ep': True}, 'inference': {'replica_count': 1, 'moe_dp': 1}}
2048	65.250836	nan	nan	0.015325	6.861550e+18	1.051565e+17	3.118694e+14	0.164639	False	0.000000	235.680032	{'tp': 2, 'cp': 16, 'pp': 32, 'mb': 32, 'tp_sp': True, 'train': {'dp': 2, 'ep': 1, 'tp_ep': True}, 'inference': {'replica_count': 1, 'moe_dp': 1}}
2048	65.755364	nan	nan	0.015208	6.861550e+18	1.043497e+17	3.118694e+14	0.163376	False	0.000000	376.112930	{'tp': 4, 'cp': 16, 'pp': 16, 'mb': 16, 'tp_sp': True, 'train': {'dp': 2, 'ep': 1, 'tp_ep': True}, 'inference': {'replica_count': 1, 'moe_dp': 1}}
128	207.738299	nan	nan	0.004814	6.861550e+18	3.302978e+16	3.118694e+14	0.827414	True	958.343140	292.138342	{'tp': 2, 'cp': 16, 'pp': 1, 'mb': 1, 'tp_sp': True, 'train': {'dp': 4, 'ep': 1, 'tp_ep': True}, 'inference': {'replica_count': 1, 'moe_dp': 1}}
128	307.843945	nan	nan	0.003248	6.861550e+18	2.228905e+16	3.118694e+14	0.558353	True	963.220337	170.675151	{'tp': 1, 'cp': 16, 'pp': 2, 'mb': 2, 'tp_sp': True, 'train': {'dp': 4, 'ep': 1, 'tp_ep': True}, 'inference': {'replica_count': 1, 'moe_dp': 1}}
256	161.739439	nan	nan	0.006183	6.861550e+18	4.242348e+16	3.118694e+14	0.531366	True	441.862488	166.507195	{'tp': 2, 'cp': 16, 'pp': 2, 'mb': 2, 'tp_sp': True, 'train': {'dp': 4, 'ep': 1, 'tp_ep': True}, 'inference': {'replica_count': 1, 'moe_dp': 1}}
256	115.693923	nan	nan	0.008643	6.861550e+18	5.930778e+16	3.118694e+14	0.742846	True	439.676208	302.848371	{'tp': 4, 'cp': 16, 'pp': 1, 'mb': 1, 'tp_sp': True, 'train': {'dp': 4, 'ep': 1, 'tp_ep': True}, 'inference': {'replica_count': 1, 'moe_dp': 1}}
512	92.550535	nan	nan	0.010805	6.861550e+18	7.413842e+16	3.118694e+14	0.464302	True	181.183563	183.838948	{'tp': 4, 'cp': 16, 'pp': 2, 'mb': 2, 'tp_sp': True, 'train': {'dp': 4, 'ep': 1, 'tp_ep': True}, 'inference': {'replica_count': 1, 'moe_dp': 1}}
256	188.923694	nan	nan	0.005293	6.861550e+18	3.631916e+16	3.118694e+14	0.454907	True	455.156067	97.239398	{'tp': 1, 'cp': 16, 'pp': 4, 'mb': 4, 'tp_sp': True, 'train': {'dp': 4, 'ep': 1, 'tp_ep': True}, 'inference': {'replica_count': 1, 'moe_dp': 1}}
512	103.673772	nan	nan	0.009646	6.861550e+18	6.618405e+16	3.118694e+14	0.414487	True	187.704193	104.034638	{'tp': 2, 'cp': 16, 'pp': 4, 'mb': 4, 'tp_sp': True, 'train': {'dp': 4, 'ep': 1, 'tp_ep': True}, 'inference': {'replica_count': 1, 'moe_dp': 1}}
512	110.975597	nan	nan	0.009011	6.861550e+18	6.182936e+16	3.118694e+14	0.387215	True	192.959869	66.819019	{'tp': 1, 'cp': 16, 'pp': 8, 'mb': 8, 'tp_sp': True, 'train': {'dp': 4, 'ep': 1, 'tp_ep': True}, 'inference': {'replica_count': 1, 'moe_dp': 1}}
512	69.792695	nan	nan	0.014328	6.861550e+18	9.831330e+16	3.118694e+14	0.615700	True	180.342743	359.290426	{'tp': 8, 'cp': 16, 'pp': 1, 'mb': 1, 'tp_sp': True, 'train': {'dp': 4, 'ep': 1, 'tp_ep': True}, 'inference': {'replica_count': 1, 'moe_dp': 1}}
1024	65.594989	nan	nan	0.015245	6.861550e+18	1.046048e+17	3.118694e+14	0.327551	True	56.543015	92.946071	{'tp': 2, 'cp': 16, 'pp': 8, 'mb': 8, 'tp_sp': True, 'train': {'dp': 4, 'ep': 1, 'tp_ep': True}, 'inference': {'replica_count': 1, 'moe_dp': 1}}
1024	63.248555	nan	nan	0.015811	6.861550e+18	1.084855e+17	3.118694e+14	0.339703	True	53.978256	151.786227	{'tp': 4, 'cp': 16, 'pp': 4, 'mb': 4, 'tp_sp': True, 'train': {'dp': 4, 'ep': 1, 'tp_ep': True}, 'inference': {'replica_count': 1, 'moe_dp': 1}}
1024	67.984510	nan	nan	0.014709	6.861550e+18	1.009281e+17	3.118694e+14	0.316038	True	61.861771	54.693257	{'tp': 1, 'cp': 16, 'pp': 16, 'mb': 16, 'tp_sp': True, 'train': {'dp': 4, 'ep': 1, 'tp_ep': True}, 'inference': {'replica_count': 1, 'moe_dp': 1}}
2048	87.242119	nan	nan	0.011462	6.861550e+18	7.864951e+16	3.118694e+14	0.123138	False	0.000000	72.732481	{'tp': 1, 'cp': 16, 'pp': 32, 'mb': 32, 'tp_sp': True, 'train': {'dp': 4, 'ep': 1, 'tp_ep': True}, 'inference': {'replica_count': 1, 'moe_dp': 1}}
2048	44.673050	nan	nan	0.022385	6.861550e+18	1.535948e+17	3.118694e+14	0.240477	False	0.000000	118.374054	{'tp': 2, 'cp': 16, 'pp': 16, 'mb': 16, 'tp_sp': True, 'train': {'dp': 4, 'ep': 1, 'tp_ep': True}, 'inference': {'replica_count': 1, 'moe_dp': 1}}
1024	58.038961	nan	nan	0.017230	6.861550e+18	1.182232e+17	3.118694e+14	0.370194	True	50.844101	321.365334	{'tp': 8, 'cp': 16, 'pp': 2, 'mb': 2, 'tp_sp': True, 'train': {'dp': 4, 'ep': 1, 'tp_ep': True}, 'inference': {'replica_count': 1, 'moe_dp': 1}}
2048	44.067077	nan	nan	0.022693	6.861550e+18	1.557069e+17	3.118694e+14	0.243784	False	0.000000	200.647968	{'tp': 4, 'cp': 16, 'pp': 8, 'mb': 8, 'tp_sp': True, 'train': {'dp': 4, 'ep': 1, 'tp_ep': True}, 'inference': {'replica_count': 1, 'moe_dp': 1}}
128	201.644191	nan	nan	0.004959	6.861550e+18	3.402801e+16	3.118694e+14	0.852420	True	1710.043148	163.980685	{'tp': 1, 'cp': 16, 'pp': 1, 'mb': 1, 'tp_sp': True, 'train': {'dp': 8, 'ep': 1, 'tp_ep': True}, 'inference': {'replica_count': 1, 'moe_dp': 1}}
4096	65.131556	nan	nan	0.015354	6.861550e+18	1.053491e+17	3.118694e+14	0.082470	False	0.000000	223.253286	{'tp': 2, 'cp': 16, 'pp': 32, 'mb': 32, 'tp_sp': True, 'train': {'dp': 4, 'ep': 1, 'tp_ep': True}, 'inference': {'replica_count': 1, 'moe_dp': 1}}
256	104.243756	nan	nan	0.009593	6.861550e+18	6.582217e+16	3.118694e+14	0.824441	True	815.191101	159.405934	{'tp': 2, 'cp': 16, 'pp': 1, 'mb': 1, 'tp_sp': True, 'train': {'dp': 8, 'ep': 1, 'tp_ep': True}, 'inference': {'replica_count': 1, 'moe_dp': 1}}
512	58.119104	nan	nan	0.017206	6.861550e+18	1.180601e+17	3.118694e+14	0.739368	True	367.847870	162.970094	{'tp': 4, 'cp': 16, 'pp': 1, 'mb': 1, 'tp_sp': True, 'train': {'dp': 8, 'ep': 1, 'tp_ep': True}, 'inference': {'replica_count': 1, 'moe_dp': 1}}
2048	43.062992	nan	nan	0.023222	6.861550e+18	1.593375e+17	3.118694e+14	0.249468	False	0.000000	439.596763	{'tp': 8, 'cp': 16, 'pp': 4, 'mb': 4, 'tp_sp': True, 'train': {'dp': 4, 'ep': 1, 'tp_ep': True}, 'inference': {'replica_count': 1, 'moe_dp': 1}}
256	155.166602	nan	nan	0.006445	6.861550e+18	4.422053e+16	3.118694e+14	0.553874	True	819.586731	97.289379	{'tp': 1, 'cp': 16, 'pp': 2, 'mb': 2, 'tp_sp': True, 'train': {'dp': 8, 'ep': 1, 'tp_ep': True}, 'inference': {'replica_count': 1, 'moe_dp': 1}}
1024	35.112030	nan	nan	0.028480	6.861550e+18	1.954188e+17	3.118694e+14	0.611918	True	144.176254	232.849370	{'tp': 8, 'cp': 16, 'pp': 1, 'mb': 1, 'tp_sp': True, 'train': {'dp': 8, 'ep': 1, 'tp_ep': True}, 'inference': {'replica_count': 1, 'moe_dp': 1}}
512	95.433233	nan	nan	0.010479	6.861550e+18	7.189896e+16	3.118694e+14	0.450277	True	381.492096	62.316225	{'tp': 1, 'cp': 16, 'pp': 4, 'mb': 4, 'tp_sp': True, 'train': {'dp': 8, 'ep': 1, 'tp_ep': True}, 'inference': {'replica_count': 1, 'moe_dp': 1}}
512	81.602618	nan	nan	0.012255	6.861550e+18	8.408493e+16	3.118694e+14	0.526593	True	369.919525	96.345391	{'tp': 2, 'cp': 16, 'pp': 2, 'mb': 2, 'tp_sp': True, 'train': {'dp': 8, 'ep': 1, 'tp_ep': True}, 'inference': {'replica_count': 1, 'moe_dp': 1}}
1024	46.719036	nan	nan	0.021405	6.861550e+18	1.468684e+17	3.118694e+14	0.459892	True	145.085922	115.894753	{'tp': 4, 'cp': 16, 'pp': 2, 'mb': 2, 'tp_sp': True, 'train': {'dp': 8, 'ep': 1, 'tp_ep': True}, 'inference': {'replica_count': 1, 'moe_dp': 1}}
1024	52.422990	nan	nan	0.019076	6.861550e+18	1.308882e+17	3.118694e+14	0.409853	True	150.809128	69.540076	{'tp': 2, 'cp': 16, 'pp': 4, 'mb': 4, 'tp_sp': True, 'train': {'dp': 8, 'ep': 1, 'tp_ep': True}, 'inference': {'replica_count': 1, 'moe_dp': 1}}
1024	56.968641	nan	nan	0.017554	6.861550e+18	1.204443e+17	3.118694e+14	0.377150	True	155.393997	48.017991	{'tp': 1, 'cp': 16, 'pp': 8, 'mb': 8, 'tp_sp': True, 'train': {'dp': 8, 'ep': 1, 'tp_ep': True}, 'inference': {'replica_count': 1, 'moe_dp': 1}}
4096	33.597732	nan	nan	0.029764	6.861550e+18	2.042266e+17	3.118694e+14	0.159875	False	0.000000	366.338356	{'tp': 4, 'cp': 16, 'pp': 16, 'mb': 16, 'tp_sp': True, 'train': {'dp': 4, 'ep': 1, 'tp_ep': True}, 'inference': {'replica_count': 1, 'moe_dp': 1}}
2048	33.678640	nan	nan	0.029692	6.861550e+18	2.037360e+17	3.118694e+14	0.318981	True	37.728539	74.648829	{'tp': 2, 'cp': 16, 'pp': 8, 'mb': 8, 'tp_sp': True, 'train': {'dp': 8, 'ep': 1, 'tp_ep': True}, 'inference': {'replica_count': 1, 'moe_dp': 1}}
2048	67.984510	nan	nan	0.014709	6.861550e+18	1.009281e+17	3.118694e+14	0.158019	True	42.581497	55.175039	{'tp': 1, 'cp': 16, 'pp': 16, 'mb': 16, 'tp_sp': True, 'train': {'dp': 8, 'ep': 1, 'tp_ep': True}, 'inference': {'replica_count': 1, 'moe_dp': 1}}
2048	32.019877	nan	nan	0.031231	6.861550e+18	2.142903e+17	3.118694e+14	0.335506	True	35.467644	121.393350	{'tp': 4, 'cp': 16, 'pp': 4, 'mb': 4, 'tp_sp': True, 'train': {'dp': 8, 'ep': 1, 'tp_ep': True}, 'inference': {'replica_count': 1, 'moe_dp': 1}}
4096	87.124002	nan	nan	0.011478	6.861550e+18	7.875614e+16	3.118694e+14	0.061653	False	0.000000	73.244674	{'tp': 1, 'cp': 16, 'pp': 32, 'mb': 32, 'tp_sp': True, 'train': {'dp': 8, 'ep': 1, 'tp_ep': True}, 'inference': {'replica_count': 1, 'moe_dp': 1}}
256	101.648697	nan	nan	0.009838	6.861550e+18	6.750259e+16	3.118694e+14	0.845488	True	1567.060637	94.265121	{'tp': 1, 'cp': 16, 'pp': 1, 'mb': 1, 'tp_sp': True, 'train': {'dp': 16, 'ep': 1, 'tp_ep': True}, 'inference': {'replica_count': 1, 'moe_dp': 1}}
4096	44.673050	nan	nan	0.022385	6.861550e+18	1.535948e+17	3.118694e+14	0.120239	False	0.000000	120.170741	{'tp': 2, 'cp': 16, 'pp': 16, 'mb': 16, 'tp_sp': True, 'train': {'dp': 8, 'ep': 1, 'tp_ep': True}, 'inference': {'replica_count': 1, 'moe_dp': 1}}
512	52.608189	nan	nan	0.019008	6.861550e+18	1.304274e+17	3.118694e+14	0.816820	True	743.615082	93.193714	{'tp': 2, 'cp': 16, 'pp': 1, 'mb': 1, 'tp_sp': True, 'train': {'dp': 16, 'ep': 1, 'tp_ep': True}, 'inference': {'replica_count': 1, 'moe_dp': 1}}
1024	29.353542	nan	nan	0.034067	6.861550e+18	2.337554e+17	3.118694e+14	0.731963	True	331.933701	99.409613	{'tp': 4, 'cp': 16, 'pp': 1, 'mb': 1, 'tp_sp': True, 'train': {'dp': 16, 'ep': 1, 'tp_ep': True}, 'inference': {'replica_count': 1, 'moe_dp': 1}}
2048	29.300586	nan	nan	0.034129	6.861550e+18	2.341779e+17	3.118694e+14	0.366643	True	32.669121	256.730158	{'tp': 8, 'cp': 16, 'pp': 2, 'mb': 2, 'tp_sp': True, 'train': {'dp': 8, 'ep': 1, 'tp_ep': True}, 'inference': {'replica_count': 1, 'moe_dp': 1}}
512	78.375827	nan	nan	0.012759	6.861550e+18	8.754676e+16	3.118694e+14	0.548274	True	747.769928	62.595953	{'tp': 1, 'cp': 16, 'pp': 2, 'mb': 2, 'tp_sp': True, 'train': {'dp': 16, 'ep': 1, 'tp_ep': True}, 'inference': {'replica_count': 1, 'moe_dp': 1}}
4096	23.252355	nan	nan	0.043006	6.861550e+18	2.950905e+17	3.118694e+14	0.231006	False	0.000000	183.666722	{'tp': 4, 'cp': 16, 'pp': 8, 'mb': 8, 'tp_sp': True, 'train': {'dp': 8, 'ep': 1, 'tp_ep': True}, 'inference': {'replica_count': 1, 'moe_dp': 1}}
1024	41.265329	nan	nan	0.024233	6.861550e+18	1.662788e+17	3.118694e+14	0.520672	True	333.948044	61.787920	{'tp': 2, 'cp': 16, 'pp': 2, 'mb': 2, 'tp_sp': True, 'train': {'dp': 16, 'ep': 1, 'tp_ep': True}, 'inference': {'replica_count': 1, 'moe_dp': 1}}
1024	49.000506	nan	nan	0.020408	6.861550e+18	1.400302e+17	3.118694e+14	0.438479	True	344.660110	43.647511	{'tp': 1, 'cp': 16, 'pp': 4, 'mb': 4, 'tp_sp': True, 'train': {'dp': 16, 'ep': 1, 'tp_ep': True}, 'inference': {'replica_count': 1, 'moe_dp': 1}}
2048	26.936804	nan	nan	0.037124	6.861550e+18	2.547277e+17	3.118694e+14	0.398817	True	132.361595	54.520405	{'tp': 2, 'cp': 16, 'pp': 4, 'mb': 4, 'tp_sp': True, 'train': {'dp': 16, 'ep': 1, 'tp_ep': True}, 'inference': {'replica_count': 1, 'moe_dp': 1}}
2048	56.968024	nan	nan	0.017554	6.861550e+18	1.204456e+17	3.118694e+14	0.188577	True	136.847610	48.421358	{'tp': 1, 'cp': 16, 'pp': 8, 'mb': 8, 'tp_sp': True, 'train': {'dp': 16, 'ep': 1, 'tp_ep': True}, 'inference': {'replica_count': 1, 'moe_dp': 1}}
2048	23.661129	nan	nan	0.042263	6.861550e+18	2.899925e+17	3.118694e+14	0.454029	True	127.037102	86.238446	{'tp': 4, 'cp': 16, 'pp': 2, 'mb': 2, 'tp_sp': True, 'train': {'dp': 16, 'ep': 1, 'tp_ep': True}, 'inference': {'replica_count': 1, 'moe_dp': 1}}
2048	17.741779	nan	nan	0.056364	6.861550e+18	3.867453e+17	3.118694e+14	0.605511	True	126.093010	171.704313	{'tp': 8, 'cp': 16, 'pp': 1, 'mb': 1, 'tp_sp': True, 'train': {'dp': 16, 'ep': 1, 'tp_ep': True}, 'inference': {'replica_count': 1, 'moe_dp': 1}}
4096	67.984510	nan	nan	0.014709	6.861550e+18	1.009281e+17	3.118694e+14	0.079010	True	32.941360	57.205283	{'tp': 1, 'cp': 16, 'pp': 16, 'mb': 16, 'tp_sp': True, 'train': {'dp': 16, 'ep': 1, 'tp_ep': True}, 'inference': {'replica_count': 1, 'moe_dp': 1}}
4096	33.678087	nan	nan	0.029693	6.861550e+18	2.037393e+17	3.118694e+14	0.159493	True	28.455345	75.946673	{'tp': 2, 'cp': 16, 'pp': 8, 'mb': 8, 'tp_sp': True, 'train': {'dp': 16, 'ep': 1, 'tp_ep': True}, 'inference': {'replica_count': 1, 'moe_dp': 1}}
4096	18.056782	nan	nan	0.055381	6.861550e+18	3.799985e+17	3.118694e+14	0.297474	True	26.212337	102.547713	{'tp': 4, 'cp': 16, 'pp': 4, 'mb': 4, 'tp_sp': True, 'train': {'dp': 16, 'ep': 1, 'tp_ep': True}, 'inference': {'replica_count': 1, 'moe_dp': 1}}
1024	26.609854	nan	nan	0.037580	6.861550e+18	2.578575e+17	3.118694e+14	0.807434	True	707.827072	56.978141	{'tp': 2, 'cp': 16, 'pp': 1, 'mb': 1, 'tp_sp': True, 'train': {'dp': 32, 'ep': 1, 'tp_ep': True}, 'inference': {'replica_count': 1, 'moe_dp': 1}}
512	51.348115	nan	nan	0.019475	6.861550e+18	1.336281e+17	3.118694e+14	0.836864	True	1495.569381	60.952516	{'tp': 1, 'cp': 16, 'pp': 1, 'mb': 1, 'tp_sp': True, 'train': {'dp': 32, 'ep': 1, 'tp_ep': True}, 'inference': {'replica_count': 1, 'moe_dp': 1}}
1024	40.246224	nan	nan	0.024847	6.861550e+18	1.704893e+17	3.118694e+14	0.533856	True	711.861526	42.327734	{'tp': 1, 'cp': 16, 'pp': 2, 'mb': 2, 'tp_sp': True, 'train': {'dp': 32, 'ep': 1, 'tp_ep': True}, 'inference': {'replica_count': 1, 'moe_dp': 1}}
2048	14.874755	nan	nan	0.067228	6.861550e+18	4.612883e+17	3.118694e+14	0.722220	True	313.976616	65.566472	{'tp': 4, 'cp': 16, 'pp': 1, 'mb': 1, 'tp_sp': True, 'train': {'dp': 32, 'ep': 1, 'tp_ep': True}, 'inference': {'replica_count': 1, 'moe_dp': 1}}
2048	21.213252	nan	nan	0.047140	6.861550e+18	3.234558e+17	3.118694e+14	0.506422	True	315.962303	43.226225	{'tp': 2, 'cp': 16, 'pp': 2, 'mb': 2, 'tp_sp': True, 'train': {'dp': 32, 'ep': 1, 'tp_ep': True}, 'inference': {'replica_count': 1, 'moe_dp': 1}}
2048	49.000388	nan	nan	0.020408	6.861550e+18	1.400305e+17	3.118694e+14	0.219240	True	326.480667	44.790318	{'tp': 1, 'cp': 16, 'pp': 4, 'mb': 4, 'tp_sp': True, 'train': {'dp': 32, 'ep': 1, 'tp_ep': True}, 'inference': {'replica_count': 1, 'moe_dp': 1}}
1024	26.375226	nan	nan	0.037914	6.861550e+18	2.601513e+17	3.118694e+14	0.814617	True	1459.823753	42.337999	{'tp': 1, 'cp': 16, 'pp': 1, 'mb': 1, 'tp_sp': True, 'train': {'dp': 64, 'ep': 1, 'tp_ep': True}, 'inference': {'replica_count': 1, 'moe_dp': 1}}
4096	56.964733	nan	nan	0.017555	6.861550e+18	1.204526e+17	3.118694e+14	0.094294	True	127.574417	48.721097	{'tp': 1, 'cp': 16, 'pp': 8, 'mb': 8, 'tp_sp': True, 'train': {'dp': 32, 'ep': 1, 'tp_ep': True}, 'inference': {'replica_count': 1, 'moe_dp': 1}}
4096	14.280335	nan	nan	0.070026	6.861550e+18	4.804894e+17	3.118694e+14	0.376141	True	118.012691	63.996570	{'tp': 4, 'cp': 16, 'pp': 2, 'mb': 2, 'tp_sp': True, 'train': {'dp': 32, 'ep': 1, 'tp_ep': True}, 'inference': {'replica_count': 1, 'moe_dp': 1}}
2048	13.688610	nan	nan	0.073053	6.861550e+18	5.012598e+17	3.118694e+14	0.784802	True	689.933067	39.789871	{'tp': 2, 'cp': 16, 'pp': 1, 'mb': 1, 'tp_sp': True, 'train': {'dp': 64, 'ep': 1, 'tp_ep': True}, 'inference': {'replica_count': 1, 'moe_dp': 1}}
4096	26.936702	nan	nan	0.037124	6.861550e+18	2.547287e+17	3.118694e+14	0.199409	True	123.271873	55.230473	{'tp': 2, 'cp': 16, 'pp': 4, 'mb': 4, 'tp_sp': True, 'train': {'dp': 32, 'ep': 1, 'tp_ep': True}, 'inference': {'replica_count': 1, 'moe_dp': 1}}
4096	10.019751	nan	nan	0.099803	6.861550e+18	6.848024e+17	3.118694e+14	0.536084	True	304.998074	48.510859	{'tp': 4, 'cp': 16, 'pp': 1, 'mb': 1, 'tp_sp': True, 'train': {'dp': 64, 'ep': 1, 'tp_ep': True}, 'inference': {'replica_count': 1, 'moe_dp': 1}}
2048	40.246220	nan	nan	0.024847	6.861550e+18	1.704893e+17	3.118694e+14	0.266928	True	694.143875	44.189353	{'tp': 1, 'cp': 16, 'pp': 2, 'mb': 2, 'tp_sp': True, 'train': {'dp': 64, 'ep': 1, 'tp_ep': True}, 'inference': {'replica_count': 1, 'moe_dp': 1}}
4096	21.213253	nan	nan	0.047140	6.861550e+18	3.234558e+17	3.118694e+14	0.253211	True	307.103477	45.563450	{'tp': 2, 'cp': 16, 'pp': 2, 'mb': 2, 'tp_sp': True, 'train': {'dp': 64, 'ep': 1, 'tp_ep': True}, 'inference': {'replica_count': 1, 'moe_dp': 1}}
4096	48.999539	nan	nan	0.020408	6.861550e+18	1.400330e+17	3.118694e+14	0.109622	True	317.390945	46.748597	{'tp': 1, 'cp': 16, 'pp': 4, 'mb': 4, 'tp_sp': True, 'train': {'dp': 64, 'ep': 1, 'tp_ep': True}, 'inference': {'replica_count': 1, 'moe_dp': 1}}
2048	26.375245	nan	nan	0.037914	6.861550e+18	2.601511e+17	3.118694e+14	0.407308	True	1442.197837	45.030197	{'tp': 1, 'cp': 16, 'pp': 1, 'mb': 1, 'tp_sp': True, 'train': {'dp': 128, 'ep': 1, 'tp_ep': True}, 'inference': {'replica_count': 1, 'moe_dp': 1}}
4096	13.688630	nan	nan	0.073053	6.861550e+18	5.012591e+17	3.118694e+14	0.392400	True	681.120110	42.267298	{'tp': 2, 'cp': 16, 'pp': 1, 'mb': 1, 'tp_sp': True, 'train': {'dp': 128, 'ep': 1, 'tp_ep': True}, 'inference': {'replica_count': 1, 'moe_dp': 1}}
4096	10.965520	nan	nan	0.091195	6.861550e+18	6.257387e+17	3.118694e+14	0.489847	True	117.051388	131.716402	{'tp': 8, 'cp': 16, 'pp': 1, 'mb': 1, 'tp_sp': True, 'train': {'dp': 32, 'ep': 1, 'tp_ep': True}, 'inference': {'replica_count': 1, 'moe_dp': 1}}
4096	16.354276	nan	nan	0.061146	6.861550e+18	4.195569e+17	3.118694e+14	0.328442	True	23.581631	220.594023	{'tp': 8, 'cp': 16, 'pp': 2, 'mb': 2, 'tp_sp': True, 'train': {'dp': 16, 'ep': 1, 'tp_ep': True}, 'inference': {'replica_count': 1, 'moe_dp': 1}}
4096	40.246002	nan	nan	0.024847	6.861550e+18	1.704902e+17	3.118694e+14	0.133465	True	685.285049	48.134817	{'tp': 1, 'cp': 16, 'pp': 2, 'mb': 2, 'tp_sp': True, 'train': {'dp': 128, 'ep': 1, 'tp_ep': True}, 'inference': {'replica_count': 1, 'moe_dp': 1}}
4096	26.375195	nan	nan	0.037914	6.861550e+18	2.601516e+17	3.118694e+14	0.203654	True	1433.384880	50.373938	{'tp': 1, 'cp': 16, 'pp': 1, 'mb': 1, 'tp_sp': True, 'train': {'dp': 256, 'ep': 1, 'tp_ep': True}, 'inference': {'replica_count': 1, 'moe_dp': 1}}
4096	22.372691	nan	nan	0.044697	6.861550e+18	3.066931e+17	3.118694e+14	0.240088	False	0.000000	403.781587	{'tp': 8, 'cp': 16, 'pp': 4, 'mb': 4, 'tp_sp': True, 'train': {'dp': 8, 'ep': 1, 'tp_ep': True}, 'inference': {'replica_count': 1, 'moe_dp': 1}}
512	177.251630	nan	nan	0.005642	6.861550e+18	3.871079e+16	3.118694e+14	0.242432	True	178.016510	127.902491	{'tp': 1, 'cp': 32, 'pp': 16, 'mb': 16, 'tp_sp': True, 'train': {'dp': 1, 'ep': 1, 'tp_ep': True}, 'inference': {'replica_count': 1, 'moe_dp': 1}}
256	265.946831	nan	nan	0.003760	6.861550e+18	2.580046e+16	3.118694e+14	0.323158	True	416.462708	176.726093	{'tp': 1, 'cp': 32, 'pp': 8, 'mb': 8, 'tp_sp': True, 'train': {'dp': 1, 'ep': 1, 'tp_ep': True}, 'inference': {'replica_count': 1, 'moe_dp': 1}}
128	423.849582	nan	nan	0.002359	6.861550e+18	1.618864e+16	3.118694e+14	0.405534	True	893.355103	292.083215	{'tp': 1, 'cp': 32, 'pp': 4, 'mb': 4, 'tp_sp': True, 'train': {'dp': 1, 'ep': 1, 'tp_ep': True}, 'inference': {'replica_count': 1, 'moe_dp': 1}}
512	171.788955	nan	nan	0.005821	6.861550e+18	3.994174e+16	3.118694e+14	0.250141	True	168.357513	299.852716	{'tp': 2, 'cp': 32, 'pp': 8, 'mb': 8, 'tp_sp': True, 'train': {'dp': 1, 'ep': 1, 'tp_ep': True}, 'inference': {'replica_count': 1, 'moe_dp': 1}}
1024	130.870529	nan	nan	0.007641	6.861550e+18	5.243006e+16	3.118694e+14	0.164175	True	58.793411	133.215883	{'tp': 1, 'cp': 32, 'pp': 32, 'mb': 32, 'tp_sp': True, 'train': {'dp': 1, 'ep': 1, 'tp_ep': True}, 'inference': {'replica_count': 1, 'moe_dp': 1}}
256	246.524260	nan	nan	0.004056	6.861550e+18	2.783316e+16	3.118694e+14	0.348618	True	406.929871	358.263963	{'tp': 2, 'cp': 32, 'pp': 4, 'mb': 4, 'tp_sp': True, 'train': {'dp': 1, 'ep': 1, 'tp_ep': True}, 'inference': {'replica_count': 1, 'moe_dp': 1}}
1024	90.097819	nan	nan	0.011099	6.861550e+18	7.615667e+16	3.118694e+14	0.238471	True	100.422318	89.813765	{'tp': 1, 'cp': 32, 'pp': 16, 'mb': 16, 'tp_sp': True, 'train': {'dp': 2, 'ep': 1, 'tp_ep': True}, 'inference': {'replica_count': 1, 'moe_dp': 1}}
512	133.965348	nan	nan	0.007465	6.861550e+18	5.121884e+16	3.118694e+14	0.320765	True	267.145416	106.511281	{'tp': 1, 'cp': 32, 'pp': 8, 'mb': 8, 'tp_sp': True, 'train': {'dp': 2, 'ep': 1, 'tp_ep': True}, 'inference': {'replica_count': 1, 'moe_dp': 1}}
256	213.295369	nan	nan	0.004688	6.861550e+18	3.216924e+16	3.118694e+14	0.402929	True	600.591614	166.091524	{'tp': 1, 'cp': 32, 'pp': 4, 'mb': 4, 'tp_sp': True, 'train': {'dp': 2, 'ep': 1, 'tp_ep': True}, 'inference': {'replica_count': 1, 'moe_dp': 1}}
512	124.040657	nan	nan	0.008062	6.861550e+18	5.531694e+16	3.118694e+14	0.346430	True	260.421967	222.097804	{'tp': 2, 'cp': 32, 'pp': 4, 'mb': 4, 'tp_sp': True, 'train': {'dp': 2, 'ep': 1, 'tp_ep': True}, 'inference': {'replica_count': 1, 'moe_dp': 1}}
1024	86.481888	nan	nan	0.011563	6.861550e+18	7.934089e+16	3.118694e+14	0.248442	True	93.635788	240.160717	{'tp': 2, 'cp': 32, 'pp': 8, 'mb': 8, 'tp_sp': True, 'train': {'dp': 2, 'ep': 1, 'tp_ep': True}, 'inference': {'replica_count': 1, 'moe_dp': 1}}
2048	67.207671	nan	nan	0.014879	6.861550e+18	1.020947e+17	3.118694e+14	0.159846	True	17.060883	114.888308	{'tp': 1, 'cp': 32, 'pp': 32, 'mb': 32, 'tp_sp': True, 'train': {'dp': 2, 'ep': 1, 'tp_ep': True}, 'inference': {'replica_count': 1, 'moe_dp': 1}}
2048	65.752764	nan	nan	0.015208	6.861550e+18	1.043538e+17	3.118694e+14	0.163382	True	10.242699	380.934991	{'tp': 2, 'cp': 32, 'pp': 16, 'mb': 16, 'tp_sp': True, 'train': {'dp': 2, 'ep': 1, 'tp_ep': True}, 'inference': {'replica_count': 1, 'moe_dp': 1}}
128	215.657615	nan	nan	0.004637	6.861550e+18	3.181687e+16	3.118694e+14	0.797030	True	1992.057796	295.895084	{'tp': 1, 'cp': 32, 'pp': 1, 'mb': 1, 'tp_sp': True, 'train': {'dp': 4, 'ep': 1, 'tp_ep': True}, 'inference': {'replica_count': 1, 'moe_dp': 1}}
512	107.593342	nan	nan	0.009294	6.861550e+18	6.377300e+16	3.118694e+14	0.399387	True	454.209869	99.733082	{'tp': 1, 'cp': 32, 'pp': 4, 'mb': 4, 'tp_sp': True, 'train': {'dp': 4, 'ep': 1, 'tp_ep': True}, 'inference': {'replica_count': 1, 'moe_dp': 1}}
256	113.644515	nan	nan	0.008799	6.861550e+18	6.037731e+16	3.118694e+14	0.756242	True	956.198425	304.580920	{'tp': 2, 'cp': 32, 'pp': 1, 'mb': 1, 'tp_sp': True, 'train': {'dp': 4, 'ep': 1, 'tp_ep': True}, 'inference': {'replica_count': 1, 'moe_dp': 1}}
256	168.370999	nan	nan	0.005939	6.861550e+18	4.075257e+16	3.118694e+14	0.510437	True	961.327942	162.433690	{'tp': 1, 'cp': 32, 'pp': 2, 'mb': 2, 'tp_sp': True, 'train': {'dp': 4, 'ep': 1, 'tp_ep': True}, 'inference': {'replica_count': 1, 'moe_dp': 1}}
512	91.348460	nan	nan	0.010947	6.861550e+18	7.511402e+16	3.118694e+14	0.470412	True	440.790131	184.307126	{'tp': 2, 'cp': 32, 'pp': 2, 'mb': 2, 'tp_sp': True, 'train': {'dp': 4, 'ep': 1, 'tp_ep': True}, 'inference': {'replica_count': 1, 'moe_dp': 1}}
1024	68.400828	nan	nan	0.014620	6.861550e+18	1.003138e+17	3.118694e+14	0.314115	True	192.486771	74.052346	{'tp': 1, 'cp': 32, 'pp': 8, 'mb': 8, 'tp_sp': True, 'train': {'dp': 4, 'ep': 1, 'tp_ep': True}, 'inference': {'replica_count': 1, 'moe_dp': 1}}
1024	62.583734	nan	nan	0.015979	6.861550e+18	1.096379e+17	3.118694e+14	0.343311	True	187.168015	159.381457	{'tp': 2, 'cp': 32, 'pp': 4, 'mb': 4, 'tp_sp': True, 'train': {'dp': 4, 'ep': 1, 'tp_ep': True}, 'inference': {'replica_count': 1, 'moe_dp': 1}}
2048	46.734490	nan	nan	0.021397	6.861550e+18	1.468198e+17	3.118694e+14	0.229870	True	61.625336	71.244585	{'tp': 1, 'cp': 32, 'pp': 16, 'mb': 16, 'tp_sp': True, 'train': {'dp': 4, 'ep': 1, 'tp_ep': True}, 'inference': {'replica_count': 1, 'moe_dp': 1}}
1024	56.964856	nan	nan	0.017555	6.861550e+18	1.204523e+17	3.118694e+14	0.377175	True	180.521225	322.973301	{'tp': 4, 'cp': 32, 'pp': 2, 'mb': 2, 'tp_sp': True, 'train': {'dp': 4, 'ep': 1, 'tp_ep': True}, 'inference': {'replica_count': 1, 'moe_dp': 1}}
4096	67.077667	nan	nan	0.014908	6.861550e+18	1.022926e+17	3.118694e+14	0.080078	False	0.000000	113.723197	{'tp': 1, 'cp': 32, 'pp': 32, 'mb': 32, 'tp_sp': True, 'train': {'dp': 4, 'ep': 1, 'tp_ep': True}, 'inference': {'replica_count': 1, 'moe_dp': 1}}
512	68.185178	nan	nan	0.014666	6.861550e+18	1.006311e+17	3.118694e+14	0.630216	True	438.351532	365.563291	{'tp': 4, 'cp': 32, 'pp': 1, 'mb': 1, 'tp_sp': True, 'train': {'dp': 4, 'ep': 1, 'tp_ep': True}, 'inference': {'replica_count': 1, 'moe_dp': 1}}
2048	44.064477	nan	nan	0.022694	6.861550e+18	1.557161e+17	3.118694e+14	0.243798	True	56.274925	203.929480	{'tp': 2, 'cp': 32, 'pp': 8, 'mb': 8, 'tp_sp': True, 'train': {'dp': 4, 'ep': 1, 'tp_ep': True}, 'inference': {'replica_count': 1, 'moe_dp': 1}}
256	108.665128	nan	nan	0.009203	6.861550e+18	6.314399e+16	3.118694e+14	0.790896	True	1708.067961	160.412444	{'tp': 1, 'cp': 32, 'pp': 1, 'mb': 1, 'tp_sp': True, 'train': {'dp': 8, 'ep': 1, 'tp_ep': True}, 'inference': {'replica_count': 1, 'moe_dp': 1}}
512	57.317887	nan	nan	0.017447	6.861550e+18	1.197105e+17	3.118694e+14	0.749703	True	814.118744	169.138318	{'tp': 2, 'cp': 32, 'pp': 1, 'mb': 1, 'tp_sp': True, 'train': {'dp': 8, 'ep': 1, 'tp_ep': True}, 'inference': {'replica_count': 1, 'moe_dp': 1}}
1024	55.077940	nan	nan	0.018156	6.861550e+18	1.245789e+17	3.118694e+14	0.390096	True	381.018997	64.392879	{'tp': 1, 'cp': 32, 'pp': 4, 'mb': 4, 'tp_sp': True, 'train': {'dp': 8, 'ep': 1, 'tp_ep': True}, 'inference': {'replica_count': 1, 'moe_dp': 1}}
512	84.983712	nan	nan	0.011767	6.861550e+18	8.073959e+16	3.118694e+14	0.505643	True	818.640533	93.216773	{'tp': 1, 'cp': 32, 'pp': 2, 'mb': 2, 'tp_sp': True, 'train': {'dp': 8, 'ep': 1, 'tp_ep': True}, 'inference': {'replica_count': 1, 'moe_dp': 1}}
2048	42.472491	nan	nan	0.023545	6.861550e+18	1.615528e+17	3.118694e+14	0.252937	True	53.647087	446.910268	{'tp': 4, 'cp': 32, 'pp': 4, 'mb': 4, 'tp_sp': True, 'train': {'dp': 4, 'ep': 1, 'tp_ep': True}, 'inference': {'replica_count': 1, 'moe_dp': 1}}
1024	46.144512	nan	nan	0.021671	6.861550e+18	1.486970e+17	3.118694e+14	0.465618	True	369.383347	116.414508	{'tp': 2, 'cp': 32, 'pp': 2, 'mb': 2, 'tp_sp': True, 'train': {'dp': 8, 'ep': 1, 'tp_ep': True}, 'inference': {'replica_count': 1, 'moe_dp': 1}}
4096	33.976916	nan	nan	0.029432	6.861550e+18	2.019474e+17	3.118694e+14	0.158090	False	0.000000	364.972845	{'tp': 2, 'cp': 32, 'pp': 16, 'mb': 16, 'tp_sp': True, 'train': {'dp': 4, 'ep': 1, 'tp_ep': True}, 'inference': {'replica_count': 1, 'moe_dp': 1}}
2048	35.727333	nan	nan	0.027990	6.861550e+18	1.920532e+17	3.118694e+14	0.300690	True	155.157562	55.393636	{'tp': 1, 'cp': 32, 'pp': 8, 'mb': 8, 'tp_sp': True, 'train': {'dp': 8, 'ep': 1, 'tp_ep': True}, 'inference': {'replica_count': 1, 'moe_dp': 1}}
1024	34.396043	nan	nan	0.029073	6.861550e+18	1.994866e+17	3.118694e+14	0.624656	True	367.185532	239.057970	{'tp': 4, 'cp': 32, 'pp': 1, 'mb': 1, 'tp_sp': True, 'train': {'dp': 8, 'ep': 1, 'tp_ep': True}, 'inference': {'replica_count': 1, 'moe_dp': 1}}
2048	32.014846	nan	nan	0.031236	6.861550e+18	2.143240e+17	3.118694e+14	0.335558	True	150.541039	120.222180	{'tp': 2, 'cp': 32, 'pp': 4, 'mb': 4, 'tp_sp': True, 'train': {'dp': 8, 'ep': 1, 'tp_ep': True}, 'inference': {'replica_count': 1, 'moe_dp': 1}}
4096	46.734490	nan	nan	0.021397	6.861550e+18	1.468198e+17	3.118694e+14	0.114935	True	42.345062	73.260806	{'tp': 1, 'cp': 32, 'pp': 16, 'mb': 16, 'tp_sp': True, 'train': {'dp': 8, 'ep': 1, 'tp_ep': True}, 'inference': {'replica_count': 1, 'moe_dp': 1}}
512	54.861554	nan	nan	0.018228	6.861550e+18	1.250703e+17	3.118694e+14	0.783270	True	1566.073043	92.732697	{'tp': 1, 'cp': 32, 'pp': 1, 'mb': 1, 'tp_sp': True, 'train': {'dp': 16, 'ep': 1, 'tp_ep': True}, 'inference': {'replica_count': 1, 'moe_dp': 1}}
1024	43.551816	nan	nan	0.022961	6.861550e+18	1.575491e+17	3.118694e+14	0.493336	True	747.296829	61.004709	{'tp': 1, 'cp': 32, 'pp': 2, 'mb': 2, 'tp_sp': True, 'train': {'dp': 16, 'ep': 1, 'tp_ep': True}, 'inference': {'replica_count': 1, 'moe_dp': 1}}
1024	28.970177	nan	nan	0.034518	6.861550e+18	2.368487e+17	3.118694e+14	0.741649	True	743.078903	100.645209	{'tp': 2, 'cp': 32, 'pp': 1, 'mb': 1, 'tp_sp': True, 'train': {'dp': 16, 'ep': 1, 'tp_ep': True}, 'inference': {'replica_count': 1, 'moe_dp': 1}}
2048	28.790588	nan	nan	0.034734	6.861550e+18	2.383262e+17	3.118694e+14	0.373138	True	144.754753	257.617635	{'tp': 4, 'cp': 32, 'pp': 2, 'mb': 2, 'tp_sp': True, 'train': {'dp': 8, 'ep': 1, 'tp_ep': True}, 'inference': {'replica_count': 1, 'moe_dp': 1}}
2048	28.866546	nan	nan	0.034642	6.861550e+18	2.376990e+17	3.118694e+14	0.372156	True	344.423676	46.642623	{'tp': 1, 'cp': 32, 'pp': 4, 'mb': 4, 'tp_sp': True, 'train': {'dp': 16, 'ep': 1, 'tp_ep': True}, 'inference': {'replica_count': 1, 'moe_dp': 1}}
2048	23.654401	nan	nan	0.042275	6.861550e+18	2.900750e+17	3.118694e+14	0.454159	True	333.679955	85.160199	{'tp': 2, 'cp': 32, 'pp': 2, 'mb': 2, 'tp_sp': True, 'train': {'dp': 16, 'ep': 1, 'tp_ep': True}, 'inference': {'replica_count': 1, 'moe_dp': 1}}
4096	23.710554	nan	nan	0.042175	6.861550e+18	2.893880e+17	3.118694e+14	0.226541	True	37.594559	187.087747	{'tp': 2, 'cp': 32, 'pp': 8, 'mb': 8, 'tp_sp': True, 'train': {'dp': 8, 'ep': 1, 'tp_ep': True}, 'inference': {'replica_count': 1, 'moe_dp': 1}}
4096	35.726716	nan	nan	0.027990	6.861550e+18	1.920566e+17	3.118694e+14	0.150348	True	136.611176	56.008392	{'tp': 1, 'cp': 32, 'pp': 8, 'mb': 8, 'tp_sp': True, 'train': {'dp': 16, 'ep': 1, 'tp_ep': True}, 'inference': {'replica_count': 1, 'moe_dp': 1}}
2048	17.401606	nan	nan	0.057466	6.861550e+18	3.943056e+17	3.118694e+14	0.617348	True	331.602531	167.808185	{'tp': 4, 'cp': 32, 'pp': 1, 'mb': 1, 'tp_sp': True, 'train': {'dp': 16, 'ep': 1, 'tp_ep': True}, 'inference': {'replica_count': 1, 'moe_dp': 1}}
1024	28.132833	nan	nan	0.035546	6.861550e+18	2.438983e+17	3.118694e+14	0.763723	True	1495.075584	59.693999	{'tp': 1, 'cp': 32, 'pp': 1, 'mb': 1, 'tp_sp': True, 'train': {'dp': 32, 'ep': 1, 'tp_ep': True}, 'inference': {'replica_count': 1, 'moe_dp': 1}}
4096	18.539685	nan	nan	0.053938	6.861550e+18	3.701007e+17	3.118694e+14	0.289726	True	132.227615	101.717832	{'tp': 2, 'cp': 32, 'pp': 4, 'mb': 4, 'tp_sp': True, 'train': {'dp': 16, 'ep': 1, 'tp_ep': True}, 'inference': {'replica_count': 1, 'moe_dp': 1}}
2048	14.869598	nan	nan	0.067251	6.861550e+18	4.614483e+17	3.118694e+14	0.722471	True	707.558983	66.844895	{'tp': 2, 'cp': 32, 'pp': 1, 'mb': 1, 'tp_sp': True, 'train': {'dp': 32, 'ep': 1, 'tp_ep': True}, 'inference': {'replica_count': 1, 'moe_dp': 1}}
2048	22.871922	nan	nan	0.043722	6.861550e+18	2.999988e+17	3.118694e+14	0.469696	True	711.625092	42.931528	{'tp': 1, 'cp': 32, 'pp': 2, 'mb': 2, 'tp_sp': True, 'train': {'dp': 32, 'ep': 1, 'tp_ep': True}, 'inference': {'replica_count': 1, 'moe_dp': 1}}
4096	28.866428	nan	nan	0.034642	6.861550e+18	2.377000e+17	3.118694e+14	0.186079	True	326.244232	47.282701	{'tp': 1, 'cp': 32, 'pp': 4, 'mb': 4, 'tp_sp': True, 'train': {'dp': 32, 'ep': 1, 'tp_ep': True}, 'inference': {'replica_count': 1, 'moe_dp': 1}}
2048	14.792721	nan	nan	0.067601	6.861550e+18	4.638464e+17	3.118694e+14	0.726225	True	1459.576974	42.134551	{'tp': 1, 'cp': 32, 'pp': 1, 'mb': 1, 'tp_sp': True, 'train': {'dp': 64, 'ep': 1, 'tp_ep': True}, 'inference': {'replica_count': 1, 'moe_dp': 1}}
4096	14.738947	nan	nan	0.067847	6.861550e+18	4.655387e+17	3.118694e+14	0.364437	True	315.828323	66.690189	{'tp': 2, 'cp': 32, 'pp': 2, 'mb': 2, 'tp_sp': True, 'train': {'dp': 32, 'ep': 1, 'tp_ep': True}, 'inference': {'replica_count': 1, 'moe_dp': 1}}
4096	22.871918	nan	nan	0.043722	6.861550e+18	2.999989e+17	3.118694e+14	0.234848	True	693.907440	44.519588	{'tp': 1, 'cp': 32, 'pp': 2, 'mb': 2, 'tp_sp': True, 'train': {'dp': 64, 'ep': 1, 'tp_ep': True}, 'inference': {'replica_count': 1, 'moe_dp': 1}}
4096	10.392022	nan	nan	0.096228	6.861550e+18	6.602710e+17	3.118694e+14	0.516880	True	689.799088	51.742389	{'tp': 2, 'cp': 32, 'pp': 1, 'mb': 1, 'tp_sp': True, 'train': {'dp': 64, 'ep': 1, 'tp_ep': True}, 'inference': {'replica_count': 1, 'moe_dp': 1}}
4096	14.792740	nan	nan	0.067601	6.861550e+18	4.638458e+17	3.118694e+14	0.363112	True	1441.951058	43.724465	{'tp': 1, 'cp': 32, 'pp': 1, 'mb': 1, 'tp_sp': True, 'train': {'dp': 128, 'ep': 1, 'tp_ep': True}, 'inference': {'replica_count': 1, 'moe_dp': 1}}
4096	11.088670	nan	nan	0.090182	6.861550e+18	6.187893e+17	3.118694e+14	0.484407	True	313.811031	136.300136	{'tp': 4, 'cp': 32, 'pp': 1, 'mb': 1, 'tp_sp': True, 'train': {'dp': 32, 'ep': 1, 'tp_ep': True}, 'inference': {'replica_count': 1, 'moe_dp': 1}}
4096	16.422298	nan	nan	0.060893	6.861550e+18	4.178191e+17	3.118694e+14	0.327081	True	126.871517	223.472608	{'tp': 4, 'cp': 32, 'pp': 2, 'mb': 2, 'tp_sp': True, 'train': {'dp': 16, 'ep': 1, 'tp_ep': True}, 'inference': {'replica_count': 1, 'moe_dp': 1}}
4096	22.394418	nan	nan	0.044654	6.861550e+18	3.063955e+17	3.118694e+14	0.239856	True	35.302059	405.971519	{'tp': 4, 'cp': 32, 'pp': 4, 'mb': 4, 'tp_sp': True, 'train': {'dp': 8, 'ep': 1, 'tp_ep': True}, 'inference': {'replica_count': 1, 'moe_dp': 1}}
512	182.278011	nan	nan	0.005486	6.861550e+18	3.764332e+16	3.118694e+14	0.235746	True	415.516510	202.486604	{'tp': 1, 'cp': 64, 'pp': 8, 'mb': 8, 'tp_sp': True, 'train': {'dp': 1, 'ep': 1, 'tp_ep': True}, 'inference': {'replica_count': 1, 'moe_dp': 1}}
1024	135.726211	nan	nan	0.007368	6.861550e+18	5.055435e+16	3.118694e+14	0.158302	True	177.543411	187.949625	{'tp': 1, 'cp': 64, 'pp': 16, 'mb': 16, 'tp_sp': True, 'train': {'dp': 1, 'ep': 1, 'tp_ep': True}, 'inference': {'replica_count': 1, 'moe_dp': 1}}
256	266.270335	nan	nan	0.003756	6.861550e+18	2.576911e+16	3.118694e+14	0.322765	True	891.462708	304.850970	{'tp': 1, 'cp': 64, 'pp': 4, 'mb': 4, 'tp_sp': True, 'train': {'dp': 1, 'ep': 1, 'tp_ep': True}, 'inference': {'replica_count': 1, 'moe_dp': 1}}
1024	92.457337	nan	nan	0.010816	6.861550e+18	7.421315e+16	3.118694e+14	0.232385	True	266.672318	136.429301	{'tp': 1, 'cp': 64, 'pp': 8, 'mb': 8, 'tp_sp': True, 'train': {'dp': 2, 'ep': 1, 'tp_ep': True}, 'inference': {'replica_count': 1, 'moe_dp': 1}}
2048	69.382118	nan	nan	0.014413	6.861550e+18	9.889508e+16	3.118694e+14	0.154836	True	100.185883	158.128874	{'tp': 1, 'cp': 64, 'pp': 16, 'mb': 16, 'tp_sp': True, 'train': {'dp': 2, 'ep': 1, 'tp_ep': True}, 'inference': {'replica_count': 1, 'moe_dp': 1}}
512	133.988577	nan	nan	0.007463	6.861550e+18	5.120996e+16	3.118694e+14	0.320709	True	599.645416	184.874018	{'tp': 1, 'cp': 64, 'pp': 4, 'mb': 4, 'tp_sp': True, 'train': {'dp': 2, 'ep': 1, 'tp_ep': True}, 'inference': {'replica_count': 1, 'moe_dp': 1}}
4096	57.213531	nan	nan	0.017478	6.861550e+18	1.199288e+17	3.118694e+14	0.093884	True	16.942551	268.247899	{'tp': 1, 'cp': 64, 'pp': 32, 'mb': 32, 'tp_sp': True, 'train': {'dp': 2, 'ep': 1, 'tp_ep': True}, 'inference': {'replica_count': 1, 'moe_dp': 1}}
256	125.006907	nan	nan	0.008000	6.861550e+18	5.488937e+16	3.118694e+14	0.687504	True	1990.082609	287.086473	{'tp': 1, 'cp': 64, 'pp': 1, 'mb': 1, 'tp_sp': True, 'train': {'dp': 4, 'ep': 1, 'tp_ep': True}, 'inference': {'replica_count': 1, 'moe_dp': 1}}
512	99.934469	nan	nan	0.010007	6.861550e+18	6.866050e+16	3.118694e+14	0.429996	True	960.381744	164.602911	{'tp': 1, 'cp': 64, 'pp': 2, 'mb': 2, 'tp_sp': True, 'train': {'dp': 4, 'ep': 1, 'tp_ep': True}, 'inference': {'replica_count': 1, 'moe_dp': 1}}
512	67.902794	nan	nan	0.014727	6.861550e+18	1.010496e+17	3.118694e+14	0.632837	True	955.126068	367.140185	{'tp': 2, 'cp': 64, 'pp': 1, 'mb': 1, 'tp_sp': True, 'train': {'dp': 4, 'ep': 1, 'tp_ep': True}, 'inference': {'replica_count': 1, 'moe_dp': 1}}
1024	68.249391	nan	nan	0.014652	6.861550e+18	1.005364e+17	3.118694e+14	0.314812	True	453.736771	109.830076	{'tp': 1, 'cp': 64, 'pp': 4, 'mb': 4, 'tp_sp': True, 'train': {'dp': 4, 'ep': 1, 'tp_ep': True}, 'inference': {'replica_count': 1, 'moe_dp': 1}}
2048	47.693831	nan	nan	0.020967	6.861550e+18	1.438666e+17	3.118694e+14	0.225246	True	192.250336	100.843023	{'tp': 1, 'cp': 64, 'pp': 8, 'mb': 8, 'tp_sp': True, 'train': {'dp': 4, 'ep': 1, 'tp_ep': True}, 'inference': {'replica_count': 1, 'moe_dp': 1}}
4096	36.202366	nan	nan	0.027623	6.861550e+18	1.895332e+17	3.118694e+14	0.148372	True	61.507004	137.188912	{'tp': 1, 'cp': 64, 'pp': 16, 'mb': 16, 'tp_sp': True, 'train': {'dp': 4, 'ep': 1, 'tp_ep': True}, 'inference': {'replica_count': 1, 'moe_dp': 1}}
1024	56.778467	nan	nan	0.017612	6.861550e+18	1.208478e+17	3.118694e+14	0.378413	True	440.253952	329.586458	{'tp': 2, 'cp': 64, 'pp': 2, 'mb': 2, 'tp_sp': True, 'train': {'dp': 4, 'ep': 1, 'tp_ep': True}, 'inference': {'replica_count': 1, 'moe_dp': 1}}
512	63.042225	nan	nan	0.015862	6.861550e+18	1.088405e+17	3.118694e+14	0.681629	True	1707.080367	159.898655	{'tp': 1, 'cp': 64, 'pp': 1, 'mb': 1, 'tp_sp': True, 'train': {'dp': 8, 'ep': 1, 'tp_ep': True}, 'inference': {'replica_count': 1, 'moe_dp': 1}}
1024	51.032503	nan	nan	0.019595	6.861550e+18	1.344545e+17	3.118694e+14	0.421020	True	818.167435	97.232325	{'tp': 1, 'cp': 64, 'pp': 2, 'mb': 2, 'tp_sp': True, 'train': {'dp': 8, 'ep': 1, 'tp_ep': True}, 'inference': {'replica_count': 1, 'moe_dp': 1}}
2048	35.450531	nan	nan	0.028208	6.861550e+18	1.935528e+17	3.118694e+14	0.303038	True	380.782562	77.922293	{'tp': 1, 'cp': 64, 'pp': 4, 'mb': 4, 'tp_sp': True, 'train': {'dp': 8, 'ep': 1, 'tp_ep': True}, 'inference': {'replica_count': 1, 'moe_dp': 1}}
1024	34.271950	nan	nan	0.029178	6.861550e+18	2.002089e+17	3.118694e+14	0.626918	True	813.582565	235.273708	{'tp': 2, 'cp': 64, 'pp': 1, 'mb': 1, 'tp_sp': True, 'train': {'dp': 8, 'ep': 1, 'tp_ep': True}, 'inference': {'replica_count': 1, 'moe_dp': 1}}
4096	25.713954	nan	nan	0.038889	6.861550e+18	2.668415e+17	3.118694e+14	0.208891	True	155.039230	85.988644	{'tp': 1, 'cp': 64, 'pp': 8, 'mb': 8, 'tp_sp': True, 'train': {'dp': 8, 'ep': 1, 'tp_ep': True}, 'inference': {'replica_count': 1, 'moe_dp': 1}}
1024	32.228140	nan	nan	0.031029	6.861550e+18	2.129056e+17	3.118694e+14	0.666675	True	1565.579246	94.650727	{'tp': 1, 'cp': 64, 'pp': 1, 'mb': 1, 'tp_sp': True, 'train': {'dp': 16, 'ep': 1, 'tp_ep': True}, 'inference': {'replica_count': 1, 'moe_dp': 1}}
2048	26.614673	nan	nan	0.037573	6.861550e+18	2.578108e+17	3.118694e+14	0.403644	True	747.060394	65.031836	{'tp': 1, 'cp': 64, 'pp': 2, 'mb': 2, 'tp_sp': True, 'train': {'dp': 16, 'ep': 1, 'tp_ep': True}, 'inference': {'replica_count': 1, 'moe_dp': 1}}
2048	28.977545	nan	nan	0.034509	6.861550e+18	2.367885e+17	3.118694e+14	0.370730	True	369.115257	260.134048	{'tp': 2, 'cp': 64, 'pp': 2, 'mb': 2, 'tp_sp': True, 'train': {'dp': 8, 'ep': 1, 'tp_ep': True}, 'inference': {'replica_count': 1, 'moe_dp': 1}}
4096	20.505711	nan	nan	0.048767	6.861550e+18	3.346165e+17	3.118694e+14	0.261948	True	344.305344	60.631741	{'tp': 1, 'cp': 64, 'pp': 4, 'mb': 4, 'tp_sp': True, 'train': {'dp': 16, 'ep': 1, 'tp_ep': True}, 'inference': {'replica_count': 1, 'moe_dp': 1}}
2048	17.525895	nan	nan	0.057058	6.861550e+18	3.915093e+17	3.118694e+14	0.612970	True	742.810814	171.729370	{'tp': 2, 'cp': 64, 'pp': 1, 'mb': 1, 'tp_sp': True, 'train': {'dp': 16, 'ep': 1, 'tp_ep': True}, 'inference': {'replica_count': 1, 'moe_dp': 1}}
2048	42.690021	nan	nan	0.023425	6.861550e+18	1.607296e+17	3.118694e+14	0.251648	True	186.899925	442.919746	{'tp': 2, 'cp': 64, 'pp': 4, 'mb': 4, 'tp_sp': True, 'train': {'dp': 4, 'ep': 1, 'tp_ep': True}, 'inference': {'replica_count': 1, 'moe_dp': 1}}
2048	16.841767	nan	nan	0.059376	6.861550e+18	4.074127e+17	3.118694e+14	0.637869	True	1494.828805	60.307507	{'tp': 1, 'cp': 64, 'pp': 1, 'mb': 1, 'tp_sp': True, 'train': {'dp': 32, 'ep': 1, 'tp_ep': True}, 'inference': {'replica_count': 1, 'moe_dp': 1}}
4096	11.533066	nan	nan	0.086707	6.861550e+18	5.949459e+17	3.118694e+14	0.465741	True	1459.453465	44.723793	{'tp': 1, 'cp': 64, 'pp': 1, 'mb': 1, 'tp_sp': True, 'train': {'dp': 64, 'ep': 1, 'tp_ep': True}, 'inference': {'replica_count': 1, 'moe_dp': 1}}
4096	16.457413	nan	nan	0.060763	6.861550e+18	4.169276e+17	3.118694e+14	0.326383	True	711.506760	49.380681	{'tp': 1, 'cp': 64, 'pp': 2, 'mb': 2, 'tp_sp': True, 'train': {'dp': 32, 'ep': 1, 'tp_ep': True}, 'inference': {'replica_count': 1, 'moe_dp': 1}}
4096	11.463491	nan	nan	0.087233	6.861550e+18	5.985568e+17	3.118694e+14	0.468568	True	707.425003	138.328796	{'tp': 2, 'cp': 64, 'pp': 1, 'mb': 1, 'tp_sp': True, 'train': {'dp': 32, 'ep': 1, 'tp_ep': True}, 'inference': {'replica_count': 1, 'moe_dp': 1}}
4096	16.904649	nan	nan	0.059155	6.861550e+18	4.058972e+17	3.118694e+14	0.317748	True	333.545975	227.916423	{'tp': 2, 'cp': 64, 'pp': 2, 'mb': 2, 'tp_sp': True, 'train': {'dp': 16, 'ep': 1, 'tp_ep': True}, 'inference': {'replica_count': 1, 'moe_dp': 1}}
4096	22.893567	nan	nan	0.043680	6.861550e+18	2.997152e+17	3.118694e+14	0.234626	True	150.407059	408.392807	{'tp': 2, 'cp': 64, 'pp': 4, 'mb': 4, 'tp_sp': True, 'train': {'dp': 8, 'ep': 1, 'tp_ep': True}, 'inference': {'replica_count': 1, 'moe_dp': 1}}
256	212.207610	nan	nan	0.004712	6.861550e+18	3.233414e+16	3.118694e+14	0.404994	True	92.324158	178.700204	{'tp': 4, 'cp': 8, 'pp': 4, 'mb': 4, 'tp_sp': True, 'train': {'dp': 2, 'ep': 1, 'tp_ep': True}, 'inference': {'replica_count': 1, 'moe_dp': 1}}
512	129.814490	nan	nan	0.007703	6.861550e+18	5.285658e+16	3.118694e+14	0.331022	True	6.666718	221.938369	{'tp': 8, 'cp': 8, 'pp': 4, 'mb': 4, 'tp_sp': True, 'train': {'dp': 2, 'ep': 1, 'tp_ep': True}, 'inference': {'replica_count': 1, 'moe_dp': 1}}
