num_gpus	runtime_s	prefill_time_s	decode_time_s	performance_1_over_s	total_flops	achieved_flops_per_s	peak_flops_per_gpu	mfu	memory_exceeded	memory_violation_gb	eval_wall_time_s	parallelism
256	329.896217	nan	nan	0.003031	6.861550e+18	2.079912e+16	3.118694e+14	0.260515	False	0.000000	96.003481	{'tp': 8, 'cp': 1, 'pp': 32, 'mb': 32, 'tp_sp': True, 'train': {'dp': 1, 'ep': 1, 'tp_ep': True}, 'inference': {'replica_count': 1, 'moe_dp': 1}}
512	209.318550	nan	nan	0.004777	6.861550e+18	3.278042e+16	3.118694e+14	0.205292	False	0.000000	130.679256	{'tp': 16, 'cp': 1, 'pp': 32, 'mb': 32, 'tp_sp': True, 'train': {'dp': 1, 'ep': 1, 'tp_ep': True}, 'inference': {'replica_count': 1, 'moe_dp': 1}}
1024	148.997710	nan	nan	0.006712	6.861550e+18	4.605138e+16	3.118694e+14	0.144202	False	0.000000	243.660888	{'tp': 32, 'cp': 1, 'pp': 32, 'mb': 32, 'tp_sp': True, 'train': {'dp': 1, 'ep': 1, 'tp_ep': True}, 'inference': {'replica_count': 1, 'moe_dp': 1}}
2048	118.941205	nan	nan	0.008408	6.861550e+18	5.768859e+16	3.118694e+14	0.090321	False	0.000000	784.557775	{'tp': 64, 'cp': 1, 'pp': 32, 'mb': 32, 'tp_sp': True, 'train': {'dp': 1, 'ep': 1, 'tp_ep': True}, 'inference': {'replica_count': 1, 'moe_dp': 1}}
128	472.858069	nan	nan	0.002115	6.861550e+18	1.451080e+16	3.118694e+14	0.363504	False	0.000000	393.850844	{'tp': 32, 'cp': 1, 'pp': 2, 'mb': 2, 'tp_sp': True, 'train': {'dp': 2, 'ep': 1, 'tp_ep': True}, 'inference': {'replica_count': 1, 'moe_dp': 1}}
256	265.947634	nan	nan	0.003760	6.861550e+18	2.580038e+16	3.118694e+14	0.323157	False	0.000000	428.004101	{'tp': 64, 'cp': 1, 'pp': 2, 'mb': 2, 'tp_sp': True, 'train': {'dp': 2, 'ep': 1, 'tp_ep': True}, 'inference': {'replica_count': 1, 'moe_dp': 1}}
128	533.134427	nan	nan	0.001876	6.861550e+18	1.287021e+16	3.118694e+14	0.322406	False	0.000000	225.659961	{'tp': 16, 'cp': 1, 'pp': 4, 'mb': 4, 'tp_sp': True, 'train': {'dp': 2, 'ep': 1, 'tp_ep': True}, 'inference': {'replica_count': 1, 'moe_dp': 1}}
256	292.246413	nan	nan	0.003422	6.861550e+18	2.347865e+16	3.118694e+14	0.294076	False	0.000000	221.337290	{'tp': 32, 'cp': 1, 'pp': 4, 'mb': 4, 'tp_sp': True, 'train': {'dp': 2, 'ep': 1, 'tp_ep': True}, 'inference': {'replica_count': 1, 'moe_dp': 1}}
512	172.346951	nan	nan	0.005802	6.861550e+18	3.981243e+16	3.118694e+14	0.249331	False	0.000000	275.644368	{'tp': 64, 'cp': 1, 'pp': 4, 'mb': 4, 'tp_sp': True, 'train': {'dp': 2, 'ep': 1, 'tp_ep': True}, 'inference': {'replica_count': 1, 'moe_dp': 1}}
128	555.868161	nan	nan	0.001799	6.861550e+18	1.234384e+16	3.118694e+14	0.309220	False	0.000000	124.604053	{'tp': 8, 'cp': 1, 'pp': 8, 'mb': 8, 'tp_sp': True, 'train': {'dp': 2, 'ep': 1, 'tp_ep': True}, 'inference': {'replica_count': 1, 'moe_dp': 1}}
256	301.828806	nan	nan	0.003313	6.861550e+18	2.273325e+16	3.118694e+14	0.284740	False	0.000000	126.009114	{'tp': 16, 'cp': 1, 'pp': 8, 'mb': 8, 'tp_sp': True, 'train': {'dp': 2, 'ep': 1, 'tp_ep': True}, 'inference': {'replica_count': 1, 'moe_dp': 1}}
512	174.750223	nan	nan	0.005722	6.861550e+18	3.926490e+16	3.118694e+14	0.245902	False	0.000000	143.615942	{'tp': 32, 'cp': 1, 'pp': 8, 'mb': 8, 'tp_sp': True, 'train': {'dp': 2, 'ep': 1, 'tp_ep': True}, 'inference': {'replica_count': 1, 'moe_dp': 1}}
1024	111.473921	nan	nan	0.008971	6.861550e+18	6.155296e+16	3.118694e+14	0.192742	False	0.000000	248.410294	{'tp': 64, 'cp': 1, 'pp': 8, 'mb': 8, 'tp_sp': True, 'train': {'dp': 2, 'ep': 1, 'tp_ep': True}, 'inference': {'replica_count': 1, 'moe_dp': 1}}
128	554.234912	nan	nan	0.001804	6.861550e+18	1.238022e+16	3.118694e+14	0.310131	False	0.000000	82.047945	{'tp': 4, 'cp': 1, 'pp': 16, 'mb': 16, 'tp_sp': True, 'train': {'dp': 2, 'ep': 1, 'tp_ep': True}, 'inference': {'replica_count': 1, 'moe_dp': 1}}
256	299.949078	nan	nan	0.003334	6.861550e+18	2.287572e+16	3.118694e+14	0.286525	False	0.000000	79.192088	{'tp': 8, 'cp': 1, 'pp': 16, 'mb': 16, 'tp_sp': True, 'train': {'dp': 2, 'ep': 1, 'tp_ep': True}, 'inference': {'replica_count': 1, 'moe_dp': 1}}
512	172.840259	nan	nan	0.005786	6.861550e+18	3.969880e+16	3.118694e+14	0.248619	False	0.000000	91.980798	{'tp': 16, 'cp': 1, 'pp': 16, 'mb': 16, 'tp_sp': True, 'train': {'dp': 2, 'ep': 1, 'tp_ep': True}, 'inference': {'replica_count': 1, 'moe_dp': 1}}
1024	109.252106	nan	nan	0.009153	6.861550e+18	6.280474e+16	3.118694e+14	0.196662	False	0.000000	144.489260	{'tp': 32, 'cp': 1, 'pp': 16, 'mb': 16, 'tp_sp': True, 'train': {'dp': 2, 'ep': 1, 'tp_ep': True}, 'inference': {'replica_count': 1, 'moe_dp': 1}}
2048	77.567639	nan	nan	0.012892	6.861550e+18	8.845893e+16	3.118694e+14	0.138497	False	0.000000	382.750102	{'tp': 64, 'cp': 1, 'pp': 16, 'mb': 16, 'tp_sp': True, 'train': {'dp': 2, 'ep': 1, 'tp_ep': True}, 'inference': {'replica_count': 1, 'moe_dp': 1}}
128	553.919874	nan	nan	0.001805	6.861550e+18	1.238726e+16	3.118694e+14	0.310308	False	0.000000	61.576202	{'tp': 2, 'cp': 1, 'pp': 32, 'mb': 32, 'tp_sp': True, 'train': {'dp': 2, 'ep': 1, 'tp_ep': True}, 'inference': {'replica_count': 1, 'moe_dp': 1}}
256	286.265789	nan	nan	0.003493	6.861550e+18	2.396916e+16	3.118694e+14	0.300220	False	0.000000	60.747954	{'tp': 4, 'cp': 1, 'pp': 32, 'mb': 32, 'tp_sp': True, 'train': {'dp': 2, 'ep': 1, 'tp_ep': True}, 'inference': {'replica_count': 1, 'moe_dp': 1}}
512	165.496920	nan	nan	0.006042	6.861550e+18	4.146029e+16	3.118694e+14	0.259651	False	0.000000	72.156780	{'tp': 8, 'cp': 1, 'pp': 32, 'mb': 32, 'tp_sp': True, 'train': {'dp': 2, 'ep': 1, 'tp_ep': True}, 'inference': {'replica_count': 1, 'moe_dp': 1}}
1024	105.127519	nan	nan	0.009512	6.861550e+18	6.526883e+16	3.118694e+14	0.204377	False	0.000000	103.759596	{'tp': 16, 'cp': 1, 'pp': 32, 'mb': 32, 'tp_sp': True, 'train': {'dp': 2, 'ep': 1, 'tp_ep': True}, 'inference': {'replica_count': 1, 'moe_dp': 1}}
2048	74.919008	nan	nan	0.013348	6.861550e+18	9.158624e+16	3.118694e+14	0.143393	False	0.000000	224.960481	{'tp': 32, 'cp': 1, 'pp': 32, 'mb': 32, 'tp_sp': True, 'train': {'dp': 2, 'ep': 1, 'tp_ep': True}, 'inference': {'replica_count': 1, 'moe_dp': 1}}
4096	59.861667	nan	nan	0.016705	6.861550e+18	1.146234e+17	3.118694e+14	0.089731	False	0.000000	771.491634	{'tp': 64, 'cp': 1, 'pp': 32, 'mb': 32, 'tp_sp': True, 'train': {'dp': 2, 'ep': 1, 'tp_ep': True}, 'inference': {'replica_count': 1, 'moe_dp': 1}}
128	308.054255	nan	nan	0.003246	6.861550e+18	2.227384e+16	3.118694e+14	0.557972	True	0.776794	385.047392	{'tp': 32, 'cp': 1, 'pp': 1, 'mb': 1, 'tp_sp': True, 'train': {'dp': 4, 'ep': 1, 'tp_ep': True}, 'inference': {'replica_count': 1, 'moe_dp': 1}}
256	170.116834	nan	nan	0.005878	6.861550e+18	4.033434e+16	3.118694e+14	0.505199	False	0.000000	391.479190	{'tp': 64, 'cp': 1, 'pp': 1, 'mb': 1, 'tp_sp': True, 'train': {'dp': 4, 'ep': 1, 'tp_ep': True}, 'inference': {'replica_count': 1, 'moe_dp': 1}}
128	444.418680	nan	nan	0.002250	6.861550e+18	1.543938e+16	3.118694e+14	0.386765	False	0.000000	207.838152	{'tp': 16, 'cp': 1, 'pp': 2, 'mb': 2, 'tp_sp': True, 'train': {'dp': 4, 'ep': 1, 'tp_ep': True}, 'inference': {'replica_count': 1, 'moe_dp': 1}}
256	236.541722	nan	nan	0.004228	6.861550e+18	2.900778e+16	3.118694e+14	0.363330	False	0.000000	212.459884	{'tp': 32, 'cp': 1, 'pp': 2, 'mb': 2, 'tp_sp': True, 'train': {'dp': 4, 'ep': 1, 'tp_ep': True}, 'inference': {'replica_count': 1, 'moe_dp': 1}}
512	133.073192	nan	nan	0.007515	6.861550e+18	5.156223e+16	3.118694e+14	0.322915	False	0.000000	231.010921	{'tp': 64, 'cp': 1, 'pp': 2, 'mb': 2, 'tp_sp': True, 'train': {'dp': 4, 'ep': 1, 'tp_ep': True}, 'inference': {'replica_count': 1, 'moe_dp': 1}}
128	507.581516	nan	nan	0.001970	6.861550e+18	1.351812e+16	3.118694e+14	0.338636	False	0.000000	121.158931	{'tp': 8, 'cp': 1, 'pp': 4, 'mb': 4, 'tp_sp': True, 'train': {'dp': 4, 'ep': 1, 'tp_ep': True}, 'inference': {'replica_count': 1, 'moe_dp': 1}}
256	266.770353	nan	nan	0.003749	6.861550e+18	2.572081e+16	3.118694e+14	0.322160	False	0.000000	120.845277	{'tp': 16, 'cp': 1, 'pp': 4, 'mb': 4, 'tp_sp': True, 'train': {'dp': 4, 'ep': 1, 'tp_ep': True}, 'inference': {'replica_count': 1, 'moe_dp': 1}}
512	146.308927	nan	nan	0.006835	6.861550e+18	4.689769e+16	3.118694e+14	0.293703	False	0.000000	128.006730	{'tp': 32, 'cp': 1, 'pp': 4, 'mb': 4, 'tp_sp': True, 'train': {'dp': 4, 'ep': 1, 'tp_ep': True}, 'inference': {'replica_count': 1, 'moe_dp': 1}}
1024	86.327543	nan	nan	0.011584	6.861550e+18	7.948275e+16	3.118694e+14	0.248886	False	0.000000	173.416718	{'tp': 64, 'cp': 1, 'pp': 4, 'mb': 4, 'tp_sp': True, 'train': {'dp': 4, 'ep': 1, 'tp_ep': True}, 'inference': {'replica_count': 1, 'moe_dp': 1}}
128	532.477609	nan	nan	0.001878	6.861550e+18	1.288608e+16	3.118694e+14	0.322803	False	0.000000	78.425591	{'tp': 4, 'cp': 1, 'pp': 8, 'mb': 8, 'tp_sp': True, 'train': {'dp': 4, 'ep': 1, 'tp_ep': True}, 'inference': {'replica_count': 1, 'moe_dp': 1}}
256	278.261800	nan	nan	0.003594	6.861550e+18	2.465861e+16	3.118694e+14	0.308856	False	0.000000	75.479420	{'tp': 8, 'cp': 1, 'pp': 8, 'mb': 8, 'tp_sp': True, 'train': {'dp': 4, 'ep': 1, 'tp_ep': True}, 'inference': {'replica_count': 1, 'moe_dp': 1}}
512	151.187980	nan	nan	0.006614	6.861550e+18	4.538423e+16	3.118694e+14	0.284225	False	0.000000	76.570277	{'tp': 16, 'cp': 1, 'pp': 8, 'mb': 8, 'tp_sp': True, 'train': {'dp': 4, 'ep': 1, 'tp_ep': True}, 'inference': {'replica_count': 1, 'moe_dp': 1}}
1024	87.617336	nan	nan	0.011413	6.861550e+18	7.831270e+16	3.118694e+14	0.245222	False	0.000000	100.457521	{'tp': 32, 'cp': 1, 'pp': 8, 'mb': 8, 'tp_sp': True, 'train': {'dp': 4, 'ep': 1, 'tp_ep': True}, 'inference': {'replica_count': 1, 'moe_dp': 1}}
2048	55.941623	nan	nan	0.017876	6.861550e+18	1.226555e+17	3.118694e+14	0.192037	False	0.000000	206.787891	{'tp': 64, 'cp': 1, 'pp': 8, 'mb': 8, 'tp_sp': True, 'train': {'dp': 4, 'ep': 1, 'tp_ep': True}, 'inference': {'replica_count': 1, 'moe_dp': 1}}
128	544.935429	nan	nan	0.001835	6.861550e+18	1.259149e+16	3.118694e+14	0.315424	False	0.000000	58.162617	{'tp': 2, 'cp': 1, 'pp': 16, 'mb': 16, 'tp_sp': True, 'train': {'dp': 4, 'ep': 1, 'tp_ep': True}, 'inference': {'replica_count': 1, 'moe_dp': 1}}
256	277.747655	nan	nan	0.003600	6.861550e+18	2.470426e+16	3.118694e+14	0.309428	False	0.000000	51.570008	{'tp': 4, 'cp': 1, 'pp': 16, 'mb': 16, 'tp_sp': True, 'train': {'dp': 4, 'ep': 1, 'tp_ep': True}, 'inference': {'replica_count': 1, 'moe_dp': 1}}
512	150.439325	nan	nan	0.006647	6.861550e+18	4.561008e+16	3.118694e+14	0.285639	False	0.000000	55.215179	{'tp': 8, 'cp': 1, 'pp': 16, 'mb': 16, 'tp_sp': True, 'train': {'dp': 4, 'ep': 1, 'tp_ep': True}, 'inference': {'replica_count': 1, 'moe_dp': 1}}
1024	86.801000	nan	nan	0.011521	6.861550e+18	7.904921e+16	3.118694e+14	0.247528	False	0.000000	68.182720	{'tp': 16, 'cp': 1, 'pp': 16, 'mb': 16, 'tp_sp': True, 'train': {'dp': 4, 'ep': 1, 'tp_ep': True}, 'inference': {'replica_count': 1, 'moe_dp': 1}}
2048	54.956750	nan	nan	0.018196	6.861550e+18	1.248536e+17	3.118694e+14	0.195478	False	0.000000	118.491799	{'tp': 32, 'cp': 1, 'pp': 16, 'mb': 16, 'tp_sp': True, 'train': {'dp': 4, 'ep': 1, 'tp_ep': True}, 'inference': {'replica_count': 1, 'moe_dp': 1}}
4096	39.084083	nan	nan	0.025586	6.861550e+18	1.755587e+17	3.118694e+14	0.137433	False	0.000000	350.656649	{'tp': 64, 'cp': 1, 'pp': 16, 'mb': 16, 'tp_sp': True, 'train': {'dp': 4, 'ep': 1, 'tp_ep': True}, 'inference': {'replica_count': 1, 'moe_dp': 1}}
128	1101.601018	nan	nan	0.000908	6.861550e+18	6.228707e+15	3.118694e+14	0.156033	True	3.645752	73.496820	{'tp': 1, 'cp': 1, 'pp': 32, 'mb': 32, 'tp_sp': True, 'train': {'dp': 4, 'ep': 1, 'tp_ep': True}, 'inference': {'replica_count': 1, 'moe_dp': 1}}
256	553.880294	nan	nan	0.001805	6.861550e+18	1.238815e+16	3.118694e+14	0.155165	False	0.000000	62.282394	{'tp': 2, 'cp': 1, 'pp': 32, 'mb': 32, 'tp_sp': True, 'train': {'dp': 4, 'ep': 1, 'tp_ep': True}, 'inference': {'replica_count': 1, 'moe_dp': 1}}
512	286.225589	nan	nan	0.003494	6.861550e+18	2.397253e+16	3.118694e+14	0.150131	False	0.000000	60.680456	{'tp': 4, 'cp': 1, 'pp': 32, 'mb': 32, 'tp_sp': True, 'train': {'dp': 4, 'ep': 1, 'tp_ep': True}, 'inference': {'replica_count': 1, 'moe_dp': 1}}
1024	165.457774	nan	nan	0.006044	6.861550e+18	4.147010e+16	3.118694e+14	0.129856	False	0.000000	71.667164	{'tp': 8, 'cp': 1, 'pp': 32, 'mb': 32, 'tp_sp': True, 'train': {'dp': 4, 'ep': 1, 'tp_ep': True}, 'inference': {'replica_count': 1, 'moe_dp': 1}}
2048	105.088901	nan	nan	0.009516	6.861550e+18	6.529281e+16	3.118694e+14	0.102226	False	0.000000	107.385905	{'tp': 16, 'cp': 1, 'pp': 32, 'mb': 32, 'tp_sp': True, 'train': {'dp': 4, 'ep': 1, 'tp_ep': True}, 'inference': {'replica_count': 1, 'moe_dp': 1}}
4096	74.880654	nan	nan	0.013355	6.861550e+18	9.163315e+16	3.118694e+14	0.071733	False	0.000000	229.775391	{'tp': 32, 'cp': 1, 'pp': 32, 'mb': 32, 'tp_sp': True, 'train': {'dp': 4, 'ep': 1, 'tp_ep': True}, 'inference': {'replica_count': 1, 'moe_dp': 1}}
128	292.694112	nan	nan	0.003417	6.861550e+18	2.344273e+16	3.118694e+14	0.587253	True	39.705017	207.113998	{'tp': 16, 'cp': 1, 'pp': 1, 'mb': 1, 'tp_sp': True, 'train': {'dp': 8, 'ep': 1, 'tp_ep': True}, 'inference': {'replica_count': 1, 'moe_dp': 1}}
256	154.112361	nan	nan	0.006489	6.861550e+18	4.452304e+16	3.118694e+14	0.557663	False	0.000000	209.695442	{'tp': 32, 'cp': 1, 'pp': 1, 'mb': 1, 'tp_sp': True, 'train': {'dp': 8, 'ep': 1, 'tp_ep': True}, 'inference': {'replica_count': 1, 'moe_dp': 1}}
512	85.134785	nan	nan	0.011746	6.861550e+18	8.059632e+16	3.118694e+14	0.504745	False	0.000000	227.147450	{'tp': 64, 'cp': 1, 'pp': 1, 'mb': 1, 'tp_sp': True, 'train': {'dp': 8, 'ep': 1, 'tp_ep': True}, 'inference': {'replica_count': 1, 'moe_dp': 1}}
128	430.189748	nan	nan	0.002325	6.861550e+18	1.595005e+16	3.118694e+14	0.399558	True	36.248901	118.802458	{'tp': 8, 'cp': 1, 'pp': 2, 'mb': 2, 'tp_sp': True, 'train': {'dp': 8, 'ep': 1, 'tp_ep': True}, 'inference': {'replica_count': 1, 'moe_dp': 1}}
256	222.379139	nan	nan	0.004497	6.861550e+18	3.085519e+16	3.118694e+14	0.386470	False	0.000000	115.811023	{'tp': 16, 'cp': 1, 'pp': 2, 'mb': 2, 'tp_sp': True, 'train': {'dp': 8, 'ep': 1, 'tp_ep': True}, 'inference': {'replica_count': 1, 'moe_dp': 1}}
512	118.425640	nan	nan	0.008444	6.861550e+18	5.793973e+16	3.118694e+14	0.362856	False	0.000000	117.511735	{'tp': 32, 'cp': 1, 'pp': 2, 'mb': 2, 'tp_sp': True, 'train': {'dp': 8, 'ep': 1, 'tp_ep': True}, 'inference': {'replica_count': 1, 'moe_dp': 1}}
1024	66.664066	nan	nan	0.015001	6.861550e+18	1.029273e+17	3.118694e+14	0.322298	False	0.000000	138.237779	{'tp': 64, 'cp': 1, 'pp': 2, 'mb': 2, 'tp_sp': True, 'train': {'dp': 8, 'ep': 1, 'tp_ep': True}, 'inference': {'replica_count': 1, 'moe_dp': 1}}
128	495.054485	nan	nan	0.002020	6.861550e+18	1.386019e+16	3.118694e+14	0.347205	True	38.921265	75.763841	{'tp': 4, 'cp': 1, 'pp': 4, 'mb': 4, 'tp_sp': True, 'train': {'dp': 8, 'ep': 1, 'tp_ep': True}, 'inference': {'replica_count': 1, 'moe_dp': 1}}
256	254.076495	nan	nan	0.003936	6.861550e+18	2.700584e+16	3.118694e+14	0.338256	False	0.000000	70.912635	{'tp': 8, 'cp': 1, 'pp': 4, 'mb': 4, 'tp_sp': True, 'train': {'dp': 8, 'ep': 1, 'tp_ep': True}, 'inference': {'replica_count': 1, 'moe_dp': 1}}
512	133.619808	nan	nan	0.007484	6.861550e+18	5.135129e+16	3.118694e+14	0.321595	False	0.000000	70.683422	{'tp': 16, 'cp': 1, 'pp': 4, 'mb': 4, 'tp_sp': True, 'train': {'dp': 8, 'ep': 1, 'tp_ep': True}, 'inference': {'replica_count': 1, 'moe_dp': 1}}
1024	73.359487	nan	nan	0.013632	6.861550e+18	9.353323e+16	3.118694e+14	0.292882	False	0.000000	78.472502	{'tp': 32, 'cp': 1, 'pp': 4, 'mb': 4, 'tp_sp': True, 'train': {'dp': 8, 'ep': 1, 'tp_ep': True}, 'inference': {'replica_count': 1, 'moe_dp': 1}}
2048	43.333242	nan	nan	0.023077	6.861550e+18	1.583438e+17	3.118694e+14	0.247912	False	0.000000	128.460516	{'tp': 64, 'cp': 1, 'pp': 4, 'mb': 4, 'tp_sp': True, 'train': {'dp': 8, 'ep': 1, 'tp_ep': True}, 'inference': {'replica_count': 1, 'moe_dp': 1}}
128	527.134357	nan	nan	0.001897	6.861550e+18	1.301670e+16	3.118694e+14	0.326075	True	41.245239	57.211846	{'tp': 2, 'cp': 1, 'pp': 8, 'mb': 8, 'tp_sp': True, 'train': {'dp': 8, 'ep': 1, 'tp_ep': True}, 'inference': {'replica_count': 1, 'moe_dp': 1}}
256	266.797165	nan	nan	0.003748	6.861550e+18	2.571823e+16	3.118694e+14	0.322128	False	0.000000	49.302308	{'tp': 4, 'cp': 1, 'pp': 8, 'mb': 8, 'tp_sp': True, 'train': {'dp': 8, 'ep': 1, 'tp_ep': True}, 'inference': {'replica_count': 1, 'moe_dp': 1}}
512	139.525178	nan	nan	0.007167	6.861550e+18	4.917786e+16	3.118694e+14	0.307983	False	0.000000	48.285357	{'tp': 8, 'cp': 1, 'pp': 8, 'mb': 8, 'tp_sp': True, 'train': {'dp': 8, 'ep': 1, 'tp_ep': True}, 'inference': {'replica_count': 1, 'moe_dp': 1}}
1024	75.905015	nan	nan	0.013174	6.861550e+18	9.039653e+16	3.118694e+14	0.283060	False	0.000000	53.503347	{'tp': 16, 'cp': 1, 'pp': 8, 'mb': 8, 'tp_sp': True, 'train': {'dp': 8, 'ep': 1, 'tp_ep': True}, 'inference': {'replica_count': 1, 'moe_dp': 1}}
2048	44.069859	nan	nan	0.022691	6.861550e+18	1.556971e+17	3.118694e+14	0.243769	False	0.000000	76.905981	{'tp': 32, 'cp': 1, 'pp': 8, 'mb': 8, 'tp_sp': True, 'train': {'dp': 8, 'ep': 1, 'tp_ep': True}, 'inference': {'replica_count': 1, 'moe_dp': 1}}
4096	28.201727	nan	nan	0.035459	6.861550e+18	2.433025e+17	3.118694e+14	0.190464	False	0.000000	182.703449	{'tp': 64, 'cp': 1, 'pp': 8, 'mb': 8, 'tp_sp': True, 'train': {'dp': 8, 'ep': 1, 'tp_ep': True}, 'inference': {'replica_count': 1, 'moe_dp': 1}}
128	1083.899332	nan	nan	0.000923	6.861550e+18	6.330431e+15	3.118694e+14	0.158581	True	49.677979	71.687450	{'tp': 1, 'cp': 1, 'pp': 16, 'mb': 16, 'tp_sp': True, 'train': {'dp': 8, 'ep': 1, 'tp_ep': True}, 'inference': {'replica_count': 1, 'moe_dp': 1}}
256	544.940271	nan	nan	0.001835	6.861550e+18	1.259138e+16	3.118694e+14	0.157710	False	0.000000	58.815143	{'tp': 2, 'cp': 1, 'pp': 16, 'mb': 16, 'tp_sp': True, 'train': {'dp': 8, 'ep': 1, 'tp_ep': True}, 'inference': {'replica_count': 1, 'moe_dp': 1}}
512	277.752907	nan	nan	0.003600	6.861550e+18	2.470379e+16	3.118694e+14	0.154711	False	0.000000	53.617936	{'tp': 4, 'cp': 1, 'pp': 16, 'mb': 16, 'tp_sp': True, 'train': {'dp': 8, 'ep': 1, 'tp_ep': True}, 'inference': {'replica_count': 1, 'moe_dp': 1}}
1024	150.444458	nan	nan	0.006647	6.861550e+18	4.560853e+16	3.118694e+14	0.142815	False	0.000000	56.148036	{'tp': 8, 'cp': 1, 'pp': 16, 'mb': 16, 'tp_sp': True, 'train': {'dp': 8, 'ep': 1, 'tp_ep': True}, 'inference': {'replica_count': 1, 'moe_dp': 1}}
2048	86.806073	nan	nan	0.011520	6.861550e+18	7.904459e+16	3.118694e+14	0.123757	False	0.000000	68.868901	{'tp': 16, 'cp': 1, 'pp': 16, 'mb': 16, 'tp_sp': True, 'train': {'dp': 8, 'ep': 1, 'tp_ep': True}, 'inference': {'replica_count': 1, 'moe_dp': 1}}
4096	54.961793	nan	nan	0.018194	6.861550e+18	1.248422e+17	3.118694e+14	0.097730	False	0.000000	122.013240	{'tp': 32, 'cp': 1, 'pp': 16, 'mb': 16, 'tp_sp': True, 'train': {'dp': 8, 'ep': 1, 'tp_ep': True}, 'inference': {'replica_count': 1, 'moe_dp': 1}}
256	1101.568355	nan	nan	0.000908	6.861550e+18	6.228892e+15	3.118694e+14	0.078019	False	0.000000	73.720938	{'tp': 1, 'cp': 1, 'pp': 32, 'mb': 32, 'tp_sp': True, 'train': {'dp': 8, 'ep': 1, 'tp_ep': True}, 'inference': {'replica_count': 1, 'moe_dp': 1}}
512	553.850658	nan	nan	0.001806	6.861550e+18	1.238881e+16	3.118694e+14	0.077587	False	0.000000	63.787197	{'tp': 2, 'cp': 1, 'pp': 32, 'mb': 32, 'tp_sp': True, 'train': {'dp': 8, 'ep': 1, 'tp_ep': True}, 'inference': {'replica_count': 1, 'moe_dp': 1}}
1024	286.195526	nan	nan	0.003494	6.861550e+18	2.397504e+16	3.118694e+14	0.075073	False	0.000000	62.051924	{'tp': 4, 'cp': 1, 'pp': 32, 'mb': 32, 'tp_sp': True, 'train': {'dp': 8, 'ep': 1, 'tp_ep': True}, 'inference': {'replica_count': 1, 'moe_dp': 1}}
2048	165.428520	nan	nan	0.006045	6.861550e+18	4.147743e+16	3.118694e+14	0.064940	False	0.000000	73.017886	{'tp': 8, 'cp': 1, 'pp': 32, 'mb': 32, 'tp_sp': True, 'train': {'dp': 8, 'ep': 1, 'tp_ep': True}, 'inference': {'replica_count': 1, 'moe_dp': 1}}
4096	105.060051	nan	nan	0.009518	6.861550e+18	6.531074e+16	3.118694e+14	0.051127	False	0.000000	106.616153	{'tp': 16, 'cp': 1, 'pp': 32, 'mb': 32, 'tp_sp': True, 'train': {'dp': 8, 'ep': 1, 'tp_ep': True}, 'inference': {'replica_count': 1, 'moe_dp': 1}}
128	284.995706	nan	nan	0.003509	6.861550e+18	2.407598e+16	3.118694e+14	0.603116	True	129.672791	122.939762	{'tp': 8, 'cp': 1, 'pp': 1, 'mb': 1, 'tp_sp': True, 'train': {'dp': 16, 'ep': 1, 'tp_ep': True}, 'inference': {'replica_count': 1, 'moe_dp': 1}}
256	146.458247	nan	nan	0.006828	6.861550e+18	4.684987e+16	3.118694e+14	0.586807	True	26.854950	117.835601	{'tp': 16, 'cp': 1, 'pp': 1, 'mb': 1, 'tp_sp': True, 'train': {'dp': 16, 'ep': 1, 'tp_ep': True}, 'inference': {'replica_count': 1, 'moe_dp': 1}}
512	77.157388	nan	nan	0.012961	6.861550e+18	8.892927e+16	3.118694e+14	0.556932	False	0.000000	118.180880	{'tp': 32, 'cp': 1, 'pp': 1, 'mb': 1, 'tp_sp': True, 'train': {'dp': 16, 'ep': 1, 'tp_ep': True}, 'inference': {'replica_count': 1, 'moe_dp': 1}}
1024	42.650409	nan	nan	0.023446	6.861550e+18	1.608789e+17	3.118694e+14	0.503763	False	0.000000	121.475965	{'tp': 64, 'cp': 1, 'pp': 1, 'mb': 1, 'tp_sp': True, 'train': {'dp': 16, 'ep': 1, 'tp_ep': True}, 'inference': {'replica_count': 1, 'moe_dp': 1}}
128	423.273039	nan	nan	0.002363	6.861550e+18	1.621069e+16	3.118694e+14	0.406087	True	130.490723	76.158896	{'tp': 4, 'cp': 1, 'pp': 2, 'mb': 2, 'tp_sp': True, 'train': {'dp': 16, 'ep': 1, 'tp_ep': True}, 'inference': {'replica_count': 1, 'moe_dp': 1}}
256	215.318987	nan	nan	0.004644	6.861550e+18	3.186691e+16	3.118694e+14	0.399142	True	25.371521	67.942573	{'tp': 8, 'cp': 1, 'pp': 2, 'mb': 2, 'tp_sp': True, 'train': {'dp': 16, 'ep': 1, 'tp_ep': True}, 'inference': {'replica_count': 1, 'moe_dp': 1}}
512	111.369841	nan	nan	0.008979	6.861550e+18	6.161049e+16	3.118694e+14	0.385844	False	0.000000	64.947589	{'tp': 16, 'cp': 1, 'pp': 2, 'mb': 2, 'tp_sp': True, 'train': {'dp': 16, 'ep': 1, 'tp_ep': True}, 'inference': {'replica_count': 1, 'moe_dp': 1}}
1024	59.367672	nan	nan	0.016844	6.861550e+18	1.155772e+17	3.118694e+14	0.361909	False	0.000000	68.187427	{'tp': 32, 'cp': 1, 'pp': 2, 'mb': 2, 'tp_sp': True, 'train': {'dp': 16, 'ep': 1, 'tp_ep': True}, 'inference': {'replica_count': 1, 'moe_dp': 1}}
2048	33.456268	nan	nan	0.029890	6.861550e+18	2.050901e+17	3.118694e+14	0.321101	False	0.000000	93.251560	{'tp': 64, 'cp': 1, 'pp': 2, 'mb': 2, 'tp_sp': True, 'train': {'dp': 16, 'ep': 1, 'tp_ep': True}, 'inference': {'replica_count': 1, 'moe_dp': 1}}
128	491.691059	nan	nan	0.002034	6.861550e+18	1.395500e+16	3.118694e+14	0.349580	True	135.878296	54.720742	{'tp': 2, 'cp': 1, 'pp': 4, 'mb': 4, 'tp_sp': True, 'train': {'dp': 16, 'ep': 1, 'tp_ep': True}, 'inference': {'replica_count': 1, 'moe_dp': 1}}
256	247.996496	nan	nan	0.004032	6.861550e+18	2.766793e+16	3.118694e+14	0.346548	True	27.939148	47.484502	{'tp': 4, 'cp': 1, 'pp': 4, 'mb': 4, 'tp_sp': True, 'train': {'dp': 16, 'ep': 1, 'tp_ep': True}, 'inference': {'replica_count': 1, 'moe_dp': 1}}
512	127.353252	nan	nan	0.007852	6.861550e+18	5.387809e+16	3.118694e+14	0.337419	False	0.000000	43.265279	{'tp': 8, 'cp': 1, 'pp': 4, 'mb': 4, 'tp_sp': True, 'train': {'dp': 16, 'ep': 1, 'tp_ep': True}, 'inference': {'replica_count': 1, 'moe_dp': 1}}
1024	67.046636	nan	nan	0.014915	6.861550e+18	1.023400e+17	3.118694e+14	0.320459	False	0.000000	45.407520	{'tp': 16, 'cp': 1, 'pp': 4, 'mb': 4, 'tp_sp': True, 'train': {'dp': 16, 'ep': 1, 'tp_ep': True}, 'inference': {'replica_count': 1, 'moe_dp': 1}}
2048	36.869560	nan	nan	0.027123	6.861550e+18	1.861034e+17	3.118694e+14	0.291374	False	0.000000	53.748878	{'tp': 32, 'cp': 1, 'pp': 4, 'mb': 4, 'tp_sp': True, 'train': {'dp': 16, 'ep': 1, 'tp_ep': True}, 'inference': {'replica_count': 1, 'moe_dp': 1}}
4096	21.827894	nan	nan	0.045813	6.861550e+18	3.143478e+17	3.118694e+14	0.246081	False	0.000000	104.799835	{'tp': 64, 'cp': 1, 'pp': 4, 'mb': 4, 'tp_sp': True, 'train': {'dp': 16, 'ep': 1, 'tp_ep': True}, 'inference': {'replica_count': 1, 'moe_dp': 1}}
128	1048.561150	nan	nan	0.000954	6.861550e+18	6.543777e+15	3.118694e+14	0.163925	True	143.944092	71.200067	{'tp': 1, 'cp': 1, 'pp': 8, 'mb': 8, 'tp_sp': True, 'train': {'dp': 16, 'ep': 1, 'tp_ep': True}, 'inference': {'replica_count': 1, 'moe_dp': 1}}
256	527.136477	nan	nan	0.001897	6.861550e+18	1.301665e+16	3.118694e+14	0.163037	True	31.972046	58.113964	{'tp': 2, 'cp': 1, 'pp': 8, 'mb': 8, 'tp_sp': True, 'train': {'dp': 16, 'ep': 1, 'tp_ep': True}, 'inference': {'replica_count': 1, 'moe_dp': 1}}
512	266.799773	nan	nan	0.003748	6.861550e+18	2.571798e+16	3.118694e+14	0.161062	False	0.000000	48.882397	{'tp': 4, 'cp': 1, 'pp': 8, 'mb': 8, 'tp_sp': True, 'train': {'dp': 16, 'ep': 1, 'tp_ep': True}, 'inference': {'replica_count': 1, 'moe_dp': 1}}
1024	139.527723	nan	nan	0.007167	6.861550e+18	4.917697e+16	3.118694e+14	0.153989	False	0.000000	48.418303	{'tp': 8, 'cp': 1, 'pp': 8, 'mb': 8, 'tp_sp': True, 'train': {'dp': 16, 'ep': 1, 'tp_ep': True}, 'inference': {'replica_count': 1, 'moe_dp': 1}}
2048	75.907530	nan	nan	0.013174	6.861550e+18	9.039354e+16	3.118694e+14	0.141525	False	0.000000	53.757267	{'tp': 16, 'cp': 1, 'pp': 8, 'mb': 8, 'tp_sp': True, 'train': {'dp': 16, 'ep': 1, 'tp_ep': True}, 'inference': {'replica_count': 1, 'moe_dp': 1}}
4096	44.072358	nan	nan	0.022690	6.861550e+18	1.556883e+17	3.118694e+14	0.121877	False	0.000000	75.140143	{'tp': 32, 'cp': 1, 'pp': 8, 'mb': 8, 'tp_sp': True, 'train': {'dp': 16, 'ep': 1, 'tp_ep': True}, 'inference': {'replica_count': 1, 'moe_dp': 1}}
256	1083.894071	nan	nan	0.000923	6.861550e+18	6.330462e+15	3.118694e+14	0.079291	True	40.037842	76.608918	{'tp': 1, 'cp': 1, 'pp': 16, 'mb': 16, 'tp_sp': True, 'train': {'dp': 16, 'ep': 1, 'tp_ep': True}, 'inference': {'replica_count': 1, 'moe_dp': 1}}
512	544.935429	nan	nan	0.001835	6.861550e+18	1.259149e+16	3.118694e+14	0.078856	False	0.000000	62.208583	{'tp': 2, 'cp': 1, 'pp': 16, 'mb': 16, 'tp_sp': True, 'train': {'dp': 16, 'ep': 1, 'tp_ep': True}, 'inference': {'replica_count': 1, 'moe_dp': 1}}
1024	277.747655	nan	nan	0.003600	6.861550e+18	2.470426e+16	3.118694e+14	0.077357	False	0.000000	53.875107	{'tp': 4, 'cp': 1, 'pp': 16, 'mb': 16, 'tp_sp': True, 'train': {'dp': 16, 'ep': 1, 'tp_ep': True}, 'inference': {'replica_count': 1, 'moe_dp': 1}}
2048	150.439325	nan	nan	0.006647	6.861550e+18	4.561008e+16	3.118694e+14	0.071410	False	0.000000	57.259135	{'tp': 8, 'cp': 1, 'pp': 16, 'mb': 16, 'tp_sp': True, 'train': {'dp': 16, 'ep': 1, 'tp_ep': True}, 'inference': {'replica_count': 1, 'moe_dp': 1}}
4096	86.801000	nan	nan	0.011521	6.861550e+18	7.904921e+16	3.118694e+14	0.061882	False	0.000000	70.740216	{'tp': 16, 'cp': 1, 'pp': 16, 'mb': 16, 'tp_sp': True, 'train': {'dp': 16, 'ep': 1, 'tp_ep': True}, 'inference': {'replica_count': 1, 'moe_dp': 1}}
512	1101.534398	nan	nan	0.000908	6.861550e+18	6.229084e+15	3.118694e+14	0.039010	False	0.000000	77.758125	{'tp': 1, 'cp': 1, 'pp': 32, 'mb': 32, 'tp_sp': True, 'train': {'dp': 16, 'ep': 1, 'tp_ep': True}, 'inference': {'replica_count': 1, 'moe_dp': 1}}
1024	553.819868	nan	nan	0.001806	6.861550e+18	1.238950e+16	3.118694e+14	0.038795	False	0.000000	67.680255	{'tp': 2, 'cp': 1, 'pp': 32, 'mb': 32, 'tp_sp': True, 'train': {'dp': 16, 'ep': 1, 'tp_ep': True}, 'inference': {'replica_count': 1, 'moe_dp': 1}}
2048	286.164307	nan	nan	0.003494	6.861550e+18	2.397766e+16	3.118694e+14	0.037541	False	0.000000	66.981970	{'tp': 4, 'cp': 1, 'pp': 32, 'mb': 32, 'tp_sp': True, 'train': {'dp': 16, 'ep': 1, 'tp_ep': True}, 'inference': {'replica_count': 1, 'moe_dp': 1}}
4096	165.398147	nan	nan	0.006046	6.861550e+18	4.148505e+16	3.118694e+14	0.032476	False	0.000000	78.065318	{'tp': 8, 'cp': 1, 'pp': 32, 'mb': 32, 'tp_sp': True, 'train': {'dp': 16, 'ep': 1, 'tp_ep': True}, 'inference': {'replica_count': 1, 'moe_dp': 1}}
128	281.278605	nan	nan	0.003555	6.861550e+18	2.439414e+16	3.118694e+14	0.611087	True	317.595821	75.231790	{'tp': 4, 'cp': 1, 'pp': 1, 'mb': 1, 'tp_sp': True, 'train': {'dp': 32, 'ep': 1, 'tp_ep': True}, 'inference': {'replica_count': 1, 'moe_dp': 1}}
256	142.645641	nan	nan	0.007010	6.861550e+18	4.810207e+16	3.118694e+14	0.602492	True	118.841278	68.511210	{'tp': 8, 'cp': 1, 'pp': 1, 'mb': 1, 'tp_sp': True, 'train': {'dp': 32, 'ep': 1, 'tp_ep': True}, 'inference': {'replica_count': 1, 'moe_dp': 1}}
512	73.347746	nan	nan	0.013634	6.861550e+18	9.354821e+16	3.118694e+14	0.585858	True	20.429916	66.103519	{'tp': 16, 'cp': 1, 'pp': 1, 'mb': 1, 'tp_sp': True, 'train': {'dp': 32, 'ep': 1, 'tp_ep': True}, 'inference': {'replica_count': 1, 'moe_dp': 1}}
1024	38.680401	nan	nan	0.025853	6.861550e+18	1.773909e+17	3.118694e+14	0.555467	False	0.000000	64.633274	{'tp': 32, 'cp': 1, 'pp': 1, 'mb': 1, 'tp_sp': True, 'train': {'dp': 32, 'ep': 1, 'tp_ep': True}, 'inference': {'replica_count': 1, 'moe_dp': 1}}
2048	21.406516	nan	nan	0.046715	6.861550e+18	3.205356e+17	3.118694e+14	0.501849	False	0.000000	76.236820	{'tp': 64, 'cp': 1, 'pp': 1, 'mb': 1, 'tp_sp': True, 'train': {'dp': 32, 'ep': 1, 'tp_ep': True}, 'inference': {'replica_count': 1, 'moe_dp': 1}}
128	420.172627	nan	nan	0.002380	6.861550e+18	1.633031e+16	3.118694e+14	0.409083	True	319.479004	56.467864	{'tp': 2, 'cp': 1, 'pp': 2, 'mb': 2, 'tp_sp': True, 'train': {'dp': 32, 'ep': 1, 'tp_ep': True}, 'inference': {'replica_count': 1, 'moe_dp': 1}}
256	212.018067	nan	nan	0.004717	6.861550e+18	3.236304e+16	3.118694e+14	0.405356	True	119.739502	46.841922	{'tp': 4, 'cp': 1, 'pp': 2, 'mb': 2, 'tp_sp': True, 'train': {'dp': 32, 'ep': 1, 'tp_ep': True}, 'inference': {'replica_count': 1, 'moe_dp': 1}}
512	107.908466	nan	nan	0.009267	6.861550e+18	6.358676e+16	3.118694e+14	0.398221	True	19.932831	42.404971	{'tp': 8, 'cp': 1, 'pp': 2, 'mb': 2, 'tp_sp': True, 'train': {'dp': 32, 'ep': 1, 'tp_ep': True}, 'inference': {'replica_count': 1, 'moe_dp': 1}}
1024	55.866613	nan	nan	0.017900	6.861550e+18	1.228202e+17	3.118694e+14	0.384589	False	0.000000	41.844614	{'tp': 16, 'cp': 1, 'pp': 2, 'mb': 2, 'tp_sp': True, 'train': {'dp': 32, 'ep': 1, 'tp_ep': True}, 'inference': {'replica_count': 1, 'moe_dp': 1}}
2048	29.825177	nan	nan	0.033529	6.861550e+18	2.300590e+17	3.118694e+14	0.360194	False	0.000000	45.889056	{'tp': 32, 'cp': 1, 'pp': 2, 'mb': 2, 'tp_sp': True, 'train': {'dp': 32, 'ep': 1, 'tp_ep': True}, 'inference': {'replica_count': 1, 'moe_dp': 1}}
4096	16.844909	nan	nan	0.059365	6.861550e+18	4.073367e+17	3.118694e+14	0.318875	False	0.000000	69.216084	{'tp': 64, 'cp': 1, 'pp': 2, 'mb': 2, 'tp_sp': True, 'train': {'dp': 32, 'ep': 1, 'tp_ep': True}, 'inference': {'replica_count': 1, 'moe_dp': 1}}
128	978.056866	nan	nan	0.001022	6.861550e+18	7.015492e+15	3.118694e+14	0.175742	True	333.577148	71.565588	{'tp': 1, 'cp': 1, 'pp': 4, 'mb': 4, 'tp_sp': True, 'train': {'dp': 32, 'ep': 1, 'tp_ep': True}, 'inference': {'replica_count': 1, 'moe_dp': 1}}
256	491.691490	nan	nan	0.002034	6.861550e+18	1.395499e+16	3.118694e+14	0.174790	True	126.788574	55.412751	{'tp': 2, 'cp': 1, 'pp': 4, 'mb': 4, 'tp_sp': True, 'train': {'dp': 32, 'ep': 1, 'tp_ep': True}, 'inference': {'replica_count': 1, 'moe_dp': 1}}
512	247.997192	nan	nan	0.004032	6.861550e+18	2.766785e+16	3.118694e+14	0.173274	True	23.394287	48.029986	{'tp': 4, 'cp': 1, 'pp': 4, 'mb': 4, 'tp_sp': True, 'train': {'dp': 32, 'ep': 1, 'tp_ep': True}, 'inference': {'replica_count': 1, 'moe_dp': 1}}
1024	127.353933	nan	nan	0.007852	6.861550e+18	5.387780e+16	3.118694e+14	0.168709	False	0.000000	45.809605	{'tp': 8, 'cp': 1, 'pp': 4, 'mb': 4, 'tp_sp': True, 'train': {'dp': 32, 'ep': 1, 'tp_ep': True}, 'inference': {'replica_count': 1, 'moe_dp': 1}}
2048	67.047309	nan	nan	0.014915	6.861550e+18	1.023389e+17	3.118694e+14	0.160228	False	0.000000	46.361943	{'tp': 16, 'cp': 1, 'pp': 4, 'mb': 4, 'tp_sp': True, 'train': {'dp': 32, 'ep': 1, 'tp_ep': True}, 'inference': {'replica_count': 1, 'moe_dp': 1}}
4096	36.870229	nan	nan	0.027122	6.861550e+18	1.861000e+17	3.118694e+14	0.145685	False	0.000000	56.010423	{'tp': 32, 'cp': 1, 'pp': 4, 'mb': 4, 'tp_sp': True, 'train': {'dp': 32, 'ep': 1, 'tp_ep': True}, 'inference': {'replica_count': 1, 'moe_dp': 1}}
256	1048.560686	nan	nan	0.000954	6.861550e+18	6.543780e+15	3.118694e+14	0.081963	True	134.670898	72.614472	{'tp': 1, 'cp': 1, 'pp': 8, 'mb': 8, 'tp_sp': True, 'train': {'dp': 32, 'ep': 1, 'tp_ep': True}, 'inference': {'replica_count': 1, 'moe_dp': 1}}
512	527.135382	nan	nan	0.001897	6.861550e+18	1.301668e+16	3.118694e+14	0.081519	True	27.335449	58.891122	{'tp': 2, 'cp': 1, 'pp': 8, 'mb': 8, 'tp_sp': True, 'train': {'dp': 32, 'ep': 1, 'tp_ep': True}, 'inference': {'replica_count': 1, 'moe_dp': 1}}
1024	266.798424	nan	nan	0.003748	6.861550e+18	2.571811e+16	3.118694e+14	0.080532	False	0.000000	51.566352	{'tp': 4, 'cp': 1, 'pp': 8, 'mb': 8, 'tp_sp': True, 'train': {'dp': 32, 'ep': 1, 'tp_ep': True}, 'inference': {'replica_count': 1, 'moe_dp': 1}}
2048	139.526405	nan	nan	0.007167	6.861550e+18	4.917743e+16	3.118694e+14	0.076995	False	0.000000	50.224167	{'tp': 8, 'cp': 1, 'pp': 8, 'mb': 8, 'tp_sp': True, 'train': {'dp': 32, 'ep': 1, 'tp_ep': True}, 'inference': {'replica_count': 1, 'moe_dp': 1}}
4096	75.906228	nan	nan	0.013174	6.861550e+18	9.039509e+16	3.118694e+14	0.070764	False	0.000000	54.734334	{'tp': 16, 'cp': 1, 'pp': 8, 'mb': 8, 'tp_sp': True, 'train': {'dp': 32, 'ep': 1, 'tp_ep': True}, 'inference': {'replica_count': 1, 'moe_dp': 1}}
512	1083.894071	nan	nan	0.000923	6.861550e+18	6.330462e+15	3.118694e+14	0.039645	True	35.217773	76.460028	{'tp': 1, 'cp': 1, 'pp': 16, 'mb': 16, 'tp_sp': True, 'train': {'dp': 32, 'ep': 1, 'tp_ep': True}, 'inference': {'replica_count': 1, 'moe_dp': 1}}
1024	544.935429	nan	nan	0.001835	6.861550e+18	1.259149e+16	3.118694e+14	0.039428	False	0.000000	63.230248	{'tp': 2, 'cp': 1, 'pp': 16, 'mb': 16, 'tp_sp': True, 'train': {'dp': 32, 'ep': 1, 'tp_ep': True}, 'inference': {'replica_count': 1, 'moe_dp': 1}}
2048	277.747655	nan	nan	0.003600	6.861550e+18	2.470426e+16	3.118694e+14	0.038678	False	0.000000	58.505460	{'tp': 4, 'cp': 1, 'pp': 16, 'mb': 16, 'tp_sp': True, 'train': {'dp': 32, 'ep': 1, 'tp_ep': True}, 'inference': {'replica_count': 1, 'moe_dp': 1}}
4096	150.439325	nan	nan	0.006647	6.861550e+18	4.561008e+16	3.118694e+14	0.035705	False	0.000000	59.209446	{'tp': 8, 'cp': 1, 'pp': 16, 'mb': 16, 'tp_sp': True, 'train': {'dp': 32, 'ep': 1, 'tp_ep': True}, 'inference': {'replica_count': 1, 'moe_dp': 1}}
1024	1101.513250	nan	nan	0.000908	6.861550e+18	6.229203e+15	3.118694e+14	0.019506	False	0.000000	89.413518	{'tp': 1, 'cp': 1, 'pp': 32, 'mb': 32, 'tp_sp': True, 'train': {'dp': 32, 'ep': 1, 'tp_ep': True}, 'inference': {'replica_count': 1, 'moe_dp': 1}}
2048	553.800597	nan	nan	0.001806	6.861550e+18	1.238993e+16	3.118694e+14	0.019398	False	0.000000	76.466031	{'tp': 2, 'cp': 1, 'pp': 32, 'mb': 32, 'tp_sp': True, 'train': {'dp': 32, 'ep': 1, 'tp_ep': True}, 'inference': {'replica_count': 1, 'moe_dp': 1}}
4096	286.144749	nan	nan	0.003495	6.861550e+18	2.397930e+16	3.118694e+14	0.018772	False	0.000000	73.931242	{'tp': 4, 'cp': 1, 'pp': 32, 'mb': 32, 'tp_sp': True, 'train': {'dp': 32, 'ep': 1, 'tp_ep': True}, 'inference': {'replica_count': 1, 'moe_dp': 1}}
128	279.658360	nan	nan	0.003576	6.861550e+18	2.453547e+16	3.118694e+14	0.614627	True	693.615353	58.972396	{'tp': 2, 'cp': 1, 'pp': 1, 'mb': 1, 'tp_sp': True, 'train': {'dp': 64, 'ep': 1, 'tp_ep': True}, 'inference': {'replica_count': 1, 'moe_dp': 1}}
256	140.891973	nan	nan	0.007098	6.861550e+18	4.870079e+16	3.118694e+14	0.609991	True	306.807676	49.008963	{'tp': 4, 'cp': 1, 'pp': 1, 'mb': 1, 'tp_sp': True, 'train': {'dp': 64, 'ep': 1, 'tp_ep': True}, 'inference': {'replica_count': 1, 'moe_dp': 1}}
512	71.487232	nan	nan	0.013989	6.861550e+18	9.598288e+16	3.118694e+14	0.601106	True	113.425522	42.743543	{'tp': 8, 'cp': 1, 'pp': 1, 'mb': 1, 'tp_sp': True, 'train': {'dp': 64, 'ep': 1, 'tp_ep': True}, 'inference': {'replica_count': 1, 'moe_dp': 1}}
1024	36.793494	nan	nan	0.027179	6.861550e+18	1.864881e+17	3.118694e+14	0.583954	True	17.217400	39.856852	{'tp': 16, 'cp': 1, 'pp': 1, 'mb': 1, 'tp_sp': True, 'train': {'dp': 64, 'ep': 1, 'tp_ep': True}, 'inference': {'replica_count': 1, 'moe_dp': 1}}
2048	19.432952	nan	nan	0.051459	6.861550e+18	3.530884e+17	3.118694e+14	0.552816	False	0.000000	42.367750	{'tp': 32, 'cp': 1, 'pp': 1, 'mb': 1, 'tp_sp': True, 'train': {'dp': 64, 'ep': 1, 'tp_ep': True}, 'inference': {'replica_count': 1, 'moe_dp': 1}}
4096	10.779647	nan	nan	0.092767	6.861550e+18	6.365283e+17	3.118694e+14	0.498293	False	0.000000	52.483594	{'tp': 64, 'cp': 1, 'pp': 1, 'mb': 1, 'tp_sp': True, 'train': {'dp': 64, 'ep': 1, 'tp_ep': True}, 'inference': {'replica_count': 1, 'moe_dp': 1}}
128	834.261787	nan	nan	0.001199	6.861550e+18	8.224697e+15	3.118694e+14	0.206033	True	701.240356	73.439039	{'tp': 1, 'cp': 1, 'pp': 2, 'mb': 2, 'tp_sp': True, 'train': {'dp': 64, 'ep': 1, 'tp_ep': True}, 'inference': {'replica_count': 1, 'moe_dp': 1}}
256	420.172827	nan	nan	0.002380	6.861550e+18	1.633030e+16	3.118694e+14	0.204542	True	310.620178	56.989699	{'tp': 2, 'cp': 1, 'pp': 2, 'mb': 2, 'tp_sp': True, 'train': {'dp': 64, 'ep': 1, 'tp_ep': True}, 'inference': {'replica_count': 1, 'moe_dp': 1}}
512	212.018260	nan	nan	0.004717	6.861550e+18	3.236301e+16	3.118694e+14	0.202678	True	115.310089	47.853387	{'tp': 4, 'cp': 1, 'pp': 2, 'mb': 2, 'tp_sp': True, 'train': {'dp': 64, 'ep': 1, 'tp_ep': True}, 'inference': {'replica_count': 1, 'moe_dp': 1}}
1024	107.908654	nan	nan	0.009267	6.861550e+18	6.358665e+16	3.118694e+14	0.199110	True	17.718124	43.468505	{'tp': 8, 'cp': 1, 'pp': 2, 'mb': 2, 'tp_sp': True, 'train': {'dp': 64, 'ep': 1, 'tp_ep': True}, 'inference': {'replica_count': 1, 'moe_dp': 1}}
2048	55.866800	nan	nan	0.017900	6.861550e+18	1.228198e+17	3.118694e+14	0.192294	False	0.000000	43.796353	{'tp': 16, 'cp': 1, 'pp': 2, 'mb': 2, 'tp_sp': True, 'train': {'dp': 64, 'ep': 1, 'tp_ep': True}, 'inference': {'replica_count': 1, 'moe_dp': 1}}
4096	29.825363	nan	nan	0.033529	6.861550e+18	2.300576e+17	3.118694e+14	0.180096	False	0.000000	46.742655	{'tp': 32, 'cp': 1, 'pp': 2, 'mb': 2, 'tp_sp': True, 'train': {'dp': 64, 'ep': 1, 'tp_ep': True}, 'inference': {'replica_count': 1, 'moe_dp': 1}}
256	978.056620	nan	nan	0.001022	6.861550e+18	7.015494e+15	3.118694e+14	0.087871	True	324.487427	74.716838	{'tp': 1, 'cp': 1, 'pp': 4, 'mb': 4, 'tp_sp': True, 'train': {'dp': 64, 'ep': 1, 'tp_ep': True}, 'inference': {'replica_count': 1, 'moe_dp': 1}}
512	491.691259	nan	nan	0.002034	6.861550e+18	1.395500e+16	3.118694e+14	0.087395	True	122.243713	59.141267	{'tp': 2, 'cp': 1, 'pp': 4, 'mb': 4, 'tp_sp': True, 'train': {'dp': 64, 'ep': 1, 'tp_ep': True}, 'inference': {'replica_count': 1, 'moe_dp': 1}}
1024	247.996819	nan	nan	0.004032	6.861550e+18	2.766790e+16	3.118694e+14	0.086637	True	21.121857	49.380865	{'tp': 4, 'cp': 1, 'pp': 4, 'mb': 4, 'tp_sp': True, 'train': {'dp': 64, 'ep': 1, 'tp_ep': True}, 'inference': {'replica_count': 1, 'moe_dp': 1}}
2048	127.353568	nan	nan	0.007852	6.861550e+18	5.387796e+16	3.118694e+14	0.084355	False	0.000000	46.889330	{'tp': 8, 'cp': 1, 'pp': 4, 'mb': 4, 'tp_sp': True, 'train': {'dp': 64, 'ep': 1, 'tp_ep': True}, 'inference': {'replica_count': 1, 'moe_dp': 1}}
4096	67.046947	nan	nan	0.014915	6.861550e+18	1.023395e+17	3.118694e+14	0.080114	False	0.000000	48.105580	{'tp': 16, 'cp': 1, 'pp': 4, 'mb': 4, 'tp_sp': True, 'train': {'dp': 64, 'ep': 1, 'tp_ep': True}, 'inference': {'replica_count': 1, 'moe_dp': 1}}
512	1048.559602	nan	nan	0.000954	6.861550e+18	6.543786e+15	3.118694e+14	0.040981	True	130.034302	77.338395	{'tp': 1, 'cp': 1, 'pp': 8, 'mb': 8, 'tp_sp': True, 'train': {'dp': 64, 'ep': 1, 'tp_ep': True}, 'inference': {'replica_count': 1, 'moe_dp': 1}}
1024	527.134422	nan	nan	0.001897	6.861550e+18	1.301670e+16	3.118694e+14	0.040759	True	25.017151	61.463520	{'tp': 2, 'cp': 1, 'pp': 8, 'mb': 8, 'tp_sp': True, 'train': {'dp': 64, 'ep': 1, 'tp_ep': True}, 'inference': {'replica_count': 1, 'moe_dp': 1}}
2048	266.797266	nan	nan	0.003748	6.861550e+18	2.571822e+16	3.118694e+14	0.040266	False	0.000000	54.347781	{'tp': 4, 'cp': 1, 'pp': 8, 'mb': 8, 'tp_sp': True, 'train': {'dp': 64, 'ep': 1, 'tp_ep': True}, 'inference': {'replica_count': 1, 'moe_dp': 1}}
4096	139.525289	nan	nan	0.007167	6.861550e+18	4.917782e+16	3.118694e+14	0.038498	False	0.000000	53.478982	{'tp': 8, 'cp': 1, 'pp': 8, 'mb': 8, 'tp_sp': True, 'train': {'dp': 64, 'ep': 1, 'tp_ep': True}, 'inference': {'replica_count': 1, 'moe_dp': 1}}
1024	1083.894071	nan	nan	0.000923	6.861550e+18	6.330462e+15	3.118694e+14	0.019823	True	32.807739	85.730473	{'tp': 1, 'cp': 1, 'pp': 16, 'mb': 16, 'tp_sp': True, 'train': {'dp': 64, 'ep': 1, 'tp_ep': True}, 'inference': {'replica_count': 1, 'moe_dp': 1}}
2048	544.935429	nan	nan	0.001835	6.861550e+18	1.259149e+16	3.118694e+14	0.019714	False	0.000000	70.691518	{'tp': 2, 'cp': 1, 'pp': 16, 'mb': 16, 'tp_sp': True, 'train': {'dp': 64, 'ep': 1, 'tp_ep': True}, 'inference': {'replica_count': 1, 'moe_dp': 1}}
4096	277.747655	nan	nan	0.003600	6.861550e+18	2.470426e+16	3.118694e+14	0.019339	False	0.000000	65.314506	{'tp': 4, 'cp': 1, 'pp': 16, 'mb': 16, 'tp_sp': True, 'train': {'dp': 64, 'ep': 1, 'tp_ep': True}, 'inference': {'replica_count': 1, 'moe_dp': 1}}
2048	1101.505193	nan	nan	0.000908	6.861550e+18	6.229249e+15	3.118694e+14	0.009753	False	0.000000	105.652026	{'tp': 1, 'cp': 1, 'pp': 32, 'mb': 32, 'tp_sp': True, 'train': {'dp': 64, 'ep': 1, 'tp_ep': True}, 'inference': {'replica_count': 1, 'moe_dp': 1}}
4096	553.795365	nan	nan	0.001806	6.861550e+18	1.239005e+16	3.118694e+14	0.009699	False	0.000000	96.470554	{'tp': 2, 'cp': 1, 'pp': 32, 'mb': 32, 'tp_sp': True, 'train': {'dp': 64, 'ep': 1, 'tp_ep': True}, 'inference': {'replica_count': 1, 'moe_dp': 1}}
128	555.711030	nan	nan	0.001799	6.861550e+18	1.234733e+16	3.118694e+14	0.309307	True	1449.604790	75.960085	{'tp': 1, 'cp': 1, 'pp': 1, 'mb': 1, 'tp_sp': True, 'train': {'dp': 128, 'ep': 1, 'tp_ep': True}, 'inference': {'replica_count': 1, 'moe_dp': 1}}
256	279.658390	nan	nan	0.003576	6.861550e+18	2.453547e+16	3.118694e+14	0.307313	True	684.802395	58.102322	{'tp': 2, 'cp': 1, 'pp': 1, 'mb': 1, 'tp_sp': True, 'train': {'dp': 128, 'ep': 1, 'tp_ep': True}, 'inference': {'replica_count': 1, 'moe_dp': 1}}
512	140.892004	nan	nan	0.007098	6.861550e+18	4.870078e+16	3.118694e+14	0.304995	True	302.401197	50.039887	{'tp': 4, 'cp': 1, 'pp': 1, 'mb': 1, 'tp_sp': True, 'train': {'dp': 128, 'ep': 1, 'tp_ep': True}, 'inference': {'replica_count': 1, 'moe_dp': 1}}
1024	71.487263	nan	nan	0.013989	6.861550e+18	9.598283e+16	3.118694e+14	0.300553	True	111.222282	44.600635	{'tp': 8, 'cp': 1, 'pp': 1, 'mb': 1, 'tp_sp': True, 'train': {'dp': 128, 'ep': 1, 'tp_ep': True}, 'inference': {'replica_count': 1, 'moe_dp': 1}}
2048	36.793525	nan	nan	0.027179	6.861550e+18	1.864880e+17	3.118694e+14	0.291977	True	16.115780	44.049416	{'tp': 16, 'cp': 1, 'pp': 1, 'mb': 1, 'tp_sp': True, 'train': {'dp': 128, 'ep': 1, 'tp_ep': True}, 'inference': {'replica_count': 1, 'moe_dp': 1}}
4096	19.432983	nan	nan	0.051459	6.861550e+18	3.530878e+17	3.118694e+14	0.276408	False	0.000000	45.826142	{'tp': 32, 'cp': 1, 'pp': 1, 'mb': 1, 'tp_sp': True, 'train': {'dp': 128, 'ep': 1, 'tp_ep': True}, 'inference': {'replica_count': 1, 'moe_dp': 1}}
256	834.261755	nan	nan	0.001199	6.861550e+18	8.224697e+15	3.118694e+14	0.103017	True	692.381531	78.412038	{'tp': 1, 'cp': 1, 'pp': 2, 'mb': 2, 'tp_sp': True, 'train': {'dp': 128, 'ep': 1, 'tp_ep': True}, 'inference': {'replica_count': 1, 'moe_dp': 1}}
512	420.172800	nan	nan	0.002380	6.861550e+18	1.633031e+16	3.118694e+14	0.102271	True	306.190765	61.224798	{'tp': 2, 'cp': 1, 'pp': 2, 'mb': 2, 'tp_sp': True, 'train': {'dp': 128, 'ep': 1, 'tp_ep': True}, 'inference': {'replica_count': 1, 'moe_dp': 1}}
1024	212.018234	nan	nan	0.004717	6.861550e+18	3.236302e+16	3.118694e+14	0.101339	True	113.095383	54.032015	{'tp': 4, 'cp': 1, 'pp': 2, 'mb': 2, 'tp_sp': True, 'train': {'dp': 128, 'ep': 1, 'tp_ep': True}, 'inference': {'replica_count': 1, 'moe_dp': 1}}
2048	107.908630	nan	nan	0.009267	6.861550e+18	6.358667e+16	3.118694e+14	0.099555	True	16.610771	48.299587	{'tp': 8, 'cp': 1, 'pp': 2, 'mb': 2, 'tp_sp': True, 'train': {'dp': 128, 'ep': 1, 'tp_ep': True}, 'inference': {'replica_count': 1, 'moe_dp': 1}}
4096	55.866776	nan	nan	0.017900	6.861550e+18	1.228199e+17	3.118694e+14	0.096147	False	0.000000	47.716726	{'tp': 16, 'cp': 1, 'pp': 2, 'mb': 2, 'tp_sp': True, 'train': {'dp': 128, 'ep': 1, 'tp_ep': True}, 'inference': {'replica_count': 1, 'moe_dp': 1}}
512	978.056525	nan	nan	0.001022	6.861550e+18	7.015494e+15	3.118694e+14	0.043935	True	319.942566	78.311420	{'tp': 1, 'cp': 1, 'pp': 4, 'mb': 4, 'tp_sp': True, 'train': {'dp': 128, 'ep': 1, 'tp_ep': True}, 'inference': {'replica_count': 1, 'moe_dp': 1}}
1024	491.691187	nan	nan	0.002034	6.861550e+18	1.395500e+16	3.118694e+14	0.043698	True	119.971283	63.929157	{'tp': 2, 'cp': 1, 'pp': 4, 'mb': 4, 'tp_sp': True, 'train': {'dp': 128, 'ep': 1, 'tp_ep': True}, 'inference': {'replica_count': 1, 'moe_dp': 1}}
2048	247.996776	nan	nan	0.004032	6.861550e+18	2.766790e+16	3.118694e+14	0.043319	True	19.985641	54.809352	{'tp': 4, 'cp': 1, 'pp': 4, 'mb': 4, 'tp_sp': True, 'train': {'dp': 128, 'ep': 1, 'tp_ep': True}, 'inference': {'replica_count': 1, 'moe_dp': 1}}
4096	127.353526	nan	nan	0.007852	6.861550e+18	5.387798e+16	3.118694e+14	0.042177	False	0.000000	52.156182	{'tp': 8, 'cp': 1, 'pp': 4, 'mb': 4, 'tp_sp': True, 'train': {'dp': 128, 'ep': 1, 'tp_ep': True}, 'inference': {'replica_count': 1, 'moe_dp': 1}}
1024	1048.559343	nan	nan	0.000954	6.861550e+18	6.543788e+15	3.118694e+14	0.020491	True	127.716003	86.262126	{'tp': 1, 'cp': 1, 'pp': 8, 'mb': 8, 'tp_sp': True, 'train': {'dp': 128, 'ep': 1, 'tp_ep': True}, 'inference': {'replica_count': 1, 'moe_dp': 1}}
2048	527.134194	nan	nan	0.001897	6.861550e+18	1.301670e+16	3.118694e+14	0.020380	True	23.858002	70.773886	{'tp': 2, 'cp': 1, 'pp': 8, 'mb': 8, 'tp_sp': True, 'train': {'dp': 128, 'ep': 1, 'tp_ep': True}, 'inference': {'replica_count': 1, 'moe_dp': 1}}
4096	266.796994	nan	nan	0.003748	6.861550e+18	2.571824e+16	3.118694e+14	0.020133	False	0.000000	63.729150	{'tp': 4, 'cp': 1, 'pp': 8, 'mb': 8, 'tp_sp': True, 'train': {'dp': 128, 'ep': 1, 'tp_ep': True}, 'inference': {'replica_count': 1, 'moe_dp': 1}}
2048	1083.894071	nan	nan	0.000923	6.861550e+18	6.330462e+15	3.118694e+14	0.009911	True	31.602722	101.606868	{'tp': 1, 'cp': 1, 'pp': 16, 'mb': 16, 'tp_sp': True, 'train': {'dp': 128, 'ep': 1, 'tp_ep': True}, 'inference': {'replica_count': 1, 'moe_dp': 1}}
4096	544.935429	nan	nan	0.001835	6.861550e+18	1.259149e+16	3.118694e+14	0.009857	False	0.000000	89.251266	{'tp': 2, 'cp': 1, 'pp': 16, 'mb': 16, 'tp_sp': True, 'train': {'dp': 128, 'ep': 1, 'tp_ep': True}, 'inference': {'replica_count': 1, 'moe_dp': 1}}
4096	1101.498851	nan	nan	0.000908	6.861550e+18	6.229285e+15	3.118694e+14	0.004876	False	0.000000	146.418954	{'tp': 1, 'cp': 1, 'pp': 32, 'mb': 32, 'tp_sp': True, 'train': {'dp': 128, 'ep': 1, 'tp_ep': True}, 'inference': {'replica_count': 1, 'moe_dp': 1}}
256	555.711030	nan	nan	0.001799	6.861550e+18	1.234733e+16	3.118694e+14	0.154654	True	1440.791832	79.987030	{'tp': 1, 'cp': 1, 'pp': 1, 'mb': 1, 'tp_sp': True, 'train': {'dp': 256, 'ep': 1, 'tp_ep': True}, 'inference': {'replica_count': 1, 'moe_dp': 1}}
512	279.658376	nan	nan	0.003576	6.861550e+18	2.453547e+16	3.118694e+14	0.153657	True	680.395916	64.337772	{'tp': 2, 'cp': 1, 'pp': 1, 'mb': 1, 'tp_sp': True, 'train': {'dp': 256, 'ep': 1, 'tp_ep': True}, 'inference': {'replica_count': 1, 'moe_dp': 1}}
1024	140.892004	nan	nan	0.007098	6.861550e+18	4.870078e+16	3.118694e+14	0.152498	True	300.197958	55.475238	{'tp': 4, 'cp': 1, 'pp': 1, 'mb': 1, 'tp_sp': True, 'train': {'dp': 256, 'ep': 1, 'tp_ep': True}, 'inference': {'replica_count': 1, 'moe_dp': 1}}
2048	71.487264	nan	nan	0.013989	6.861550e+18	9.598283e+16	3.118694e+14	0.150276	True	110.120663	50.587196	{'tp': 8, 'cp': 1, 'pp': 1, 'mb': 1, 'tp_sp': True, 'train': {'dp': 256, 'ep': 1, 'tp_ep': True}, 'inference': {'replica_count': 1, 'moe_dp': 1}}
4096	36.793526	nan	nan	0.027179	6.861550e+18	1.864880e+17	3.118694e+14	0.145988	True	15.564970	48.668535	{'tp': 16, 'cp': 1, 'pp': 1, 'mb': 1, 'tp_sp': True, 'train': {'dp': 256, 'ep': 1, 'tp_ep': True}, 'inference': {'replica_count': 1, 'moe_dp': 1}}
512	834.261721	nan	nan	0.001199	6.861550e+18	8.224697e+15	3.118694e+14	0.051508	True	687.952118	86.987460	{'tp': 1, 'cp': 1, 'pp': 2, 'mb': 2, 'tp_sp': True, 'train': {'dp': 256, 'ep': 1, 'tp_ep': True}, 'inference': {'replica_count': 1, 'moe_dp': 1}}
1024	420.172795	nan	nan	0.002380	6.861550e+18	1.633031e+16	3.118694e+14	0.051135	True	303.976059	70.376066	{'tp': 2, 'cp': 1, 'pp': 2, 'mb': 2, 'tp_sp': True, 'train': {'dp': 256, 'ep': 1, 'tp_ep': True}, 'inference': {'replica_count': 1, 'moe_dp': 1}}
2048	212.018232	nan	nan	0.004717	6.861550e+18	3.236302e+16	3.118694e+14	0.050669	True	111.988029	61.978052	{'tp': 4, 'cp': 1, 'pp': 2, 'mb': 2, 'tp_sp': True, 'train': {'dp': 256, 'ep': 1, 'tp_ep': True}, 'inference': {'replica_count': 1, 'moe_dp': 1}}
4096	107.908628	nan	nan	0.009267	6.861550e+18	6.358667e+16	3.118694e+14	0.049778	True	16.057095	60.185005	{'tp': 8, 'cp': 1, 'pp': 2, 'mb': 2, 'tp_sp': True, 'train': {'dp': 256, 'ep': 1, 'tp_ep': True}, 'inference': {'replica_count': 1, 'moe_dp': 1}}
1024	978.056511	nan	nan	0.001022	6.861550e+18	7.015495e+15	3.118694e+14	0.021968	True	317.670135	93.047316	{'tp': 1, 'cp': 1, 'pp': 4, 'mb': 4, 'tp_sp': True, 'train': {'dp': 256, 'ep': 1, 'tp_ep': True}, 'inference': {'replica_count': 1, 'moe_dp': 1}}
2048	491.691160	nan	nan	0.002034	6.861550e+18	1.395500e+16	3.118694e+14	0.021849	True	118.835068	77.065387	{'tp': 2, 'cp': 1, 'pp': 4, 'mb': 4, 'tp_sp': True, 'train': {'dp': 256, 'ep': 1, 'tp_ep': True}, 'inference': {'replica_count': 1, 'moe_dp': 1}}
4096	247.996659	nan	nan	0.004032	6.861550e+18	2.766791e+16	3.118694e+14	0.021659	True	19.417534	68.838963	{'tp': 4, 'cp': 1, 'pp': 4, 'mb': 4, 'tp_sp': True, 'train': {'dp': 256, 'ep': 1, 'tp_ep': True}, 'inference': {'replica_count': 1, 'moe_dp': 1}}
2048	1048.559265	nan	nan	0.000954	6.861550e+18	6.543789e+15	3.118694e+14	0.010245	True	126.556854	106.472578	{'tp': 1, 'cp': 1, 'pp': 8, 'mb': 8, 'tp_sp': True, 'train': {'dp': 256, 'ep': 1, 'tp_ep': True}, 'inference': {'replica_count': 1, 'moe_dp': 1}}
4096	527.134134	nan	nan	0.001897	6.861550e+18	1.301671e+16	3.118694e+14	0.010190	True	23.278427	91.125532	{'tp': 2, 'cp': 1, 'pp': 8, 'mb': 8, 'tp_sp': True, 'train': {'dp': 256, 'ep': 1, 'tp_ep': True}, 'inference': {'replica_count': 1, 'moe_dp': 1}}
4096	1083.894071	nan	nan	0.000923	6.861550e+18	6.330462e+15	3.118694e+14	0.004956	True	31.000214	143.889554	{'tp': 1, 'cp': 1, 'pp': 16, 'mb': 16, 'tp_sp': True, 'train': {'dp': 256, 'ep': 1, 'tp_ep': True}, 'inference': {'replica_count': 1, 'moe_dp': 1}}
512	555.711032	nan	nan	0.001799	6.861550e+18	1.234733e+16	3.118694e+14	0.077327	True	1436.385353	94.010515	{'tp': 1, 'cp': 1, 'pp': 1, 'mb': 1, 'tp_sp': True, 'train': {'dp': 512, 'ep': 1, 'tp_ep': True}, 'inference': {'replica_count': 1, 'moe_dp': 1}}
1024	279.658388	nan	nan	0.003576	6.861550e+18	2.453547e+16	3.118694e+14	0.076828	True	678.192677	77.498758	{'tp': 2, 'cp': 1, 'pp': 1, 'mb': 1, 'tp_sp': True, 'train': {'dp': 512, 'ep': 1, 'tp_ep': True}, 'inference': {'replica_count': 1, 'moe_dp': 1}}
2048	140.892002	nan	nan	0.007098	6.861550e+18	4.870078e+16	3.118694e+14	0.076249	True	299.096338	69.030951	{'tp': 4, 'cp': 1, 'pp': 1, 'mb': 1, 'tp_sp': True, 'train': {'dp': 512, 'ep': 1, 'tp_ep': True}, 'inference': {'replica_count': 1, 'moe_dp': 1}}
4096	71.487262	nan	nan	0.013989	6.861550e+18	9.598284e+16	3.118694e+14	0.075138	True	109.569853	65.359397	{'tp': 8, 'cp': 1, 'pp': 1, 'mb': 1, 'tp_sp': True, 'train': {'dp': 512, 'ep': 1, 'tp_ep': True}, 'inference': {'replica_count': 1, 'moe_dp': 1}}
1024	834.261731	nan	nan	0.001199	6.861550e+18	8.224697e+15	3.118694e+14	0.025754	True	685.737411	118.153473	{'tp': 1, 'cp': 1, 'pp': 2, 'mb': 2, 'tp_sp': True, 'train': {'dp': 512, 'ep': 1, 'tp_ep': True}, 'inference': {'replica_count': 1, 'moe_dp': 1}}
2048	420.172804	nan	nan	0.002380	6.861550e+18	1.633031e+16	3.118694e+14	0.025568	True	302.868706	103.570781	{'tp': 2, 'cp': 1, 'pp': 2, 'mb': 2, 'tp_sp': True, 'train': {'dp': 512, 'ep': 1, 'tp_ep': True}, 'inference': {'replica_count': 1, 'moe_dp': 1}}
4096	212.018242	nan	nan	0.004717	6.861550e+18	3.236302e+16	3.118694e+14	0.025335	True	111.434353	97.989728	{'tp': 4, 'cp': 1, 'pp': 2, 'mb': 2, 'tp_sp': True, 'train': {'dp': 512, 'ep': 1, 'tp_ep': True}, 'inference': {'replica_count': 1, 'moe_dp': 1}}
2048	978.056501	nan	nan	0.001022	6.861550e+18	7.015495e+15	3.118694e+14	0.010984	True	316.533920	134.890175	{'tp': 1, 'cp': 1, 'pp': 4, 'mb': 4, 'tp_sp': True, 'train': {'dp': 512, 'ep': 1, 'tp_ep': True}, 'inference': {'replica_count': 1, 'moe_dp': 1}}
4096	491.691175	nan	nan	0.002034	6.861550e+18	1.395500e+16	3.118694e+14	0.010924	True	118.266960	118.390416	{'tp': 2, 'cp': 1, 'pp': 4, 'mb': 4, 'tp_sp': True, 'train': {'dp': 512, 'ep': 1, 'tp_ep': True}, 'inference': {'replica_count': 1, 'moe_dp': 1}}
4096	1048.559292	nan	nan	0.000954	6.861550e+18	6.543788e+15	3.118694e+14	0.005123	True	125.977280	166.259224	{'tp': 1, 'cp': 1, 'pp': 8, 'mb': 8, 'tp_sp': True, 'train': {'dp': 512, 'ep': 1, 'tp_ep': True}, 'inference': {'replica_count': 1, 'moe_dp': 1}}
1024	555.711060	nan	nan	0.001799	6.861550e+18	1.234733e+16	3.118694e+14	0.038663	True	1434.182114	127.441770	{'tp': 1, 'cp': 1, 'pp': 1, 'mb': 1, 'tp_sp': True, 'train': {'dp': 1024, 'ep': 1, 'tp_ep': True}, 'inference': {'replica_count': 1, 'moe_dp': 1}}
2048	279.658412	nan	nan	0.003576	6.861550e+18	2.453547e+16	3.118694e+14	0.038414	True	677.091057	113.950624	{'tp': 2, 'cp': 1, 'pp': 1, 'mb': 1, 'tp_sp': True, 'train': {'dp': 1024, 'ep': 1, 'tp_ep': True}, 'inference': {'replica_count': 1, 'moe_dp': 1}}
4096	140.892029	nan	nan	0.007098	6.861550e+18	4.870077e+16	3.118694e+14	0.038124	True	298.545528	103.250803	{'tp': 4, 'cp': 1, 'pp': 1, 'mb': 1, 'tp_sp': True, 'train': {'dp': 1024, 'ep': 1, 'tp_ep': True}, 'inference': {'replica_count': 1, 'moe_dp': 1}}
2048	834.261767	nan	nan	0.001199	6.861550e+18	8.224697e+15	3.118694e+14	0.012877	True	684.630058	237.927922	{'tp': 1, 'cp': 1, 'pp': 2, 'mb': 2, 'tp_sp': True, 'train': {'dp': 1024, 'ep': 1, 'tp_ep': True}, 'inference': {'replica_count': 1, 'moe_dp': 1}}
4096	420.172830	nan	nan	0.002380	6.861550e+18	1.633030e+16	3.118694e+14	0.012784	True	302.315029	219.212643	{'tp': 2, 'cp': 1, 'pp': 2, 'mb': 2, 'tp_sp': True, 'train': {'dp': 1024, 'ep': 1, 'tp_ep': True}, 'inference': {'replica_count': 1, 'moe_dp': 1}}
4096	978.056537	nan	nan	0.001022	6.861550e+18	7.015494e+15	3.118694e+14	0.005492	True	315.965813	275.121226	{'tp': 1, 'cp': 1, 'pp': 4, 'mb': 4, 'tp_sp': True, 'train': {'dp': 1024, 'ep': 1, 'tp_ep': True}, 'inference': {'replica_count': 1, 'moe_dp': 1}}
128	521.120292	nan	nan	0.001919	6.861550e+18	1.316692e+16	3.118694e+14	0.329839	False	0.000000	369.529421	{'tp': 16, 'cp': 2, 'pp': 4, 'mb': 4, 'tp_sp': True, 'train': {'dp': 1, 'ep': 1, 'tp_ep': True}, 'inference': {'replica_count': 1, 'moe_dp': 1}}
256	323.810137	nan	nan	0.003088	6.861550e+18	2.119004e+16	3.118694e+14	0.265411	False	0.000000	394.794923	{'tp': 32, 'cp': 2, 'pp': 4, 'mb': 4, 'tp_sp': True, 'train': {'dp': 1, 'ep': 1, 'tp_ep': True}, 'inference': {'replica_count': 1, 'moe_dp': 1}}
512	225.700150	nan	nan	0.004431	6.861550e+18	3.040118e+16	3.118694e+14	0.190392	False	0.000000	681.505129	{'tp': 64, 'cp': 2, 'pp': 4, 'mb': 4, 'tp_sp': True, 'train': {'dp': 1, 'ep': 1, 'tp_ep': True}, 'inference': {'replica_count': 1, 'moe_dp': 1}}
128	523.923902	nan	nan	0.001909	6.861550e+18	1.309646e+16	3.118694e+14	0.328074	False	0.000000	200.988155	{'tp': 8, 'cp': 2, 'pp': 8, 'mb': 8, 'tp_sp': True, 'train': {'dp': 1, 'ep': 1, 'tp_ep': True}, 'inference': {'replica_count': 1, 'moe_dp': 1}}
256	315.852576	nan	nan	0.003166	6.861550e+18	2.172390e+16	3.118694e+14	0.272098	False	0.000000	217.335549	{'tp': 16, 'cp': 2, 'pp': 8, 'mb': 8, 'tp_sp': True, 'train': {'dp': 1, 'ep': 1, 'tp_ep': True}, 'inference': {'replica_count': 1, 'moe_dp': 1}}
512	211.755817	nan	nan	0.004722	6.861550e+18	3.240312e+16	3.118694e+14	0.202929	False	0.000000	320.494705	{'tp': 32, 'cp': 2, 'pp': 8, 'mb': 8, 'tp_sp': True, 'train': {'dp': 1, 'ep': 1, 'tp_ep': True}, 'inference': {'replica_count': 1, 'moe_dp': 1}}
1024	159.972860	nan	nan	0.006251	6.861550e+18	4.289196e+16	3.118694e+14	0.134308	False	0.000000	936.179466	{'tp': 64, 'cp': 2, 'pp': 8, 'mb': 8, 'tp_sp': True, 'train': {'dp': 1, 'ep': 1, 'tp_ep': True}, 'inference': {'replica_count': 1, 'moe_dp': 1}}
128	513.805788	nan	nan	0.001946	6.861550e+18	1.335437e+16	3.118694e+14	0.334534	False	0.000000	121.254593	{'tp': 4, 'cp': 2, 'pp': 16, 'mb': 16, 'tp_sp': True, 'train': {'dp': 1, 'ep': 1, 'tp_ep': True}, 'inference': {'replica_count': 1, 'moe_dp': 1}}
256	305.490617	nan	nan	0.003273	6.861550e+18	2.246076e+16	3.118694e+14	0.281327	False	0.000000	128.333158	{'tp': 8, 'cp': 2, 'pp': 16, 'mb': 16, 'tp_sp': True, 'train': {'dp': 1, 'ep': 1, 'tp_ep': True}, 'inference': {'replica_count': 1, 'moe_dp': 1}}
512	201.365372	nan	nan	0.004966	6.861550e+18	3.407512e+16	3.118694e+14	0.213400	False	0.000000	176.564014	{'tp': 16, 'cp': 2, 'pp': 16, 'mb': 16, 'tp_sp': True, 'train': {'dp': 1, 'ep': 1, 'tp_ep': True}, 'inference': {'replica_count': 1, 'moe_dp': 1}}
1024	149.269015	nan	nan	0.006699	6.861550e+18	4.596768e+16	3.118694e+14	0.143939	False	0.000000	409.101885	{'tp': 32, 'cp': 2, 'pp': 16, 'mb': 16, 'tp_sp': True, 'train': {'dp': 1, 'ep': 1, 'tp_ep': True}, 'inference': {'replica_count': 1, 'moe_dp': 1}}
2048	123.330792	nan	nan	0.008108	6.861550e+18	5.563534e+16	3.118694e+14	0.087106	False	0.000000	1758.206829	{'tp': 64, 'cp': 2, 'pp': 16, 'mb': 16, 'tp_sp': True, 'train': {'dp': 1, 'ep': 1, 'tp_ep': True}, 'inference': {'replica_count': 1, 'moe_dp': 1}}
128	487.997730	nan	nan	0.002049	6.861550e+18	1.406062e+16	3.118694e+14	0.352226	False	0.000000	84.398145	{'tp': 2, 'cp': 2, 'pp': 32, 'mb': 32, 'tp_sp': True, 'train': {'dp': 1, 'ep': 1, 'tp_ep': True}, 'inference': {'replica_count': 1, 'moe_dp': 1}}
256	289.628398	nan	nan	0.003453	6.861550e+18	2.369087e+16	3.118694e+14	0.296735	False	0.000000	90.935239	{'tp': 4, 'cp': 2, 'pp': 32, 'mb': 32, 'tp_sp': True, 'train': {'dp': 1, 'ep': 1, 'tp_ep': True}, 'inference': {'replica_count': 1, 'moe_dp': 1}}
512	190.653254	nan	nan	0.005245	6.861550e+18	3.598968e+16	3.118694e+14	0.225390	False	0.000000	124.375347	{'tp': 8, 'cp': 2, 'pp': 32, 'mb': 32, 'tp_sp': True, 'train': {'dp': 1, 'ep': 1, 'tp_ep': True}, 'inference': {'replica_count': 1, 'moe_dp': 1}}
1024	141.180871	nan	nan	0.007083	6.861550e+18	4.860113e+16	3.118694e+14	0.152186	False	0.000000	241.737296	{'tp': 16, 'cp': 2, 'pp': 32, 'mb': 32, 'tp_sp': True, 'train': {'dp': 1, 'ep': 1, 'tp_ep': True}, 'inference': {'replica_count': 1, 'moe_dp': 1}}
2048	116.422122	nan	nan	0.008589	6.861550e+18	5.893682e+16	3.118694e+14	0.092275	False	0.000000	797.451426	{'tp': 32, 'cp': 2, 'pp': 32, 'mb': 32, 'tp_sp': True, 'train': {'dp': 1, 'ep': 1, 'tp_ep': True}, 'inference': {'replica_count': 1, 'moe_dp': 1}}
128	571.116253	nan	nan	0.001751	6.861550e+18	1.201428e+16	3.118694e+14	0.300964	False	0.000000	93.367720	{'tp': 4, 'cp': 1, 'pp': 32, 'mb': 32, 'tp_sp': True, 'train': {'dp': 1, 'ep': 1, 'tp_ep': True}, 'inference': {'replica_count': 1, 'moe_dp': 1}}
128	599.162704	nan	nan	0.001669	6.861550e+18	1.145190e+16	3.118694e+14	0.286876	False	0.000000	138.787377	{'tp': 8, 'cp': 1, 'pp': 16, 'mb': 16, 'tp_sp': True, 'train': {'dp': 1, 'ep': 1, 'tp_ep': True}, 'inference': {'replica_count': 1, 'moe_dp': 1}}
256	345.054387	nan	nan	0.002898	6.861550e+18	1.988542e+16	3.118694e+14	0.249070	False	0.000000	144.748386	{'tp': 16, 'cp': 1, 'pp': 16, 'mb': 16, 'tp_sp': True, 'train': {'dp': 1, 'ep': 1, 'tp_ep': True}, 'inference': {'replica_count': 1, 'moe_dp': 1}}
128	457.959965	nan	nan	0.002184	6.861550e+18	1.498286e+16	3.118694e+14	0.375329	True	12.154663	190.161388	{'tp': 8, 'cp': 2, 'pp': 4, 'mb': 4, 'tp_sp': True, 'train': {'dp': 2, 'ep': 1, 'tp_ep': True}, 'inference': {'replica_count': 1, 'moe_dp': 1}}
256	260.728439	nan	nan	0.003835	6.861550e+18	2.631685e+16	3.118694e+14	0.329626	False	0.000000	197.920297	{'tp': 16, 'cp': 2, 'pp': 4, 'mb': 4, 'tp_sp': True, 'train': {'dp': 2, 'ep': 1, 'tp_ep': True}, 'inference': {'replica_count': 1, 'moe_dp': 1}}
512	217.941323	nan	nan	0.004588	6.861550e+18	3.148347e+16	3.118694e+14	0.197170	False	0.000000	197.671869	{'tp': 32, 'cp': 1, 'pp': 16, 'mb': 16, 'tp_sp': True, 'train': {'dp': 1, 'ep': 1, 'tp_ep': True}, 'inference': {'replica_count': 1, 'moe_dp': 1}}
128	603.217824	nan	nan	0.001658	6.861550e+18	1.137491e+16	3.118694e+14	0.284948	False	0.000000	229.605544	{'tp': 16, 'cp': 1, 'pp': 8, 'mb': 8, 'tp_sp': True, 'train': {'dp': 1, 'ep': 1, 'tp_ep': True}, 'inference': {'replica_count': 1, 'moe_dp': 1}}
256	349.097718	nan	nan	0.002865	6.861550e+18	1.965510e+16	3.118694e+14	0.246185	False	0.000000	243.488135	{'tp': 32, 'cp': 1, 'pp': 8, 'mb': 8, 'tp_sp': True, 'train': {'dp': 1, 'ep': 1, 'tp_ep': True}, 'inference': {'replica_count': 1, 'moe_dp': 1}}
512	162.054752	nan	nan	0.006171	6.861550e+18	4.234094e+16	3.118694e+14	0.265166	False	0.000000	248.877106	{'tp': 32, 'cp': 2, 'pp': 4, 'mb': 4, 'tp_sp': True, 'train': {'dp': 2, 'ep': 1, 'tp_ep': True}, 'inference': {'replica_count': 1, 'moe_dp': 1}}
128	470.512552	nan	nan	0.002125	6.861550e+18	1.458314e+16	3.118694e+14	0.365316	True	11.848511	114.248020	{'tp': 4, 'cp': 2, 'pp': 8, 'mb': 8, 'tp_sp': True, 'train': {'dp': 2, 'ep': 1, 'tp_ep': True}, 'inference': {'replica_count': 1, 'moe_dp': 1}}
256	262.265690	nan	nan	0.003813	6.861550e+18	2.616259e+16	3.118694e+14	0.327694	False	0.000000	115.118193	{'tp': 8, 'cp': 2, 'pp': 8, 'mb': 8, 'tp_sp': True, 'train': {'dp': 2, 'ep': 1, 'tp_ep': True}, 'inference': {'replica_count': 1, 'moe_dp': 1}}
128	466.567488	nan	nan	0.002143	6.861550e+18	1.470645e+16	3.118694e+14	0.368405	True	14.264038	78.877109	{'tp': 2, 'cp': 2, 'pp': 16, 'mb': 16, 'tp_sp': True, 'train': {'dp': 2, 'ep': 1, 'tp_ep': True}, 'inference': {'replica_count': 1, 'moe_dp': 1}}
256	257.477573	nan	nan	0.003884	6.861550e+18	2.664912e+16	3.118694e+14	0.333787	False	0.000000	79.723285	{'tp': 4, 'cp': 2, 'pp': 16, 'mb': 16, 'tp_sp': True, 'train': {'dp': 2, 'ep': 1, 'tp_ep': True}, 'inference': {'replica_count': 1, 'moe_dp': 1}}
512	158.174599	nan	nan	0.006322	6.861550e+18	4.337960e+16	3.118694e+14	0.271671	False	0.000000	138.494224	{'tp': 16, 'cp': 2, 'pp': 8, 'mb': 8, 'tp_sp': True, 'train': {'dp': 2, 'ep': 1, 'tp_ep': True}, 'inference': {'replica_count': 1, 'moe_dp': 1}}
512	153.153591	nan	nan	0.006529	6.861550e+18	4.480176e+16	3.118694e+14	0.280577	False	0.000000	89.201471	{'tp': 8, 'cp': 2, 'pp': 16, 'mb': 16, 'tp_sp': True, 'train': {'dp': 2, 'ep': 1, 'tp_ep': True}, 'inference': {'replica_count': 1, 'moe_dp': 1}}
512	222.612050	nan	nan	0.004492	6.861550e+18	3.082291e+16	3.118694e+14	0.193033	False	0.000000	344.319010	{'tp': 64, 'cp': 1, 'pp': 8, 'mb': 8, 'tp_sp': True, 'train': {'dp': 1, 'ep': 1, 'tp_ep': True}, 'inference': {'replica_count': 1, 'moe_dp': 1}}
128	418.342767	nan	nan	0.002390	6.861550e+18	1.640174e+16	3.118694e+14	0.410873	True	14.036743	351.327110	{'tp': 16, 'cp': 2, 'pp': 2, 'mb': 2, 'tp_sp': True, 'train': {'dp': 2, 'ep': 1, 'tp_ep': True}, 'inference': {'replica_count': 1, 'moe_dp': 1}}
256	248.074116	nan	nan	0.004031	6.861550e+18	2.765927e+16	3.118694e+14	0.346440	False	0.000000	378.218662	{'tp': 32, 'cp': 2, 'pp': 2, 'mb': 2, 'tp_sp': True, 'train': {'dp': 2, 'ep': 1, 'tp_ep': True}, 'inference': {'replica_count': 1, 'moe_dp': 1}}
128	457.081138	nan	nan	0.002188	6.861550e+18	1.501167e+16	3.118694e+14	0.376050	True	20.609009	60.707028	{'tp': 1, 'cp': 2, 'pp': 32, 'mb': 32, 'tp_sp': True, 'train': {'dp': 2, 'ep': 1, 'tp_ep': True}, 'inference': {'replica_count': 1, 'moe_dp': 1}}
256	244.856446	nan	nan	0.004084	6.861550e+18	2.802275e+16	3.118694e+14	0.350993	False	0.000000	63.618233	{'tp': 2, 'cp': 2, 'pp': 32, 'mb': 32, 'tp_sp': True, 'train': {'dp': 2, 'ep': 1, 'tp_ep': True}, 'inference': {'replica_count': 1, 'moe_dp': 1}}
1024	101.007640	nan	nan	0.009900	6.861550e+18	6.793100e+16	3.118694e+14	0.212714	False	0.000000	141.993380	{'tp': 16, 'cp': 2, 'pp': 16, 'mb': 16, 'tp_sp': True, 'train': {'dp': 2, 'ep': 1, 'tp_ep': True}, 'inference': {'replica_count': 1, 'moe_dp': 1}}
512	145.483192	nan	nan	0.006874	6.861550e+18	4.716387e+16	3.118694e+14	0.295370	False	0.000000	73.853591	{'tp': 4, 'cp': 2, 'pp': 32, 'mb': 32, 'tp_sp': True, 'train': {'dp': 2, 'ep': 1, 'tp_ep': True}, 'inference': {'replica_count': 1, 'moe_dp': 1}}
128	584.288724	nan	nan	0.001711	6.861550e+18	1.174342e+16	3.118694e+14	0.294179	False	0.000000	416.441180	{'tp': 32, 'cp': 1, 'pp': 4, 'mb': 4, 'tp_sp': True, 'train': {'dp': 1, 'ep': 1, 'tp_ep': True}, 'inference': {'replica_count': 1, 'moe_dp': 1}}
1024	154.647776	nan	nan	0.006466	6.861550e+18	4.436889e+16	3.118694e+14	0.138933	False	0.000000	431.212699	{'tp': 64, 'cp': 1, 'pp': 16, 'mb': 16, 'tp_sp': True, 'train': {'dp': 1, 'ep': 1, 'tp_ep': True}, 'inference': {'replica_count': 1, 'moe_dp': 1}}
1024	106.095323	nan	nan	0.009425	6.861550e+18	6.467345e+16	3.118694e+14	0.202513	False	0.000000	247.534414	{'tp': 32, 'cp': 2, 'pp': 8, 'mb': 8, 'tp_sp': True, 'train': {'dp': 2, 'ep': 1, 'tp_ep': True}, 'inference': {'replica_count': 1, 'moe_dp': 1}}
1024	95.892849	nan	nan	0.010428	6.861550e+18	7.155435e+16	3.118694e+14	0.224059	False	0.000000	110.636532	{'tp': 8, 'cp': 2, 'pp': 32, 'mb': 32, 'tp_sp': True, 'train': {'dp': 2, 'ep': 1, 'tp_ep': True}, 'inference': {'replica_count': 1, 'moe_dp': 1}}
256	229.262313	nan	nan	0.004362	6.861550e+18	2.992882e+16	3.118694e+14	0.374867	False	0.000000	106.526577	{'tp': 8, 'cp': 2, 'pp': 4, 'mb': 4, 'tp_sp': True, 'train': {'dp': 4, 'ep': 1, 'tp_ep': True}, 'inference': {'replica_count': 1, 'moe_dp': 1}}
128	426.659663	nan	nan	0.002344	6.861550e+18	1.608202e+16	3.118694e+14	0.402863	True	58.614624	116.131066	{'tp': 4, 'cp': 2, 'pp': 4, 'mb': 4, 'tp_sp': True, 'train': {'dp': 4, 'ep': 1, 'tp_ep': True}, 'inference': {'replica_count': 1, 'moe_dp': 1}}
2048	71.065327	nan	nan	0.014072	6.861550e+18	9.655271e+16	3.118694e+14	0.151169	False	0.000000	231.997420	{'tp': 16, 'cp': 2, 'pp': 32, 'mb': 32, 'tp_sp': True, 'train': {'dp': 2, 'ep': 1, 'tp_ep': True}, 'inference': {'replica_count': 1, 'moe_dp': 1}}
128	379.541968	nan	nan	0.002635	6.861550e+18	1.807850e+16	3.118694e+14	0.452876	True	57.246704	186.677673	{'tp': 8, 'cp': 2, 'pp': 2, 'mb': 2, 'tp_sp': True, 'train': {'dp': 4, 'ep': 1, 'tp_ep': True}, 'inference': {'replica_count': 1, 'moe_dp': 1}}
256	209.341218	nan	nan	0.004777	6.861550e+18	3.277687e+16	3.118694e+14	0.410539	False	0.000000	190.860461	{'tp': 16, 'cp': 2, 'pp': 2, 'mb': 2, 'tp_sp': True, 'train': {'dp': 4, 'ep': 1, 'tp_ep': True}, 'inference': {'replica_count': 1, 'moe_dp': 1}}
512	124.190853	nan	nan	0.008052	6.861550e+18	5.525004e+16	3.118694e+14	0.346011	False	0.000000	210.708966	{'tp': 32, 'cp': 2, 'pp': 2, 'mb': 2, 'tp_sp': True, 'train': {'dp': 4, 'ep': 1, 'tp_ep': True}, 'inference': {'replica_count': 1, 'moe_dp': 1}}
2048	74.910870	nan	nan	0.013349	6.861550e+18	9.159619e+16	3.118694e+14	0.143408	False	0.000000	386.402819	{'tp': 32, 'cp': 2, 'pp': 16, 'mb': 16, 'tp_sp': True, 'train': {'dp': 2, 'ep': 1, 'tp_ep': True}, 'inference': {'replica_count': 1, 'moe_dp': 1}}
512	130.594298	nan	nan	0.007657	6.861550e+18	5.254096e+16	3.118694e+14	0.329045	False	0.000000	114.350298	{'tp': 16, 'cp': 2, 'pp': 4, 'mb': 4, 'tp_sp': True, 'train': {'dp': 4, 'ep': 1, 'tp_ep': True}, 'inference': {'replica_count': 1, 'moe_dp': 1}}
128	444.809384	nan	nan	0.002248	6.861550e+18	1.542582e+16	3.118694e+14	0.386425	True	60.296265	75.300629	{'tp': 2, 'cp': 2, 'pp': 8, 'mb': 8, 'tp_sp': True, 'train': {'dp': 4, 'ep': 1, 'tp_ep': True}, 'inference': {'replica_count': 1, 'moe_dp': 1}}
256	235.789894	nan	nan	0.004241	6.861550e+18	2.910027e+16	3.118694e+14	0.364489	False	0.000000	70.397958	{'tp': 4, 'cp': 2, 'pp': 8, 'mb': 8, 'tp_sp': True, 'train': {'dp': 4, 'ep': 1, 'tp_ep': True}, 'inference': {'replica_count': 1, 'moe_dp': 1}}
512	131.501113	nan	nan	0.007604	6.861550e+18	5.217865e+16	3.118694e+14	0.326776	False	0.000000	73.127618	{'tp': 8, 'cp': 2, 'pp': 8, 'mb': 8, 'tp_sp': True, 'train': {'dp': 4, 'ep': 1, 'tp_ep': True}, 'inference': {'replica_count': 1, 'moe_dp': 1}}
256	234.067806	nan	nan	0.004272	6.861550e+18	2.931437e+16	3.118694e+14	0.367170	False	0.000000	53.774193	{'tp': 2, 'cp': 2, 'pp': 16, 'mb': 16, 'tp_sp': True, 'train': {'dp': 4, 'ep': 1, 'tp_ep': True}, 'inference': {'replica_count': 1, 'moe_dp': 1}}
128	449.643401	nan	nan	0.002224	6.861550e+18	1.525998e+16	3.118694e+14	0.382271	True	65.173462	59.068311	{'tp': 1, 'cp': 2, 'pp': 16, 'mb': 16, 'tp_sp': True, 'train': {'dp': 4, 'ep': 1, 'tp_ep': True}, 'inference': {'replica_count': 1, 'moe_dp': 1}}
512	129.328206	nan	nan	0.007732	6.861550e+18	5.305533e+16	3.118694e+14	0.332266	False	0.000000	53.843552	{'tp': 4, 'cp': 2, 'pp': 16, 'mb': 16, 'tp_sp': True, 'train': {'dp': 4, 'ep': 1, 'tp_ep': True}, 'inference': {'replica_count': 1, 'moe_dp': 1}}
128	271.710782	nan	nan	0.003680	6.861550e+18	2.525314e+16	3.118694e+14	0.632605	True	60.611084	340.003862	{'tp': 16, 'cp': 2, 'pp': 1, 'mb': 1, 'tp_sp': True, 'train': {'dp': 4, 'ep': 1, 'tp_ep': True}, 'inference': {'replica_count': 1, 'moe_dp': 1}}
1024	81.228315	nan	nan	0.012311	6.861550e+18	8.447239e+16	3.118694e+14	0.264510	False	0.000000	168.752524	{'tp': 32, 'cp': 2, 'pp': 4, 'mb': 4, 'tp_sp': True, 'train': {'dp': 4, 'ep': 1, 'tp_ep': True}, 'inference': {'replica_count': 1, 'moe_dp': 1}}
1024	79.372769	nan	nan	0.012599	6.861550e+18	8.644716e+16	3.118694e+14	0.270694	False	0.000000	96.200668	{'tp': 16, 'cp': 2, 'pp': 8, 'mb': 8, 'tp_sp': True, 'train': {'dp': 4, 'ep': 1, 'tp_ep': True}, 'inference': {'replica_count': 1, 'moe_dp': 1}}
256	158.201187	nan	nan	0.006321	6.861550e+18	4.337230e+16	3.118694e+14	0.543250	False	0.000000	351.510316	{'tp': 32, 'cp': 2, 'pp': 1, 'mb': 1, 'tp_sp': True, 'train': {'dp': 4, 'ep': 1, 'tp_ep': True}, 'inference': {'replica_count': 1, 'moe_dp': 1}}
1024	77.059946	nan	nan	0.012977	6.861550e+18	8.904172e+16	3.118694e+14	0.278818	False	0.000000	69.765708	{'tp': 8, 'cp': 2, 'pp': 16, 'mb': 16, 'tp_sp': True, 'train': {'dp': 4, 'ep': 1, 'tp_ep': True}, 'inference': {'replica_count': 1, 'moe_dp': 1}}
512	244.814137	nan	nan	0.004085	6.861550e+18	2.802759e+16	3.118694e+14	0.175527	False	0.000000	61.163052	{'tp': 2, 'cp': 2, 'pp': 32, 'mb': 32, 'tp_sp': True, 'train': {'dp': 4, 'ep': 1, 'tp_ep': True}, 'inference': {'replica_count': 1, 'moe_dp': 1}}
256	457.037612	nan	nan	0.002188	6.861550e+18	1.501310e+16	3.118694e+14	0.188043	False	0.000000	63.583598	{'tp': 1, 'cp': 2, 'pp': 32, 'mb': 32, 'tp_sp': True, 'train': {'dp': 4, 'ep': 1, 'tp_ep': True}, 'inference': {'replica_count': 1, 'moe_dp': 1}}
1024	81.832832	nan	nan	0.012220	6.861550e+18	8.384838e+16	3.118694e+14	0.262556	False	0.000000	351.020593	{'tp': 64, 'cp': 2, 'pp': 2, 'mb': 2, 'tp_sp': True, 'train': {'dp': 4, 'ep': 1, 'tp_ep': True}, 'inference': {'replica_count': 1, 'moe_dp': 1}}
1024	145.442992	nan	nan	0.006876	6.861550e+18	4.717690e+16	3.118694e+14	0.147726	False	0.000000	70.327820	{'tp': 4, 'cp': 2, 'pp': 32, 'mb': 32, 'tp_sp': True, 'train': {'dp': 4, 'ep': 1, 'tp_ep': True}, 'inference': {'replica_count': 1, 'moe_dp': 1}}
512	101.760003	nan	nan	0.009827	6.861550e+18	6.742875e+16	3.118694e+14	0.422282	False	0.000000	422.724915	{'tp': 64, 'cp': 2, 'pp': 1, 'mb': 1, 'tp_sp': True, 'train': {'dp': 4, 'ep': 1, 'tp_ep': True}, 'inference': {'replica_count': 1, 'moe_dp': 1}}
2048	50.891720	nan	nan	0.019650	6.861550e+18	1.348265e+17	3.118694e+14	0.211092	False	0.000000	124.684168	{'tp': 16, 'cp': 2, 'pp': 16, 'mb': 16, 'tp_sp': True, 'train': {'dp': 4, 'ep': 1, 'tp_ep': True}, 'inference': {'replica_count': 1, 'moe_dp': 1}}
2048	95.853703	nan	nan	0.010433	6.861550e+18	7.158357e+16	3.118694e+14	0.112075	False	0.000000	105.114439	{'tp': 8, 'cp': 2, 'pp': 32, 'mb': 32, 'tp_sp': True, 'train': {'dp': 4, 'ep': 1, 'tp_ep': True}, 'inference': {'replica_count': 1, 'moe_dp': 1}}
2048	53.284804	nan	nan	0.018767	6.861550e+18	1.287712e+17	3.118694e+14	0.201612	False	0.000000	198.790793	{'tp': 32, 'cp': 2, 'pp': 8, 'mb': 8, 'tp_sp': True, 'train': {'dp': 4, 'ep': 1, 'tp_ep': True}, 'inference': {'replica_count': 1, 'moe_dp': 1}}
256	190.009099	nan	nan	0.005263	6.861550e+18	3.611169e+16	3.118694e+14	0.452309	True	35.870422	105.120795	{'tp': 8, 'cp': 2, 'pp': 2, 'mb': 2, 'tp_sp': True, 'train': {'dp': 8, 'ep': 1, 'tp_ep': True}, 'inference': {'replica_count': 1, 'moe_dp': 1}}
128	360.352903	nan	nan	0.002775	6.861550e+18	1.904120e+16	3.118694e+14	0.476992	True	149.722290	109.880783	{'tp': 4, 'cp': 2, 'pp': 2, 'mb': 2, 'tp_sp': True, 'train': {'dp': 8, 'ep': 1, 'tp_ep': True}, 'inference': {'replica_count': 1, 'moe_dp': 1}}
256	213.810314	nan	nan	0.004677	6.861550e+18	3.209176e+16	3.118694e+14	0.401958	True	37.785828	65.394655	{'tp': 4, 'cp': 2, 'pp': 4, 'mb': 4, 'tp_sp': True, 'train': {'dp': 8, 'ep': 1, 'tp_ep': True}, 'inference': {'replica_count': 1, 'moe_dp': 1}}
128	411.939237	nan	nan	0.002428	6.861550e+18	1.665670e+16	3.118694e+14	0.417260	True	154.562378	72.845904	{'tp': 2, 'cp': 2, 'pp': 4, 'mb': 4, 'tp_sp': True, 'train': {'dp': 8, 'ep': 1, 'tp_ep': True}, 'inference': {'replica_count': 1, 'moe_dp': 1}}
512	104.863656	nan	nan	0.009536	6.861550e+18	6.543306e+16	3.118694e+14	0.409783	False	0.000000	106.384439	{'tp': 16, 'cp': 2, 'pp': 2, 'mb': 2, 'tp_sp': True, 'train': {'dp': 8, 'ep': 1, 'tp_ep': True}, 'inference': {'replica_count': 1, 'moe_dp': 1}}
128	249.442998	nan	nan	0.004009	6.861550e+18	2.750749e+16	3.118694e+14	0.689078	True	150.578857	187.248679	{'tp': 8, 'cp': 2, 'pp': 1, 'mb': 1, 'tp_sp': True, 'train': {'dp': 8, 'ep': 1, 'tp_ep': True}, 'inference': {'replica_count': 1, 'moe_dp': 1}}
256	135.978705	nan	nan	0.007354	6.861550e+18	5.046048e+16	3.118694e+14	0.632031	True	37.307983	181.021709	{'tp': 16, 'cp': 2, 'pp': 1, 'mb': 1, 'tp_sp': True, 'train': {'dp': 8, 'ep': 1, 'tp_ep': True}, 'inference': {'replica_count': 1, 'moe_dp': 1}}
1024	62.263340	nan	nan	0.016061	6.861550e+18	1.102021e+17	3.118694e+14	0.345078	False	0.000000	129.941943	{'tp': 32, 'cp': 2, 'pp': 2, 'mb': 2, 'tp_sp': True, 'train': {'dp': 8, 'ep': 1, 'tp_ep': True}, 'inference': {'replica_count': 1, 'moe_dp': 1}}
512	114.955332	nan	nan	0.008699	6.861550e+18	5.968884e+16	3.118694e+14	0.373810	False	0.000000	65.120764	{'tp': 8, 'cp': 2, 'pp': 4, 'mb': 4, 'tp_sp': True, 'train': {'dp': 8, 'ep': 1, 'tp_ep': True}, 'inference': {'replica_count': 1, 'moe_dp': 1}}
4096	71.026709	nan	nan	0.014079	6.861550e+18	9.660521e+16	3.118694e+14	0.075625	False	0.000000	233.066395	{'tp': 16, 'cp': 2, 'pp': 32, 'mb': 32, 'tp_sp': True, 'train': {'dp': 4, 'ep': 1, 'tp_ep': True}, 'inference': {'replica_count': 1, 'moe_dp': 1}}
512	79.213232	nan	nan	0.012624	6.861550e+18	8.662126e+16	3.118694e+14	0.542477	False	0.000000	194.007224	{'tp': 32, 'cp': 2, 'pp': 1, 'mb': 1, 'tp_sp': True, 'train': {'dp': 8, 'ep': 1, 'tp_ep': True}, 'inference': {'replica_count': 1, 'moe_dp': 1}}
1024	65.543057	nan	nan	0.015257	6.861550e+18	1.046877e+17	3.118694e+14	0.327810	False	0.000000	73.112310	{'tp': 16, 'cp': 2, 'pp': 4, 'mb': 4, 'tp_sp': True, 'train': {'dp': 8, 'ep': 1, 'tp_ep': True}, 'inference': {'replica_count': 1, 'moe_dp': 1}}
128	434.934370	nan	nan	0.002299	6.861550e+18	1.577606e+16	3.118694e+14	0.395199	True	158.705688	58.970408	{'tp': 1, 'cp': 2, 'pp': 8, 'mb': 8, 'tp_sp': True, 'train': {'dp': 8, 'ep': 1, 'tp_ep': True}, 'inference': {'replica_count': 1, 'moe_dp': 1}}
256	223.114263	nan	nan	0.004482	6.861550e+18	3.075353e+16	3.118694e+14	0.385196	True	39.605164	48.300509	{'tp': 2, 'cp': 2, 'pp': 8, 'mb': 8, 'tp_sp': True, 'train': {'dp': 8, 'ep': 1, 'tp_ep': True}, 'inference': {'replica_count': 1, 'moe_dp': 1}}
512	118.412532	nan	nan	0.008445	6.861550e+18	5.794615e+16	3.118694e+14	0.362896	False	0.000000	47.010957	{'tp': 4, 'cp': 2, 'pp': 8, 'mb': 8, 'tp_sp': True, 'train': {'dp': 8, 'ep': 1, 'tp_ep': True}, 'inference': {'replica_count': 1, 'moe_dp': 1}}
1024	66.163199	nan	nan	0.015114	6.861550e+18	1.037064e+17	3.118694e+14	0.324738	False	0.000000	51.255913	{'tp': 8, 'cp': 2, 'pp': 8, 'mb': 8, 'tp_sp': True, 'train': {'dp': 8, 'ep': 1, 'tp_ep': True}, 'inference': {'replica_count': 1, 'moe_dp': 1}}
512	234.073298	nan	nan	0.004272	6.861550e+18	2.931368e+16	3.118694e+14	0.183581	False	0.000000	53.632744	{'tp': 2, 'cp': 2, 'pp': 16, 'mb': 16, 'tp_sp': True, 'train': {'dp': 8, 'ep': 1, 'tp_ep': True}, 'inference': {'replica_count': 1, 'moe_dp': 1}}
2048	40.814363	nan	nan	0.024501	6.861550e+18	1.681161e+17	3.118694e+14	0.263212	False	0.000000	124.823129	{'tp': 32, 'cp': 2, 'pp': 4, 'mb': 4, 'tp_sp': True, 'train': {'dp': 8, 'ep': 1, 'tp_ep': True}, 'inference': {'replica_count': 1, 'moe_dp': 1}}
256	449.648662	nan	nan	0.002224	6.861550e+18	1.525980e+16	3.118694e+14	0.191133	True	45.893188	59.414096	{'tp': 1, 'cp': 2, 'pp': 16, 'mb': 16, 'tp_sp': True, 'train': {'dp': 8, 'ep': 1, 'tp_ep': True}, 'inference': {'replica_count': 1, 'moe_dp': 1}}
1024	129.333458	nan	nan	0.007732	6.861550e+18	5.305317e+16	3.118694e+14	0.166126	False	0.000000	55.990606	{'tp': 4, 'cp': 2, 'pp': 16, 'mb': 16, 'tp_sp': True, 'train': {'dp': 8, 'ep': 1, 'tp_ep': True}, 'inference': {'replica_count': 1, 'moe_dp': 1}}
2048	40.004447	nan	nan	0.024997	6.861550e+18	1.715197e+17	3.118694e+14	0.268541	False	0.000000	75.384699	{'tp': 16, 'cp': 2, 'pp': 8, 'mb': 8, 'tp_sp': True, 'train': {'dp': 8, 'ep': 1, 'tp_ep': True}, 'inference': {'replica_count': 1, 'moe_dp': 1}}
1024	50.975270	nan	nan	0.019617	6.861550e+18	1.346055e+17	3.118694e+14	0.421493	False	0.000000	262.916648	{'tp': 64, 'cp': 2, 'pp': 1, 'mb': 1, 'tp_sp': True, 'train': {'dp': 8, 'ep': 1, 'tp_ep': True}, 'inference': {'replica_count': 1, 'moe_dp': 1}}
2048	77.065079	nan	nan	0.012976	6.861550e+18	8.903579e+16	3.118694e+14	0.139400	False	0.000000	69.671551	{'tp': 8, 'cp': 2, 'pp': 16, 'mb': 16, 'tp_sp': True, 'train': {'dp': 8, 'ep': 1, 'tp_ep': True}, 'inference': {'replica_count': 1, 'moe_dp': 1}}
512	457.004949	nan	nan	0.002188	6.861550e+18	1.501417e+16	3.118694e+14	0.094028	False	0.000000	62.946494	{'tp': 1, 'cp': 2, 'pp': 32, 'mb': 32, 'tp_sp': True, 'train': {'dp': 8, 'ep': 1, 'tp_ep': True}, 'inference': {'replica_count': 1, 'moe_dp': 1}}
1024	244.782456	nan	nan	0.004085	6.861550e+18	2.803122e+16	3.118694e+14	0.087775	False	0.000000	62.511936	{'tp': 2, 'cp': 2, 'pp': 32, 'mb': 32, 'tp_sp': True, 'train': {'dp': 8, 'ep': 1, 'tp_ep': True}, 'inference': {'replica_count': 1, 'moe_dp': 1}}
4096	37.798622	nan	nan	0.026456	6.861550e+18	1.815291e+17	3.118694e+14	0.142106	False	0.000000	364.648597	{'tp': 32, 'cp': 2, 'pp': 16, 'mb': 16, 'tp_sp': True, 'train': {'dp': 4, 'ep': 1, 'tp_ep': True}, 'inference': {'replica_count': 1, 'moe_dp': 1}}
4096	50.896793	nan	nan	0.019648	6.861550e+18	1.348130e+17	3.118694e+14	0.105536	False	0.000000	118.806447	{'tp': 16, 'cp': 2, 'pp': 16, 'mb': 16, 'tp_sp': True, 'train': {'dp': 8, 'ep': 1, 'tp_ep': True}, 'inference': {'replica_count': 1, 'moe_dp': 1}}
2048	41.053146	nan	nan	0.024359	6.861550e+18	1.671382e+17	3.118694e+14	0.261682	False	0.000000	268.937849	{'tp': 64, 'cp': 2, 'pp': 2, 'mb': 2, 'tp_sp': True, 'train': {'dp': 8, 'ep': 1, 'tp_ep': True}, 'inference': {'replica_count': 1, 'moe_dp': 1}}
2048	145.412929	nan	nan	0.006877	6.861550e+18	4.718666e+16	3.118694e+14	0.073878	False	0.000000	75.941531	{'tp': 4, 'cp': 2, 'pp': 32, 'mb': 32, 'tp_sp': True, 'train': {'dp': 8, 'ep': 1, 'tp_ep': True}, 'inference': {'replica_count': 1, 'moe_dp': 1}}
256	124.878174	nan	nan	0.008008	6.861550e+18	5.494595e+16	3.118694e+14	0.688213	True	129.294312	102.724682	{'tp': 8, 'cp': 2, 'pp': 1, 'mb': 1, 'tp_sp': True, 'train': {'dp': 16, 'ep': 1, 'tp_ep': True}, 'inference': {'replica_count': 1, 'moe_dp': 1}}
4096	95.824449	nan	nan	0.010436	6.861550e+18	7.160542e+16	3.118694e+14	0.056055	False	0.000000	106.597240	{'tp': 8, 'cp': 2, 'pp': 32, 'mb': 32, 'tp_sp': True, 'train': {'dp': 8, 'ep': 1, 'tp_ep': True}, 'inference': {'replica_count': 1, 'moe_dp': 1}}
256	180.568104	nan	nan	0.005538	6.861550e+18	3.799979e+16	3.118694e+14	0.475958	True	129.355286	64.447741	{'tp': 4, 'cp': 2, 'pp': 2, 'mb': 2, 'tp_sp': True, 'train': {'dp': 16, 'ep': 1, 'tp_ep': True}, 'inference': {'replica_count': 1, 'moe_dp': 1}}
512	95.261834	nan	nan	0.010497	6.861550e+18	7.202832e+16	3.118694e+14	0.451087	True	25.182281	61.328656	{'tp': 8, 'cp': 2, 'pp': 2, 'mb': 2, 'tp_sp': True, 'train': {'dp': 16, 'ep': 1, 'tp_ep': True}, 'inference': {'replica_count': 1, 'moe_dp': 1}}
128	351.542208	nan	nan	0.002845	6.861550e+18	1.951842e+16	3.118694e+14	0.488947	True	337.701294	72.774349	{'tp': 2, 'cp': 2, 'pp': 2, 'mb': 2, 'tp_sp': True, 'train': {'dp': 16, 'ep': 1, 'tp_ep': True}, 'inference': {'replica_count': 1, 'moe_dp': 1}}
128	238.437718	nan	nan	0.004194	6.861550e+18	2.877712e+16	3.118694e+14	0.720883	True	336.570068	108.443113	{'tp': 4, 'cp': 2, 'pp': 1, 'mb': 1, 'tp_sp': True, 'train': {'dp': 16, 'ep': 1, 'tp_ep': True}, 'inference': {'replica_count': 1, 'moe_dp': 1}}
512	68.116042	nan	nan	0.014681	6.861550e+18	1.007332e+17	3.118694e+14	0.630856	True	25.656433	102.219838	{'tp': 16, 'cp': 2, 'pp': 1, 'mb': 1, 'tp_sp': True, 'train': {'dp': 16, 'ep': 1, 'tp_ep': True}, 'inference': {'replica_count': 1, 'moe_dp': 1}}
4096	26.916075	nan	nan	0.037153	6.861550e+18	2.549239e+17	3.118694e+14	0.199562	False	0.000000	181.613877	{'tp': 32, 'cp': 2, 'pp': 8, 'mb': 8, 'tp_sp': True, 'train': {'dp': 8, 'ep': 1, 'tp_ep': True}, 'inference': {'replica_count': 1, 'moe_dp': 1}}
1024	39.716580	nan	nan	0.025178	6.861550e+18	1.727629e+17	3.118694e+14	0.540976	False	0.000000	112.542622	{'tp': 32, 'cp': 2, 'pp': 1, 'mb': 1, 'tp_sp': True, 'train': {'dp': 16, 'ep': 1, 'tp_ep': True}, 'inference': {'replica_count': 1, 'moe_dp': 1}}
1024	52.621832	nan	nan	0.019004	6.861550e+18	1.303936e+17	3.118694e+14	0.408304	False	0.000000	65.364592	{'tp': 16, 'cp': 2, 'pp': 2, 'mb': 2, 'tp_sp': True, 'train': {'dp': 16, 'ep': 1, 'tp_ep': True}, 'inference': {'replica_count': 1, 'moe_dp': 1}}
128	405.682150	nan	nan	0.002465	6.861550e+18	1.691361e+16	3.118694e+14	0.423695	True	347.971802	57.942756	{'tp': 1, 'cp': 2, 'pp': 4, 'mb': 4, 'tp_sp': True, 'train': {'dp': 16, 'ep': 1, 'tp_ep': True}, 'inference': {'replica_count': 1, 'moe_dp': 1}}
512	107.335755	nan	nan	0.009317	6.861550e+18	6.392604e+16	3.118694e+14	0.400346	True	27.371429	42.348609	{'tp': 4, 'cp': 2, 'pp': 4, 'mb': 4, 'tp_sp': True, 'train': {'dp': 16, 'ep': 1, 'tp_ep': True}, 'inference': {'replica_count': 1, 'moe_dp': 1}}
1024	57.810081	nan	nan	0.017298	6.861550e+18	1.186912e+17	3.118694e+14	0.371660	False	0.000000	43.425727	{'tp': 8, 'cp': 2, 'pp': 4, 'mb': 4, 'tp_sp': True, 'train': {'dp': 16, 'ep': 1, 'tp_ep': True}, 'inference': {'replica_count': 1, 'moe_dp': 1}}
256	206.579611	nan	nan	0.004841	6.861550e+18	3.321504e+16	3.118694e+14	0.416027	True	134.238220	47.502152	{'tp': 2, 'cp': 2, 'pp': 4, 'mb': 4, 'tp_sp': True, 'train': {'dp': 16, 'ep': 1, 'tp_ep': True}, 'inference': {'replica_count': 1, 'moe_dp': 1}}
2048	31.282364	nan	nan	0.031967	6.861550e+18	2.193424e+17	3.118694e+14	0.343416	False	0.000000	88.351047	{'tp': 32, 'cp': 2, 'pp': 2, 'mb': 2, 'tp_sp': True, 'train': {'dp': 16, 'ep': 1, 'tp_ep': True}, 'inference': {'replica_count': 1, 'moe_dp': 1}}
2048	33.014936	nan	nan	0.030289	6.861550e+18	2.078317e+17	3.118694e+14	0.325394	False	0.000000	52.491080	{'tp': 16, 'cp': 2, 'pp': 4, 'mb': 4, 'tp_sp': True, 'train': {'dp': 16, 'ep': 1, 'tp_ep': True}, 'inference': {'replica_count': 1, 'moe_dp': 1}}
512	223.116995	nan	nan	0.004482	6.861550e+18	3.075315e+16	3.118694e+14	0.192596	True	30.331970	49.197271	{'tp': 2, 'cp': 2, 'pp': 8, 'mb': 8, 'tp_sp': True, 'train': {'dp': 16, 'ep': 1, 'tp_ep': True}, 'inference': {'replica_count': 1, 'moe_dp': 1}}
256	434.935952	nan	nan	0.002299	6.861550e+18	1.577600e+16	3.118694e+14	0.197599	True	140.159302	59.332574	{'tp': 1, 'cp': 2, 'pp': 8, 'mb': 8, 'tp_sp': True, 'train': {'dp': 16, 'ep': 1, 'tp_ep': True}, 'inference': {'replica_count': 1, 'moe_dp': 1}}
1024	118.415140	nan	nan	0.008445	6.861550e+18	5.794487e+16	3.118694e+14	0.181444	False	0.000000	47.179465	{'tp': 4, 'cp': 2, 'pp': 8, 'mb': 8, 'tp_sp': True, 'train': {'dp': 16, 'ep': 1, 'tp_ep': True}, 'inference': {'replica_count': 1, 'moe_dp': 1}}
2048	66.165744	nan	nan	0.015114	6.861550e+18	1.037025e+17	3.118694e+14	0.162363	False	0.000000	52.554611	{'tp': 8, 'cp': 2, 'pp': 8, 'mb': 8, 'tp_sp': True, 'train': {'dp': 16, 'ep': 1, 'tp_ep': True}, 'inference': {'replica_count': 1, 'moe_dp': 1}}
512	449.643401	nan	nan	0.002224	6.861550e+18	1.525998e+16	3.118694e+14	0.095568	True	36.253052	61.358901	{'tp': 1, 'cp': 2, 'pp': 16, 'mb': 16, 'tp_sp': True, 'train': {'dp': 16, 'ep': 1, 'tp_ep': True}, 'inference': {'replica_count': 1, 'moe_dp': 1}}
2048	25.576825	nan	nan	0.039098	6.861550e+18	2.682722e+17	3.118694e+14	0.420023	False	0.000000	182.108953	{'tp': 64, 'cp': 2, 'pp': 1, 'mb': 1, 'tp_sp': True, 'train': {'dp': 16, 'ep': 1, 'tp_ep': True}, 'inference': {'replica_count': 1, 'moe_dp': 1}}
4096	40.006962	nan	nan	0.024996	6.861550e+18	1.715089e+17	3.118694e+14	0.134262	False	0.000000	75.241265	{'tp': 16, 'cp': 2, 'pp': 8, 'mb': 8, 'tp_sp': True, 'train': {'dp': 16, 'ep': 1, 'tp_ep': True}, 'inference': {'replica_count': 1, 'moe_dp': 1}}
1024	234.067806	nan	nan	0.004272	6.861550e+18	2.931437e+16	3.118694e+14	0.091793	False	0.000000	54.281648	{'tp': 2, 'cp': 2, 'pp': 16, 'mb': 16, 'tp_sp': True, 'train': {'dp': 16, 'ep': 1, 'tp_ep': True}, 'inference': {'replica_count': 1, 'moe_dp': 1}}
2048	129.328206	nan	nan	0.007732	6.861550e+18	5.305533e+16	3.118694e+14	0.083067	False	0.000000	54.852335	{'tp': 4, 'cp': 2, 'pp': 16, 'mb': 16, 'tp_sp': True, 'train': {'dp': 16, 'ep': 1, 'tp_ep': True}, 'inference': {'replica_count': 1, 'moe_dp': 1}}
4096	20.608828	nan	nan	0.048523	6.861550e+18	3.329423e+17	3.118694e+14	0.260637	False	0.000000	106.085895	{'tp': 32, 'cp': 2, 'pp': 4, 'mb': 4, 'tp_sp': True, 'train': {'dp': 16, 'ep': 1, 'tp_ep': True}, 'inference': {'replica_count': 1, 'moe_dp': 1}}
4096	77.059946	nan	nan	0.012977	6.861550e+18	8.904172e+16	3.118694e+14	0.069704	False	0.000000	71.440851	{'tp': 8, 'cp': 2, 'pp': 16, 'mb': 16, 'tp_sp': True, 'train': {'dp': 16, 'ep': 1, 'tp_ep': True}, 'inference': {'replica_count': 1, 'moe_dp': 1}}
1024	456.970992	nan	nan	0.002188	6.861550e+18	1.501529e+16	3.118694e+14	0.047018	False	0.000000	67.308055	{'tp': 1, 'cp': 2, 'pp': 32, 'mb': 32, 'tp_sp': True, 'train': {'dp': 16, 'ep': 1, 'tp_ep': True}, 'inference': {'replica_count': 1, 'moe_dp': 1}}
2048	244.749544	nan	nan	0.004086	6.861550e+18	2.803499e+16	3.118694e+14	0.043893	False	0.000000	66.703953	{'tp': 2, 'cp': 2, 'pp': 32, 'mb': 32, 'tp_sp': True, 'train': {'dp': 16, 'ep': 1, 'tp_ep': True}, 'inference': {'replica_count': 1, 'moe_dp': 1}}
256	119.478216	nan	nan	0.008370	6.861550e+18	5.742930e+16	3.118694e+14	0.719318	True	316.294800	63.979865	{'tp': 4, 'cp': 2, 'pp': 1, 'mb': 1, 'tp_sp': True, 'train': {'dp': 32, 'ep': 1, 'tp_ep': True}, 'inference': {'replica_count': 1, 'moe_dp': 1}}
4096	145.381710	nan	nan	0.006878	6.861550e+18	4.719679e+16	3.118694e+14	0.036947	False	0.000000	74.927896	{'tp': 4, 'cp': 2, 'pp': 32, 'mb': 32, 'tp_sp': True, 'train': {'dp': 16, 'ep': 1, 'tp_ep': True}, 'inference': {'replica_count': 1, 'moe_dp': 1}}
512	62.608989	nan	nan	0.015972	6.861550e+18	1.095937e+17	3.118694e+14	0.686345	True	118.652039	59.152752	{'tp': 8, 'cp': 2, 'pp': 1, 'mb': 1, 'tp_sp': True, 'train': {'dp': 32, 'ep': 1, 'tp_ep': True}, 'inference': {'replica_count': 1, 'moe_dp': 1}}
128	233.457709	nan	nan	0.004283	6.861550e+18	2.939098e+16	3.118694e+14	0.736260	True	711.580322	73.571167	{'tp': 2, 'cp': 2, 'pp': 1, 'mb': 1, 'tp_sp': True, 'train': {'dp': 32, 'ep': 1, 'tp_ep': True}, 'inference': {'replica_count': 1, 'moe_dp': 1}}
1024	34.183132	nan	nan	0.029254	6.861550e+18	2.007291e+17	3.118694e+14	0.628547	True	19.830658	59.176623	{'tp': 16, 'cp': 2, 'pp': 1, 'mb': 1, 'tp_sp': True, 'train': {'dp': 32, 'ep': 1, 'tp_ep': True}, 'inference': {'replica_count': 1, 'moe_dp': 1}}
256	176.273027	nan	nan	0.005673	6.861550e+18	3.892570e+16	3.118694e+14	0.487555	True	317.838928	47.058041	{'tp': 2, 'cp': 2, 'pp': 2, 'mb': 2, 'tp_sp': True, 'train': {'dp': 32, 'ep': 1, 'tp_ep': True}, 'inference': {'replica_count': 1, 'moe_dp': 1}}
512	90.632240	nan	nan	0.011034	6.861550e+18	7.570761e+16	3.118694e+14	0.474129	True	119.171783	40.443555	{'tp': 4, 'cp': 2, 'pp': 2, 'mb': 2, 'tp_sp': True, 'train': {'dp': 32, 'ep': 1, 'tp_ep': True}, 'inference': {'replica_count': 1, 'moe_dp': 1}}
128	346.949983	nan	nan	0.002882	6.861550e+18	1.977677e+16	3.118694e+14	0.495419	True	715.173218	55.886821	{'tp': 1, 'cp': 2, 'pp': 2, 'mb': 2, 'tp_sp': True, 'train': {'dp': 32, 'ep': 1, 'tp_ep': True}, 'inference': {'replica_count': 1, 'moe_dp': 1}}
1024	47.894915	nan	nan	0.020879	6.861550e+18	1.432626e+17	3.118694e+14	0.448601	True	19.838211	39.203623	{'tp': 8, 'cp': 2, 'pp': 2, 'mb': 2, 'tp_sp': True, 'train': {'dp': 32, 'ep': 1, 'tp_ep': True}, 'inference': {'replica_count': 1, 'moe_dp': 1}}
2048	26.498371	nan	nan	0.037738	6.861550e+18	2.589423e+17	3.118694e+14	0.405415	False	0.000000	43.505219	{'tp': 16, 'cp': 2, 'pp': 2, 'mb': 2, 'tp_sp': True, 'train': {'dp': 32, 'ep': 1, 'tp_ep': True}, 'inference': {'replica_count': 1, 'moe_dp': 1}}
2048	19.957225	nan	nan	0.050107	6.861550e+18	3.438128e+17	3.118694e+14	0.538294	False	0.000000	69.068424	{'tp': 32, 'cp': 2, 'pp': 1, 'mb': 1, 'tp_sp': True, 'train': {'dp': 32, 'ep': 1, 'tp_ep': True}, 'inference': {'replica_count': 1, 'moe_dp': 1}}
1024	107.336451	nan	nan	0.009316	6.861550e+18	6.392563e+16	3.118694e+14	0.200171	True	22.826569	42.244157	{'tp': 4, 'cp': 2, 'pp': 4, 'mb': 4, 'tp_sp': True, 'train': {'dp': 32, 'ep': 1, 'tp_ep': True}, 'inference': {'replica_count': 1, 'moe_dp': 1}}
512	206.580339	nan	nan	0.004841	6.861550e+18	3.321492e+16	3.118694e+14	0.208013	True	125.148499	47.346145	{'tp': 2, 'cp': 2, 'pp': 4, 'mb': 4, 'tp_sp': True, 'train': {'dp': 32, 'ep': 1, 'tp_ep': True}, 'inference': {'replica_count': 1, 'moe_dp': 1}}
2048	57.810762	nan	nan	0.017298	6.861550e+18	1.186898e+17	3.118694e+14	0.185828	False	0.000000	43.453600	{'tp': 8, 'cp': 2, 'pp': 4, 'mb': 4, 'tp_sp': True, 'train': {'dp': 32, 'ep': 1, 'tp_ep': True}, 'inference': {'replica_count': 1, 'moe_dp': 1}}
4096	28.495130	nan	nan	0.035094	6.861550e+18	2.407973e+17	3.118694e+14	0.188503	False	0.000000	411.147554	{'tp': 64, 'cp': 2, 'pp': 4, 'mb': 4, 'tp_sp': True, 'train': {'dp': 8, 'ep': 1, 'tp_ep': True}, 'inference': {'replica_count': 1, 'moe_dp': 1}}
256	405.682612	nan	nan	0.002465	6.861550e+18	1.691359e+16	3.118694e+14	0.211847	True	329.792358	59.273027	{'tp': 1, 'cp': 2, 'pp': 4, 'mb': 4, 'tp_sp': True, 'train': {'dp': 32, 'ep': 1, 'tp_ep': True}, 'inference': {'replica_count': 1, 'moe_dp': 1}}
4096	15.792731	nan	nan	0.063320	6.861550e+18	4.344752e+17	3.118694e+14	0.340120	False	0.000000	67.323862	{'tp': 32, 'cp': 2, 'pp': 2, 'mb': 2, 'tp_sp': True, 'train': {'dp': 32, 'ep': 1, 'tp_ep': True}, 'inference': {'replica_count': 1, 'moe_dp': 1}}
4096	20.651564	nan	nan	0.048422	6.861550e+18	3.322533e+17	3.118694e+14	0.260098	False	0.000000	224.841840	{'tp': 64, 'cp': 2, 'pp': 2, 'mb': 2, 'tp_sp': True, 'train': {'dp': 16, 'ep': 1, 'tp_ep': True}, 'inference': {'replica_count': 1, 'moe_dp': 1}}
4096	33.015609	nan	nan	0.030289	6.861550e+18	2.078275e+17	3.118694e+14	0.162693	False	0.000000	52.313026	{'tp': 16, 'cp': 2, 'pp': 4, 'mb': 4, 'tp_sp': True, 'train': {'dp': 32, 'ep': 1, 'tp_ep': True}, 'inference': {'replica_count': 1, 'moe_dp': 1}}
2048	118.413791	nan	nan	0.008445	6.861550e+18	5.794553e+16	3.118694e+14	0.090723	False	0.000000	48.518169	{'tp': 4, 'cp': 2, 'pp': 8, 'mb': 8, 'tp_sp': True, 'train': {'dp': 32, 'ep': 1, 'tp_ep': True}, 'inference': {'replica_count': 1, 'moe_dp': 1}}
1024	223.115584	nan	nan	0.004482	6.861550e+18	3.075334e+16	3.118694e+14	0.096299	True	25.695374	51.621270	{'tp': 2, 'cp': 2, 'pp': 8, 'mb': 8, 'tp_sp': True, 'train': {'dp': 32, 'ep': 1, 'tp_ep': True}, 'inference': {'replica_count': 1, 'moe_dp': 1}}
512	434.935488	nan	nan	0.002299	6.861550e+18	1.577602e+16	3.118694e+14	0.098799	True	130.886108	59.675388	{'tp': 1, 'cp': 2, 'pp': 8, 'mb': 8, 'tp_sp': True, 'train': {'dp': 32, 'ep': 1, 'tp_ep': True}, 'inference': {'replica_count': 1, 'moe_dp': 1}}
4096	66.164426	nan	nan	0.015114	6.861550e+18	1.037045e+17	3.118694e+14	0.081183	False	0.000000	51.960205	{'tp': 8, 'cp': 2, 'pp': 8, 'mb': 8, 'tp_sp': True, 'train': {'dp': 32, 'ep': 1, 'tp_ep': True}, 'inference': {'replica_count': 1, 'moe_dp': 1}}
2048	234.067806	nan	nan	0.004272	6.861550e+18	2.931437e+16	3.118694e+14	0.045896	False	0.000000	56.451458	{'tp': 2, 'cp': 2, 'pp': 16, 'mb': 16, 'tp_sp': True, 'train': {'dp': 32, 'ep': 1, 'tp_ep': True}, 'inference': {'replica_count': 1, 'moe_dp': 1}}
1024	449.643401	nan	nan	0.002224	6.861550e+18	1.525998e+16	3.118694e+14	0.047784	True	31.432983	63.666467	{'tp': 1, 'cp': 2, 'pp': 16, 'mb': 16, 'tp_sp': True, 'train': {'dp': 32, 'ep': 1, 'tp_ep': True}, 'inference': {'replica_count': 1, 'moe_dp': 1}}
512	59.969539	nan	nan	0.016675	6.861550e+18	1.144173e+17	3.118694e+14	0.716554	True	306.157166	40.482667	{'tp': 4, 'cp': 2, 'pp': 1, 'mb': 1, 'tp_sp': True, 'train': {'dp': 64, 'ep': 1, 'tp_ep': True}, 'inference': {'replica_count': 1, 'moe_dp': 1}}
1024	31.478923	nan	nan	0.031767	6.861550e+18	2.179728e+17	3.118694e+14	0.682542	True	113.330902	39.404028	{'tp': 8, 'cp': 2, 'pp': 1, 'mb': 1, 'tp_sp': True, 'train': {'dp': 64, 'ep': 1, 'tp_ep': True}, 'inference': {'replica_count': 1, 'moe_dp': 1}}
4096	129.328206	nan	nan	0.007732	6.861550e+18	5.305533e+16	3.118694e+14	0.041533	False	0.000000	59.903052	{'tp': 4, 'cp': 2, 'pp': 16, 'mb': 16, 'tp_sp': True, 'train': {'dp': 32, 'ep': 1, 'tp_ep': True}, 'inference': {'replica_count': 1, 'moe_dp': 1}}
256	117.061527	nan	nan	0.008543	6.861550e+18	5.861490e+16	3.118694e+14	0.734168	True	691.809692	47.147624	{'tp': 2, 'cp': 2, 'pp': 1, 'mb': 1, 'tp_sp': True, 'train': {'dp': 64, 'ep': 1, 'tp_ep': True}, 'inference': {'replica_count': 1, 'moe_dp': 1}}
4096	12.870228	nan	nan	0.077699	6.861550e+18	5.331335e+17	3.118694e+14	0.417353	False	0.000000	139.107450	{'tp': 64, 'cp': 2, 'pp': 1, 'mb': 1, 'tp_sp': True, 'train': {'dp': 32, 'ep': 1, 'tp_ep': True}, 'inference': {'replica_count': 1, 'moe_dp': 1}}
2048	17.215029	nan	nan	0.058089	6.861550e+18	3.985791e+17	3.118694e+14	0.624039	True	16.917770	39.222444	{'tp': 16, 'cp': 2, 'pp': 1, 'mb': 1, 'tp_sp': True, 'train': {'dp': 64, 'ep': 1, 'tp_ep': True}, 'inference': {'replica_count': 1, 'moe_dp': 1}}
128	230.842424	nan	nan	0.004332	6.861550e+18	2.972396e+16	3.118694e+14	0.744601	True	1463.280331	59.097407	{'tp': 1, 'cp': 2, 'pp': 1, 'mb': 1, 'tp_sp': True, 'train': {'dp': 64, 'ep': 1, 'tp_ep': True}, 'inference': {'replica_count': 1, 'moe_dp': 1}}
4096	10.078169	nan	nan	0.099224	6.861550e+18	6.808330e+17	3.118694e+14	0.532976	False	0.000000	50.150160	{'tp': 32, 'cp': 2, 'pp': 1, 'mb': 1, 'tp_sp': True, 'train': {'dp': 64, 'ep': 1, 'tp_ep': True}, 'inference': {'replica_count': 1, 'moe_dp': 1}}
2048	456.949844	nan	nan	0.002188	6.861550e+18	1.501598e+16	3.118694e+14	0.023510	False	0.000000	73.867669	{'tp': 1, 'cp': 2, 'pp': 32, 'mb': 32, 'tp_sp': True, 'train': {'dp': 32, 'ep': 1, 'tp_ep': True}, 'inference': {'replica_count': 1, 'moe_dp': 1}}
1024	90.632433	nan	nan	0.011034	6.861550e+18	7.570745e+16	3.118694e+14	0.237064	True	114.742371	42.525163	{'tp': 4, 'cp': 2, 'pp': 2, 'mb': 2, 'tp_sp': True, 'train': {'dp': 64, 'ep': 1, 'tp_ep': True}, 'inference': {'replica_count': 1, 'moe_dp': 1}}
512	176.273227	nan	nan	0.005673	6.861550e+18	3.892565e+16	3.118694e+14	0.243777	True	308.980103	47.378466	{'tp': 2, 'cp': 2, 'pp': 2, 'mb': 2, 'tp_sp': True, 'train': {'dp': 64, 'ep': 1, 'tp_ep': True}, 'inference': {'replica_count': 1, 'moe_dp': 1}}
4096	244.728943	nan	nan	0.004086	6.861550e+18	2.803735e+16	3.118694e+14	0.021948	False	0.000000	74.450982	{'tp': 2, 'cp': 2, 'pp': 32, 'mb': 32, 'tp_sp': True, 'train': {'dp': 32, 'ep': 1, 'tp_ep': True}, 'inference': {'replica_count': 1, 'moe_dp': 1}}
2048	47.895103	nan	nan	0.020879	6.861550e+18	1.432620e+17	3.118694e+14	0.224300	True	17.623505	40.691361	{'tp': 8, 'cp': 2, 'pp': 2, 'mb': 2, 'tp_sp': True, 'train': {'dp': 64, 'ep': 1, 'tp_ep': True}, 'inference': {'replica_count': 1, 'moe_dp': 1}}
256	346.950199	nan	nan	0.002882	6.861550e+18	1.977676e+16	3.118694e+14	0.247709	True	697.455566	59.446192	{'tp': 1, 'cp': 2, 'pp': 2, 'mb': 2, 'tp_sp': True, 'train': {'dp': 64, 'ep': 1, 'tp_ep': True}, 'inference': {'replica_count': 1, 'moe_dp': 1}}
4096	26.498558	nan	nan	0.037738	6.861550e+18	2.589405e+17	3.118694e+14	0.202706	False	0.000000	43.030629	{'tp': 16, 'cp': 2, 'pp': 2, 'mb': 2, 'tp_sp': True, 'train': {'dp': 64, 'ep': 1, 'tp_ep': True}, 'inference': {'replica_count': 1, 'moe_dp': 1}}
1024	206.579950	nan	nan	0.004841	6.861550e+18	3.321499e+16	3.118694e+14	0.104007	True	120.603638	49.363391	{'tp': 2, 'cp': 2, 'pp': 4, 'mb': 4, 'tp_sp': True, 'train': {'dp': 64, 'ep': 1, 'tp_ep': True}, 'inference': {'replica_count': 1, 'moe_dp': 1}}
2048	107.336078	nan	nan	0.009317	6.861550e+18	6.392585e+16	3.118694e+14	0.100086	True	20.554138	46.654806	{'tp': 4, 'cp': 2, 'pp': 4, 'mb': 4, 'tp_sp': True, 'train': {'dp': 64, 'ep': 1, 'tp_ep': True}, 'inference': {'replica_count': 1, 'moe_dp': 1}}
4096	57.810397	nan	nan	0.017298	6.861550e+18	1.186906e+17	3.118694e+14	0.092915	False	0.000000	46.247562	{'tp': 8, 'cp': 2, 'pp': 4, 'mb': 4, 'tp_sp': True, 'train': {'dp': 64, 'ep': 1, 'tp_ep': True}, 'inference': {'replica_count': 1, 'moe_dp': 1}}
512	405.682366	nan	nan	0.002465	6.861550e+18	1.691360e+16	3.118694e+14	0.105924	True	320.702637	59.708633	{'tp': 1, 'cp': 2, 'pp': 4, 'mb': 4, 'tp_sp': True, 'train': {'dp': 64, 'ep': 1, 'tp_ep': True}, 'inference': {'replica_count': 1, 'moe_dp': 1}}
2048	223.114344	nan	nan	0.004482	6.861550e+18	3.075351e+16	3.118694e+14	0.048150	True	23.377075	53.761003	{'tp': 2, 'cp': 2, 'pp': 8, 'mb': 8, 'tp_sp': True, 'train': {'dp': 64, 'ep': 1, 'tp_ep': True}, 'inference': {'replica_count': 1, 'moe_dp': 1}}
4096	118.412633	nan	nan	0.008445	6.861550e+18	5.794610e+16	3.118694e+14	0.045362	False	0.000000	51.777717	{'tp': 4, 'cp': 2, 'pp': 8, 'mb': 8, 'tp_sp': True, 'train': {'dp': 64, 'ep': 1, 'tp_ep': True}, 'inference': {'replica_count': 1, 'moe_dp': 1}}
1024	434.934404	nan	nan	0.002299	6.861550e+18	1.577606e+16	3.118694e+14	0.049400	True	126.249512	63.638035	{'tp': 1, 'cp': 2, 'pp': 8, 'mb': 8, 'tp_sp': True, 'train': {'dp': 64, 'ep': 1, 'tp_ep': True}, 'inference': {'replica_count': 1, 'moe_dp': 1}}
2048	31.478954	nan	nan	0.031767	6.861550e+18	2.179726e+17	3.118694e+14	0.341271	True	111.127663	42.556477	{'tp': 8, 'cp': 2, 'pp': 1, 'mb': 1, 'tp_sp': True, 'train': {'dp': 128, 'ep': 1, 'tp_ep': True}, 'inference': {'replica_count': 1, 'moe_dp': 1}}
1024	59.969570	nan	nan	0.016675	6.861550e+18	1.144172e+17	3.118694e+14	0.358277	True	301.750687	42.875019	{'tp': 4, 'cp': 2, 'pp': 1, 'mb': 1, 'tp_sp': True, 'train': {'dp': 128, 'ep': 1, 'tp_ep': True}, 'inference': {'replica_count': 1, 'moe_dp': 1}}
512	117.061557	nan	nan	0.008543	6.861550e+18	5.861489e+16	3.118694e+14	0.367084	True	682.996735	49.901428	{'tp': 2, 'cp': 2, 'pp': 1, 'mb': 1, 'tp_sp': True, 'train': {'dp': 128, 'ep': 1, 'tp_ep': True}, 'inference': {'replica_count': 1, 'moe_dp': 1}}
4096	17.215060	nan	nan	0.058089	6.861550e+18	3.985783e+17	3.118694e+14	0.312019	True	15.816151	42.982520	{'tp': 16, 'cp': 2, 'pp': 1, 'mb': 1, 'tp_sp': True, 'train': {'dp': 128, 'ep': 1, 'tp_ep': True}, 'inference': {'replica_count': 1, 'moe_dp': 1}}
256	230.842440	nan	nan	0.004332	6.861550e+18	2.972395e+16	3.118694e+14	0.372301	True	1445.654415	60.024896	{'tp': 1, 'cp': 2, 'pp': 1, 'mb': 1, 'tp_sp': True, 'train': {'dp': 128, 'ep': 1, 'tp_ep': True}, 'inference': {'replica_count': 1, 'moe_dp': 1}}
4096	234.067806	nan	nan	0.004272	6.861550e+18	2.931437e+16	3.118694e+14	0.022948	False	0.000000	67.440619	{'tp': 2, 'cp': 2, 'pp': 16, 'mb': 16, 'tp_sp': True, 'train': {'dp': 64, 'ep': 1, 'tp_ep': True}, 'inference': {'replica_count': 1, 'moe_dp': 1}}
2048	449.643401	nan	nan	0.002224	6.861550e+18	1.525998e+16	3.118694e+14	0.023892	True	29.022949	70.806069	{'tp': 1, 'cp': 2, 'pp': 16, 'mb': 16, 'tp_sp': True, 'train': {'dp': 64, 'ep': 1, 'tp_ep': True}, 'inference': {'replica_count': 1, 'moe_dp': 1}}
2048	90.632407	nan	nan	0.011034	6.861550e+18	7.570747e+16	3.118694e+14	0.118532	True	112.527664	46.297722	{'tp': 4, 'cp': 2, 'pp': 2, 'mb': 2, 'tp_sp': True, 'train': {'dp': 128, 'ep': 1, 'tp_ep': True}, 'inference': {'replica_count': 1, 'moe_dp': 1}}
1024	176.273200	nan	nan	0.005673	6.861550e+18	3.892566e+16	3.118694e+14	0.121889	True	304.550690	52.074966	{'tp': 2, 'cp': 2, 'pp': 2, 'mb': 2, 'tp_sp': True, 'train': {'dp': 128, 'ep': 1, 'tp_ep': True}, 'inference': {'replica_count': 1, 'moe_dp': 1}}
4096	47.895079	nan	nan	0.020879	6.861550e+18	1.432621e+17	3.118694e+14	0.112150	True	16.516151	46.388193	{'tp': 8, 'cp': 2, 'pp': 2, 'mb': 2, 'tp_sp': True, 'train': {'dp': 128, 'ep': 1, 'tp_ep': True}, 'inference': {'replica_count': 1, 'moe_dp': 1}}
512	346.950167	nan	nan	0.002882	6.861550e+18	1.977676e+16	3.118694e+14	0.123855	True	688.596741	61.927558	{'tp': 1, 'cp': 2, 'pp': 2, 'mb': 2, 'tp_sp': True, 'train': {'dp': 128, 'ep': 1, 'tp_ep': True}, 'inference': {'replica_count': 1, 'moe_dp': 1}}
4096	456.941787	nan	nan	0.002188	6.861550e+18	1.501625e+16	3.118694e+14	0.011755	False	0.000000	94.142756	{'tp': 1, 'cp': 2, 'pp': 32, 'mb': 32, 'tp_sp': True, 'train': {'dp': 64, 'ep': 1, 'tp_ep': True}, 'inference': {'replica_count': 1, 'moe_dp': 1}}
4096	107.336035	nan	nan	0.009317	6.861550e+18	6.392588e+16	3.118694e+14	0.050043	True	19.417923	51.486393	{'tp': 4, 'cp': 2, 'pp': 4, 'mb': 4, 'tp_sp': True, 'train': {'dp': 128, 'ep': 1, 'tp_ep': True}, 'inference': {'replica_count': 1, 'moe_dp': 1}}
2048	206.579813	nan	nan	0.004841	6.861550e+18	3.321501e+16	3.118694e+14	0.052003	True	118.331207	56.791699	{'tp': 2, 'cp': 2, 'pp': 4, 'mb': 4, 'tp_sp': True, 'train': {'dp': 128, 'ep': 1, 'tp_ep': True}, 'inference': {'replica_count': 1, 'moe_dp': 1}}
1024	405.682271	nan	nan	0.002465	6.861550e+18	1.691361e+16	3.118694e+14	0.052962	True	316.157776	65.528445	{'tp': 1, 'cp': 2, 'pp': 4, 'mb': 4, 'tp_sp': True, 'train': {'dp': 128, 'ep': 1, 'tp_ep': True}, 'inference': {'replica_count': 1, 'moe_dp': 1}}
4096	223.114051	nan	nan	0.004482	6.861550e+18	3.075355e+16	3.118694e+14	0.024075	True	22.217926	62.445877	{'tp': 2, 'cp': 2, 'pp': 8, 'mb': 8, 'tp_sp': True, 'train': {'dp': 128, 'ep': 1, 'tp_ep': True}, 'inference': {'replica_count': 1, 'moe_dp': 1}}
1024	117.061543	nan	nan	0.008543	6.861550e+18	5.861490e+16	3.118694e+14	0.183542	True	678.590256	54.083451	{'tp': 2, 'cp': 2, 'pp': 1, 'mb': 1, 'tp_sp': True, 'train': {'dp': 256, 'ep': 1, 'tp_ep': True}, 'inference': {'replica_count': 1, 'moe_dp': 1}}
4096	31.478955	nan	nan	0.031767	6.861550e+18	2.179726e+17	3.118694e+14	0.170635	True	110.026043	46.042233	{'tp': 8, 'cp': 2, 'pp': 1, 'mb': 1, 'tp_sp': True, 'train': {'dp': 256, 'ep': 1, 'tp_ep': True}, 'inference': {'replica_count': 1, 'moe_dp': 1}}
2048	59.969570	nan	nan	0.016675	6.861550e+18	1.144172e+17	3.118694e+14	0.179138	True	299.547447	49.980321	{'tp': 4, 'cp': 2, 'pp': 1, 'mb': 1, 'tp_sp': True, 'train': {'dp': 256, 'ep': 1, 'tp_ep': True}, 'inference': {'replica_count': 1, 'moe_dp': 1}}
2048	434.934145	nan	nan	0.002299	6.861550e+18	1.577607e+16	3.118694e+14	0.024700	True	123.931213	72.904700	{'tp': 1, 'cp': 2, 'pp': 8, 'mb': 8, 'tp_sp': True, 'train': {'dp': 128, 'ep': 1, 'tp_ep': True}, 'inference': {'replica_count': 1, 'moe_dp': 1}}
512	230.842440	nan	nan	0.004332	6.861550e+18	2.972395e+16	3.118694e+14	0.186150	True	1436.841457	66.853240	{'tp': 1, 'cp': 2, 'pp': 1, 'mb': 1, 'tp_sp': True, 'train': {'dp': 256, 'ep': 1, 'tp_ep': True}, 'inference': {'replica_count': 1, 'moe_dp': 1}}
4096	90.632405	nan	nan	0.011034	6.861550e+18	7.570747e+16	3.118694e+14	0.059266	True	111.420311	57.622678	{'tp': 4, 'cp': 2, 'pp': 2, 'mb': 2, 'tp_sp': True, 'train': {'dp': 256, 'ep': 1, 'tp_ep': True}, 'inference': {'replica_count': 1, 'moe_dp': 1}}
2048	176.273195	nan	nan	0.005673	6.861550e+18	3.892566e+16	3.118694e+14	0.060944	True	302.335983	61.603429	{'tp': 2, 'cp': 2, 'pp': 2, 'mb': 2, 'tp_sp': True, 'train': {'dp': 256, 'ep': 1, 'tp_ep': True}, 'inference': {'replica_count': 1, 'moe_dp': 1}}
4096	449.643401	nan	nan	0.002224	6.861550e+18	1.525998e+16	3.118694e+14	0.011946	True	27.817932	89.834020	{'tp': 1, 'cp': 2, 'pp': 16, 'mb': 16, 'tp_sp': True, 'train': {'dp': 128, 'ep': 1, 'tp_ep': True}, 'inference': {'replica_count': 1, 'moe_dp': 1}}
1024	346.950133	nan	nan	0.002882	6.861550e+18	1.977676e+16	3.118694e+14	0.061927	True	684.167328	73.844292	{'tp': 1, 'cp': 2, 'pp': 2, 'mb': 2, 'tp_sp': True, 'train': {'dp': 256, 'ep': 1, 'tp_ep': True}, 'inference': {'replica_count': 1, 'moe_dp': 1}}
4096	206.579771	nan	nan	0.004841	6.861550e+18	3.321501e+16	3.118694e+14	0.026002	True	117.194992	70.925648	{'tp': 2, 'cp': 2, 'pp': 4, 'mb': 4, 'tp_sp': True, 'train': {'dp': 256, 'ep': 1, 'tp_ep': True}, 'inference': {'replica_count': 1, 'moe_dp': 1}}
2048	405.682257	nan	nan	0.002465	6.861550e+18	1.691361e+16	3.118694e+14	0.026481	True	313.885345	80.192229	{'tp': 1, 'cp': 2, 'pp': 4, 'mb': 4, 'tp_sp': True, 'train': {'dp': 256, 'ep': 1, 'tp_ep': True}, 'inference': {'replica_count': 1, 'moe_dp': 1}}
2048	117.061555	nan	nan	0.008543	6.861550e+18	5.861489e+16	3.118694e+14	0.091771	True	676.387016	68.731685	{'tp': 2, 'cp': 2, 'pp': 1, 'mb': 1, 'tp_sp': True, 'train': {'dp': 512, 'ep': 1, 'tp_ep': True}, 'inference': {'replica_count': 1, 'moe_dp': 1}}
4096	59.969568	nan	nan	0.016675	6.861550e+18	1.144172e+17	3.118694e+14	0.089569	True	298.445827	63.300263	{'tp': 4, 'cp': 2, 'pp': 1, 'mb': 1, 'tp_sp': True, 'train': {'dp': 512, 'ep': 1, 'tp_ep': True}, 'inference': {'replica_count': 1, 'moe_dp': 1}}
1024	230.842442	nan	nan	0.004332	6.861550e+18	2.972395e+16	3.118694e+14	0.093075	True	1432.434978	82.287704	{'tp': 1, 'cp': 2, 'pp': 1, 'mb': 1, 'tp_sp': True, 'train': {'dp': 512, 'ep': 1, 'tp_ep': True}, 'inference': {'replica_count': 1, 'moe_dp': 1}}
4096	434.934067	nan	nan	0.002299	6.861550e+18	1.577607e+16	3.118694e+14	0.012350	True	122.772064	93.025002	{'tp': 1, 'cp': 2, 'pp': 8, 'mb': 8, 'tp_sp': True, 'train': {'dp': 256, 'ep': 1, 'tp_ep': True}, 'inference': {'replica_count': 1, 'moe_dp': 1}}
4096	176.273204	nan	nan	0.005673	6.861550e+18	3.892566e+16	3.118694e+14	0.030472	True	301.228630	99.108685	{'tp': 2, 'cp': 2, 'pp': 2, 'mb': 2, 'tp_sp': True, 'train': {'dp': 512, 'ep': 1, 'tp_ep': True}, 'inference': {'replica_count': 1, 'moe_dp': 1}}
2048	346.950143	nan	nan	0.002882	6.861550e+18	1.977676e+16	3.118694e+14	0.030964	True	681.952621	107.521711	{'tp': 1, 'cp': 2, 'pp': 2, 'mb': 2, 'tp_sp': True, 'train': {'dp': 512, 'ep': 1, 'tp_ep': True}, 'inference': {'replica_count': 1, 'moe_dp': 1}}
4096	117.061579	nan	nan	0.008543	6.861550e+18	5.861488e+16	3.118694e+14	0.045885	True	675.285397	104.818624	{'tp': 2, 'cp': 2, 'pp': 1, 'mb': 1, 'tp_sp': True, 'train': {'dp': 1024, 'ep': 1, 'tp_ep': True}, 'inference': {'replica_count': 1, 'moe_dp': 1}}
4096	405.682247	nan	nan	0.002465	6.861550e+18	1.691361e+16	3.118694e+14	0.013240	True	312.749130	120.675434	{'tp': 1, 'cp': 2, 'pp': 4, 'mb': 4, 'tp_sp': True, 'train': {'dp': 512, 'ep': 1, 'tp_ep': True}, 'inference': {'replica_count': 1, 'moe_dp': 1}}
2048	230.842470	nan	nan	0.004332	6.861550e+18	2.972395e+16	3.118694e+14	0.046538	True	1430.231739	114.370692	{'tp': 1, 'cp': 2, 'pp': 1, 'mb': 1, 'tp_sp': True, 'train': {'dp': 1024, 'ep': 1, 'tp_ep': True}, 'inference': {'replica_count': 1, 'moe_dp': 1}}
128	461.940533	nan	nan	0.002165	6.861550e+18	1.485375e+16	3.118694e+14	0.372095	True	52.824585	119.047277	{'tp': 2, 'cp': 4, 'pp': 16, 'mb': 16, 'tp_sp': True, 'train': {'dp': 1, 'ep': 1, 'tp_ep': True}, 'inference': {'replica_count': 1, 'moe_dp': 1}}
256	276.299041	nan	nan	0.003619	6.861550e+18	2.483378e+16	3.118694e+14	0.311050	False	0.000000	123.838959	{'tp': 4, 'cp': 4, 'pp': 16, 'mb': 16, 'tp_sp': True, 'train': {'dp': 1, 'ep': 1, 'tp_ep': True}, 'inference': {'replica_count': 1, 'moe_dp': 1}}
4096	346.950179	nan	nan	0.002882	6.861550e+18	1.977676e+16	3.118694e+14	0.015482	True	680.845268	226.312548	{'tp': 1, 'cp': 2, 'pp': 2, 'mb': 2, 'tp_sp': True, 'train': {'dp': 1024, 'ep': 1, 'tp_ep': True}, 'inference': {'replica_count': 1, 'moe_dp': 1}}
128	465.155548	nan	nan	0.002150	6.861550e+18	1.475109e+16	3.118694e+14	0.369523	True	48.941284	198.931559	{'tp': 4, 'cp': 4, 'pp': 8, 'mb': 8, 'tp_sp': True, 'train': {'dp': 1, 'ep': 1, 'tp_ep': True}, 'inference': {'replica_count': 1, 'moe_dp': 1}}
256	280.352789	nan	nan	0.003567	6.861550e+18	2.447470e+16	3.118694e+14	0.306552	False	0.000000	213.079693	{'tp': 8, 'cp': 4, 'pp': 8, 'mb': 8, 'tp_sp': True, 'train': {'dp': 1, 'ep': 1, 'tp_ep': True}, 'inference': {'replica_count': 1, 'moe_dp': 1}}
512	183.699940	nan	nan	0.005444	6.861550e+18	3.735195e+16	3.118694e+14	0.233922	False	0.000000	181.476444	{'tp': 8, 'cp': 4, 'pp': 16, 'mb': 16, 'tp_sp': True, 'train': {'dp': 1, 'ep': 1, 'tp_ep': True}, 'inference': {'replica_count': 1, 'moe_dp': 1}}
128	442.626126	nan	nan	0.002259	6.861550e+18	1.550191e+16	3.118694e+14	0.388331	True	62.105103	78.918018	{'tp': 1, 'cp': 4, 'pp': 32, 'mb': 32, 'tp_sp': True, 'train': {'dp': 1, 'ep': 1, 'tp_ep': True}, 'inference': {'replica_count': 1, 'moe_dp': 1}}
256	265.169682	nan	nan	0.003771	6.861550e+18	2.587607e+16	3.118694e+14	0.324105	False	0.000000	92.644723	{'tp': 2, 'cp': 4, 'pp': 32, 'mb': 32, 'tp_sp': True, 'train': {'dp': 1, 'ep': 1, 'tp_ep': True}, 'inference': {'replica_count': 1, 'moe_dp': 1}}
128	453.673184	nan	nan	0.002204	6.861550e+18	1.512443e+16	3.118694e+14	0.378875	True	48.513550	335.446289	{'tp': 8, 'cp': 4, 'pp': 4, 'mb': 4, 'tp_sp': True, 'train': {'dp': 1, 'ep': 1, 'tp_ep': True}, 'inference': {'replica_count': 1, 'moe_dp': 1}}
512	176.921227	nan	nan	0.005652	6.861550e+18	3.878308e+16	3.118694e+14	0.242884	False	0.000000	126.623422	{'tp': 4, 'cp': 4, 'pp': 32, 'mb': 32, 'tp_sp': True, 'train': {'dp': 1, 'ep': 1, 'tp_ep': True}, 'inference': {'replica_count': 1, 'moe_dp': 1}}
512	187.984447	nan	nan	0.005320	6.861550e+18	3.650063e+16	3.118694e+14	0.228590	False	0.000000	320.040579	{'tp': 16, 'cp': 4, 'pp': 8, 'mb': 8, 'tp_sp': True, 'train': {'dp': 1, 'ep': 1, 'tp_ep': True}, 'inference': {'replica_count': 1, 'moe_dp': 1}}
256	278.666938	nan	nan	0.003589	6.861550e+18	2.462276e+16	3.118694e+14	0.308407	False	0.000000	377.045633	{'tp': 16, 'cp': 4, 'pp': 4, 'mb': 4, 'tp_sp': True, 'train': {'dp': 1, 'ep': 1, 'tp_ep': True}, 'inference': {'replica_count': 1, 'moe_dp': 1}}
1024	132.893328	nan	nan	0.007525	6.861550e+18	5.163201e+16	3.118694e+14	0.161676	False	0.000000	242.894226	{'tp': 8, 'cp': 4, 'pp': 32, 'mb': 32, 'tp_sp': True, 'train': {'dp': 1, 'ep': 1, 'tp_ep': True}, 'inference': {'replica_count': 1, 'moe_dp': 1}}
1024	137.416552	nan	nan	0.007277	6.861550e+18	4.993249e+16	3.118694e+14	0.156355	False	0.000000	415.683696	{'tp': 16, 'cp': 4, 'pp': 16, 'mb': 16, 'tp_sp': True, 'train': {'dp': 1, 'ep': 1, 'tp_ep': True}, 'inference': {'replica_count': 1, 'moe_dp': 1}}
128	402.245103	nan	nan	0.002486	6.861550e+18	1.705813e+16	3.118694e+14	0.427316	True	94.973511	180.139735	{'tp': 4, 'cp': 4, 'pp': 4, 'mb': 4, 'tp_sp': True, 'train': {'dp': 2, 'ep': 1, 'tp_ep': True}, 'inference': {'replica_count': 1, 'moe_dp': 1}}
128	418.649912	nan	nan	0.002389	6.861550e+18	1.638971e+16	3.118694e+14	0.410571	True	97.389038	110.693182	{'tp': 2, 'cp': 4, 'pp': 8, 'mb': 8, 'tp_sp': True, 'train': {'dp': 2, 'ep': 1, 'tp_ep': True}, 'inference': {'replica_count': 1, 'moe_dp': 1}}
256	233.075421	nan	nan	0.004290	6.861550e+18	2.943918e+16	3.118694e+14	0.368734	True	9.199158	110.980864	{'tp': 4, 'cp': 4, 'pp': 8, 'mb': 8, 'tp_sp': True, 'train': {'dp': 2, 'ep': 1, 'tp_ep': True}, 'inference': {'replica_count': 1, 'moe_dp': 1}}
128	360.134829	nan	nan	0.002777	6.861550e+18	1.905273e+16	3.118694e+14	0.477281	True	92.682007	324.840795	{'tp': 8, 'cp': 4, 'pp': 2, 'mb': 2, 'tp_sp': True, 'train': {'dp': 2, 'ep': 1, 'tp_ep': True}, 'inference': {'replica_count': 1, 'moe_dp': 1}}
256	227.073092	nan	nan	0.004404	6.861550e+18	3.021736e+16	3.118694e+14	0.378481	True	8.496033	184.467939	{'tp': 8, 'cp': 4, 'pp': 4, 'mb': 4, 'tp_sp': True, 'train': {'dp': 2, 'ep': 1, 'tp_ep': True}, 'inference': {'replica_count': 1, 'moe_dp': 1}}
256	209.114837	nan	nan	0.004782	6.861550e+18	3.281235e+16	3.118694e+14	0.410984	True	8.359558	344.189124	{'tp': 16, 'cp': 4, 'pp': 2, 'mb': 2, 'tp_sp': True, 'train': {'dp': 2, 'ep': 1, 'tp_ep': True}, 'inference': {'replica_count': 1, 'moe_dp': 1}}
512	140.509821	nan	nan	0.007117	6.861550e+18	4.883324e+16	3.118694e+14	0.305825	False	0.000000	134.644458	{'tp': 8, 'cp': 4, 'pp': 8, 'mb': 8, 'tp_sp': True, 'train': {'dp': 2, 'ep': 1, 'tp_ep': True}, 'inference': {'replica_count': 1, 'moe_dp': 1}}
512	139.518406	nan	nan	0.007168	6.861550e+18	4.918025e+16	3.118694e+14	0.307998	False	0.000000	236.190474	{'tp': 16, 'cp': 4, 'pp': 4, 'mb': 4, 'tp_sp': True, 'train': {'dp': 2, 'ep': 1, 'tp_ep': True}, 'inference': {'replica_count': 1, 'moe_dp': 1}}
128	418.720846	nan	nan	0.002388	6.861550e+18	1.638693e+16	3.118694e+14	0.410502	True	103.734009	76.039454	{'tp': 1, 'cp': 4, 'pp': 16, 'mb': 16, 'tp_sp': True, 'train': {'dp': 2, 'ep': 1, 'tp_ep': True}, 'inference': {'replica_count': 1, 'moe_dp': 1}}
256	231.684192	nan	nan	0.004316	6.861550e+18	2.961596e+16	3.118694e+14	0.370948	True	12.119324	76.548487	{'tp': 2, 'cp': 4, 'pp': 16, 'mb': 16, 'tp_sp': True, 'train': {'dp': 2, 'ep': 1, 'tp_ep': True}, 'inference': {'replica_count': 1, 'moe_dp': 1}}
512	138.671894	nan	nan	0.007211	6.861550e+18	4.948047e+16	3.118694e+14	0.309878	False	0.000000	89.973839	{'tp': 4, 'cp': 4, 'pp': 16, 'mb': 16, 'tp_sp': True, 'train': {'dp': 2, 'ep': 1, 'tp_ep': True}, 'inference': {'replica_count': 1, 'moe_dp': 1}}
256	222.991152	nan	nan	0.004484	6.861550e+18	3.077050e+16	3.118694e+14	0.385409	True	18.716614	55.369489	{'tp': 1, 'cp': 4, 'pp': 32, 'mb': 32, 'tp_sp': True, 'train': {'dp': 2, 'ep': 1, 'tp_ep': True}, 'inference': {'replica_count': 1, 'moe_dp': 1}}
512	133.652646	nan	nan	0.007482	6.861550e+18	5.133868e+16	3.118694e+14	0.321515	False	0.000000	74.264218	{'tp': 2, 'cp': 4, 'pp': 32, 'mb': 32, 'tp_sp': True, 'train': {'dp': 2, 'ep': 1, 'tp_ep': True}, 'inference': {'replica_count': 1, 'moe_dp': 1}}
1024	94.243187	nan	nan	0.010611	6.861550e+18	7.280686e+16	3.118694e+14	0.227981	False	0.000000	241.638799	{'tp': 16, 'cp': 4, 'pp': 8, 'mb': 8, 'tp_sp': True, 'train': {'dp': 2, 'ep': 1, 'tp_ep': True}, 'inference': {'replica_count': 1, 'moe_dp': 1}}
1024	92.267369	nan	nan	0.010838	6.861550e+18	7.436595e+16	3.118694e+14	0.232863	False	0.000000	137.767415	{'tp': 8, 'cp': 4, 'pp': 16, 'mb': 16, 'tp_sp': True, 'train': {'dp': 2, 'ep': 1, 'tp_ep': True}, 'inference': {'replica_count': 1, 'moe_dp': 1}}
1024	89.184904	nan	nan	0.011213	6.861550e+18	7.693623e+16	3.118694e+14	0.240912	False	0.000000	110.053613	{'tp': 4, 'cp': 4, 'pp': 32, 'mb': 32, 'tp_sp': True, 'train': {'dp': 2, 'ep': 1, 'tp_ep': True}, 'inference': {'replica_count': 1, 'moe_dp': 1}}
2048	66.977814	nan	nan	0.014930	6.861550e+18	1.024451e+17	3.118694e+14	0.160394	False	0.000000	228.366258	{'tp': 8, 'cp': 4, 'pp': 32, 'mb': 32, 'tp_sp': True, 'train': {'dp': 2, 'ep': 1, 'tp_ep': True}, 'inference': {'replica_count': 1, 'moe_dp': 1}}
256	180.296071	nan	nan	0.005546	6.861550e+18	3.805713e+16	3.118694e+14	0.476676	True	53.588074	168.394088	{'tp': 8, 'cp': 4, 'pp': 2, 'mb': 2, 'tp_sp': True, 'train': {'dp': 4, 'ep': 1, 'tp_ep': True}, 'inference': {'replica_count': 1, 'moe_dp': 1}}
128	331.459036	nan	nan	0.003017	6.861550e+18	2.070105e+16	3.118694e+14	0.518573	True	185.157593	189.807379	{'tp': 4, 'cp': 4, 'pp': 2, 'mb': 2, 'tp_sp': True, 'train': {'dp': 4, 'ep': 1, 'tp_ep': True}, 'inference': {'replica_count': 1, 'moe_dp': 1}}
512	104.741617	nan	nan	0.009547	6.861550e+18	6.550930e+16	3.118694e+14	0.410261	False	0.000000	190.182119	{'tp': 16, 'cp': 4, 'pp': 2, 'mb': 2, 'tp_sp': True, 'train': {'dp': 4, 'ep': 1, 'tp_ep': True}, 'inference': {'replica_count': 1, 'moe_dp': 1}}
2048	69.030227	nan	nan	0.014486	6.861550e+18	9.939921e+16	3.118694e+14	0.155625	False	0.000000	374.814844	{'tp': 16, 'cp': 4, 'pp': 16, 'mb': 16, 'tp_sp': True, 'train': {'dp': 2, 'ep': 1, 'tp_ep': True}, 'inference': {'replica_count': 1, 'moe_dp': 1}}
128	377.490582	nan	nan	0.002649	6.861550e+18	1.817675e+16	3.118694e+14	0.455337	True	190.921265	109.158267	{'tp': 2, 'cp': 4, 'pp': 4, 'mb': 4, 'tp_sp': True, 'train': {'dp': 4, 'ep': 1, 'tp_ep': True}, 'inference': {'replica_count': 1, 'moe_dp': 1}}
128	232.905615	nan	nan	0.004294	6.861550e+18	2.946065e+16	3.118694e+14	0.738005	True	185.830688	313.100704	{'tp': 8, 'cp': 4, 'pp': 1, 'mb': 1, 'tp_sp': True, 'train': {'dp': 4, 'ep': 1, 'tp_ep': True}, 'inference': {'replica_count': 1, 'moe_dp': 1}}
256	201.588120	nan	nan	0.004961	6.861550e+18	3.403747e+16	3.118694e+14	0.426329	True	55.965271	103.051958	{'tp': 4, 'cp': 4, 'pp': 4, 'mb': 4, 'tp_sp': True, 'train': {'dp': 4, 'ep': 1, 'tp_ep': True}, 'inference': {'replica_count': 1, 'moe_dp': 1}}
512	113.847020	nan	nan	0.008784	6.861550e+18	6.026991e+16	3.118694e+14	0.377449	False	0.000000	108.108638	{'tp': 8, 'cp': 4, 'pp': 4, 'mb': 4, 'tp_sp': True, 'train': {'dp': 4, 'ep': 1, 'tp_ep': True}, 'inference': {'replica_count': 1, 'moe_dp': 1}}
256	132.228397	nan	nan	0.007563	6.861550e+18	5.189165e+16	3.118694e+14	0.649957	True	54.933899	336.172379	{'tp': 16, 'cp': 4, 'pp': 1, 'mb': 1, 'tp_sp': True, 'train': {'dp': 4, 'ep': 1, 'tp_ep': True}, 'inference': {'replica_count': 1, 'moe_dp': 1}}
256	209.995712	nan	nan	0.004762	6.861550e+18	3.267472e+16	3.118694e+14	0.409260	True	58.151550	70.857619	{'tp': 2, 'cp': 4, 'pp': 8, 'mb': 8, 'tp_sp': True, 'train': {'dp': 4, 'ep': 1, 'tp_ep': True}, 'inference': {'replica_count': 1, 'moe_dp': 1}}
128	396.961140	nan	nan	0.002519	6.861550e+18	1.728519e+16	3.118694e+14	0.433004	True	195.798462	73.264835	{'tp': 1, 'cp': 4, 'pp': 8, 'mb': 8, 'tp_sp': True, 'train': {'dp': 4, 'ep': 1, 'tp_ep': True}, 'inference': {'replica_count': 1, 'moe_dp': 1}}
512	117.019015	nan	nan	0.008546	6.861550e+18	5.863620e+16	3.118694e+14	0.367217	False	0.000000	71.751463	{'tp': 4, 'cp': 4, 'pp': 8, 'mb': 8, 'tp_sp': True, 'train': {'dp': 4, 'ep': 1, 'tp_ep': True}, 'inference': {'replica_count': 1, 'moe_dp': 1}}
1024	69.991798	nan	nan	0.014287	6.861550e+18	9.803363e+16	3.118694e+14	0.306975	False	0.000000	156.011653	{'tp': 16, 'cp': 4, 'pp': 4, 'mb': 4, 'tp_sp': True, 'train': {'dp': 4, 'ep': 1, 'tp_ep': True}, 'inference': {'replica_count': 1, 'moe_dp': 1}}
1024	70.632299	nan	nan	0.014158	6.861550e+18	9.714465e+16	3.118694e+14	0.304191	False	0.000000	93.139391	{'tp': 8, 'cp': 4, 'pp': 8, 'mb': 8, 'tp_sp': True, 'train': {'dp': 4, 'ep': 1, 'tp_ep': True}, 'inference': {'replica_count': 1, 'moe_dp': 1}}
512	81.856838	nan	nan	0.012216	6.861550e+18	8.382379e+16	3.118694e+14	0.524958	False	0.000000	393.316951	{'tp': 32, 'cp': 4, 'pp': 1, 'mb': 1, 'tp_sp': True, 'train': {'dp': 4, 'ep': 1, 'tp_ep': True}, 'inference': {'replica_count': 1, 'moe_dp': 1}}
256	211.001414	nan	nan	0.004739	6.861550e+18	3.251898e+16	3.118694e+14	0.407309	True	63.281067	52.972750	{'tp': 1, 'cp': 4, 'pp': 16, 'mb': 16, 'tp_sp': True, 'train': {'dp': 4, 'ep': 1, 'tp_ep': True}, 'inference': {'replica_count': 1, 'moe_dp': 1}}
512	116.847910	nan	nan	0.008558	6.861550e+18	5.872206e+16	3.118694e+14	0.367755	False	0.000000	54.826415	{'tp': 2, 'cp': 4, 'pp': 16, 'mb': 16, 'tp_sp': True, 'train': {'dp': 4, 'ep': 1, 'tp_ep': True}, 'inference': {'replica_count': 1, 'moe_dp': 1}}
1024	69.983694	nan	nan	0.014289	6.861550e+18	9.804498e+16	3.118694e+14	0.307010	False	0.000000	70.685040	{'tp': 4, 'cp': 4, 'pp': 16, 'mb': 16, 'tp_sp': True, 'train': {'dp': 4, 'ep': 1, 'tp_ep': True}, 'inference': {'replica_count': 1, 'moe_dp': 1}}
512	222.944624	nan	nan	0.004485	6.861550e+18	3.077693e+16	3.118694e+14	0.192745	False	0.000000	57.399112	{'tp': 1, 'cp': 4, 'pp': 32, 'mb': 32, 'tp_sp': True, 'train': {'dp': 4, 'ep': 1, 'tp_ep': True}, 'inference': {'replica_count': 1, 'moe_dp': 1}}
1024	133.610337	nan	nan	0.007484	6.861550e+18	5.135493e+16	3.118694e+14	0.160809	False	0.000000	72.337490	{'tp': 2, 'cp': 4, 'pp': 32, 'mb': 32, 'tp_sp': True, 'train': {'dp': 4, 'ep': 1, 'tp_ep': True}, 'inference': {'replica_count': 1, 'moe_dp': 1}}
1024	66.936891	nan	nan	0.014939	6.861550e+18	1.025078e+17	3.118694e+14	0.320984	False	0.000000	327.466673	{'tp': 32, 'cp': 4, 'pp': 2, 'mb': 2, 'tp_sp': True, 'train': {'dp': 4, 'ep': 1, 'tp_ep': True}, 'inference': {'replica_count': 1, 'moe_dp': 1}}
2048	46.579859	nan	nan	0.021469	6.861550e+18	1.473072e+17	3.118694e+14	0.230633	False	0.000000	124.162977	{'tp': 8, 'cp': 4, 'pp': 16, 'mb': 16, 'tp_sp': True, 'train': {'dp': 4, 'ep': 1, 'tp_ep': True}, 'inference': {'replica_count': 1, 'moe_dp': 1}}
2048	89.144704	nan	nan	0.011218	6.861550e+18	7.697092e+16	3.118694e+14	0.120510	False	0.000000	106.905336	{'tp': 4, 'cp': 4, 'pp': 32, 'mb': 32, 'tp_sp': True, 'train': {'dp': 4, 'ep': 1, 'tp_ep': True}, 'inference': {'replica_count': 1, 'moe_dp': 1}}
2048	47.404060	nan	nan	0.021095	6.861550e+18	1.447460e+17	3.118694e+14	0.226623	False	0.000000	202.017787	{'tp': 16, 'cp': 4, 'pp': 8, 'mb': 8, 'tp_sp': True, 'train': {'dp': 4, 'ep': 1, 'tp_ep': True}, 'inference': {'replica_count': 1, 'moe_dp': 1}}
128	317.918958	nan	nan	0.003145	6.861550e+18	2.158270e+16	3.118694e+14	0.540658	True	373.136597	107.601820	{'tp': 2, 'cp': 4, 'pp': 2, 'mb': 2, 'tp_sp': True, 'train': {'dp': 8, 'ep': 1, 'tp_ep': True}, 'inference': {'replica_count': 1, 'moe_dp': 1}}
128	217.387764	nan	nan	0.004600	6.861550e+18	3.156364e+16	3.118694e+14	0.790687	True	371.821899	175.351525	{'tp': 4, 'cp': 4, 'pp': 1, 'mb': 1, 'tp_sp': True, 'train': {'dp': 8, 'ep': 1, 'tp_ep': True}, 'inference': {'replica_count': 1, 'moe_dp': 1}}
256	166.125714	nan	nan	0.006020	6.861550e+18	4.130336e+16	3.118694e+14	0.517336	True	147.072937	102.800705	{'tp': 4, 'cp': 4, 'pp': 2, 'mb': 2, 'tp_sp': True, 'train': {'dp': 8, 'ep': 1, 'tp_ep': True}, 'inference': {'replica_count': 1, 'moe_dp': 1}}
512	90.410438	nan	nan	0.011061	6.861550e+18	7.589334e+16	3.118694e+14	0.475292	True	34.041107	102.261918	{'tp': 8, 'cp': 4, 'pp': 2, 'mb': 2, 'tp_sp': True, 'train': {'dp': 8, 'ep': 1, 'tp_ep': True}, 'inference': {'replica_count': 1, 'moe_dp': 1}}
256	116.615301	nan	nan	0.008575	6.861550e+18	5.883919e+16	3.118694e+14	0.736977	True	146.920227	174.398995	{'tp': 8, 'cp': 4, 'pp': 1, 'mb': 1, 'tp_sp': True, 'train': {'dp': 8, 'ep': 1, 'tp_ep': True}, 'inference': {'replica_count': 1, 'moe_dp': 1}}
512	66.247088	nan	nan	0.015095	6.861550e+18	1.035751e+17	3.118694e+14	0.648653	True	34.469391	171.360426	{'tp': 16, 'cp': 4, 'pp': 1, 'mb': 1, 'tp_sp': True, 'train': {'dp': 8, 'ep': 1, 'tp_ep': True}, 'inference': {'replica_count': 1, 'moe_dp': 1}}
1024	52.566028	nan	nan	0.019024	6.861550e+18	1.305320e+17	3.118694e+14	0.408737	False	0.000000	120.900664	{'tp': 16, 'cp': 4, 'pp': 2, 'mb': 2, 'tp_sp': True, 'train': {'dp': 8, 'ep': 1, 'tp_ep': True}, 'inference': {'replica_count': 1, 'moe_dp': 1}}
4096	66.938668	nan	nan	0.014939	6.861550e+18	1.025050e+17	3.118694e+14	0.080244	False	0.000000	235.000533	{'tp': 8, 'cp': 4, 'pp': 32, 'mb': 32, 'tp_sp': True, 'train': {'dp': 4, 'ep': 1, 'tp_ep': True}, 'inference': {'replica_count': 1, 'moe_dp': 1}}
256	189.354873	nan	nan	0.005281	6.861550e+18	3.623646e+16	3.118694e+14	0.453872	True	152.417664	64.925497	{'tp': 2, 'cp': 4, 'pp': 4, 'mb': 4, 'tp_sp': True, 'train': {'dp': 8, 'ep': 1, 'tp_ep': True}, 'inference': {'replica_count': 1, 'moe_dp': 1}}
128	366.574184	nan	nan	0.002728	6.861550e+18	1.871804e+16	3.118694e+14	0.468897	True	384.330688	74.427072	{'tp': 1, 'cp': 4, 'pp': 4, 'mb': 4, 'tp_sp': True, 'train': {'dp': 8, 'ep': 1, 'tp_ep': True}, 'inference': {'replica_count': 1, 'moe_dp': 1}}
512	101.224943	nan	nan	0.009879	6.861550e+18	6.778517e+16	3.118694e+14	0.424514	True	36.461151	62.914679	{'tp': 4, 'cp': 4, 'pp': 4, 'mb': 4, 'tp_sp': True, 'train': {'dp': 8, 'ep': 1, 'tp_ep': True}, 'inference': {'replica_count': 1, 'moe_dp': 1}}
1024	57.256334	nan	nan	0.017465	6.861550e+18	1.198391e+17	3.118694e+14	0.375255	False	0.000000	69.805416	{'tp': 8, 'cp': 4, 'pp': 4, 'mb': 4, 'tp_sp': True, 'train': {'dp': 8, 'ep': 1, 'tp_ep': True}, 'inference': {'replica_count': 1, 'moe_dp': 1}}
256	200.041765	nan	nan	0.004999	6.861550e+18	3.430059e+16	3.118694e+14	0.429624	True	156.813293	50.707051	{'tp': 1, 'cp': 4, 'pp': 8, 'mb': 8, 'tp_sp': True, 'train': {'dp': 8, 'ep': 1, 'tp_ep': True}, 'inference': {'replica_count': 1, 'moe_dp': 1}}
1024	41.044649	nan	nan	0.024364	6.861550e+18	1.671728e+17	3.118694e+14	0.523471	False	0.000000	243.052906	{'tp': 32, 'cp': 4, 'pp': 1, 'mb': 1, 'tp_sp': True, 'train': {'dp': 8, 'ep': 1, 'tp_ep': True}, 'inference': {'replica_count': 1, 'moe_dp': 1}}
2048	48.040864	nan	nan	0.020816	6.861550e+18	1.428274e+17	3.118694e+14	0.223619	False	0.000000	441.161162	{'tp': 32, 'cp': 4, 'pp': 4, 'mb': 4, 'tp_sp': True, 'train': {'dp': 4, 'ep': 1, 'tp_ep': True}, 'inference': {'replica_count': 1, 'moe_dp': 1}}
512	105.929183	nan	nan	0.009440	6.861550e+18	6.477488e+16	3.118694e+14	0.405662	True	38.532806	48.025773	{'tp': 2, 'cp': 4, 'pp': 8, 'mb': 8, 'tp_sp': True, 'train': {'dp': 8, 'ep': 1, 'tp_ep': True}, 'inference': {'replica_count': 1, 'moe_dp': 1}}
1024	59.085420	nan	nan	0.016925	6.861550e+18	1.161293e+17	3.118694e+14	0.363638	False	0.000000	52.201681	{'tp': 4, 'cp': 4, 'pp': 8, 'mb': 8, 'tp_sp': True, 'train': {'dp': 8, 'ep': 1, 'tp_ep': True}, 'inference': {'replica_count': 1, 'moe_dp': 1}}
2048	35.238960	nan	nan	0.028378	6.861550e+18	1.947149e+17	3.118694e+14	0.304857	False	0.000000	117.626683	{'tp': 16, 'cp': 4, 'pp': 4, 'mb': 4, 'tp_sp': True, 'train': {'dp': 8, 'ep': 1, 'tp_ep': True}, 'inference': {'replica_count': 1, 'moe_dp': 1}}
512	211.007385	nan	nan	0.004739	6.861550e+18	3.251806e+16	3.118694e+14	0.203649	True	44.000793	53.604110	{'tp': 1, 'cp': 4, 'pp': 16, 'mb': 16, 'tp_sp': True, 'train': {'dp': 8, 'ep': 1, 'tp_ep': True}, 'inference': {'replica_count': 1, 'moe_dp': 1}}
2048	35.691824	nan	nan	0.028018	6.861550e+18	1.922443e+17	3.118694e+14	0.300989	False	0.000000	74.170760	{'tp': 8, 'cp': 4, 'pp': 8, 'mb': 8, 'tp_sp': True, 'train': {'dp': 8, 'ep': 1, 'tp_ep': True}, 'inference': {'replica_count': 1, 'moe_dp': 1}}
4096	34.859024	nan	nan	0.028687	6.861550e+18	1.968371e+17	3.118694e+14	0.154090	False	0.000000	367.832861	{'tp': 16, 'cp': 4, 'pp': 16, 'mb': 16, 'tp_sp': True, 'train': {'dp': 4, 'ep': 1, 'tp_ep': True}, 'inference': {'replica_count': 1, 'moe_dp': 1}}
1024	116.853402	nan	nan	0.008558	6.861550e+18	5.871930e+16	3.118694e+14	0.183869	False	0.000000	56.077812	{'tp': 2, 'cp': 4, 'pp': 16, 'mb': 16, 'tp_sp': True, 'train': {'dp': 8, 'ep': 1, 'tp_ep': True}, 'inference': {'replica_count': 1, 'moe_dp': 1}}
2048	69.988946	nan	nan	0.014288	6.861550e+18	9.803763e+16	3.118694e+14	0.153494	False	0.000000	70.045120	{'tp': 4, 'cp': 4, 'pp': 16, 'mb': 16, 'tp_sp': True, 'train': {'dp': 8, 'ep': 1, 'tp_ep': True}, 'inference': {'replica_count': 1, 'moe_dp': 1}}
1024	222.909709	nan	nan	0.004486	6.861550e+18	3.078175e+16	3.118694e+14	0.096387	False	0.000000	59.355543	{'tp': 1, 'cp': 4, 'pp': 32, 'mb': 32, 'tp_sp': True, 'train': {'dp': 8, 'ep': 1, 'tp_ep': True}, 'inference': {'replica_count': 1, 'moe_dp': 1}}
2048	133.578656	nan	nan	0.007486	6.861550e+18	5.136711e+16	3.118694e+14	0.080423	False	0.000000	72.841814	{'tp': 2, 'cp': 4, 'pp': 32, 'mb': 32, 'tp_sp': True, 'train': {'dp': 8, 'ep': 1, 'tp_ep': True}, 'inference': {'replica_count': 1, 'moe_dp': 1}}
4096	46.584992	nan	nan	0.021466	6.861550e+18	1.472910e+17	3.118694e+14	0.115304	False	0.000000	125.584324	{'tp': 8, 'cp': 4, 'pp': 16, 'mb': 16, 'tp_sp': True, 'train': {'dp': 8, 'ep': 1, 'tp_ep': True}, 'inference': {'replica_count': 1, 'moe_dp': 1}}
256	108.955826	nan	nan	0.009178	6.861550e+18	6.297552e+16	3.118694e+14	0.788786	True	333.920715	95.991640	{'tp': 4, 'cp': 4, 'pp': 1, 'mb': 1, 'tp_sp': True, 'train': {'dp': 16, 'ep': 1, 'tp_ep': True}, 'inference': {'replica_count': 1, 'moe_dp': 1}}
2048	33.623695	nan	nan	0.029741	6.861550e+18	2.040689e+17	3.118694e+14	0.319502	False	0.000000	263.876757	{'tp': 32, 'cp': 4, 'pp': 2, 'mb': 2, 'tp_sp': True, 'train': {'dp': 8, 'ep': 1, 'tp_ep': True}, 'inference': {'replica_count': 1, 'moe_dp': 1}}
4096	89.114641	nan	nan	0.011222	6.861550e+18	7.699689e+16	3.118694e+14	0.060275	False	0.000000	110.229764	{'tp': 4, 'cp': 4, 'pp': 32, 'mb': 32, 'tp_sp': True, 'train': {'dp': 8, 'ep': 1, 'tp_ep': True}, 'inference': {'replica_count': 1, 'moe_dp': 1}}
512	58.480517	nan	nan	0.017100	6.861550e+18	1.173305e+17	3.118694e+14	0.734798	True	127.464996	92.579684	{'tp': 8, 'cp': 4, 'pp': 1, 'mb': 1, 'tp_sp': True, 'train': {'dp': 16, 'ep': 1, 'tp_ep': True}, 'inference': {'replica_count': 1, 'moe_dp': 1}}
128	210.148237	nan	nan	0.004759	6.861550e+18	3.265100e+16	3.118694e+14	0.817925	True	746.832153	106.849800	{'tp': 2, 'cp': 4, 'pp': 1, 'mb': 1, 'tp_sp': True, 'train': {'dp': 16, 'ep': 1, 'tp_ep': True}, 'inference': {'replica_count': 1, 'moe_dp': 1}}
4096	23.976095	nan	nan	0.041708	6.861550e+18	2.861830e+17	3.118694e+14	0.224032	False	0.000000	179.898401	{'tp': 16, 'cp': 4, 'pp': 8, 'mb': 8, 'tp_sp': True, 'train': {'dp': 8, 'ep': 1, 'tp_ep': True}, 'inference': {'replica_count': 1, 'moe_dp': 1}}
256	159.461490	nan	nan	0.006271	6.861550e+18	4.302951e+16	3.118694e+14	0.538956	True	335.556580	64.946916	{'tp': 2, 'cp': 4, 'pp': 2, 'mb': 2, 'tp_sp': True, 'train': {'dp': 16, 'ep': 1, 'tp_ep': True}, 'inference': {'replica_count': 1, 'moe_dp': 1}}
128	312.389078	nan	nan	0.003201	6.861550e+18	2.196476e+16	3.118694e+14	0.550229	True	750.608521	75.444336	{'tp': 1, 'cp': 4, 'pp': 2, 'mb': 2, 'tp_sp': True, 'train': {'dp': 16, 'ep': 1, 'tp_ep': True}, 'inference': {'replica_count': 1, 'moe_dp': 1}}
1024	33.251682	nan	nan	0.030074	6.861550e+18	2.063520e+17	3.118694e+14	0.646154	True	24.237137	105.230782	{'tp': 16, 'cp': 4, 'pp': 1, 'mb': 1, 'tp_sp': True, 'train': {'dp': 16, 'ep': 1, 'tp_ep': True}, 'inference': {'replica_count': 1, 'moe_dp': 1}}
512	95.497667	nan	nan	0.010471	6.861550e+18	7.185045e+16	3.118694e+14	0.449973	True	133.165863	43.280160	{'tp': 2, 'cp': 4, 'pp': 4, 'mb': 4, 'tp_sp': True, 'train': {'dp': 16, 'ep': 1, 'tp_ep': True}, 'inference': {'replica_count': 1, 'moe_dp': 1}}
256	184.699236	nan	nan	0.005414	6.861550e+18	3.714986e+16	3.118694e+14	0.465312	True	346.079407	49.620195	{'tp': 1, 'cp': 4, 'pp': 4, 'mb': 4, 'tp_sp': True, 'train': {'dp': 16, 'ep': 1, 'tp_ep': True}, 'inference': {'replica_count': 1, 'moe_dp': 1}}
512	83.411703	nan	nan	0.011989	6.861550e+18	8.226124e+16	3.118694e+14	0.515172	True	128.030609	60.214270	{'tp': 4, 'cp': 4, 'pp': 2, 'mb': 2, 'tp_sp': True, 'train': {'dp': 16, 'ep': 1, 'tp_ep': True}, 'inference': {'replica_count': 1, 'moe_dp': 1}}
1024	51.098367	nan	nan	0.019570	6.861550e+18	1.342812e+17	3.118694e+14	0.420477	True	26.709091	43.499745	{'tp': 4, 'cp': 4, 'pp': 4, 'mb': 4, 'tp_sp': True, 'train': {'dp': 16, 'ep': 1, 'tp_ep': True}, 'inference': {'replica_count': 1, 'moe_dp': 1}}
1024	45.469968	nan	nan	0.021993	6.861550e+18	1.509029e+17	3.118694e+14	0.472525	True	24.267624	61.780783	{'tp': 8, 'cp': 4, 'pp': 2, 'mb': 2, 'tp_sp': True, 'train': {'dp': 16, 'ep': 1, 'tp_ep': True}, 'inference': {'replica_count': 1, 'moe_dp': 1}}
2048	28.925538	nan	nan	0.034572	6.861550e+18	2.372143e+17	3.118694e+14	0.371397	False	0.000000	52.547337	{'tp': 8, 'cp': 4, 'pp': 4, 'mb': 4, 'tp_sp': True, 'train': {'dp': 16, 'ep': 1, 'tp_ep': True}, 'inference': {'replica_count': 1, 'moe_dp': 1}}
512	200.043782	nan	nan	0.004999	6.861550e+18	3.430024e+16	3.118694e+14	0.214810	True	138.266907	50.910225	{'tp': 1, 'cp': 4, 'pp': 8, 'mb': 8, 'tp_sp': True, 'train': {'dp': 16, 'ep': 1, 'tp_ep': True}, 'inference': {'replica_count': 1, 'moe_dp': 1}}
2048	26.470561	nan	nan	0.037778	6.861550e+18	2.592144e+17	3.118694e+14	0.405841	False	0.000000	82.448868	{'tp': 16, 'cp': 4, 'pp': 2, 'mb': 2, 'tp_sp': True, 'train': {'dp': 16, 'ep': 1, 'tp_ep': True}, 'inference': {'replica_count': 1, 'moe_dp': 1}}
1024	105.931915	nan	nan	0.009440	6.861550e+18	6.477321e+16	3.118694e+14	0.202826	True	29.259613	48.710144	{'tp': 2, 'cp': 4, 'pp': 8, 'mb': 8, 'tp_sp': True, 'train': {'dp': 16, 'ep': 1, 'tp_ep': True}, 'inference': {'replica_count': 1, 'moe_dp': 1}}
2048	59.088028	nan	nan	0.016924	6.861550e+18	1.161242e+17	3.118694e+14	0.181811	False	0.000000	51.063922	{'tp': 4, 'cp': 4, 'pp': 8, 'mb': 8, 'tp_sp': True, 'train': {'dp': 16, 'ep': 1, 'tp_ep': True}, 'inference': {'replica_count': 1, 'moe_dp': 1}}
2048	20.623846	nan	nan	0.048488	6.861550e+18	3.326998e+17	3.118694e+14	0.520895	False	0.000000	179.703995	{'tp': 32, 'cp': 4, 'pp': 1, 'mb': 1, 'tp_sp': True, 'train': {'dp': 16, 'ep': 1, 'tp_ep': True}, 'inference': {'replica_count': 1, 'moe_dp': 1}}
1024	211.001414	nan	nan	0.004739	6.861550e+18	3.251898e+16	3.118694e+14	0.101827	True	34.360657	55.620326	{'tp': 1, 'cp': 4, 'pp': 16, 'mb': 16, 'tp_sp': True, 'train': {'dp': 16, 'ep': 1, 'tp_ep': True}, 'inference': {'replica_count': 1, 'moe_dp': 1}}
2048	116.847910	nan	nan	0.008558	6.861550e+18	5.872206e+16	3.118694e+14	0.091939	False	0.000000	57.720228	{'tp': 2, 'cp': 4, 'pp': 16, 'mb': 16, 'tp_sp': True, 'train': {'dp': 16, 'ep': 1, 'tp_ep': True}, 'inference': {'replica_count': 1, 'moe_dp': 1}}
4096	17.821172	nan	nan	0.056113	6.861550e+18	3.850224e+17	3.118694e+14	0.301407	False	0.000000	103.416022	{'tp': 16, 'cp': 4, 'pp': 4, 'mb': 4, 'tp_sp': True, 'train': {'dp': 16, 'ep': 1, 'tp_ep': True}, 'inference': {'replica_count': 1, 'moe_dp': 1}}
4096	35.694369	nan	nan	0.028016	6.861550e+18	1.922306e+17	3.118694e+14	0.150484	False	0.000000	75.177619	{'tp': 8, 'cp': 4, 'pp': 8, 'mb': 8, 'tp_sp': True, 'train': {'dp': 16, 'ep': 1, 'tp_ep': True}, 'inference': {'replica_count': 1, 'moe_dp': 1}}
2048	222.873409	nan	nan	0.004487	6.861550e+18	3.078676e+16	3.118694e+14	0.048202	False	0.000000	63.279639	{'tp': 1, 'cp': 4, 'pp': 32, 'mb': 32, 'tp_sp': True, 'train': {'dp': 16, 'ep': 1, 'tp_ep': True}, 'inference': {'replica_count': 1, 'moe_dp': 1}}
4096	69.983694	nan	nan	0.014289	6.861550e+18	9.804498e+16	3.118694e+14	0.076753	False	0.000000	72.048149	{'tp': 4, 'cp': 4, 'pp': 16, 'mb': 16, 'tp_sp': True, 'train': {'dp': 16, 'ep': 1, 'tp_ep': True}, 'inference': {'replica_count': 1, 'moe_dp': 1}}
4096	133.545744	nan	nan	0.007488	6.861550e+18	5.137977e+16	3.118694e+14	0.040222	False	0.000000	78.643627	{'tp': 2, 'cp': 4, 'pp': 32, 'mb': 32, 'tp_sp': True, 'train': {'dp': 16, 'ep': 1, 'tp_ep': True}, 'inference': {'replica_count': 1, 'moe_dp': 1}}
128	207.354941	nan	nan	0.004823	6.861550e+18	3.309084e+16	3.118694e+14	0.828944	True	1498.532162	73.087340	{'tp': 1, 'cp': 4, 'pp': 1, 'mb': 1, 'tp_sp': True, 'train': {'dp': 32, 'ep': 1, 'tp_ep': True}, 'inference': {'replica_count': 1, 'moe_dp': 1}}
512	54.708732	nan	nan	0.018279	6.861550e+18	1.254197e+17	3.118694e+14	0.785458	True	314.970123	57.823453	{'tp': 4, 'cp': 4, 'pp': 1, 'mb': 1, 'tp_sp': True, 'train': {'dp': 32, 'ep': 1, 'tp_ep': True}, 'inference': {'replica_count': 1, 'moe_dp': 1}}
256	105.406798	nan	nan	0.009487	6.861550e+18	6.509590e+16	3.118694e+14	0.815344	True	709.435608	62.399616	{'tp': 2, 'cp': 4, 'pp': 1, 'mb': 1, 'tp_sp': True, 'train': {'dp': 32, 'ep': 1, 'tp_ep': True}, 'inference': {'replica_count': 1, 'moe_dp': 1}}
1024	29.415137	nan	nan	0.033996	6.861550e+18	2.332660e+17	3.118694e+14	0.730430	True	117.737381	57.444427	{'tp': 8, 'cp': 4, 'pp': 1, 'mb': 1, 'tp_sp': True, 'train': {'dp': 32, 'ep': 1, 'tp_ep': True}, 'inference': {'replica_count': 1, 'moe_dp': 1}}
256	157.386560	nan	nan	0.006354	6.861550e+18	4.359680e+16	3.118694e+14	0.546062	True	713.280823	51.020533	{'tp': 1, 'cp': 4, 'pp': 2, 'mb': 2, 'tp_sp': True, 'train': {'dp': 32, 'ep': 1, 'tp_ep': True}, 'inference': {'replica_count': 1, 'moe_dp': 1}}
1024	42.101762	nan	nan	0.023752	6.861550e+18	1.629754e+17	3.118694e+14	0.510328	True	118.509445	39.340802	{'tp': 4, 'cp': 4, 'pp': 2, 'mb': 2, 'tp_sp': True, 'train': {'dp': 32, 'ep': 1, 'tp_ep': True}, 'inference': {'replica_count': 1, 'moe_dp': 1}}
512	80.414107	nan	nan	0.012436	6.861550e+18	8.532769e+16	3.118694e+14	0.534376	True	316.766571	42.881670	{'tp': 2, 'cp': 4, 'pp': 2, 'mb': 2, 'tp_sp': True, 'train': {'dp': 32, 'ep': 1, 'tp_ep': True}, 'inference': {'replica_count': 1, 'moe_dp': 1}}
2048	16.749314	nan	nan	0.059704	6.861550e+18	4.096616e+17	3.118694e+14	0.641390	True	19.121010	65.910484	{'tp': 16, 'cp': 4, 'pp': 1, 'mb': 1, 'tp_sp': True, 'train': {'dp': 32, 'ep': 1, 'tp_ep': True}, 'inference': {'replica_count': 1, 'moe_dp': 1}}
2048	22.968740	nan	nan	0.043537	6.861550e+18	2.987343e+17	3.118694e+14	0.467716	True	19.380882	42.265988	{'tp': 8, 'cp': 4, 'pp': 2, 'mb': 2, 'tp_sp': True, 'train': {'dp': 32, 'ep': 1, 'tp_ep': True}, 'inference': {'replica_count': 1, 'moe_dp': 1}}
2048	51.099063	nan	nan	0.019570	6.861550e+18	1.342794e+17	3.118694e+14	0.210236	True	22.164230	44.366190	{'tp': 4, 'cp': 4, 'pp': 4, 'mb': 4, 'tp_sp': True, 'train': {'dp': 32, 'ep': 1, 'tp_ep': True}, 'inference': {'replica_count': 1, 'moe_dp': 1}}
512	184.700026	nan	nan	0.005414	6.861550e+18	3.714970e+16	3.118694e+14	0.232655	True	327.899963	52.213366	{'tp': 1, 'cp': 4, 'pp': 4, 'mb': 4, 'tp_sp': True, 'train': {'dp': 32, 'ep': 1, 'tp_ep': True}, 'inference': {'replica_count': 1, 'moe_dp': 1}}
1024	95.498395	nan	nan	0.010471	6.861550e+18	7.184990e+16	3.118694e+14	0.224985	True	124.076141	45.073217	{'tp': 2, 'cp': 4, 'pp': 4, 'mb': 4, 'tp_sp': True, 'train': {'dp': 32, 'ep': 1, 'tp_ep': True}, 'inference': {'replica_count': 1, 'moe_dp': 1}}
4096	24.222280	nan	nan	0.041284	6.861550e+18	2.832743e+17	3.118694e+14	0.221756	False	0.000000	424.390791	{'tp': 32, 'cp': 4, 'pp': 4, 'mb': 4, 'tp_sp': True, 'train': {'dp': 8, 'ep': 1, 'tp_ep': True}, 'inference': {'replica_count': 1, 'moe_dp': 1}}
4096	13.386733	nan	nan	0.074701	6.861550e+18	5.125634e+17	3.118694e+14	0.401250	False	0.000000	65.249848	{'tp': 16, 'cp': 4, 'pp': 2, 'mb': 2, 'tp_sp': True, 'train': {'dp': 32, 'ep': 1, 'tp_ep': True}, 'inference': {'replica_count': 1, 'moe_dp': 1}}
2048	105.930504	nan	nan	0.009440	6.861550e+18	6.477407e+16	3.118694e+14	0.101414	True	24.623016	50.490135	{'tp': 2, 'cp': 4, 'pp': 8, 'mb': 8, 'tp_sp': True, 'train': {'dp': 32, 'ep': 1, 'tp_ep': True}, 'inference': {'replica_count': 1, 'moe_dp': 1}}
4096	28.926219	nan	nan	0.034571	6.861550e+18	2.372087e+17	3.118694e+14	0.185694	False	0.000000	54.181618	{'tp': 8, 'cp': 4, 'pp': 4, 'mb': 4, 'tp_sp': True, 'train': {'dp': 32, 'ep': 1, 'tp_ep': True}, 'inference': {'replica_count': 1, 'moe_dp': 1}}
1024	200.043211	nan	nan	0.004999	6.861550e+18	3.430034e+16	3.118694e+14	0.107405	True	128.993713	53.295741	{'tp': 1, 'cp': 4, 'pp': 8, 'mb': 8, 'tp_sp': True, 'train': {'dp': 32, 'ep': 1, 'tp_ep': True}, 'inference': {'replica_count': 1, 'moe_dp': 1}}
4096	59.086679	nan	nan	0.016924	6.861550e+18	1.161269e+17	3.118694e+14	0.090908	False	0.000000	52.712812	{'tp': 4, 'cp': 4, 'pp': 8, 'mb': 8, 'tp_sp': True, 'train': {'dp': 32, 'ep': 1, 'tp_ep': True}, 'inference': {'replica_count': 1, 'moe_dp': 1}}
4096	16.963959	nan	nan	0.058949	6.861550e+18	4.044781e+17	3.118694e+14	0.316637	False	0.000000	225.995941	{'tp': 32, 'cp': 4, 'pp': 2, 'mb': 2, 'tp_sp': True, 'train': {'dp': 16, 'ep': 1, 'tp_ep': True}, 'inference': {'replica_count': 1, 'moe_dp': 1}}
2048	211.001414	nan	nan	0.004739	6.861550e+18	3.251898e+16	3.118694e+14	0.050914	True	29.540588	58.282977	{'tp': 1, 'cp': 4, 'pp': 16, 'mb': 16, 'tp_sp': True, 'train': {'dp': 32, 'ep': 1, 'tp_ep': True}, 'inference': {'replica_count': 1, 'moe_dp': 1}}
4096	116.847910	nan	nan	0.008558	6.861550e+18	5.872206e+16	3.118694e+14	0.045969	False	0.000000	60.495276	{'tp': 2, 'cp': 4, 'pp': 16, 'mb': 16, 'tp_sp': True, 'train': {'dp': 32, 'ep': 1, 'tp_ep': True}, 'inference': {'replica_count': 1, 'moe_dp': 1}}
1024	27.616612	nan	nan	0.036210	6.861550e+18	2.484573e+17	3.118694e+14	0.777999	True	305.494827	37.517153	{'tp': 4, 'cp': 4, 'pp': 1, 'mb': 1, 'tp_sp': True, 'train': {'dp': 64, 'ep': 1, 'tp_ep': True}, 'inference': {'replica_count': 1, 'moe_dp': 1}}
512	53.157031	nan	nan	0.018812	6.861550e+18	1.290808e+17	3.118694e+14	0.808386	True	690.737335	41.539282	{'tp': 2, 'cp': 4, 'pp': 1, 'mb': 1, 'tp_sp': True, 'train': {'dp': 64, 'ep': 1, 'tp_ep': True}, 'inference': {'replica_count': 1, 'moe_dp': 1}}
2048	14.861836	nan	nan	0.067286	6.861550e+18	4.616892e+17	3.118694e+14	0.722848	True	112.873573	38.151831	{'tp': 8, 'cp': 4, 'pp': 1, 'mb': 1, 'tp_sp': True, 'train': {'dp': 64, 'ep': 1, 'tp_ep': True}, 'inference': {'replica_count': 1, 'moe_dp': 1}}
4096	10.411803	nan	nan	0.096045	6.861550e+18	6.590165e+17	3.118694e+14	0.515898	False	0.000000	137.978832	{'tp': 32, 'cp': 4, 'pp': 1, 'mb': 1, 'tp_sp': True, 'train': {'dp': 32, 'ep': 1, 'tp_ep': True}, 'inference': {'replica_count': 1, 'moe_dp': 1}}
256	104.469709	nan	nan	0.009572	6.861550e+18	6.567980e+16	3.118694e+14	0.822658	True	1461.305143	51.298392	{'tp': 1, 'cp': 4, 'pp': 1, 'mb': 1, 'tp_sp': True, 'train': {'dp': 64, 'ep': 1, 'tp_ep': True}, 'inference': {'replica_count': 1, 'moe_dp': 1}}
4096	222.850804	nan	nan	0.004487	6.861550e+18	3.078988e+16	3.118694e+14	0.024103	False	0.000000	70.423889	{'tp': 1, 'cp': 4, 'pp': 32, 'mb': 32, 'tp_sp': True, 'train': {'dp': 32, 'ep': 1, 'tp_ep': True}, 'inference': {'replica_count': 1, 'moe_dp': 1}}
4096	8.474118	nan	nan	0.118006	6.861550e+18	8.097067e+17	3.118694e+14	0.633862	True	16.562946	48.184844	{'tp': 16, 'cp': 4, 'pp': 1, 'mb': 1, 'tp_sp': True, 'train': {'dp': 64, 'ep': 1, 'tp_ep': True}, 'inference': {'replica_count': 1, 'moe_dp': 1}}
2048	42.101955	nan	nan	0.023752	6.861550e+18	1.629746e+17	3.118694e+14	0.255163	True	114.080032	40.283309	{'tp': 4, 'cp': 4, 'pp': 2, 'mb': 2, 'tp_sp': True, 'train': {'dp': 64, 'ep': 1, 'tp_ep': True}, 'inference': {'replica_count': 1, 'moe_dp': 1}}
1024	80.414307	nan	nan	0.012436	6.861550e+18	8.532748e+16	3.118694e+14	0.267188	True	307.907745	43.170137	{'tp': 2, 'cp': 4, 'pp': 2, 'mb': 2, 'tp_sp': True, 'train': {'dp': 64, 'ep': 1, 'tp_ep': True}, 'inference': {'replica_count': 1, 'moe_dp': 1}}
4096	22.968928	nan	nan	0.043537	6.861550e+18	2.987318e+17	3.118694e+14	0.233856	True	17.166176	42.317707	{'tp': 8, 'cp': 4, 'pp': 2, 'mb': 2, 'tp_sp': True, 'train': {'dp': 64, 'ep': 1, 'tp_ep': True}, 'inference': {'replica_count': 1, 'moe_dp': 1}}
512	157.386776	nan	nan	0.006354	6.861550e+18	4.359674e+16	3.118694e+14	0.273031	True	695.563171	51.430514	{'tp': 1, 'cp': 4, 'pp': 2, 'mb': 2, 'tp_sp': True, 'train': {'dp': 64, 'ep': 1, 'tp_ep': True}, 'inference': {'replica_count': 1, 'moe_dp': 1}}
1024	184.699606	nan	nan	0.005414	6.861550e+18	3.714978e+16	3.118694e+14	0.116328	True	318.810242	53.488330	{'tp': 1, 'cp': 4, 'pp': 4, 'mb': 4, 'tp_sp': True, 'train': {'dp': 64, 'ep': 1, 'tp_ep': True}, 'inference': {'replica_count': 1, 'moe_dp': 1}}
2048	95.498006	nan	nan	0.010471	6.861550e+18	7.185019e+16	3.118694e+14	0.112493	True	119.531281	46.749515	{'tp': 2, 'cp': 4, 'pp': 4, 'mb': 4, 'tp_sp': True, 'train': {'dp': 64, 'ep': 1, 'tp_ep': True}, 'inference': {'replica_count': 1, 'moe_dp': 1}}
4096	51.098690	nan	nan	0.019570	6.861550e+18	1.342804e+17	3.118694e+14	0.105119	True	19.891800	46.759076	{'tp': 4, 'cp': 4, 'pp': 4, 'mb': 4, 'tp_sp': True, 'train': {'dp': 64, 'ep': 1, 'tp_ep': True}, 'inference': {'replica_count': 1, 'moe_dp': 1}}
2048	27.616643	nan	nan	0.036210	6.861550e+18	2.484571e+17	3.118694e+14	0.388999	True	301.088348	40.214169	{'tp': 4, 'cp': 4, 'pp': 1, 'mb': 1, 'tp_sp': True, 'train': {'dp': 128, 'ep': 1, 'tp_ep': True}, 'inference': {'replica_count': 1, 'moe_dp': 1}}
2048	200.041806	nan	nan	0.004999	6.861550e+18	3.430058e+16	3.118694e+14	0.053703	True	124.357117	57.234403	{'tp': 1, 'cp': 4, 'pp': 8, 'mb': 8, 'tp_sp': True, 'train': {'dp': 64, 'ep': 1, 'tp_ep': True}, 'inference': {'replica_count': 1, 'moe_dp': 1}}
4096	105.929264	nan	nan	0.009440	6.861550e+18	6.477483e+16	3.118694e+14	0.050708	True	22.304718	53.768558	{'tp': 2, 'cp': 4, 'pp': 8, 'mb': 8, 'tp_sp': True, 'train': {'dp': 64, 'ep': 1, 'tp_ep': True}, 'inference': {'replica_count': 1, 'moe_dp': 1}}
1024	53.157061	nan	nan	0.018812	6.861550e+18	1.290807e+17	3.118694e+14	0.404193	True	681.924377	44.546672	{'tp': 2, 'cp': 4, 'pp': 1, 'mb': 1, 'tp_sp': True, 'train': {'dp': 128, 'ep': 1, 'tp_ep': True}, 'inference': {'replica_count': 1, 'moe_dp': 1}}
4096	14.861867	nan	nan	0.067286	6.861550e+18	4.616883e+17	3.118694e+14	0.361423	True	110.670334	40.719589	{'tp': 8, 'cp': 4, 'pp': 1, 'mb': 1, 'tp_sp': True, 'train': {'dp': 128, 'ep': 1, 'tp_ep': True}, 'inference': {'replica_count': 1, 'moe_dp': 1}}
512	104.469725	nan	nan	0.009572	6.861550e+18	6.567980e+16	3.118694e+14	0.411329	True	1443.679228	53.468063	{'tp': 1, 'cp': 4, 'pp': 1, 'mb': 1, 'tp_sp': True, 'train': {'dp': 128, 'ep': 1, 'tp_ep': True}, 'inference': {'replica_count': 1, 'moe_dp': 1}}
4096	42.101929	nan	nan	0.023752	6.861550e+18	1.629747e+17	3.118694e+14	0.127581	True	111.865326	46.027063	{'tp': 4, 'cp': 4, 'pp': 2, 'mb': 2, 'tp_sp': True, 'train': {'dp': 128, 'ep': 1, 'tp_ep': True}, 'inference': {'replica_count': 1, 'moe_dp': 1}}
2048	80.414280	nan	nan	0.012436	6.861550e+18	8.532751e+16	3.118694e+14	0.133594	True	303.478333	46.846728	{'tp': 2, 'cp': 4, 'pp': 2, 'mb': 2, 'tp_sp': True, 'train': {'dp': 128, 'ep': 1, 'tp_ep': True}, 'inference': {'replica_count': 1, 'moe_dp': 1}}
4096	211.001414	nan	nan	0.004739	6.861550e+18	3.251898e+16	3.118694e+14	0.025457	True	27.130554	65.859497	{'tp': 1, 'cp': 4, 'pp': 16, 'mb': 16, 'tp_sp': True, 'train': {'dp': 64, 'ep': 1, 'tp_ep': True}, 'inference': {'replica_count': 1, 'moe_dp': 1}}
1024	157.386744	nan	nan	0.006354	6.861550e+18	4.359675e+16	3.118694e+14	0.136515	True	686.704346	55.381509	{'tp': 1, 'cp': 4, 'pp': 2, 'mb': 2, 'tp_sp': True, 'train': {'dp': 128, 'ep': 1, 'tp_ep': True}, 'inference': {'replica_count': 1, 'moe_dp': 1}}
2048	184.699424	nan	nan	0.005414	6.861550e+18	3.714982e+16	3.118694e+14	0.058164	True	314.265381	57.151339	{'tp': 1, 'cp': 4, 'pp': 4, 'mb': 4, 'tp_sp': True, 'train': {'dp': 128, 'ep': 1, 'tp_ep': True}, 'inference': {'replica_count': 1, 'moe_dp': 1}}
4096	95.497869	nan	nan	0.010471	6.861550e+18	7.185030e+16	3.118694e+14	0.056247	True	117.258850	50.551874	{'tp': 2, 'cp': 4, 'pp': 4, 'mb': 4, 'tp_sp': True, 'train': {'dp': 128, 'ep': 1, 'tp_ep': True}, 'inference': {'replica_count': 1, 'moe_dp': 1}}
1024	104.469725	nan	nan	0.009572	6.861550e+18	6.567979e+16	3.118694e+14	0.205664	True	1434.866270	58.330620	{'tp': 1, 'cp': 4, 'pp': 1, 'mb': 1, 'tp_sp': True, 'train': {'dp': 256, 'ep': 1, 'tp_ep': True}, 'inference': {'replica_count': 1, 'moe_dp': 1}}
4096	27.616643	nan	nan	0.036210	6.861550e+18	2.484571e+17	3.118694e+14	0.194500	True	298.885109	47.719992	{'tp': 4, 'cp': 4, 'pp': 1, 'mb': 1, 'tp_sp': True, 'train': {'dp': 256, 'ep': 1, 'tp_ep': True}, 'inference': {'replica_count': 1, 'moe_dp': 1}}
2048	53.157047	nan	nan	0.018812	6.861550e+18	1.290807e+17	3.118694e+14	0.202096	True	677.517899	50.050092	{'tp': 2, 'cp': 4, 'pp': 1, 'mb': 1, 'tp_sp': True, 'train': {'dp': 256, 'ep': 1, 'tp_ep': True}, 'inference': {'replica_count': 1, 'moe_dp': 1}}
4096	200.041471	nan	nan	0.004999	6.861550e+18	3.430064e+16	3.118694e+14	0.026852	True	122.038818	65.563021	{'tp': 1, 'cp': 4, 'pp': 8, 'mb': 8, 'tp_sp': True, 'train': {'dp': 128, 'ep': 1, 'tp_ep': True}, 'inference': {'replica_count': 1, 'moe_dp': 1}}
4096	80.414275	nan	nan	0.012436	6.861550e+18	8.532751e+16	3.118694e+14	0.066797	True	301.263626	58.668331	{'tp': 2, 'cp': 4, 'pp': 2, 'mb': 2, 'tp_sp': True, 'train': {'dp': 256, 'ep': 1, 'tp_ep': True}, 'inference': {'replica_count': 1, 'moe_dp': 1}}
2048	157.386710	nan	nan	0.006354	6.861550e+18	4.359676e+16	3.118694e+14	0.068258	True	682.274933	66.047228	{'tp': 1, 'cp': 4, 'pp': 2, 'mb': 2, 'tp_sp': True, 'train': {'dp': 256, 'ep': 1, 'tp_ep': True}, 'inference': {'replica_count': 1, 'moe_dp': 1}}
4096	184.699408	nan	nan	0.005414	6.861550e+18	3.714982e+16	3.118694e+14	0.029082	True	311.992950	70.916175	{'tp': 1, 'cp': 4, 'pp': 4, 'mb': 4, 'tp_sp': True, 'train': {'dp': 256, 'ep': 1, 'tp_ep': True}, 'inference': {'replica_count': 1, 'moe_dp': 1}}
4096	53.157059	nan	nan	0.018812	6.861550e+18	1.290807e+17	3.118694e+14	0.101048	True	675.314659	64.875647	{'tp': 2, 'cp': 4, 'pp': 1, 'mb': 1, 'tp_sp': True, 'train': {'dp': 512, 'ep': 1, 'tp_ep': True}, 'inference': {'replica_count': 1, 'moe_dp': 1}}
2048	104.469727	nan	nan	0.009572	6.861550e+18	6.567979e+16	3.118694e+14	0.102832	True	1430.459791	73.748561	{'tp': 1, 'cp': 4, 'pp': 1, 'mb': 1, 'tp_sp': True, 'train': {'dp': 512, 'ep': 1, 'tp_ep': True}, 'inference': {'replica_count': 1, 'moe_dp': 1}}
4096	157.386720	nan	nan	0.006354	6.861550e+18	4.359675e+16	3.118694e+14	0.034129	True	680.060226	99.462658	{'tp': 1, 'cp': 4, 'pp': 2, 'mb': 2, 'tp_sp': True, 'train': {'dp': 512, 'ep': 1, 'tp_ep': True}, 'inference': {'replica_count': 1, 'moe_dp': 1}}
4096	104.469755	nan	nan	0.009572	6.861550e+18	6.567978e+16	3.118694e+14	0.051416	True	1428.256552	109.524368	{'tp': 1, 'cp': 4, 'pp': 1, 'mb': 1, 'tp_sp': True, 'train': {'dp': 1024, 'ep': 1, 'tp_ep': True}, 'inference': {'replica_count': 1, 'moe_dp': 1}}
128	441.901322	nan	nan	0.002263	6.861550e+18	1.552734e+16	3.118694e+14	0.388968	True	180.855103	112.257644	{'tp': 1, 'cp': 8, 'pp': 16, 'mb': 16, 'tp_sp': True, 'train': {'dp': 1, 'ep': 1, 'tp_ep': True}, 'inference': {'replica_count': 1, 'moe_dp': 1}}
256	263.251026	nan	nan	0.003799	6.861550e+18	2.606467e+16	3.118694e+14	0.326467	True	50.679871	127.397810	{'tp': 2, 'cp': 8, 'pp': 16, 'mb': 16, 'tp_sp': True, 'train': {'dp': 1, 'ep': 1, 'tp_ep': True}, 'inference': {'replica_count': 1, 'moe_dp': 1}}
128	438.790614	nan	nan	0.002279	6.861550e+18	1.563741e+16	3.118694e+14	0.391726	True	171.574585	183.342824	{'tp': 2, 'cp': 8, 'pp': 8, 'mb': 8, 'tp_sp': True, 'train': {'dp': 1, 'ep': 1, 'tp_ep': True}, 'inference': {'replica_count': 1, 'moe_dp': 1}}
256	264.502618	nan	nan	0.003781	6.861550e+18	2.594133e+16	3.118694e+14	0.324922	True	46.291931	205.495707	{'tp': 4, 'cp': 8, 'pp': 8, 'mb': 8, 'tp_sp': True, 'train': {'dp': 1, 'ep': 1, 'tp_ep': True}, 'inference': {'replica_count': 1, 'moe_dp': 1}}
512	175.885335	nan	nan	0.005686	6.861550e+18	3.901150e+16	3.118694e+14	0.244315	False	0.000000	175.734952	{'tp': 4, 'cp': 8, 'pp': 16, 'mb': 16, 'tp_sp': True, 'train': {'dp': 1, 'ep': 1, 'tp_ep': True}, 'inference': {'replica_count': 1, 'moe_dp': 1}}
256	256.469409	nan	nan	0.003899	6.861550e+18	2.675387e+16	3.118694e+14	0.335100	True	60.212708	82.249721	{'tp': 1, 'cp': 8, 'pp': 32, 'mb': 32, 'tp_sp': True, 'train': {'dp': 1, 'ep': 1, 'tp_ep': True}, 'inference': {'replica_count': 1, 'moe_dp': 1}}
128	423.252919	nan	nan	0.002363	6.861550e+18	1.621147e+16	3.118694e+14	0.406106	True	167.691284	332.545140	{'tp': 4, 'cp': 8, 'pp': 4, 'mb': 4, 'tp_sp': True, 'train': {'dp': 1, 'ep': 1, 'tp_ep': True}, 'inference': {'replica_count': 1, 'moe_dp': 1}}
512	177.579345	nan	nan	0.005631	6.861550e+18	3.863935e+16	3.118694e+14	0.241984	False	0.000000	304.458348	{'tp': 8, 'cp': 8, 'pp': 8, 'mb': 8, 'tp_sp': True, 'train': {'dp': 1, 'ep': 1, 'tp_ep': True}, 'inference': {'replica_count': 1, 'moe_dp': 1}}
512	171.122625	nan	nan	0.005844	6.861550e+18	4.009727e+16	3.118694e+14	0.251115	False	0.000000	124.960513	{'tp': 2, 'cp': 8, 'pp': 32, 'mb': 32, 'tp_sp': True, 'train': {'dp': 1, 'ep': 1, 'tp_ep': True}, 'inference': {'replica_count': 1, 'moe_dp': 1}}
256	258.779184	nan	nan	0.003864	6.861550e+18	2.651508e+16	3.118694e+14	0.332109	True	44.854919	376.904646	{'tp': 8, 'cp': 8, 'pp': 4, 'mb': 4, 'tp_sp': True, 'train': {'dp': 1, 'ep': 1, 'tp_ep': True}, 'inference': {'replica_count': 1, 'moe_dp': 1}}
1024	129.340640	nan	nan	0.007732	6.861550e+18	5.305023e+16	3.118694e+14	0.166117	False	0.000000	246.667076	{'tp': 4, 'cp': 8, 'pp': 32, 'mb': 32, 'tp_sp': True, 'train': {'dp': 1, 'ep': 1, 'tp_ep': True}, 'inference': {'replica_count': 1, 'moe_dp': 1}}
1024	132.304353	nan	nan	0.007558	6.861550e+18	5.186186e+16	3.118694e+14	0.162396	False	0.000000	412.687670	{'tp': 8, 'cp': 8, 'pp': 16, 'mb': 16, 'tp_sp': True, 'train': {'dp': 1, 'ep': 1, 'tp_ep': True}, 'inference': {'replica_count': 1, 'moe_dp': 1}}
128	333.881404	nan	nan	0.002995	6.861550e+18	2.055086e+16	3.118694e+14	0.514810	True	256.028198	307.818451	{'tp': 4, 'cp': 8, 'pp': 2, 'mb': 2, 'tp_sp': True, 'train': {'dp': 2, 'ep': 1, 'tp_ep': True}, 'inference': {'replica_count': 1, 'moe_dp': 1}}
256	212.046897	nan	nan	0.004716	6.861550e+18	3.235864e+16	3.118694e+14	0.405301	True	92.324158	177.761620	{'tp': 4, 'cp': 8, 'pp': 4, 'mb': 4, 'tp_sp': True, 'train': {'dp': 2, 'ep': 1, 'tp_ep': True}, 'inference': {'replica_count': 1, 'moe_dp': 1}}
128	377.250958	nan	nan	0.002651	6.861550e+18	1.818829e+16	3.118694e+14	0.455627	True	263.639038	181.823223	{'tp': 2, 'cp': 8, 'pp': 4, 'mb': 4, 'tp_sp': True, 'train': {'dp': 2, 'ep': 1, 'tp_ep': True}, 'inference': {'replica_count': 1, 'moe_dp': 1}}
256	191.951273	nan	nan	0.005210	6.861550e+18	3.574631e+16	3.118694e+14	0.447732	True	89.023376	340.237255	{'tp': 8, 'cp': 8, 'pp': 2, 'mb': 2, 'tp_sp': True, 'train': {'dp': 2, 'ep': 1, 'tp_ep': True}, 'inference': {'replica_count': 1, 'moe_dp': 1}}
512	129.654124	nan	nan	0.007713	6.861550e+18	5.292196e+16	3.118694e+14	0.331431	True	6.666718	221.599289	{'tp': 8, 'cp': 8, 'pp': 4, 'mb': 4, 'tp_sp': True, 'train': {'dp': 2, 'ep': 1, 'tp_ep': True}, 'inference': {'replica_count': 1, 'moe_dp': 1}}
128	398.615930	nan	nan	0.002509	6.861550e+18	1.721344e+16	3.118694e+14	0.431206	True	269.984009	116.714367	{'tp': 1, 'cp': 8, 'pp': 8, 'mb': 8, 'tp_sp': True, 'train': {'dp': 2, 'ep': 1, 'tp_ep': True}, 'inference': {'replica_count': 1, 'moe_dp': 1}}
256	220.030021	nan	nan	0.004545	6.861550e+18	3.118461e+16	3.118694e+14	0.390596	True	95.244324	112.290468	{'tp': 2, 'cp': 8, 'pp': 8, 'mb': 8, 'tp_sp': True, 'train': {'dp': 2, 'ep': 1, 'tp_ep': True}, 'inference': {'replica_count': 1, 'moe_dp': 1}}
512	132.696523	nan	nan	0.007536	6.861550e+18	5.170859e+16	3.118694e+14	0.323832	True	7.874481	128.766235	{'tp': 4, 'cp': 8, 'pp': 8, 'mb': 8, 'tp_sp': True, 'train': {'dp': 2, 'ep': 1, 'tp_ep': True}, 'inference': {'replica_count': 1, 'moe_dp': 1}}
256	222.518269	nan	nan	0.004494	6.861550e+18	3.083590e+16	3.118694e+14	0.386228	True	101.841614	74.438464	{'tp': 1, 'cp': 8, 'pp': 16, 'mb': 16, 'tp_sp': True, 'train': {'dp': 2, 'ep': 1, 'tp_ep': True}, 'inference': {'replica_count': 1, 'moe_dp': 1}}
512	132.561099	nan	nan	0.007544	6.861550e+18	5.176142e+16	3.118694e+14	0.324163	True	11.046967	91.825086	{'tp': 2, 'cp': 8, 'pp': 16, 'mb': 16, 'tp_sp': True, 'train': {'dp': 2, 'ep': 1, 'tp_ep': True}, 'inference': {'replica_count': 1, 'moe_dp': 1}}
512	129.396047	nan	nan	0.007728	6.861550e+18	5.302751e+16	3.118694e+14	0.332092	True	17.770416	58.428408	{'tp': 1, 'cp': 8, 'pp': 32, 'mb': 32, 'tp_sp': True, 'train': {'dp': 2, 'ep': 1, 'tp_ep': True}, 'inference': {'replica_count': 1, 'moe_dp': 1}}
1024	88.522783	nan	nan	0.011297	6.861550e+18	7.751169e+16	3.118694e+14	0.242714	False	0.000000	138.440011	{'tp': 4, 'cp': 8, 'pp': 16, 'mb': 16, 'tp_sp': True, 'train': {'dp': 2, 'ep': 1, 'tp_ep': True}, 'inference': {'replica_count': 1, 'moe_dp': 1}}
1024	89.131642	nan	nan	0.011219	6.861550e+18	7.698220e+16	3.118694e+14	0.241056	False	0.000000	240.615116	{'tp': 8, 'cp': 8, 'pp': 8, 'mb': 8, 'tp_sp': True, 'train': {'dp': 2, 'ep': 1, 'tp_ep': True}, 'inference': {'replica_count': 1, 'moe_dp': 1}}
1024	86.325255	nan	nan	0.011584	6.861550e+18	7.948485e+16	3.118694e+14	0.248892	False	0.000000	110.132393	{'tp': 2, 'cp': 8, 'pp': 32, 'mb': 32, 'tp_sp': True, 'train': {'dp': 2, 'ep': 1, 'tp_ep': True}, 'inference': {'replica_count': 1, 'moe_dp': 1}}
2048	65.237665	nan	nan	0.015329	6.861550e+18	1.051777e+17	3.118694e+14	0.164672	False	0.000000	236.422936	{'tp': 4, 'cp': 8, 'pp': 32, 'mb': 32, 'tp_sp': True, 'train': {'dp': 2, 'ep': 1, 'tp_ep': True}, 'inference': {'replica_count': 1, 'moe_dp': 1}}
128	309.888259	nan	nan	0.003227	6.861550e+18	2.214201e+16	3.118694e+14	0.554670	True	444.007202	181.350719	{'tp': 2, 'cp': 8, 'pp': 2, 'mb': 2, 'tp_sp': True, 'train': {'dp': 4, 'ep': 1, 'tp_ep': True}, 'inference': {'replica_count': 1, 'moe_dp': 1}}
256	167.328016	nan	nan	0.005976	6.861550e+18	4.100658e+16	3.118694e+14	0.513619	True	182.508240	165.896747	{'tp': 4, 'cp': 8, 'pp': 2, 'mb': 2, 'tp_sp': True, 'train': {'dp': 4, 'ep': 1, 'tp_ep': True}, 'inference': {'replica_count': 1, 'moe_dp': 1}}
2048	66.532500	nan	nan	0.015030	6.861550e+18	1.031308e+17	3.118694e+14	0.161468	False	0.000000	376.479087	{'tp': 8, 'cp': 8, 'pp': 16, 'mb': 16, 'tp_sp': True, 'train': {'dp': 2, 'ep': 1, 'tp_ep': True}, 'inference': {'replica_count': 1, 'moe_dp': 1}}
128	215.403581	nan	nan	0.004642	6.861550e+18	3.185439e+16	3.118694e+14	0.797970	True	442.325562	315.716976	{'tp': 4, 'cp': 8, 'pp': 1, 'mb': 1, 'tp_sp': True, 'train': {'dp': 4, 'ep': 1, 'tp_ep': True}, 'inference': {'replica_count': 1, 'moe_dp': 1}}
512	96.228485	nan	nan	0.010392	6.861550e+18	7.130477e+16	3.118694e+14	0.446556	True	51.758759	195.200889	{'tp': 8, 'cp': 8, 'pp': 2, 'mb': 2, 'tp_sp': True, 'train': {'dp': 4, 'ep': 1, 'tp_ep': True}, 'inference': {'replica_count': 1, 'moe_dp': 1}}
256	120.786145	nan	nan	0.008279	6.861550e+18	5.680743e+16	3.118694e+14	0.711529	True	182.172058	317.330551	{'tp': 8, 'cp': 8, 'pp': 1, 'mb': 1, 'tp_sp': True, 'train': {'dp': 4, 'ep': 1, 'tp_ep': True}, 'inference': {'replica_count': 1, 'moe_dp': 1}}
128	358.496118	nan	nan	0.002789	6.861550e+18	1.913982e+16	3.118694e+14	0.479463	True	457.048462	106.871698	{'tp': 1, 'cp': 8, 'pp': 4, 'mb': 4, 'tp_sp': True, 'train': {'dp': 4, 'ep': 1, 'tp_ep': True}, 'inference': {'replica_count': 1, 'moe_dp': 1}}
256	189.219799	nan	nan	0.005285	6.861550e+18	3.626233e+16	3.118694e+14	0.454196	True	188.776550	105.042736	{'tp': 2, 'cp': 8, 'pp': 4, 'mb': 4, 'tp_sp': True, 'train': {'dp': 4, 'ep': 1, 'tp_ep': True}, 'inference': {'replica_count': 1, 'moe_dp': 1}}
512	106.439306	nan	nan	0.009395	6.861550e+18	6.446444e+16	3.118694e+14	0.403717	True	54.640594	112.121647	{'tp': 4, 'cp': 8, 'pp': 4, 'mb': 4, 'tp_sp': True, 'train': {'dp': 4, 'ep': 1, 'tp_ep': True}, 'inference': {'replica_count': 1, 'moe_dp': 1}}
512	73.494942	nan	nan	0.013606	6.861550e+18	9.336085e+16	3.118694e+14	0.584685	True	52.095306	376.551502	{'tp': 16, 'cp': 8, 'pp': 1, 'mb': 1, 'tp_sp': True, 'train': {'dp': 4, 'ep': 1, 'tp_ep': True}, 'inference': {'replica_count': 1, 'moe_dp': 1}}
256	200.828187	nan	nan	0.004979	6.861550e+18	3.416627e+16	3.118694e+14	0.427942	True	193.906067	69.650638	{'tp': 1, 'cp': 8, 'pp': 8, 'mb': 8, 'tp_sp': True, 'train': {'dp': 4, 'ep': 1, 'tp_ep': True}, 'inference': {'replica_count': 1, 'moe_dp': 1}}
512	110.907419	nan	nan	0.009017	6.861550e+18	6.186737e+16	3.118694e+14	0.387453	True	57.079193	73.137864	{'tp': 2, 'cp': 8, 'pp': 8, 'mb': 8, 'tp_sp': True, 'train': {'dp': 4, 'ep': 1, 'tp_ep': True}, 'inference': {'replica_count': 1, 'moe_dp': 1}}
1024	60.692140	nan	nan	0.016477	6.861550e+18	1.130550e+17	3.118694e+14	0.354011	False	0.000000	341.125998	{'tp': 16, 'cp': 8, 'pp': 2, 'mb': 2, 'tp_sp': True, 'train': {'dp': 4, 'ep': 1, 'tp_ep': True}, 'inference': {'replica_count': 1, 'moe_dp': 1}}
512	112.355073	nan	nan	0.008900	6.861550e+18	6.107023e+16	3.118694e+14	0.382461	True	62.334869	51.402574	{'tp': 1, 'cp': 8, 'pp': 16, 'mb': 16, 'tp_sp': True, 'train': {'dp': 4, 'ep': 1, 'tp_ep': True}, 'inference': {'replica_count': 1, 'moe_dp': 1}}
1024	65.145637	nan	nan	0.015350	6.861550e+18	1.053263e+17	3.118694e+14	0.329810	False	0.000000	161.723339	{'tp': 8, 'cp': 8, 'pp': 4, 'mb': 4, 'tp_sp': True, 'train': {'dp': 4, 'ep': 1, 'tp_ep': True}, 'inference': {'replica_count': 1, 'moe_dp': 1}}
1024	66.887312	nan	nan	0.014951	6.861550e+18	1.025837e+17	3.118694e+14	0.321222	False	0.000000	95.754412	{'tp': 4, 'cp': 8, 'pp': 8, 'mb': 8, 'tp_sp': True, 'train': {'dp': 4, 'ep': 1, 'tp_ep': True}, 'inference': {'replica_count': 1, 'moe_dp': 1}}
1024	66.965851	nan	nan	0.014933	6.861550e+18	1.024634e+17	3.118694e+14	0.320846	False	0.000000	72.955906	{'tp': 2, 'cp': 8, 'pp': 16, 'mb': 16, 'tp_sp': True, 'train': {'dp': 4, 'ep': 1, 'tp_ep': True}, 'inference': {'replica_count': 1, 'moe_dp': 1}}
1024	129.349519	nan	nan	0.007731	6.861550e+18	5.304658e+16	3.118694e+14	0.166106	False	0.000000	61.662837	{'tp': 1, 'cp': 8, 'pp': 32, 'mb': 32, 'tp_sp': True, 'train': {'dp': 4, 'ep': 1, 'tp_ep': True}, 'inference': {'replica_count': 1, 'moe_dp': 1}}
2048	44.743611	nan	nan	0.022350	6.861550e+18	1.533526e+17	3.118694e+14	0.240098	False	0.000000	126.933794	{'tp': 4, 'cp': 8, 'pp': 16, 'mb': 16, 'tp_sp': True, 'train': {'dp': 4, 'ep': 1, 'tp_ep': True}, 'inference': {'replica_count': 1, 'moe_dp': 1}}
2048	86.282946	nan	nan	0.011590	6.861550e+18	7.952383e+16	3.118694e+14	0.124507	False	0.000000	111.955251	{'tp': 2, 'cp': 8, 'pp': 32, 'mb': 32, 'tp_sp': True, 'train': {'dp': 4, 'ep': 1, 'tp_ep': True}, 'inference': {'replica_count': 1, 'moe_dp': 1}}
2048	44.906134	nan	nan	0.022269	6.861550e+18	1.527976e+17	3.118694e+14	0.239229	False	0.000000	203.368692	{'tp': 8, 'cp': 8, 'pp': 8, 'mb': 8, 'tp_sp': True, 'train': {'dp': 4, 'ep': 1, 'tp_ep': True}, 'inference': {'replica_count': 1, 'moe_dp': 1}}
128	203.007355	nan	nan	0.004926	6.861550e+18	3.379951e+16	3.118694e+14	0.846696	True	817.335815	178.297269	{'tp': 2, 'cp': 8, 'pp': 1, 'mb': 1, 'tp_sp': True, 'train': {'dp': 8, 'ep': 1, 'tp_ep': True}, 'inference': {'replica_count': 1, 'moe_dp': 1}}
256	107.969985	nan	nan	0.009262	6.861550e+18	6.355053e+16	3.118694e+14	0.795988	True	369.172546	166.911136	{'tp': 4, 'cp': 8, 'pp': 1, 'mb': 1, 'tp_sp': True, 'train': {'dp': 8, 'ep': 1, 'tp_ep': True}, 'inference': {'replica_count': 1, 'moe_dp': 1}}
512	60.571694	nan	nan	0.016509	6.861550e+18	1.132798e+17	3.118694e+14	0.709430	True	145.090912	170.375016	{'tp': 8, 'cp': 8, 'pp': 1, 'mb': 1, 'tp_sp': True, 'train': {'dp': 8, 'ep': 1, 'tp_ep': True}, 'inference': {'replica_count': 1, 'moe_dp': 1}}
128	301.525768	nan	nan	0.003316	6.861550e+18	2.275610e+16	3.118694e+14	0.570053	True	821.479126	107.496838	{'tp': 1, 'cp': 8, 'pp': 2, 'mb': 2, 'tp_sp': True, 'train': {'dp': 8, 'ep': 1, 'tp_ep': True}, 'inference': {'replica_count': 1, 'moe_dp': 1}}
256	155.451329	nan	nan	0.006433	6.861550e+18	4.413954e+16	3.118694e+14	0.552860	True	370.991882	99.971672	{'tp': 2, 'cp': 8, 'pp': 2, 'mb': 2, 'tp_sp': True, 'train': {'dp': 8, 'ep': 1, 'tp_ep': True}, 'inference': {'replica_count': 1, 'moe_dp': 1}}
4096	65.197465	nan	nan	0.015338	6.861550e+18	1.052426e+17	3.118694e+14	0.082387	False	0.000000	228.171738	{'tp': 4, 'cp': 8, 'pp': 32, 'mb': 32, 'tp_sp': True, 'train': {'dp': 4, 'ep': 1, 'tp_ep': True}, 'inference': {'replica_count': 1, 'moe_dp': 1}}
1024	36.881495	nan	nan	0.027114	6.861550e+18	1.860432e+17	3.118694e+14	0.582560	True	33.050095	241.600045	{'tp': 16, 'cp': 8, 'pp': 1, 'mb': 1, 'tp_sp': True, 'train': {'dp': 8, 'ep': 1, 'tp_ep': True}, 'inference': {'replica_count': 1, 'moe_dp': 1}}
256	180.661151	nan	nan	0.005535	6.861550e+18	3.798022e+16	3.118694e+14	0.475713	True	382.438293	68.346881	{'tp': 1, 'cp': 8, 'pp': 4, 'mb': 4, 'tp_sp': True, 'train': {'dp': 8, 'ep': 1, 'tp_ep': True}, 'inference': {'replica_count': 1, 'moe_dp': 1}}
512	84.017302	nan	nan	0.011902	6.861550e+18	8.166830e+16	3.118694e+14	0.511459	True	145.748260	97.630921	{'tp': 4, 'cp': 8, 'pp': 2, 'mb': 2, 'tp_sp': True, 'train': {'dp': 8, 'ep': 1, 'tp_ep': True}, 'inference': {'replica_count': 1, 'moe_dp': 1}}
512	95.429616	nan	nan	0.010479	6.861550e+18	7.190168e+16	3.118694e+14	0.450294	True	151.345306	66.917387	{'tp': 2, 'cp': 8, 'pp': 4, 'mb': 4, 'tp_sp': True, 'train': {'dp': 8, 'ep': 1, 'tp_ep': True}, 'inference': {'replica_count': 1, 'moe_dp': 1}}
1024	53.705284	nan	nan	0.018620	6.861550e+18	1.277630e+17	3.118694e+14	0.400067	True	35.798813	71.113952	{'tp': 4, 'cp': 8, 'pp': 4, 'mb': 4, 'tp_sp': True, 'train': {'dp': 8, 'ep': 1, 'tp_ep': True}, 'inference': {'replica_count': 1, 'moe_dp': 1}}
1024	48.383637	nan	nan	0.020668	6.861550e+18	1.418155e+17	3.118694e+14	0.444070	True	33.126450	118.858912	{'tp': 8, 'cp': 8, 'pp': 2, 'mb': 2, 'tp_sp': True, 'train': {'dp': 8, 'ep': 1, 'tp_ep': True}, 'inference': {'replica_count': 1, 'moe_dp': 1}}
512	101.430240	nan	nan	0.009859	6.861550e+18	6.764797e+16	3.118694e+14	0.423655	True	155.867096	49.548814	{'tp': 1, 'cp': 8, 'pp': 8, 'mb': 8, 'tp_sp': True, 'train': {'dp': 8, 'ep': 1, 'tp_ep': True}, 'inference': {'replica_count': 1, 'moe_dp': 1}}
1024	56.064524	nan	nan	0.017837	6.861550e+18	1.223867e+17	3.118694e+14	0.383232	True	37.996628	52.776068	{'tp': 2, 'cp': 8, 'pp': 8, 'mb': 8, 'tp_sp': True, 'train': {'dp': 8, 'ep': 1, 'tp_ep': True}, 'inference': {'replica_count': 1, 'moe_dp': 1}}
4096	33.637019	nan	nan	0.029729	6.861550e+18	2.039881e+17	3.118694e+14	0.159688	False	0.000000	368.170291	{'tp': 8, 'cp': 8, 'pp': 16, 'mb': 16, 'tp_sp': True, 'train': {'dp': 4, 'ep': 1, 'tp_ep': True}, 'inference': {'replica_count': 1, 'moe_dp': 1}}
1024	112.361044	nan	nan	0.008900	6.861550e+18	6.106698e+16	3.118694e+14	0.191220	True	43.054596	51.808900	{'tp': 1, 'cp': 8, 'pp': 16, 'mb': 16, 'tp_sp': True, 'train': {'dp': 8, 'ep': 1, 'tp_ep': True}, 'inference': {'replica_count': 1, 'moe_dp': 1}}
2048	32.870493	nan	nan	0.030422	6.861550e+18	2.087450e+17	3.118694e+14	0.326823	False	0.000000	122.235662	{'tp': 8, 'cp': 8, 'pp': 4, 'mb': 4, 'tp_sp': True, 'train': {'dp': 8, 'ep': 1, 'tp_ep': True}, 'inference': {'replica_count': 1, 'moe_dp': 1}}
2048	33.854049	nan	nan	0.029539	6.861550e+18	2.026803e+17	3.118694e+14	0.317328	False	0.000000	74.982034	{'tp': 4, 'cp': 8, 'pp': 8, 'mb': 8, 'tp_sp': True, 'train': {'dp': 8, 'ep': 1, 'tp_ep': True}, 'inference': {'replica_count': 1, 'moe_dp': 1}}
2048	66.971343	nan	nan	0.014932	6.861550e+18	1.024550e+17	3.118694e+14	0.160410	False	0.000000	70.608007	{'tp': 2, 'cp': 8, 'pp': 16, 'mb': 16, 'tp_sp': True, 'train': {'dp': 8, 'ep': 1, 'tp_ep': True}, 'inference': {'replica_count': 1, 'moe_dp': 1}}
2048	129.314604	nan	nan	0.007733	6.861550e+18	5.306091e+16	3.118694e+14	0.083075	False	0.000000	62.545362	{'tp': 1, 'cp': 8, 'pp': 32, 'mb': 32, 'tp_sp': True, 'train': {'dp': 8, 'ep': 1, 'tp_ep': True}, 'inference': {'replica_count': 1, 'moe_dp': 1}}
4096	44.748863	nan	nan	0.022347	6.861550e+18	1.533346e+17	3.118694e+14	0.120035	False	0.000000	119.494100	{'tp': 4, 'cp': 8, 'pp': 16, 'mb': 16, 'tp_sp': True, 'train': {'dp': 8, 'ep': 1, 'tp_ep': True}, 'inference': {'replica_count': 1, 'moe_dp': 1}}
512	54.218335	nan	nan	0.018444	6.861550e+18	1.265541e+17	3.118694e+14	0.792562	True	332.596039	90.515029	{'tp': 4, 'cp': 8, 'pp': 1, 'mb': 1, 'tp_sp': True, 'train': {'dp': 16, 'ep': 1, 'tp_ep': True}, 'inference': {'replica_count': 1, 'moe_dp': 1}}
256	101.839385	nan	nan	0.009819	6.861550e+18	6.737619e+16	3.118694e+14	0.843905	True	744.687439	99.457552	{'tp': 2, 'cp': 8, 'pp': 1, 'mb': 1, 'tp_sp': True, 'train': {'dp': 16, 'ep': 1, 'tp_ep': True}, 'inference': {'replica_count': 1, 'moe_dp': 1}}
128	199.219076	nan	nan	0.005020	6.861550e+18	3.444223e+16	3.118694e+14	0.862797	True	1569.035824	106.383054	{'tp': 1, 'cp': 8, 'pp': 1, 'mb': 1, 'tp_sp': True, 'train': {'dp': 16, 'ep': 1, 'tp_ep': True}, 'inference': {'replica_count': 1, 'moe_dp': 1}}
4096	86.251265	nan	nan	0.011594	6.861550e+18	7.955304e+16	3.118694e+14	0.062276	False	0.000000	111.377983	{'tp': 2, 'cp': 8, 'pp': 32, 'mb': 32, 'tp_sp': True, 'train': {'dp': 8, 'ep': 1, 'tp_ep': True}, 'inference': {'replica_count': 1, 'moe_dp': 1}}
1024	30.463375	nan	nan	0.032826	6.861550e+18	2.252393e+17	3.118694e+14	0.705296	True	126.550339	101.490830	{'tp': 8, 'cp': 8, 'pp': 1, 'mb': 1, 'tp_sp': True, 'train': {'dp': 16, 'ep': 1, 'tp_ep': True}, 'inference': {'replica_count': 1, 'moe_dp': 1}}
256	151.956221	nan	nan	0.006581	6.861550e+18	4.515478e+16	3.118694e+14	0.565576	True	748.716125	69.226162	{'tp': 1, 'cp': 8, 'pp': 2, 'mb': 2, 'tp_sp': True, 'train': {'dp': 16, 'ep': 1, 'tp_ep': True}, 'inference': {'replica_count': 1, 'moe_dp': 1}}
2048	30.538737	nan	nan	0.032745	6.861550e+18	2.246835e+17	3.118694e+14	0.351778	False	0.000000	265.059793	{'tp': 16, 'cp': 8, 'pp': 2, 'mb': 2, 'tp_sp': True, 'train': {'dp': 8, 'ep': 1, 'tp_ep': True}, 'inference': {'replica_count': 1, 'moe_dp': 1}}
4096	22.753328	nan	nan	0.043950	6.861550e+18	3.015625e+17	3.118694e+14	0.236072	False	0.000000	181.962656	{'tp': 8, 'cp': 8, 'pp': 8, 'mb': 8, 'tp_sp': True, 'train': {'dp': 8, 'ep': 1, 'tp_ep': True}, 'inference': {'replica_count': 1, 'moe_dp': 1}}
512	78.409023	nan	nan	0.012754	6.861550e+18	8.750970e+16	3.118694e+14	0.548041	True	334.484222	60.599792	{'tp': 2, 'cp': 8, 'pp': 2, 'mb': 2, 'tp_sp': True, 'train': {'dp': 16, 'ep': 1, 'tp_ep': True}, 'inference': {'replica_count': 1, 'moe_dp': 1}}
512	91.225987	nan	nan	0.010962	6.861550e+18	7.521486e+16	3.118694e+14	0.471043	True	345.133209	46.456302	{'tp': 1, 'cp': 8, 'pp': 4, 'mb': 4, 'tp_sp': True, 'train': {'dp': 16, 'ep': 1, 'tp_ep': True}, 'inference': {'replica_count': 1, 'moe_dp': 1}}
1024	42.404746	nan	nan	0.023582	6.861550e+18	1.618109e+17	3.118694e+14	0.506681	True	127.368271	61.297901	{'tp': 4, 'cp': 8, 'pp': 2, 'mb': 2, 'tp_sp': True, 'train': {'dp': 16, 'ep': 1, 'tp_ep': True}, 'inference': {'replica_count': 1, 'moe_dp': 1}}
1024	48.231176	nan	nan	0.020733	6.861550e+18	1.422638e+17	3.118694e+14	0.445473	True	132.629684	45.748363	{'tp': 2, 'cp': 8, 'pp': 4, 'mb': 4, 'tp_sp': True, 'train': {'dp': 16, 'ep': 1, 'tp_ep': True}, 'inference': {'replica_count': 1, 'moe_dp': 1}}
2048	27.181620	nan	nan	0.036790	6.861550e+18	2.524335e+17	3.118694e+14	0.395225	True	26.377922	54.975853	{'tp': 4, 'cp': 8, 'pp': 4, 'mb': 4, 'tp_sp': True, 'train': {'dp': 16, 'ep': 1, 'tp_ep': True}, 'inference': {'replica_count': 1, 'moe_dp': 1}}
1024	101.432257	nan	nan	0.009859	6.861550e+18	6.764663e+16	3.118694e+14	0.211823	True	137.320709	48.115099	{'tp': 1, 'cp': 8, 'pp': 8, 'mb': 8, 'tp_sp': True, 'train': {'dp': 16, 'ep': 1, 'tp_ep': True}, 'inference': {'replica_count': 1, 'moe_dp': 1}}
2048	24.426233	nan	nan	0.040940	6.861550e+18	2.809091e+17	3.118694e+14	0.439808	True	23.810295	84.686894	{'tp': 8, 'cp': 8, 'pp': 2, 'mb': 2, 'tp_sp': True, 'train': {'dp': 16, 'ep': 1, 'tp_ep': True}, 'inference': {'replica_count': 1, 'moe_dp': 1}}
2048	18.567184	nan	nan	0.053858	6.861550e+18	3.695525e+17	3.118694e+14	0.578593	True	23.527489	174.213732	{'tp': 16, 'cp': 8, 'pp': 1, 'mb': 1, 'tp_sp': True, 'train': {'dp': 16, 'ep': 1, 'tp_ep': True}, 'inference': {'replica_count': 1, 'moe_dp': 1}}
2048	56.067256	nan	nan	0.017836	6.861550e+18	1.223807e+17	3.118694e+14	0.191606	True	28.723434	54.448747	{'tp': 2, 'cp': 8, 'pp': 8, 'mb': 8, 'tp_sp': True, 'train': {'dp': 16, 'ep': 1, 'tp_ep': True}, 'inference': {'replica_count': 1, 'moe_dp': 1}}
2048	112.355073	nan	nan	0.008900	6.861550e+18	6.107023e+16	3.118694e+14	0.095615	True	33.414459	54.188019	{'tp': 1, 'cp': 8, 'pp': 16, 'mb': 16, 'tp_sp': True, 'train': {'dp': 16, 'ep': 1, 'tp_ep': True}, 'inference': {'replica_count': 1, 'moe_dp': 1}}
4096	16.661118	nan	nan	0.060020	6.861550e+18	4.118301e+17	3.118694e+14	0.322393	False	0.000000	106.715187	{'tp': 8, 'cp': 8, 'pp': 4, 'mb': 4, 'tp_sp': True, 'train': {'dp': 16, 'ep': 1, 'tp_ep': True}, 'inference': {'replica_count': 1, 'moe_dp': 1}}
4096	129.278304	nan	nan	0.007735	6.861550e+18	5.307581e+16	3.118694e+14	0.041549	False	0.000000	63.934306	{'tp': 1, 'cp': 8, 'pp': 32, 'mb': 32, 'tp_sp': True, 'train': {'dp': 16, 'ep': 1, 'tp_ep': True}, 'inference': {'replica_count': 1, 'moe_dp': 1}}
4096	33.856657	nan	nan	0.029536	6.861550e+18	2.026647e+17	3.118694e+14	0.158652	False	0.000000	75.701557	{'tp': 4, 'cp': 8, 'pp': 8, 'mb': 8, 'tp_sp': True, 'train': {'dp': 16, 'ep': 1, 'tp_ep': True}, 'inference': {'replica_count': 1, 'moe_dp': 1}}
4096	66.965851	nan	nan	0.014933	6.861550e+18	1.024634e+17	3.118694e+14	0.080211	False	0.000000	74.042631	{'tp': 2, 'cp': 8, 'pp': 16, 'mb': 16, 'tp_sp': True, 'train': {'dp': 16, 'ep': 1, 'tp_ep': True}, 'inference': {'replica_count': 1, 'moe_dp': 1}}
512	51.373270	nan	nan	0.019465	6.861550e+18	1.335627e+17	3.118694e+14	0.836454	True	708.363251	59.122501	{'tp': 2, 'cp': 8, 'pp': 1, 'mb': 1, 'tp_sp': True, 'train': {'dp': 32, 'ep': 1, 'tp_ep': True}, 'inference': {'replica_count': 1, 'moe_dp': 1}}
256	100.402604	nan	nan	0.009960	6.861550e+18	6.834036e+16	3.118694e+14	0.855982	True	1496.556974	66.021429	{'tp': 1, 'cp': 8, 'pp': 1, 'mb': 1, 'tp_sp': True, 'train': {'dp': 32, 'ep': 1, 'tp_ep': True}, 'inference': {'replica_count': 1, 'moe_dp': 1}}
1024	27.371486	nan	nan	0.036534	6.861550e+18	2.506824e+17	3.118694e+14	0.784966	True	314.307785	56.573722	{'tp': 4, 'cp': 8, 'pp': 1, 'mb': 1, 'tp_sp': True, 'train': {'dp': 32, 'ep': 1, 'tp_ep': True}, 'inference': {'replica_count': 1, 'moe_dp': 1}}
512	76.724185	nan	nan	0.013034	6.861550e+18	8.943139e+16	3.118694e+14	0.560076	True	712.334625	46.067016	{'tp': 1, 'cp': 8, 'pp': 2, 'mb': 2, 'tp_sp': True, 'train': {'dp': 32, 'ep': 1, 'tp_ep': True}, 'inference': {'replica_count': 1, 'moe_dp': 1}}
1024	39.625636	nan	nan	0.025236	6.861550e+18	1.731594e+17	3.118694e+14	0.542217	True	316.230392	41.545495	{'tp': 2, 'cp': 8, 'pp': 2, 'mb': 2, 'tp_sp': True, 'train': {'dp': 32, 'ep': 1, 'tp_ep': True}, 'inference': {'replica_count': 1, 'moe_dp': 1}}
2048	15.386343	nan	nan	0.064993	6.861550e+18	4.459507e+17	3.118694e+14	0.698207	True	117.280052	66.412338	{'tp': 8, 'cp': 8, 'pp': 1, 'mb': 1, 'tp_sp': True, 'train': {'dp': 32, 'ep': 1, 'tp_ep': True}, 'inference': {'replica_count': 1, 'moe_dp': 1}}
2048	21.462863	nan	nan	0.046592	6.861550e+18	3.196941e+17	3.118694e+14	0.500532	True	118.178276	43.914709	{'tp': 4, 'cp': 8, 'pp': 2, 'mb': 2, 'tp_sp': True, 'train': {'dp': 32, 'ep': 1, 'tp_ep': True}, 'inference': {'replica_count': 1, 'moe_dp': 1}}
1024	91.226777	nan	nan	0.010962	6.861550e+18	7.521421e+16	3.118694e+14	0.235520	True	326.953766	48.391703	{'tp': 1, 'cp': 8, 'pp': 4, 'mb': 4, 'tp_sp': True, 'train': {'dp': 32, 'ep': 1, 'tp_ep': True}, 'inference': {'replica_count': 1, 'moe_dp': 1}}
2048	48.231904	nan	nan	0.020733	6.861550e+18	1.422616e+17	3.118694e+14	0.222733	True	123.539963	45.781608	{'tp': 2, 'cp': 8, 'pp': 4, 'mb': 4, 'tp_sp': True, 'train': {'dp': 32, 'ep': 1, 'tp_ep': True}, 'inference': {'replica_count': 1, 'moe_dp': 1}}
4096	27.182316	nan	nan	0.036789	6.861550e+18	2.524270e+17	3.118694e+14	0.197607	True	21.833061	53.681184	{'tp': 4, 'cp': 8, 'pp': 4, 'mb': 4, 'tp_sp': True, 'train': {'dp': 32, 'ep': 1, 'tp_ep': True}, 'inference': {'replica_count': 1, 'moe_dp': 1}}
2048	101.431686	nan	nan	0.009859	6.861550e+18	6.764701e+16	3.118694e+14	0.105912	True	128.047516	50.193070	{'tp': 1, 'cp': 8, 'pp': 8, 'mb': 8, 'tp_sp': True, 'train': {'dp': 32, 'ep': 1, 'tp_ep': True}, 'inference': {'replica_count': 1, 'moe_dp': 1}}
4096	12.385166	nan	nan	0.080742	6.861550e+18	5.540136e+17	3.118694e+14	0.433698	True	19.152218	64.759107	{'tp': 8, 'cp': 8, 'pp': 2, 'mb': 2, 'tp_sp': True, 'train': {'dp': 32, 'ep': 1, 'tp_ep': True}, 'inference': {'replica_count': 1, 'moe_dp': 1}}
512	50.696243	nan	nan	0.019725	6.861550e+18	1.353463e+17	3.118694e+14	0.847625	True	1460.317550	45.718328	{'tp': 1, 'cp': 8, 'pp': 1, 'mb': 1, 'tp_sp': True, 'train': {'dp': 64, 'ep': 1, 'tp_ep': True}, 'inference': {'replica_count': 1, 'moe_dp': 1}}
4096	56.065845	nan	nan	0.017836	6.861550e+18	1.223838e+17	3.118694e+14	0.095806	True	24.086838	55.749567	{'tp': 2, 'cp': 8, 'pp': 8, 'mb': 8, 'tp_sp': True, 'train': {'dp': 32, 'ep': 1, 'tp_ep': True}, 'inference': {'replica_count': 1, 'moe_dp': 1}}
1024	25.965442	nan	nan	0.038513	6.861550e+18	2.642570e+17	3.118694e+14	0.827473	True	690.201157	41.294842	{'tp': 2, 'cp': 8, 'pp': 1, 'mb': 1, 'tp_sp': True, 'train': {'dp': 64, 'ep': 1, 'tp_ep': True}, 'inference': {'replica_count': 1, 'moe_dp': 1}}
4096	112.355073	nan	nan	0.008900	6.861550e+18	6.107023e+16	3.118694e+14	0.047808	True	28.594391	56.863583	{'tp': 1, 'cp': 8, 'pp': 16, 'mb': 16, 'tp_sp': True, 'train': {'dp': 32, 'ep': 1, 'tp_ep': True}, 'inference': {'replica_count': 1, 'moe_dp': 1}}
2048	13.857709	nan	nan	0.072162	6.861550e+18	4.951432e+17	3.118694e+14	0.775225	True	305.163658	38.959092	{'tp': 4, 'cp': 8, 'pp': 1, 'mb': 1, 'tp_sp': True, 'train': {'dp': 64, 'ep': 1, 'tp_ep': True}, 'inference': {'replica_count': 1, 'moe_dp': 1}}
4096	7.806301	nan	nan	0.128102	6.861550e+18	8.789758e+17	3.118694e+14	0.688088	True	112.644909	49.985484	{'tp': 8, 'cp': 8, 'pp': 1, 'mb': 1, 'tp_sp': True, 'train': {'dp': 64, 'ep': 1, 'tp_ep': True}, 'inference': {'replica_count': 1, 'moe_dp': 1}}
1024	76.724401	nan	nan	0.013034	6.861550e+18	8.943113e+16	3.118694e+14	0.280037	True	694.616974	48.135283	{'tp': 1, 'cp': 8, 'pp': 2, 'mb': 2, 'tp_sp': True, 'train': {'dp': 64, 'ep': 1, 'tp_ep': True}, 'inference': {'replica_count': 1, 'moe_dp': 1}}
4096	15.421100	nan	nan	0.064846	6.861550e+18	4.449456e+17	3.118694e+14	0.348317	False	0.000000	228.892163	{'tp': 16, 'cp': 8, 'pp': 2, 'mb': 2, 'tp_sp': True, 'train': {'dp': 16, 'ep': 1, 'tp_ep': True}, 'inference': {'replica_count': 1, 'moe_dp': 1}}
2048	39.625836	nan	nan	0.025236	6.861550e+18	1.731585e+17	3.118694e+14	0.271107	True	307.371567	43.569439	{'tp': 2, 'cp': 8, 'pp': 2, 'mb': 2, 'tp_sp': True, 'train': {'dp': 64, 'ep': 1, 'tp_ep': True}, 'inference': {'replica_count': 1, 'moe_dp': 1}}
4096	21.463056	nan	nan	0.046592	6.861550e+18	3.196912e+17	3.118694e+14	0.250264	True	113.748863	44.707889	{'tp': 4, 'cp': 8, 'pp': 2, 'mb': 2, 'tp_sp': True, 'train': {'dp': 64, 'ep': 1, 'tp_ep': True}, 'inference': {'replica_count': 1, 'moe_dp': 1}}
4096	9.383188	nan	nan	0.106574	6.861550e+18	7.312600e+17	3.118694e+14	0.572452	True	18.766186	138.509919	{'tp': 16, 'cp': 8, 'pp': 1, 'mb': 1, 'tp_sp': True, 'train': {'dp': 32, 'ep': 1, 'tp_ep': True}, 'inference': {'replica_count': 1, 'moe_dp': 1}}
2048	91.226357	nan	nan	0.010962	6.861550e+18	7.521456e+16	3.118694e+14	0.117760	True	317.864044	49.626920	{'tp': 1, 'cp': 8, 'pp': 4, 'mb': 4, 'tp_sp': True, 'train': {'dp': 64, 'ep': 1, 'tp_ep': True}, 'inference': {'replica_count': 1, 'moe_dp': 1}}
4096	48.231515	nan	nan	0.020733	6.861550e+18	1.422628e+17	3.118694e+14	0.111368	True	118.995102	47.410185	{'tp': 2, 'cp': 8, 'pp': 4, 'mb': 4, 'tp_sp': True, 'train': {'dp': 64, 'ep': 1, 'tp_ep': True}, 'inference': {'replica_count': 1, 'moe_dp': 1}}
2048	25.965472	nan	nan	0.038513	6.861550e+18	2.642567e+17	3.118694e+14	0.413736	True	681.388199	42.176520	{'tp': 2, 'cp': 8, 'pp': 1, 'mb': 1, 'tp_sp': True, 'train': {'dp': 128, 'ep': 1, 'tp_ep': True}, 'inference': {'replica_count': 1, 'moe_dp': 1}}
4096	22.434701	nan	nan	0.044574	6.861550e+18	3.058454e+17	3.118694e+14	0.239425	False	0.000000	416.901065	{'tp': 16, 'cp': 8, 'pp': 4, 'mb': 4, 'tp_sp': True, 'train': {'dp': 8, 'ep': 1, 'tp_ep': True}, 'inference': {'replica_count': 1, 'moe_dp': 1}}
4096	13.857740	nan	nan	0.072162	6.861550e+18	4.951421e+17	3.118694e+14	0.387612	True	300.757179	41.856576	{'tp': 4, 'cp': 8, 'pp': 1, 'mb': 1, 'tp_sp': True, 'train': {'dp': 128, 'ep': 1, 'tp_ep': True}, 'inference': {'replica_count': 1, 'moe_dp': 1}}
1024	50.696259	nan	nan	0.019725	6.861550e+18	1.353463e+17	3.118694e+14	0.423812	True	1442.691634	48.579500	{'tp': 1, 'cp': 8, 'pp': 1, 'mb': 1, 'tp_sp': True, 'train': {'dp': 128, 'ep': 1, 'tp_ep': True}, 'inference': {'replica_count': 1, 'moe_dp': 1}}
4096	101.430281	nan	nan	0.009859	6.861550e+18	6.764795e+16	3.118694e+14	0.052957	True	123.410919	55.380571	{'tp': 1, 'cp': 8, 'pp': 8, 'mb': 8, 'tp_sp': True, 'train': {'dp': 64, 'ep': 1, 'tp_ep': True}, 'inference': {'replica_count': 1, 'moe_dp': 1}}
2048	76.724369	nan	nan	0.013034	6.861550e+18	8.943117e+16	3.118694e+14	0.140019	True	685.758148	52.093840	{'tp': 1, 'cp': 8, 'pp': 2, 'mb': 2, 'tp_sp': True, 'train': {'dp': 128, 'ep': 1, 'tp_ep': True}, 'inference': {'replica_count': 1, 'moe_dp': 1}}
4096	39.625809	nan	nan	0.025236	6.861550e+18	1.731586e+17	3.118694e+14	0.135554	True	302.942154	47.656163	{'tp': 2, 'cp': 8, 'pp': 2, 'mb': 2, 'tp_sp': True, 'train': {'dp': 128, 'ep': 1, 'tp_ep': True}, 'inference': {'replica_count': 1, 'moe_dp': 1}}
4096	25.965458	nan	nan	0.038513	6.861550e+18	2.642569e+17	3.118694e+14	0.206868	True	676.981720	48.744396	{'tp': 2, 'cp': 8, 'pp': 1, 'mb': 1, 'tp_sp': True, 'train': {'dp': 256, 'ep': 1, 'tp_ep': True}, 'inference': {'replica_count': 1, 'moe_dp': 1}}
4096	91.226175	nan	nan	0.010962	6.861550e+18	7.521471e+16	3.118694e+14	0.058880	True	313.319183	55.840756	{'tp': 1, 'cp': 8, 'pp': 4, 'mb': 4, 'tp_sp': True, 'train': {'dp': 128, 'ep': 1, 'tp_ep': True}, 'inference': {'replica_count': 1, 'moe_dp': 1}}
2048	50.696259	nan	nan	0.019725	6.861550e+18	1.353463e+17	3.118694e+14	0.211906	True	1433.878676	54.876568	{'tp': 1, 'cp': 8, 'pp': 1, 'mb': 1, 'tp_sp': True, 'train': {'dp': 256, 'ep': 1, 'tp_ep': True}, 'inference': {'replica_count': 1, 'moe_dp': 1}}
4096	76.724335	nan	nan	0.013034	6.861550e+18	8.943121e+16	3.118694e+14	0.070009	True	681.328735	62.447170	{'tp': 1, 'cp': 8, 'pp': 2, 'mb': 2, 'tp_sp': True, 'train': {'dp': 256, 'ep': 1, 'tp_ep': True}, 'inference': {'replica_count': 1, 'moe_dp': 1}}
4096	50.696261	nan	nan	0.019725	6.861550e+18	1.353463e+17	3.118694e+14	0.105953	True	1429.472198	69.577701	{'tp': 1, 'cp': 8, 'pp': 1, 'mb': 1, 'tp_sp': True, 'train': {'dp': 512, 'ep': 1, 'tp_ep': True}, 'inference': {'replica_count': 1, 'moe_dp': 1}}
256	262.776822	nan	nan	0.003806	6.861550e+18	2.611170e+16	3.118694e+14	0.327056	True	178.962708	111.951405	{'tp': 1, 'cp': 16, 'pp': 16, 'mb': 16, 'tp_sp': True, 'train': {'dp': 1, 'ep': 1, 'tp_ep': True}, 'inference': {'replica_count': 1, 'moe_dp': 1}}
128	436.159332	nan	nan	0.002293	6.861550e+18	1.573175e+16	3.118694e+14	0.394089	True	418.355103	177.289671	{'tp': 1, 'cp': 16, 'pp': 8, 'mb': 8, 'tp_sp': True, 'train': {'dp': 1, 'ep': 1, 'tp_ep': True}, 'inference': {'replica_count': 1, 'moe_dp': 1}}
256	257.543763	nan	nan	0.003883	6.861550e+18	2.664227e+16	3.118694e+14	0.333702	True	169.429871	199.626713	{'tp': 2, 'cp': 16, 'pp': 8, 'mb': 8, 'tp_sp': True, 'train': {'dp': 1, 'ep': 1, 'tp_ep': True}, 'inference': {'replica_count': 1, 'moe_dp': 1}}
512	172.814672	nan	nan	0.005787	6.861550e+18	3.970467e+16	3.118694e+14	0.248656	True	49.607513	180.773542	{'tp': 2, 'cp': 16, 'pp': 16, 'mb': 16, 'tp_sp': True, 'train': {'dp': 1, 'ep': 1, 'tp_ep': True}, 'inference': {'replica_count': 1, 'moe_dp': 1}}
512	170.968827	nan	nan	0.005849	6.861550e+18	4.013334e+16	3.118694e+14	0.251341	True	59.266510	90.489418	{'tp': 1, 'cp': 16, 'pp': 32, 'mb': 32, 'tp_sp': True, 'train': {'dp': 1, 'ep': 1, 'tp_ep': True}, 'inference': {'replica_count': 1, 'moe_dp': 1}}
128	409.805304	nan	nan	0.002440	6.861550e+18	1.674344e+16	3.118694e+14	0.419432	True	409.074585	321.009237	{'tp': 2, 'cp': 16, 'pp': 4, 'mb': 4, 'tp_sp': True, 'train': {'dp': 1, 'ep': 1, 'tp_ep': True}, 'inference': {'replica_count': 1, 'moe_dp': 1}}
512	172.957853	nan	nan	0.005782	6.861550e+18	3.967180e+16	3.118694e+14	0.248450	True	44.967255	305.319049	{'tp': 4, 'cp': 16, 'pp': 8, 'mb': 8, 'tp_sp': True, 'train': {'dp': 1, 'ep': 1, 'tp_ep': True}, 'inference': {'replica_count': 1, 'moe_dp': 1}}
256	249.805151	nan	nan	0.004003	6.861550e+18	2.746761e+16	3.118694e+14	0.344039	True	165.041931	355.514334	{'tp': 4, 'cp': 16, 'pp': 4, 'mb': 4, 'tp_sp': True, 'train': {'dp': 1, 'ep': 1, 'tp_ep': True}, 'inference': {'replica_count': 1, 'moe_dp': 1}}
1024	127.912840	nan	nan	0.007818	6.861550e+18	5.364239e+16	3.118694e+14	0.167971	False	0.000000	266.570587	{'tp': 2, 'cp': 16, 'pp': 32, 'mb': 32, 'tp_sp': True, 'train': {'dp': 1, 'ep': 1, 'tp_ep': True}, 'inference': {'replica_count': 1, 'moe_dp': 1}}
1024	130.153868	nan	nan	0.007683	6.861550e+18	5.271876e+16	3.118694e+14	0.165079	False	0.000000	431.521600	{'tp': 4, 'cp': 16, 'pp': 16, 'mb': 16, 'tp_sp': True, 'train': {'dp': 1, 'ep': 1, 'tp_ep': True}, 'inference': {'replica_count': 1, 'moe_dp': 1}}
256	219.561046	nan	nan	0.004555	6.861550e+18	3.125122e+16	3.118694e+14	0.391430	True	268.091614	105.217479	{'tp': 1, 'cp': 16, 'pp': 8, 'mb': 8, 'tp_sp': True, 'train': {'dp': 2, 'ep': 1, 'tp_ep': True}, 'inference': {'replica_count': 1, 'moe_dp': 1}}
128	322.275288	nan	nan	0.003103	6.861550e+18	2.129096e+16	3.118694e+14	0.533350	True	585.748413	316.964086	{'tp': 2, 'cp': 16, 'pp': 2, 'mb': 2, 'tp_sp': True, 'train': {'dp': 2, 'ep': 1, 'tp_ep': True}, 'inference': {'replica_count': 1, 'moe_dp': 1}}
128	374.758729	nan	nan	0.002668	6.861550e+18	1.830925e+16	3.118694e+14	0.458657	True	602.484009	170.676835	{'tp': 1, 'cp': 16, 'pp': 4, 'mb': 4, 'tp_sp': True, 'train': {'dp': 2, 'ep': 1, 'tp_ep': True}, 'inference': {'replica_count': 1, 'moe_dp': 1}}
256	205.450723	nan	nan	0.004867	6.861550e+18	3.339755e+16	3.118694e+14	0.418313	True	261.494324	180.327065	{'tp': 2, 'cp': 16, 'pp': 4, 'mb': 4, 'tp_sp': True, 'train': {'dp': 2, 'ep': 1, 'tp_ep': True}, 'inference': {'replica_count': 1, 'moe_dp': 1}}
256	184.206240	nan	nan	0.005429	6.861550e+18	3.724928e+16	3.118694e+14	0.466557	True	253.378845	334.819843	{'tp': 4, 'cp': 16, 'pp': 2, 'mb': 2, 'tp_sp': True, 'train': {'dp': 2, 'ep': 1, 'tp_ep': True}, 'inference': {'replica_count': 1, 'moe_dp': 1}}
512	125.273300	nan	nan	0.007983	6.861550e+18	5.477265e+16	3.118694e+14	0.343021	True	90.999481	219.064131	{'tp': 4, 'cp': 16, 'pp': 4, 'mb': 4, 'tp_sp': True, 'train': {'dp': 2, 'ep': 1, 'tp_ep': True}, 'inference': {'replica_count': 1, 'moe_dp': 1}}
512	129.628475	nan	nan	0.007714	6.861550e+18	5.293243e+16	3.118694e+14	0.331497	True	94.171967	127.161347	{'tp': 2, 'cp': 16, 'pp': 8, 'mb': 8, 'tp_sp': True, 'train': {'dp': 2, 'ep': 1, 'tp_ep': True}, 'inference': {'replica_count': 1, 'moe_dp': 1}}
512	132.409951	nan	nan	0.007552	6.861550e+18	5.182050e+16	3.118694e+14	0.324533	True	100.895416	72.796809	{'tp': 1, 'cp': 16, 'pp': 16, 'mb': 16, 'tp_sp': True, 'train': {'dp': 2, 'ep': 1, 'tp_ep': True}, 'inference': {'replica_count': 1, 'moe_dp': 1}}
1024	86.955641	nan	nan	0.011500	6.861550e+18	7.890863e+16	3.118694e+14	0.247088	True	17.297318	73.131321	{'tp': 1, 'cp': 16, 'pp': 32, 'mb': 32, 'tp_sp': True, 'train': {'dp': 2, 'ep': 1, 'tp_ep': True}, 'inference': {'replica_count': 1, 'moe_dp': 1}}
1024	87.022286	nan	nan	0.011491	6.861550e+18	7.884819e+16	3.118694e+14	0.246899	True	10.510788	138.823017	{'tp': 2, 'cp': 16, 'pp': 16, 'mb': 16, 'tp_sp': True, 'train': {'dp': 2, 'ep': 1, 'tp_ep': True}, 'inference': {'replica_count': 1, 'moe_dp': 1}}
1024	86.982464	nan	nan	0.011497	6.861550e+18	7.888429e+16	3.118694e+14	0.247012	True	7.212143	238.538984	{'tp': 4, 'cp': 16, 'pp': 8, 'mb': 8, 'tp_sp': True, 'train': {'dp': 2, 'ep': 1, 'tp_ep': True}, 'inference': {'replica_count': 1, 'moe_dp': 1}}
2048	64.856658	nan	nan	0.015419	6.861550e+18	1.057956e+17	3.118694e+14	0.165640	False	0.000000	234.265054	{'tp': 2, 'cp': 16, 'pp': 32, 'mb': 32, 'tp_sp': True, 'train': {'dp': 2, 'ep': 1, 'tp_ep': True}, 'inference': {'replica_count': 1, 'moe_dp': 1}}
2048	65.490845	nan	nan	0.015269	6.861550e+18	1.047711e+17	3.118694e+14	0.164036	False	0.000000	372.527639	{'tp': 4, 'cp': 16, 'pp': 16, 'mb': 16, 'tp_sp': True, 'train': {'dp': 2, 'ep': 1, 'tp_ep': True}, 'inference': {'replica_count': 1, 'moe_dp': 1}}
128	207.666668	nan	nan	0.004815	6.861550e+18	3.304117e+16	3.118694e+14	0.827699	True	958.343140	294.120651	{'tp': 2, 'cp': 16, 'pp': 1, 'mb': 1, 'tp_sp': True, 'train': {'dp': 4, 'ep': 1, 'tp_ep': True}, 'inference': {'replica_count': 1, 'moe_dp': 1}}
256	115.623039	nan	nan	0.008649	6.861550e+18	5.934414e+16	3.118694e+14	0.743302	True	439.676208	296.032375	{'tp': 4, 'cp': 16, 'pp': 1, 'mb': 1, 'tp_sp': True, 'train': {'dp': 4, 'ep': 1, 'tp_ep': True}, 'inference': {'replica_count': 1, 'moe_dp': 1}}
256	161.634940	nan	nan	0.006187	6.861550e+18	4.245091e+16	3.118694e+14	0.531709	True	441.862488	170.100745	{'tp': 2, 'cp': 16, 'pp': 2, 'mb': 2, 'tp_sp': True, 'train': {'dp': 4, 'ep': 1, 'tp_ep': True}, 'inference': {'replica_count': 1, 'moe_dp': 1}}
128	307.736459	nan	nan	0.003250	6.861550e+18	2.229684e+16	3.118694e+14	0.558548	True	963.220337	177.795926	{'tp': 1, 'cp': 16, 'pp': 2, 'mb': 2, 'tp_sp': True, 'train': {'dp': 4, 'ep': 1, 'tp_ep': True}, 'inference': {'replica_count': 1, 'moe_dp': 1}}
512	92.447531	nan	nan	0.010817	6.861550e+18	7.422102e+16	3.118694e+14	0.464819	True	181.183563	184.189280	{'tp': 4, 'cp': 16, 'pp': 2, 'mb': 2, 'tp_sp': True, 'train': {'dp': 4, 'ep': 1, 'tp_ep': True}, 'inference': {'replica_count': 1, 'moe_dp': 1}}
512	110.754669	nan	nan	0.009029	6.861550e+18	6.195269e+16	3.118694e+14	0.387987	True	192.959869	66.826893	{'tp': 1, 'cp': 16, 'pp': 8, 'mb': 8, 'tp_sp': True, 'train': {'dp': 4, 'ep': 1, 'tp_ep': True}, 'inference': {'replica_count': 1, 'moe_dp': 1}}
512	69.722184	nan	nan	0.014343	6.861550e+18	9.841272e+16	3.118694e+14	0.616323	True	180.342743	367.622553	{'tp': 8, 'cp': 16, 'pp': 1, 'mb': 1, 'tp_sp': True, 'train': {'dp': 4, 'ep': 1, 'tp_ep': True}, 'inference': {'replica_count': 1, 'moe_dp': 1}}
256	188.773978	nan	nan	0.005297	6.861550e+18	3.634797e+16	3.118694e+14	0.455268	True	455.156067	97.795089	{'tp': 1, 'cp': 16, 'pp': 4, 'mb': 4, 'tp_sp': True, 'train': {'dp': 4, 'ep': 1, 'tp_ep': True}, 'inference': {'replica_count': 1, 'moe_dp': 1}}
512	103.530033	nan	nan	0.009659	6.861550e+18	6.627594e+16	3.118694e+14	0.415062	True	187.704193	105.208783	{'tp': 2, 'cp': 16, 'pp': 4, 'mb': 4, 'tp_sp': True, 'train': {'dp': 4, 'ep': 1, 'tp_ep': True}, 'inference': {'replica_count': 1, 'moe_dp': 1}}
1024	65.386014	nan	nan	0.015294	6.861550e+18	1.049391e+17	3.118694e+14	0.328598	True	56.543015	95.436829	{'tp': 2, 'cp': 16, 'pp': 8, 'mb': 8, 'tp_sp': True, 'train': {'dp': 4, 'ep': 1, 'tp_ep': True}, 'inference': {'replica_count': 1, 'moe_dp': 1}}
1024	67.627779	nan	nan	0.014787	6.861550e+18	1.014605e+17	3.118694e+14	0.317705	True	61.861771	54.823250	{'tp': 1, 'cp': 16, 'pp': 16, 'mb': 16, 'tp_sp': True, 'train': {'dp': 4, 'ep': 1, 'tp_ep': True}, 'inference': {'replica_count': 1, 'moe_dp': 1}}
1024	63.107803	nan	nan	0.015846	6.861550e+18	1.087274e+17	3.118694e+14	0.340460	True	53.978256	160.546144	{'tp': 4, 'cp': 16, 'pp': 4, 'mb': 4, 'tp_sp': True, 'train': {'dp': 4, 'ep': 1, 'tp_ep': True}, 'inference': {'replica_count': 1, 'moe_dp': 1}}
2048	86.909113	nan	nan	0.011506	6.861550e+18	7.895087e+16	3.118694e+14	0.123610	False	0.000000	76.038978	{'tp': 1, 'cp': 16, 'pp': 32, 'mb': 32, 'tp_sp': True, 'train': {'dp': 4, 'ep': 1, 'tp_ep': True}, 'inference': {'replica_count': 1, 'moe_dp': 1}}
1024	57.936704	nan	nan	0.017260	6.861550e+18	1.184318e+17	3.118694e+14	0.370848	True	50.844101	330.539195	{'tp': 8, 'cp': 16, 'pp': 2, 'mb': 2, 'tp_sp': True, 'train': {'dp': 4, 'ep': 1, 'tp_ep': True}, 'inference': {'replica_count': 1, 'moe_dp': 1}}
2048	44.340226	nan	nan	0.022553	6.861550e+18	1.547477e+17	3.118694e+14	0.242282	False	0.000000	126.373220	{'tp': 2, 'cp': 16, 'pp': 16, 'mb': 16, 'tp_sp': True, 'train': {'dp': 4, 'ep': 1, 'tp_ep': True}, 'inference': {'replica_count': 1, 'moe_dp': 1}}
2048	43.864078	nan	nan	0.022798	6.861550e+18	1.564275e+17	3.118694e+14	0.244912	False	0.000000	203.757839	{'tp': 4, 'cp': 16, 'pp': 8, 'mb': 8, 'tp_sp': True, 'train': {'dp': 4, 'ep': 1, 'tp_ep': True}, 'inference': {'replica_count': 1, 'moe_dp': 1}}
128	201.573038	nan	nan	0.004961	6.861550e+18	3.404002e+16	3.118694e+14	0.852721	True	1710.043148	174.941967	{'tp': 1, 'cp': 16, 'pp': 1, 'mb': 1, 'tp_sp': True, 'train': {'dp': 8, 'ep': 1, 'tp_ep': True}, 'inference': {'replica_count': 1, 'moe_dp': 1}}
256	155.065872	nan	nan	0.006449	6.861550e+18	4.424926e+16	3.118694e+14	0.554234	True	819.586731	97.862389	{'tp': 1, 'cp': 16, 'pp': 2, 'mb': 2, 'tp_sp': True, 'train': {'dp': 8, 'ep': 1, 'tp_ep': True}, 'inference': {'replica_count': 1, 'moe_dp': 1}}
256	104.174710	nan	nan	0.009599	6.861550e+18	6.586580e+16	3.118694e+14	0.824987	True	815.191101	160.847187	{'tp': 2, 'cp': 16, 'pp': 1, 'mb': 1, 'tp_sp': True, 'train': {'dp': 8, 'ep': 1, 'tp_ep': True}, 'inference': {'replica_count': 1, 'moe_dp': 1}}
512	58.051112	nan	nan	0.017226	6.861550e+18	1.181984e+17	3.118694e+14	0.740234	True	367.847870	162.449533	{'tp': 4, 'cp': 16, 'pp': 1, 'mb': 1, 'tp_sp': True, 'train': {'dp': 8, 'ep': 1, 'tp_ep': True}, 'inference': {'replica_count': 1, 'moe_dp': 1}}
4096	64.814349	nan	nan	0.015429	6.861550e+18	1.058647e+17	3.118694e+14	0.082874	False	0.000000	226.325736	{'tp': 2, 'cp': 16, 'pp': 32, 'mb': 32, 'tp_sp': True, 'train': {'dp': 4, 'ep': 1, 'tp_ep': True}, 'inference': {'replica_count': 1, 'moe_dp': 1}}
512	81.506205	nan	nan	0.012269	6.861550e+18	8.418439e+16	3.118694e+14	0.527216	True	369.919525	95.944752	{'tp': 2, 'cp': 16, 'pp': 2, 'mb': 2, 'tp_sp': True, 'train': {'dp': 8, 'ep': 1, 'tp_ep': True}, 'inference': {'replica_count': 1, 'moe_dp': 1}}
512	95.282369	nan	nan	0.010495	6.861550e+18	7.201280e+16	3.118694e+14	0.450990	True	381.492096	64.136022	{'tp': 1, 'cp': 16, 'pp': 4, 'mb': 4, 'tp_sp': True, 'train': {'dp': 8, 'ep': 1, 'tp_ep': True}, 'inference': {'replica_count': 1, 'moe_dp': 1}}
1024	52.280759	nan	nan	0.019127	6.861550e+18	1.312443e+17	3.118694e+14	0.410968	True	150.809128	71.227614	{'tp': 2, 'cp': 16, 'pp': 4, 'mb': 4, 'tp_sp': True, 'train': {'dp': 8, 'ep': 1, 'tp_ep': True}, 'inference': {'replica_count': 1, 'moe_dp': 1}}
1024	35.044565	nan	nan	0.028535	6.861550e+18	1.957950e+17	3.118694e+14	0.613096	True	144.176254	234.248792	{'tp': 8, 'cp': 16, 'pp': 1, 'mb': 1, 'tp_sp': True, 'train': {'dp': 8, 'ep': 1, 'tp_ep': True}, 'inference': {'replica_count': 1, 'moe_dp': 1}}
1024	46.624781	nan	nan	0.021448	6.861550e+18	1.471653e+17	3.118694e+14	0.460821	True	145.085922	114.543407	{'tp': 4, 'cp': 16, 'pp': 2, 'mb': 2, 'tp_sp': True, 'train': {'dp': 8, 'ep': 1, 'tp_ep': True}, 'inference': {'replica_count': 1, 'moe_dp': 1}}
1024	56.720346	nan	nan	0.017630	6.861550e+18	1.209716e+17	3.118694e+14	0.378801	True	155.393997	46.940921	{'tp': 1, 'cp': 16, 'pp': 8, 'mb': 8, 'tp_sp': True, 'train': {'dp': 8, 'ep': 1, 'tp_ep': True}, 'inference': {'replica_count': 1, 'moe_dp': 1}}
4096	33.276861	nan	nan	0.030051	6.861550e+18	2.061958e+17	3.118694e+14	0.161416	False	0.000000	364.011630	{'tp': 4, 'cp': 16, 'pp': 16, 'mb': 16, 'tp_sp': True, 'train': {'dp': 4, 'ep': 1, 'tp_ep': True}, 'inference': {'replica_count': 1, 'moe_dp': 1}}
2048	31.881962	nan	nan	0.031366	6.861550e+18	2.152173e+17	3.118694e+14	0.336957	True	35.467644	119.309288	{'tp': 4, 'cp': 16, 'pp': 4, 'mb': 4, 'tp_sp': True, 'train': {'dp': 8, 'ep': 1, 'tp_ep': True}, 'inference': {'replica_count': 1, 'moe_dp': 1}}
2048	67.633750	nan	nan	0.014786	6.861550e+18	1.014516e+17	3.118694e+14	0.158839	True	42.581497	55.256540	{'tp': 1, 'cp': 16, 'pp': 16, 'mb': 16, 'tp_sp': True, 'train': {'dp': 8, 'ep': 1, 'tp_ep': True}, 'inference': {'replica_count': 1, 'moe_dp': 1}}
2048	33.447611	nan	nan	0.029898	6.861550e+18	2.051432e+17	3.118694e+14	0.321184	True	37.728539	77.636445	{'tp': 2, 'cp': 16, 'pp': 8, 'mb': 8, 'tp_sp': True, 'train': {'dp': 8, 'ep': 1, 'tp_ep': True}, 'inference': {'replica_count': 1, 'moe_dp': 1}}
4096	86.874198	nan	nan	0.011511	6.861550e+18	7.898260e+16	3.118694e+14	0.061830	False	0.000000	75.062855	{'tp': 1, 'cp': 16, 'pp': 32, 'mb': 32, 'tp_sp': True, 'train': {'dp': 8, 'ep': 1, 'tp_ep': True}, 'inference': {'replica_count': 1, 'moe_dp': 1}}
512	52.544086	nan	nan	0.019032	6.861550e+18	1.305865e+17	3.118694e+14	0.817816	True	743.615082	89.886369	{'tp': 2, 'cp': 16, 'pp': 1, 'mb': 1, 'tp_sp': True, 'train': {'dp': 16, 'ep': 1, 'tp_ep': True}, 'inference': {'replica_count': 1, 'moe_dp': 1}}
4096	44.345718	nan	nan	0.022550	6.861550e+18	1.547286e+17	3.118694e+14	0.121126	False	0.000000	122.395690	{'tp': 2, 'cp': 16, 'pp': 16, 'mb': 16, 'tp_sp': True, 'train': {'dp': 8, 'ep': 1, 'tp_ep': True}, 'inference': {'replica_count': 1, 'moe_dp': 1}}
512	78.279479	nan	nan	0.012775	6.861550e+18	8.765452e+16	3.118694e+14	0.548948	True	747.769928	61.559657	{'tp': 1, 'cp': 16, 'pp': 2, 'mb': 2, 'tp_sp': True, 'train': {'dp': 16, 'ep': 1, 'tp_ep': True}, 'inference': {'replica_count': 1, 'moe_dp': 1}}
256	101.582046	nan	nan	0.009844	6.861550e+18	6.754688e+16	3.118694e+14	0.846043	True	1567.060637	102.111786	{'tp': 1, 'cp': 16, 'pp': 1, 'mb': 1, 'tp_sp': True, 'train': {'dp': 16, 'ep': 1, 'tp_ep': True}, 'inference': {'replica_count': 1, 'moe_dp': 1}}
1024	29.290713	nan	nan	0.034141	6.861550e+18	2.342568e+17	3.118694e+14	0.733533	True	331.933701	100.686675	{'tp': 4, 'cp': 16, 'pp': 1, 'mb': 1, 'tp_sp': True, 'train': {'dp': 16, 'ep': 1, 'tp_ep': True}, 'inference': {'replica_count': 1, 'moe_dp': 1}}
2048	29.207411	nan	nan	0.034238	6.861550e+18	2.349250e+17	3.118694e+14	0.367812	True	32.669121	255.930818	{'tp': 8, 'cp': 16, 'pp': 2, 'mb': 2, 'tp_sp': True, 'train': {'dp': 8, 'ep': 1, 'tp_ep': True}, 'inference': {'replica_count': 1, 'moe_dp': 1}}
1024	41.174128	nan	nan	0.024287	6.861550e+18	1.666471e+17	3.118694e+14	0.521825	True	333.948044	61.514981	{'tp': 2, 'cp': 16, 'pp': 2, 'mb': 2, 'tp_sp': True, 'train': {'dp': 16, 'ep': 1, 'tp_ep': True}, 'inference': {'replica_count': 1, 'moe_dp': 1}}
1024	48.846481	nan	nan	0.020472	6.861550e+18	1.404717e+17	3.118694e+14	0.439862	True	344.660110	46.113695	{'tp': 1, 'cp': 16, 'pp': 4, 'mb': 4, 'tp_sp': True, 'train': {'dp': 16, 'ep': 1, 'tp_ep': True}, 'inference': {'replica_count': 1, 'moe_dp': 1}}
4096	22.391643	nan	nan	0.044660	6.861550e+18	3.064335e+17	3.118694e+14	0.239885	False	0.000000	182.012975	{'tp': 4, 'cp': 16, 'pp': 8, 'mb': 8, 'tp_sp': True, 'train': {'dp': 8, 'ep': 1, 'tp_ep': True}, 'inference': {'replica_count': 1, 'moe_dp': 1}}
2048	56.722363	nan	nan	0.017630	6.861550e+18	1.209673e+17	3.118694e+14	0.189394	True	136.847610	48.930334	{'tp': 1, 'cp': 16, 'pp': 8, 'mb': 8, 'tp_sp': True, 'train': {'dp': 16, 'ep': 1, 'tp_ep': True}, 'inference': {'replica_count': 1, 'moe_dp': 1}}
2048	26.793071	nan	nan	0.037323	6.861550e+18	2.560942e+17	3.118694e+14	0.400956	True	132.361595	56.545465	{'tp': 2, 'cp': 16, 'pp': 4, 'mb': 4, 'tp_sp': True, 'train': {'dp': 16, 'ep': 1, 'tp_ep': True}, 'inference': {'replica_count': 1, 'moe_dp': 1}}
2048	23.572500	nan	nan	0.042422	6.861550e+18	2.910828e+17	3.118694e+14	0.455737	True	127.037102	83.487488	{'tp': 4, 'cp': 16, 'pp': 2, 'mb': 2, 'tp_sp': True, 'train': {'dp': 16, 'ep': 1, 'tp_ep': True}, 'inference': {'replica_count': 1, 'moe_dp': 1}}
4096	67.627779	nan	nan	0.014787	6.861550e+18	1.014605e+17	3.118694e+14	0.079426	True	32.941360	58.126728	{'tp': 1, 'cp': 16, 'pp': 16, 'mb': 16, 'tp_sp': True, 'train': {'dp': 16, 'ep': 1, 'tp_ep': True}, 'inference': {'replica_count': 1, 'moe_dp': 1}}
2048	17.679587	nan	nan	0.056562	6.861550e+18	3.881058e+17	3.118694e+14	0.607641	True	126.093010	168.718598	{'tp': 8, 'cp': 16, 'pp': 1, 'mb': 1, 'tp_sp': True, 'train': {'dp': 16, 'ep': 1, 'tp_ep': True}, 'inference': {'replica_count': 1, 'moe_dp': 1}}
4096	33.450343	nan	nan	0.029895	6.861550e+18	2.051264e+17	3.118694e+14	0.160579	True	28.455345	77.769596	{'tp': 2, 'cp': 16, 'pp': 8, 'mb': 8, 'tp_sp': True, 'train': {'dp': 16, 'ep': 1, 'tp_ep': True}, 'inference': {'replica_count': 1, 'moe_dp': 1}}
1024	40.153249	nan	nan	0.024905	6.861550e+18	1.708841e+17	3.118694e+14	0.535092	True	711.861526	44.366436	{'tp': 1, 'cp': 16, 'pp': 2, 'mb': 2, 'tp_sp': True, 'train': {'dp': 32, 'ep': 1, 'tp_ep': True}, 'inference': {'replica_count': 1, 'moe_dp': 1}}
512	51.286226	nan	nan	0.019498	6.861550e+18	1.337893e+17	3.118694e+14	0.837874	True	1495.569381	61.049924	{'tp': 1, 'cp': 16, 'pp': 1, 'mb': 1, 'tp_sp': True, 'train': {'dp': 32, 'ep': 1, 'tp_ep': True}, 'inference': {'replica_count': 1, 'moe_dp': 1}}
1024	26.550732	nan	nan	0.037664	6.861550e+18	2.584317e+17	3.118694e+14	0.809232	True	707.827072	60.139714	{'tp': 2, 'cp': 16, 'pp': 1, 'mb': 1, 'tp_sp': True, 'train': {'dp': 32, 'ep': 1, 'tp_ep': True}, 'inference': {'replica_count': 1, 'moe_dp': 1}}
4096	16.316610	nan	nan	0.061287	6.861550e+18	4.205255e+17	3.118694e+14	0.329200	True	26.212337	105.437992	{'tp': 4, 'cp': 16, 'pp': 4, 'mb': 4, 'tp_sp': True, 'train': {'dp': 16, 'ep': 1, 'tp_ep': True}, 'inference': {'replica_count': 1, 'moe_dp': 1}}
2048	14.817018	nan	nan	0.067490	6.861550e+18	4.630858e+17	3.118694e+14	0.725034	True	313.976616	66.946307	{'tp': 4, 'cp': 16, 'pp': 1, 'mb': 1, 'tp_sp': True, 'train': {'dp': 32, 'ep': 1, 'tp_ep': True}, 'inference': {'replica_count': 1, 'moe_dp': 1}}
2048	21.125839	nan	nan	0.047335	6.861550e+18	3.247942e+17	3.118694e+14	0.508517	True	315.962303	45.007941	{'tp': 2, 'cp': 16, 'pp': 2, 'mb': 2, 'tp_sp': True, 'train': {'dp': 32, 'ep': 1, 'tp_ep': True}, 'inference': {'replica_count': 1, 'moe_dp': 1}}
2048	48.847271	nan	nan	0.020472	6.861550e+18	1.404695e+17	3.118694e+14	0.219927	True	326.480667	47.089890	{'tp': 1, 'cp': 16, 'pp': 4, 'mb': 4, 'tp_sp': True, 'train': {'dp': 32, 'ep': 1, 'tp_ep': True}, 'inference': {'replica_count': 1, 'moe_dp': 1}}
2048	13.632607	nan	nan	0.073354	6.861550e+18	5.033190e+17	3.118694e+14	0.788026	True	689.933067	41.863406	{'tp': 2, 'cp': 16, 'pp': 1, 'mb': 1, 'tp_sp': True, 'train': {'dp': 64, 'ep': 1, 'tp_ep': True}, 'inference': {'replica_count': 1, 'moe_dp': 1}}
1024	26.316344	nan	nan	0.037999	6.861550e+18	2.607334e+17	3.118694e+14	0.816439	True	1459.823753	42.856400	{'tp': 1, 'cp': 16, 'pp': 1, 'mb': 1, 'tp_sp': True, 'train': {'dp': 64, 'ep': 1, 'tp_ep': True}, 'inference': {'replica_count': 1, 'moe_dp': 1}}
4096	12.086999	nan	nan	0.082734	6.861550e+18	5.676802e+17	3.118694e+14	0.444397	True	118.012691	67.104123	{'tp': 4, 'cp': 16, 'pp': 2, 'mb': 2, 'tp_sp': True, 'train': {'dp': 32, 'ep': 1, 'tp_ep': True}, 'inference': {'replica_count': 1, 'moe_dp': 1}}
4096	56.721792	nan	nan	0.017630	6.861550e+18	1.209685e+17	3.118694e+14	0.094698	True	127.574417	50.867131	{'tp': 1, 'cp': 16, 'pp': 8, 'mb': 8, 'tp_sp': True, 'train': {'dp': 32, 'ep': 1, 'tp_ep': True}, 'inference': {'replica_count': 1, 'moe_dp': 1}}
4096	26.793799	nan	nan	0.037322	6.861550e+18	2.560872e+17	3.118694e+14	0.200473	True	123.271873	54.236928	{'tp': 2, 'cp': 16, 'pp': 4, 'mb': 4, 'tp_sp': True, 'train': {'dp': 32, 'ep': 1, 'tp_ep': True}, 'inference': {'replica_count': 1, 'moe_dp': 1}}
2048	40.153465	nan	nan	0.024904	6.861550e+18	1.708831e+17	3.118694e+14	0.267545	True	694.143875	45.299761	{'tp': 1, 'cp': 16, 'pp': 2, 'mb': 2, 'tp_sp': True, 'train': {'dp': 64, 'ep': 1, 'tp_ep': True}, 'inference': {'replica_count': 1, 'moe_dp': 1}}
4096	7.607314	nan	nan	0.131452	6.861550e+18	9.019675e+17	3.118694e+14	0.706087	True	304.998074	49.857429	{'tp': 4, 'cp': 16, 'pp': 1, 'mb': 1, 'tp_sp': True, 'train': {'dp': 64, 'ep': 1, 'tp_ep': True}, 'inference': {'replica_count': 1, 'moe_dp': 1}}
4096	21.126039	nan	nan	0.047335	6.861550e+18	3.247911e+17	3.118694e+14	0.254256	True	307.103477	46.946742	{'tp': 2, 'cp': 16, 'pp': 2, 'mb': 2, 'tp_sp': True, 'train': {'dp': 64, 'ep': 1, 'tp_ep': True}, 'inference': {'replica_count': 1, 'moe_dp': 1}}
4096	48.846851	nan	nan	0.020472	6.861550e+18	1.404707e+17	3.118694e+14	0.109965	True	317.390945	47.287710	{'tp': 1, 'cp': 16, 'pp': 4, 'mb': 4, 'tp_sp': True, 'train': {'dp': 64, 'ep': 1, 'tp_ep': True}, 'inference': {'replica_count': 1, 'moe_dp': 1}}
2048	26.316360	nan	nan	0.037999	6.861550e+18	2.607333e+17	3.118694e+14	0.408219	True	1442.197837	45.236377	{'tp': 1, 'cp': 16, 'pp': 1, 'mb': 1, 'tp_sp': True, 'train': {'dp': 128, 'ep': 1, 'tp_ep': True}, 'inference': {'replica_count': 1, 'moe_dp': 1}}
4096	8.952995	nan	nan	0.111694	6.861550e+18	7.663972e+17	3.118694e+14	0.599958	True	117.051388	134.619439	{'tp': 8, 'cp': 16, 'pp': 1, 'mb': 1, 'tp_sp': True, 'train': {'dp': 32, 'ep': 1, 'tp_ep': True}, 'inference': {'replica_count': 1, 'moe_dp': 1}}
4096	13.632637	nan	nan	0.073353	6.861550e+18	5.033179e+17	3.118694e+14	0.394012	True	681.120110	43.784749	{'tp': 2, 'cp': 16, 'pp': 1, 'mb': 1, 'tp_sp': True, 'train': {'dp': 128, 'ep': 1, 'tp_ep': True}, 'inference': {'replica_count': 1, 'moe_dp': 1}}
4096	40.153433	nan	nan	0.024904	6.861550e+18	1.708833e+17	3.118694e+14	0.133772	True	685.285049	49.798740	{'tp': 1, 'cp': 16, 'pp': 2, 'mb': 2, 'tp_sp': True, 'train': {'dp': 128, 'ep': 1, 'tp_ep': True}, 'inference': {'replica_count': 1, 'moe_dp': 1}}
4096	26.316360	nan	nan	0.037999	6.861550e+18	2.607332e+17	3.118694e+14	0.204110	True	1433.384880	51.975104	{'tp': 1, 'cp': 16, 'pp': 1, 'mb': 1, 'tp_sp': True, 'train': {'dp': 256, 'ep': 1, 'tp_ep': True}, 'inference': {'replica_count': 1, 'moe_dp': 1}}
4096	21.687491	nan	nan	0.046110	6.861550e+18	3.163829e+17	3.118694e+14	0.247674	False	0.000000	417.572405	{'tp': 8, 'cp': 16, 'pp': 4, 'mb': 4, 'tp_sp': True, 'train': {'dp': 8, 'ep': 1, 'tp_ep': True}, 'inference': {'replica_count': 1, 'moe_dp': 1}}
4096	14.775939	nan	nan	0.067678	6.861550e+18	4.643732e+17	3.118694e+14	0.363525	True	23.581631	223.174088	{'tp': 8, 'cp': 16, 'pp': 2, 'mb': 2, 'tp_sp': True, 'train': {'dp': 16, 'ep': 1, 'tp_ep': True}, 'inference': {'replica_count': 1, 'moe_dp': 1}}
512	176.938754	nan	nan	0.005652	6.861550e+18	3.877924e+16	3.118694e+14	0.242860	True	178.016510	124.445202	{'tp': 1, 'cp': 32, 'pp': 16, 'mb': 16, 'tp_sp': True, 'train': {'dp': 1, 'ep': 1, 'tp_ep': True}, 'inference': {'replica_count': 1, 'moe_dp': 1}}
256	265.644048	nan	nan	0.003764	6.861550e+18	2.582987e+16	3.118694e+14	0.323526	True	416.462708	176.037646	{'tp': 1, 'cp': 32, 'pp': 8, 'mb': 8, 'tp_sp': True, 'train': {'dp': 1, 'ep': 1, 'tp_ep': True}, 'inference': {'replica_count': 1, 'moe_dp': 1}}
128	423.566985	nan	nan	0.002361	6.861550e+18	1.619945e+16	3.118694e+14	0.405805	True	893.355103	294.700197	{'tp': 1, 'cp': 32, 'pp': 4, 'mb': 4, 'tp_sp': True, 'train': {'dp': 1, 'ep': 1, 'tp_ep': True}, 'inference': {'replica_count': 1, 'moe_dp': 1}}
1024	130.552606	nan	nan	0.007660	6.861550e+18	5.255774e+16	3.118694e+14	0.164575	True	58.793411	131.779357	{'tp': 1, 'cp': 32, 'pp': 32, 'mb': 32, 'tp_sp': True, 'train': {'dp': 1, 'ep': 1, 'tp_ep': True}, 'inference': {'replica_count': 1, 'moe_dp': 1}}
512	171.486172	nan	nan	0.005831	6.861550e+18	4.001226e+16	3.118694e+14	0.250582	True	168.357513	298.561610	{'tp': 2, 'cp': 32, 'pp': 8, 'mb': 8, 'tp_sp': True, 'train': {'dp': 1, 'ep': 1, 'tp_ep': True}, 'inference': {'replica_count': 1, 'moe_dp': 1}}
256	246.241663	nan	nan	0.004061	6.861550e+18	2.786511e+16	3.118694e+14	0.349018	True	406.929871	376.349936	{'tp': 2, 'cp': 32, 'pp': 4, 'mb': 4, 'tp_sp': True, 'train': {'dp': 1, 'ep': 1, 'tp_ep': True}, 'inference': {'replica_count': 1, 'moe_dp': 1}}
1024	129.447490	nan	nan	0.007725	6.861550e+18	5.300644e+16	3.118694e+14	0.165980	True	49.071335	430.467959	{'tp': 2, 'cp': 32, 'pp': 16, 'mb': 16, 'tp_sp': True, 'train': {'dp': 1, 'ep': 1, 'tp_ep': True}, 'inference': {'replica_count': 1, 'moe_dp': 1}}
512	133.757786	nan	nan	0.007476	6.861550e+18	5.129832e+16	3.118694e+14	0.321263	True	267.145416	110.079044	{'tp': 1, 'cp': 32, 'pp': 8, 'mb': 8, 'tp_sp': True, 'train': {'dp': 2, 'ep': 1, 'tp_ep': True}, 'inference': {'replica_count': 1, 'moe_dp': 1}}
128	334.150527	nan	nan	0.002993	6.861550e+18	2.053431e+16	3.118694e+14	0.514396	True	1246.702759	319.557173	{'tp': 1, 'cp': 32, 'pp': 2, 'mb': 2, 'tp_sp': True, 'train': {'dp': 2, 'ep': 1, 'tp_ep': True}, 'inference': {'replica_count': 1, 'moe_dp': 1}}
256	213.132577	nan	nan	0.004692	6.861550e+18	3.219381e+16	3.118694e+14	0.403236	True	600.591614	164.982340	{'tp': 1, 'cp': 32, 'pp': 4, 'mb': 4, 'tp_sp': True, 'train': {'dp': 2, 'ep': 1, 'tp_ep': True}, 'inference': {'replica_count': 1, 'moe_dp': 1}}
256	181.130261	nan	nan	0.005521	6.861550e+18	3.788185e+16	3.118694e+14	0.474481	True	583.603699	338.388435	{'tp': 2, 'cp': 32, 'pp': 2, 'mb': 2, 'tp_sp': True, 'train': {'dp': 2, 'ep': 1, 'tp_ep': True}, 'inference': {'replica_count': 1, 'moe_dp': 1}}
512	123.879252	nan	nan	0.008072	6.861550e+18	5.538902e+16	3.118694e+14	0.346881	True	260.421967	226.284558	{'tp': 2, 'cp': 32, 'pp': 4, 'mb': 4, 'tp_sp': True, 'train': {'dp': 2, 'ep': 1, 'tp_ep': True}, 'inference': {'replica_count': 1, 'moe_dp': 1}}
1024	89.817774	nan	nan	0.011134	6.861550e+18	7.639412e+16	3.118694e+14	0.239214	True	100.422318	91.587691	{'tp': 1, 'cp': 32, 'pp': 16, 'mb': 16, 'tp_sp': True, 'train': {'dp': 2, 'ep': 1, 'tp_ep': True}, 'inference': {'replica_count': 1, 'moe_dp': 1}}
1024	86.278701	nan	nan	0.011590	6.861550e+18	7.952774e+16	3.118694e+14	0.249027	True	93.635788	237.848432	{'tp': 2, 'cp': 32, 'pp': 8, 'mb': 8, 'tp_sp': True, 'train': {'dp': 2, 'ep': 1, 'tp_ep': True}, 'inference': {'replica_count': 1, 'moe_dp': 1}}
2048	66.791189	nan	nan	0.014972	6.861550e+18	1.027314e+17	3.118694e+14	0.160842	True	17.060883	116.493838	{'tp': 1, 'cp': 32, 'pp': 32, 'mb': 32, 'tp_sp': True, 'train': {'dp': 2, 'ep': 1, 'tp_ep': True}, 'inference': {'replica_count': 1, 'moe_dp': 1}}
128	215.584490	nan	nan	0.004639	6.861550e+18	3.182766e+16	3.118694e+14	0.797300	True	1992.057796	294.755446	{'tp': 1, 'cp': 32, 'pp': 1, 'mb': 1, 'tp_sp': True, 'train': {'dp': 4, 'ep': 1, 'tp_ep': True}, 'inference': {'replica_count': 1, 'moe_dp': 1}}
256	168.263513	nan	nan	0.005943	6.861550e+18	4.077860e+16	3.118694e+14	0.510763	True	961.327942	166.099782	{'tp': 1, 'cp': 32, 'pp': 2, 'mb': 2, 'tp_sp': True, 'train': {'dp': 4, 'ep': 1, 'tp_ep': True}, 'inference': {'replica_count': 1, 'moe_dp': 1}}
2048	65.483070	nan	nan	0.015271	6.861550e+18	1.047836e+17	3.118694e+14	0.164055	True	10.242699	375.022166	{'tp': 2, 'cp': 32, 'pp': 16, 'mb': 16, 'tp_sp': True, 'train': {'dp': 2, 'ep': 1, 'tp_ep': True}, 'inference': {'replica_count': 1, 'moe_dp': 1}}
256	113.572884	nan	nan	0.008805	6.861550e+18	6.041539e+16	3.118694e+14	0.756719	True	956.198425	297.800872	{'tp': 2, 'cp': 32, 'pp': 1, 'mb': 1, 'tp_sp': True, 'train': {'dp': 4, 'ep': 1, 'tp_ep': True}, 'inference': {'replica_count': 1, 'moe_dp': 1}}
512	91.243961	nan	nan	0.010960	6.861550e+18	7.520005e+16	3.118694e+14	0.470951	True	440.790131	187.374266	{'tp': 2, 'cp': 32, 'pp': 2, 'mb': 2, 'tp_sp': True, 'train': {'dp': 4, 'ep': 1, 'tp_ep': True}, 'inference': {'replica_count': 1, 'moe_dp': 1}}
512	107.443626	nan	nan	0.009307	6.861550e+18	6.386186e+16	3.118694e+14	0.399944	True	454.209869	98.633686	{'tp': 1, 'cp': 32, 'pp': 4, 'mb': 4, 'tp_sp': True, 'train': {'dp': 4, 'ep': 1, 'tp_ep': True}, 'inference': {'replica_count': 1, 'moe_dp': 1}}
1024	68.179900	nan	nan	0.014667	6.861550e+18	1.006389e+17	3.118694e+14	0.315132	True	192.486771	74.684981	{'tp': 1, 'cp': 32, 'pp': 8, 'mb': 8, 'tp_sp': True, 'train': {'dp': 4, 'ep': 1, 'tp_ep': True}, 'inference': {'replica_count': 1, 'moe_dp': 1}}
512	68.114294	nan	nan	0.014681	6.861550e+18	1.007358e+17	3.118694e+14	0.630872	True	438.351532	358.667176	{'tp': 4, 'cp': 32, 'pp': 1, 'mb': 1, 'tp_sp': True, 'train': {'dp': 4, 'ep': 1, 'tp_ep': True}, 'inference': {'replica_count': 1, 'moe_dp': 1}}
1024	62.439995	nan	nan	0.016015	6.861550e+18	1.098903e+17	3.118694e+14	0.344102	True	187.168015	156.054346	{'tp': 2, 'cp': 32, 'pp': 4, 'mb': 4, 'tp_sp': True, 'train': {'dp': 4, 'ep': 1, 'tp_ep': True}, 'inference': {'replica_count': 1, 'moe_dp': 1}}
2048	46.377759	nan	nan	0.021562	6.861550e+18	1.479492e+17	3.118694e+14	0.231638	True	61.625336	74.470971	{'tp': 1, 'cp': 32, 'pp': 16, 'mb': 16, 'tp_sp': True, 'train': {'dp': 4, 'ep': 1, 'tp_ep': True}, 'inference': {'replica_count': 1, 'moe_dp': 1}}
4096	66.744661	nan	nan	0.014982	6.861550e+18	1.028030e+17	3.118694e+14	0.080477	False	0.000000	117.592459	{'tp': 1, 'cp': 32, 'pp': 32, 'mb': 32, 'tp_sp': True, 'train': {'dp': 4, 'ep': 1, 'tp_ep': True}, 'inference': {'replica_count': 1, 'moe_dp': 1}}
2048	43.855502	nan	nan	0.022802	6.861550e+18	1.564581e+17	3.118694e+14	0.244960	True	56.274925	201.148700	{'tp': 2, 'cp': 32, 'pp': 8, 'mb': 8, 'tp_sp': True, 'train': {'dp': 4, 'ep': 1, 'tp_ep': True}, 'inference': {'replica_count': 1, 'moe_dp': 1}}
1024	56.861852	nan	nan	0.017586	6.861550e+18	1.206705e+17	3.118694e+14	0.377858	True	180.521225	319.166026	{'tp': 4, 'cp': 32, 'pp': 2, 'mb': 2, 'tp_sp': True, 'train': {'dp': 4, 'ep': 1, 'tp_ep': True}, 'inference': {'replica_count': 1, 'moe_dp': 1}}
256	108.593975	nan	nan	0.009209	6.861550e+18	6.318537e+16	3.118694e+14	0.791414	True	1708.067961	161.470876	{'tp': 1, 'cp': 32, 'pp': 1, 'mb': 1, 'tp_sp': True, 'train': {'dp': 8, 'ep': 1, 'tp_ep': True}, 'inference': {'replica_count': 1, 'moe_dp': 1}}
512	57.248841	nan	nan	0.017468	6.861550e+18	1.198548e+17	3.118694e+14	0.750607	True	814.118744	167.404202	{'tp': 2, 'cp': 32, 'pp': 1, 'mb': 1, 'tp_sp': True, 'train': {'dp': 8, 'ep': 1, 'tp_ep': True}, 'inference': {'replica_count': 1, 'moe_dp': 1}}
512	84.882982	nan	nan	0.011781	6.861550e+18	8.083540e+16	3.118694e+14	0.506243	True	818.640533	98.334683	{'tp': 1, 'cp': 32, 'pp': 2, 'mb': 2, 'tp_sp': True, 'train': {'dp': 8, 'ep': 1, 'tp_ep': True}, 'inference': {'replica_count': 1, 'moe_dp': 1}}
1024	54.927076	nan	nan	0.018206	6.861550e+18	1.249211e+17	3.118694e+14	0.391168	True	381.018997	67.334500	{'tp': 1, 'cp': 32, 'pp': 4, 'mb': 4, 'tp_sp': True, 'train': {'dp': 8, 'ep': 1, 'tp_ep': True}, 'inference': {'replica_count': 1, 'moe_dp': 1}}
1024	46.048099	nan	nan	0.021716	6.861550e+18	1.490083e+17	3.118694e+14	0.466593	True	369.383347	121.574407	{'tp': 2, 'cp': 32, 'pp': 2, 'mb': 2, 'tp_sp': True, 'train': {'dp': 8, 'ep': 1, 'tp_ep': True}, 'inference': {'replica_count': 1, 'moe_dp': 1}}
1024	34.328051	nan	nan	0.029131	6.861550e+18	1.998817e+17	3.118694e+14	0.625893	True	367.185532	231.826364	{'tp': 4, 'cp': 32, 'pp': 1, 'mb': 1, 'tp_sp': True, 'train': {'dp': 8, 'ep': 1, 'tp_ep': True}, 'inference': {'replica_count': 1, 'moe_dp': 1}}
2048	35.479038	nan	nan	0.028186	6.861550e+18	1.933973e+17	3.118694e+14	0.302794	True	155.157562	56.008305	{'tp': 1, 'cp': 32, 'pp': 8, 'mb': 8, 'tp_sp': True, 'train': {'dp': 8, 'ep': 1, 'tp_ep': True}, 'inference': {'replica_count': 1, 'moe_dp': 1}}
2048	31.872615	nan	nan	0.031375	6.861550e+18	2.152804e+17	3.118694e+14	0.337056	True	150.541039	123.405160	{'tp': 2, 'cp': 32, 'pp': 4, 'mb': 4, 'tp_sp': True, 'train': {'dp': 8, 'ep': 1, 'tp_ep': True}, 'inference': {'replica_count': 1, 'moe_dp': 1}}
4096	46.383730	nan	nan	0.021559	6.861550e+18	1.479301e+17	3.118694e+14	0.115804	True	42.345062	73.291562	{'tp': 1, 'cp': 32, 'pp': 16, 'mb': 16, 'tp_sp': True, 'train': {'dp': 8, 'ep': 1, 'tp_ep': True}, 'inference': {'replica_count': 1, 'moe_dp': 1}}
2048	42.331739	nan	nan	0.023623	6.861550e+18	1.620900e+17	3.118694e+14	0.253778	True	53.647087	446.245411	{'tp': 4, 'cp': 32, 'pp': 4, 'mb': 4, 'tp_sp': True, 'train': {'dp': 4, 'ep': 1, 'tp_ep': True}, 'inference': {'replica_count': 1, 'moe_dp': 1}}
4096	33.644092	nan	nan	0.029723	6.861550e+18	2.039452e+17	3.118694e+14	0.159654	False	0.000000	364.307791	{'tp': 2, 'cp': 32, 'pp': 16, 'mb': 16, 'tp_sp': True, 'train': {'dp': 4, 'ep': 1, 'tp_ep': True}, 'inference': {'replica_count': 1, 'moe_dp': 1}}
512	54.794903	nan	nan	0.018250	6.861550e+18	1.252224e+17	3.118694e+14	0.784222	True	1566.073043	92.742410	{'tp': 1, 'cp': 32, 'pp': 1, 'mb': 1, 'tp_sp': True, 'train': {'dp': 16, 'ep': 1, 'tp_ep': True}, 'inference': {'replica_count': 1, 'moe_dp': 1}}
2048	28.696333	nan	nan	0.034848	6.861550e+18	2.391090e+17	3.118694e+14	0.374363	True	144.754753	257.898047	{'tp': 4, 'cp': 32, 'pp': 2, 'mb': 2, 'tp_sp': True, 'train': {'dp': 8, 'ep': 1, 'tp_ep': True}, 'inference': {'replica_count': 1, 'moe_dp': 1}}
1024	28.906074	nan	nan	0.034595	6.861550e+18	2.373740e+17	3.118694e+14	0.743294	True	743.078903	100.581464	{'tp': 2, 'cp': 32, 'pp': 1, 'mb': 1, 'tp_sp': True, 'train': {'dp': 16, 'ep': 1, 'tp_ep': True}, 'inference': {'replica_count': 1, 'moe_dp': 1}}
2048	28.712521	nan	nan	0.034828	6.861550e+18	2.389741e+17	3.118694e+14	0.374152	True	344.423676	48.679596	{'tp': 1, 'cp': 32, 'pp': 4, 'mb': 4, 'tp_sp': True, 'train': {'dp': 16, 'ep': 1, 'tp_ep': True}, 'inference': {'replica_count': 1, 'moe_dp': 1}}
1024	43.455468	nan	nan	0.023012	6.861550e+18	1.578984e+17	3.118694e+14	0.494430	True	747.296829	62.709853	{'tp': 1, 'cp': 32, 'pp': 2, 'mb': 2, 'tp_sp': True, 'train': {'dp': 16, 'ep': 1, 'tp_ep': True}, 'inference': {'replica_count': 1, 'moe_dp': 1}}
2048	23.563200	nan	nan	0.042439	6.861550e+18	2.911977e+17	3.118694e+14	0.455916	True	333.679955	84.661246	{'tp': 2, 'cp': 32, 'pp': 2, 'mb': 2, 'tp_sp': True, 'train': {'dp': 16, 'ep': 1, 'tp_ep': True}, 'inference': {'replica_count': 1, 'moe_dp': 1}}
4096	22.755821	nan	nan	0.043945	6.861550e+18	3.015294e+17	3.118694e+14	0.236046	True	37.594559	184.331152	{'tp': 2, 'cp': 32, 'pp': 8, 'mb': 8, 'tp_sp': True, 'train': {'dp': 8, 'ep': 1, 'tp_ep': True}, 'inference': {'replica_count': 1, 'moe_dp': 1}}
4096	35.481055	nan	nan	0.028184	6.861550e+18	1.933863e+17	3.118694e+14	0.151389	True	136.611176	57.140490	{'tp': 1, 'cp': 32, 'pp': 8, 'mb': 8, 'tp_sp': True, 'train': {'dp': 16, 'ep': 1, 'tp_ep': True}, 'inference': {'replica_count': 1, 'moe_dp': 1}}
1024	28.070944	nan	nan	0.035624	6.861550e+18	2.444360e+17	3.118694e+14	0.765407	True	1495.075584	61.870636	{'tp': 1, 'cp': 32, 'pp': 1, 'mb': 1, 'tp_sp': True, 'train': {'dp': 32, 'ep': 1, 'tp_ep': True}, 'inference': {'replica_count': 1, 'moe_dp': 1}}
2048	22.778947	nan	nan	0.043900	6.861550e+18	3.012233e+17	3.118694e+14	0.471613	True	711.625092	44.089859	{'tp': 1, 'cp': 32, 'pp': 2, 'mb': 2, 'tp_sp': True, 'train': {'dp': 32, 'ep': 1, 'tp_ep': True}, 'inference': {'replica_count': 1, 'moe_dp': 1}}
2048	14.810476	nan	nan	0.067520	6.861550e+18	4.632903e+17	3.118694e+14	0.725355	True	707.558983	67.925439	{'tp': 2, 'cp': 32, 'pp': 1, 'mb': 1, 'tp_sp': True, 'train': {'dp': 32, 'ep': 1, 'tp_ep': True}, 'inference': {'replica_count': 1, 'moe_dp': 1}}
2048	17.338777	nan	nan	0.057674	6.861550e+18	3.957344e+17	3.118694e+14	0.619585	True	331.602531	170.248844	{'tp': 4, 'cp': 32, 'pp': 1, 'mb': 1, 'tp_sp': True, 'train': {'dp': 16, 'ep': 1, 'tp_ep': True}, 'inference': {'replica_count': 1, 'moe_dp': 1}}
4096	16.658645	nan	nan	0.060029	6.861550e+18	4.118912e+17	3.118694e+14	0.322441	True	132.227615	105.962129	{'tp': 2, 'cp': 32, 'pp': 4, 'mb': 4, 'tp_sp': True, 'train': {'dp': 16, 'ep': 1, 'tp_ep': True}, 'inference': {'replica_count': 1, 'moe_dp': 1}}
4096	28.713311	nan	nan	0.034827	6.861550e+18	2.389676e+17	3.118694e+14	0.187071	True	326.244232	48.480627	{'tp': 1, 'cp': 32, 'pp': 4, 'mb': 4, 'tp_sp': True, 'train': {'dp': 32, 'ep': 1, 'tp_ep': True}, 'inference': {'replica_count': 1, 'moe_dp': 1}}
2048	14.733839	nan	nan	0.067871	6.861550e+18	4.657001e+17	3.118694e+14	0.729128	True	1459.576974	43.470176	{'tp': 1, 'cp': 32, 'pp': 1, 'mb': 1, 'tp_sp': True, 'train': {'dp': 64, 'ep': 1, 'tp_ep': True}, 'inference': {'replica_count': 1, 'moe_dp': 1}}
4096	22.779163	nan	nan	0.043900	6.861550e+18	3.012205e+17	3.118694e+14	0.235804	True	693.907440	44.340478	{'tp': 1, 'cp': 32, 'pp': 2, 'mb': 2, 'tp_sp': True, 'train': {'dp': 64, 'ep': 1, 'tp_ep': True}, 'inference': {'replica_count': 1, 'moe_dp': 1}}
4096	12.380479	nan	nan	0.080772	6.861550e+18	5.542233e+17	3.118694e+14	0.433862	True	315.828323	69.933775	{'tp': 2, 'cp': 32, 'pp': 2, 'mb': 2, 'tp_sp': True, 'train': {'dp': 32, 'ep': 1, 'tp_ep': True}, 'inference': {'replica_count': 1, 'moe_dp': 1}}
4096	7.802548	nan	nan	0.128163	6.861550e+18	8.793987e+17	3.118694e+14	0.688419	True	689.799088	52.839511	{'tp': 2, 'cp': 32, 'pp': 1, 'mb': 1, 'tp_sp': True, 'train': {'dp': 64, 'ep': 1, 'tp_ep': True}, 'inference': {'replica_count': 1, 'moe_dp': 1}}
4096	14.733855	nan	nan	0.067871	6.861550e+18	4.656996e+17	3.118694e+14	0.364563	True	1441.951058	45.564632	{'tp': 1, 'cp': 32, 'pp': 1, 'mb': 1, 'tp_sp': True, 'train': {'dp': 128, 'ep': 1, 'tp_ep': True}, 'inference': {'replica_count': 1, 'moe_dp': 1}}
4096	8.868014	nan	nan	0.112765	6.861550e+18	7.737415e+17	3.118694e+14	0.605708	True	313.811031	134.910793	{'tp': 4, 'cp': 32, 'pp': 1, 'mb': 1, 'tp_sp': True, 'train': {'dp': 32, 'ep': 1, 'tp_ep': True}, 'inference': {'replica_count': 1, 'moe_dp': 1}}
4096	14.648722	nan	nan	0.068265	6.861550e+18	4.684061e+17	3.118694e+14	0.366682	True	126.871517	221.604564	{'tp': 4, 'cp': 32, 'pp': 2, 'mb': 2, 'tp_sp': True, 'train': {'dp': 16, 'ep': 1, 'tp_ep': True}, 'inference': {'replica_count': 1, 'moe_dp': 1}}
4096	21.540796	nan	nan	0.046424	6.861550e+18	3.185374e+17	3.118694e+14	0.249361	True	35.302059	405.580480	{'tp': 4, 'cp': 32, 'pp': 4, 'mb': 4, 'tp_sp': True, 'train': {'dp': 8, 'ep': 1, 'tp_ep': True}, 'inference': {'replica_count': 1, 'moe_dp': 1}}
512	181.975228	nan	nan	0.005495	6.861550e+18	3.770596e+16	3.118694e+14	0.236139	True	415.516510	209.858770	{'tp': 1, 'cp': 64, 'pp': 8, 'mb': 8, 'tp_sp': True, 'train': {'dp': 1, 'ep': 1, 'tp_ep': True}, 'inference': {'replica_count': 1, 'moe_dp': 1}}
1024	135.413335	nan	nan	0.007385	6.861550e+18	5.067116e+16	3.118694e+14	0.158668	True	177.543411	194.951498	{'tp': 1, 'cp': 64, 'pp': 16, 'mb': 16, 'tp_sp': True, 'train': {'dp': 1, 'ep': 1, 'tp_ep': True}, 'inference': {'replica_count': 1, 'moe_dp': 1}}
256	265.987738	nan	nan	0.003760	6.861550e+18	2.579649e+16	3.118694e+14	0.323108	True	891.462708	326.672485	{'tp': 1, 'cp': 64, 'pp': 4, 'mb': 4, 'tp_sp': True, 'train': {'dp': 1, 'ep': 1, 'tp_ep': True}, 'inference': {'replica_count': 1, 'moe_dp': 1}}
2048	110.894733	nan	nan	0.009018	6.861550e+18	6.187445e+16	3.118694e+14	0.096874	True	58.556976	292.829788	{'tp': 1, 'cp': 64, 'pp': 32, 'mb': 32, 'tp_sp': True, 'train': {'dp': 1, 'ep': 1, 'tp_ep': True}, 'inference': {'replica_count': 1, 'moe_dp': 1}}
256	198.170114	nan	nan	0.005046	6.861550e+18	3.462455e+16	3.118694e+14	0.433682	True	1244.810364	288.237503	{'tp': 1, 'cp': 64, 'pp': 2, 'mb': 2, 'tp_sp': True, 'train': {'dp': 2, 'ep': 1, 'tp_ep': True}, 'inference': {'replica_count': 1, 'moe_dp': 1}}
512	133.825785	nan	nan	0.007472	6.861550e+18	5.127226e+16	3.118694e+14	0.321100	True	599.645416	182.368490	{'tp': 1, 'cp': 64, 'pp': 4, 'mb': 4, 'tp_sp': True, 'train': {'dp': 2, 'ep': 1, 'tp_ep': True}, 'inference': {'replica_count': 1, 'moe_dp': 1}}
1024	92.249775	nan	nan	0.010840	6.861550e+18	7.438013e+16	3.118694e+14	0.232908	True	266.672318	134.782687	{'tp': 1, 'cp': 64, 'pp': 8, 'mb': 8, 'tp_sp': True, 'train': {'dp': 2, 'ep': 1, 'tp_ep': True}, 'inference': {'replica_count': 1, 'moe_dp': 1}}
2048	69.102073	nan	nan	0.014471	6.861550e+18	9.929587e+16	3.118694e+14	0.155463	True	100.185883	159.814522	{'tp': 1, 'cp': 64, 'pp': 16, 'mb': 16, 'tp_sp': True, 'train': {'dp': 2, 'ep': 1, 'tp_ep': True}, 'inference': {'replica_count': 1, 'moe_dp': 1}}
4096	56.797049	nan	nan	0.017607	6.861550e+18	1.208082e+17	3.118694e+14	0.094572	True	16.942551	272.454068	{'tp': 1, 'cp': 64, 'pp': 32, 'mb': 32, 'tp_sp': True, 'train': {'dp': 2, 'ep': 1, 'tp_ep': True}, 'inference': {'replica_count': 1, 'moe_dp': 1}}
256	124.933782	nan	nan	0.008004	6.861550e+18	5.492150e+16	3.118694e+14	0.687907	True	1990.082609	279.170672	{'tp': 1, 'cp': 64, 'pp': 1, 'mb': 1, 'tp_sp': True, 'train': {'dp': 4, 'ep': 1, 'tp_ep': True}, 'inference': {'replica_count': 1, 'moe_dp': 1}}
512	99.826983	nan	nan	0.010017	6.861550e+18	6.873442e+16	3.118694e+14	0.430459	True	960.381744	166.209158	{'tp': 1, 'cp': 64, 'pp': 2, 'mb': 2, 'tp_sp': True, 'train': {'dp': 4, 'ep': 1, 'tp_ep': True}, 'inference': {'replica_count': 1, 'moe_dp': 1}}
1024	68.099675	nan	nan	0.014684	6.861550e+18	1.007575e+17	3.118694e+14	0.315504	True	453.736771	112.830773	{'tp': 1, 'cp': 64, 'pp': 4, 'mb': 4, 'tp_sp': True, 'train': {'dp': 4, 'ep': 1, 'tp_ep': True}, 'inference': {'replica_count': 1, 'moe_dp': 1}}
512	67.831163	nan	nan	0.014742	6.861550e+18	1.011563e+17	3.118694e+14	0.633505	True	955.126068	360.408050	{'tp': 2, 'cp': 64, 'pp': 1, 'mb': 1, 'tp_sp': True, 'train': {'dp': 4, 'ep': 1, 'tp_ep': True}, 'inference': {'replica_count': 1, 'moe_dp': 1}}
2048	47.472903	nan	nan	0.021065	6.861550e+18	1.445361e+17	3.118694e+14	0.226294	True	192.250336	104.523634	{'tp': 1, 'cp': 64, 'pp': 8, 'mb': 8, 'tp_sp': True, 'train': {'dp': 4, 'ep': 1, 'tp_ep': True}, 'inference': {'replica_count': 1, 'moe_dp': 1}}
1024	56.673968	nan	nan	0.017645	6.861550e+18	1.210706e+17	3.118694e+14	0.379111	True	440.253952	322.240426	{'tp': 2, 'cp': 64, 'pp': 2, 'mb': 2, 'tp_sp': True, 'train': {'dp': 4, 'ep': 1, 'tp_ep': True}, 'inference': {'replica_count': 1, 'moe_dp': 1}}
4096	35.845635	nan	nan	0.027897	6.861550e+18	1.914194e+17	3.118694e+14	0.149849	True	61.507004	139.144879	{'tp': 1, 'cp': 64, 'pp': 16, 'mb': 16, 'tp_sp': True, 'train': {'dp': 4, 'ep': 1, 'tp_ep': True}, 'inference': {'replica_count': 1, 'moe_dp': 1}}
1024	50.931773	nan	nan	0.019634	6.861550e+18	1.347204e+17	3.118694e+14	0.421853	True	818.167435	101.386281	{'tp': 1, 'cp': 64, 'pp': 2, 'mb': 2, 'tp_sp': True, 'train': {'dp': 8, 'ep': 1, 'tp_ep': True}, 'inference': {'replica_count': 1, 'moe_dp': 1}}
512	62.971072	nan	nan	0.015880	6.861550e+18	1.089635e+17	3.118694e+14	0.682399	True	1707.080367	160.932167	{'tp': 1, 'cp': 64, 'pp': 1, 'mb': 1, 'tp_sp': True, 'train': {'dp': 8, 'ep': 1, 'tp_ep': True}, 'inference': {'replica_count': 1, 'moe_dp': 1}}
2048	35.299667	nan	nan	0.028329	6.861550e+18	1.943800e+17	3.118694e+14	0.304333	True	380.782562	80.782696	{'tp': 1, 'cp': 64, 'pp': 4, 'mb': 4, 'tp_sp': True, 'train': {'dp': 8, 'ep': 1, 'tp_ep': True}, 'inference': {'replica_count': 1, 'moe_dp': 1}}
4096	24.951258	nan	nan	0.040078	6.861550e+18	2.749982e+17	3.118694e+14	0.215277	True	155.039230	88.403092	{'tp': 1, 'cp': 64, 'pp': 8, 'mb': 8, 'tp_sp': True, 'train': {'dp': 8, 'ep': 1, 'tp_ep': True}, 'inference': {'replica_count': 1, 'moe_dp': 1}}
1024	32.161489	nan	nan	0.031093	6.861550e+18	2.133468e+17	3.118694e+14	0.668057	True	1565.579246	99.316017	{'tp': 1, 'cp': 64, 'pp': 1, 'mb': 1, 'tp_sp': True, 'train': {'dp': 16, 'ep': 1, 'tp_ep': True}, 'inference': {'replica_count': 1, 'moe_dp': 1}}
1024	34.202904	nan	nan	0.029237	6.861550e+18	2.006131e+17	3.118694e+14	0.628183	True	813.582565	248.841149	{'tp': 2, 'cp': 64, 'pp': 1, 'mb': 1, 'tp_sp': True, 'train': {'dp': 8, 'ep': 1, 'tp_ep': True}, 'inference': {'replica_count': 1, 'moe_dp': 1}}
2048	26.518325	nan	nan	0.037710	6.861550e+18	2.587475e+17	3.118694e+14	0.405110	True	747.060394	66.743938	{'tp': 1, 'cp': 64, 'pp': 2, 'mb': 2, 'tp_sp': True, 'train': {'dp': 16, 'ep': 1, 'tp_ep': True}, 'inference': {'replica_count': 1, 'moe_dp': 1}}
4096	18.733585	nan	nan	0.053380	6.861550e+18	3.662700e+17	3.118694e+14	0.286727	True	344.305344	60.733987	{'tp': 1, 'cp': 64, 'pp': 4, 'mb': 4, 'tp_sp': True, 'train': {'dp': 16, 'ep': 1, 'tp_ep': True}, 'inference': {'replica_count': 1, 'moe_dp': 1}}
2048	28.881132	nan	nan	0.034625	6.861550e+18	2.375790e+17	3.118694e+14	0.371968	True	369.115257	258.600619	{'tp': 2, 'cp': 64, 'pp': 2, 'mb': 2, 'tp_sp': True, 'train': {'dp': 8, 'ep': 1, 'tp_ep': True}, 'inference': {'replica_count': 1, 'moe_dp': 1}}
2048	16.779878	nan	nan	0.059595	6.861550e+18	4.089154e+17	3.118694e+14	0.640222	True	1494.828805	61.720951	{'tp': 1, 'cp': 64, 'pp': 1, 'mb': 1, 'tp_sp': True, 'train': {'dp': 32, 'ep': 1, 'tp_ep': True}, 'inference': {'replica_count': 1, 'moe_dp': 1}}
2048	17.461792	nan	nan	0.057268	6.861550e+18	3.929465e+17	3.118694e+14	0.615220	True	742.810814	173.109366	{'tp': 2, 'cp': 64, 'pp': 1, 'mb': 1, 'tp_sp': True, 'train': {'dp': 16, 'ep': 1, 'tp_ep': True}, 'inference': {'replica_count': 1, 'moe_dp': 1}}
2048	42.546282	nan	nan	0.023504	6.861550e+18	1.612726e+17	3.118694e+14	0.252498	True	186.899925	449.439997	{'tp': 2, 'cp': 64, 'pp': 4, 'mb': 4, 'tp_sp': True, 'train': {'dp': 4, 'ep': 1, 'tp_ep': True}, 'inference': {'replica_count': 1, 'moe_dp': 1}}
4096	8.993240	nan	nan	0.111195	6.861550e+18	7.629675e+17	3.118694e+14	0.597274	True	1459.453465	44.371348	{'tp': 1, 'cp': 64, 'pp': 1, 'mb': 1, 'tp_sp': True, 'train': {'dp': 64, 'ep': 1, 'tp_ep': True}, 'inference': {'replica_count': 1, 'moe_dp': 1}}
4096	14.167777	nan	nan	0.070583	6.861550e+18	4.843068e+17	3.118694e+14	0.379130	True	711.506760	49.682347	{'tp': 1, 'cp': 64, 'pp': 2, 'mb': 2, 'tp_sp': True, 'train': {'dp': 32, 'ep': 1, 'tp_ep': True}, 'inference': {'replica_count': 1, 'moe_dp': 1}}
4096	9.128340	nan	nan	0.109549	6.861550e+18	7.516755e+17	3.118694e+14	0.588434	True	707.425003	138.983897	{'tp': 2, 'cp': 64, 'pp': 1, 'mb': 1, 'tp_sp': True, 'train': {'dp': 32, 'ep': 1, 'tp_ep': True}, 'inference': {'replica_count': 1, 'moe_dp': 1}}
4096	15.039724	nan	nan	0.066491	6.861550e+18	4.562285e+17	3.118694e+14	0.357149	True	333.545975	229.185703	{'tp': 2, 'cp': 64, 'pp': 2, 'mb': 2, 'tp_sp': True, 'train': {'dp': 16, 'ep': 1, 'tp_ep': True}, 'inference': {'replica_count': 1, 'moe_dp': 1}}
4096	21.995291	nan	nan	0.045464	6.861550e+18	3.119554e+17	3.118694e+14	0.244208	True	150.407059	443.782683	{'tp': 2, 'cp': 64, 'pp': 4, 'mb': 4, 'tp_sp': True, 'train': {'dp': 8, 'ep': 1, 'tp_ep': True}, 'inference': {'replica_count': 1, 'moe_dp': 1}}
