num_gpus	runtime_s	prefill_time_s	decode_time_s	performance_1_over_s	total_flops	achieved_flops_per_s	peak_flops_per_gpu	mfu	memory_exceeded	memory_violation_gb	eval_wall_time_s	parallelism
128	570.957292	nan	nan	0.001751	6.861550e+18	1.201762e+16	3.118694e+14	0.301048	False	0.000000	89.593248	{'tp': 4, 'cp': 1, 'pp': 32, 'mb': 32, 'tp_sp': True, 'train': {'dp': 1, 'ep': 1, 'tp_ep': True}, 'inference': {'replica_count': 1, 'moe_dp': 1}}
256	329.737256	nan	nan	0.003033	6.861550e+18	2.080914e+16	3.118694e+14	0.260640	False	0.000000	98.311346	{'tp': 8, 'cp': 1, 'pp': 32, 'mb': 32, 'tp_sp': True, 'train': {'dp': 1, 'ep': 1, 'tp_ep': True}, 'inference': {'replica_count': 1, 'moe_dp': 1}}
512	209.159589	nan	nan	0.004781	6.861550e+18	3.280533e+16	3.118694e+14	0.205448	False	0.000000	134.768003	{'tp': 16, 'cp': 1, 'pp': 32, 'mb': 32, 'tp_sp': True, 'train': {'dp': 1, 'ep': 1, 'tp_ep': True}, 'inference': {'replica_count': 1, 'moe_dp': 1}}
128	599.006266	nan	nan	0.001669	6.861550e+18	1.145489e+16	3.118694e+14	0.286951	False	0.000000	136.106553	{'tp': 8, 'cp': 1, 'pp': 16, 'mb': 16, 'tp_sp': True, 'train': {'dp': 1, 'ep': 1, 'tp_ep': True}, 'inference': {'replica_count': 1, 'moe_dp': 1}}
256	344.897949	nan	nan	0.002899	6.861550e+18	1.989444e+16	3.118694e+14	0.249183	False	0.000000	143.981723	{'tp': 16, 'cp': 1, 'pp': 16, 'mb': 16, 'tp_sp': True, 'train': {'dp': 1, 'ep': 1, 'tp_ep': True}, 'inference': {'replica_count': 1, 'moe_dp': 1}}
512	217.784885	nan	nan	0.004592	6.861550e+18	3.150609e+16	3.118694e+14	0.197311	False	0.000000	197.986064	{'tp': 32, 'cp': 1, 'pp': 16, 'mb': 16, 'tp_sp': True, 'train': {'dp': 1, 'ep': 1, 'tp_ep': True}, 'inference': {'replica_count': 1, 'moe_dp': 1}}
128	603.066433	nan	nan	0.001658	6.861550e+18	1.137777e+16	3.118694e+14	0.285019	False	0.000000	223.400077	{'tp': 16, 'cp': 1, 'pp': 8, 'mb': 8, 'tp_sp': True, 'train': {'dp': 1, 'ep': 1, 'tp_ep': True}, 'inference': {'replica_count': 1, 'moe_dp': 1}}
256	348.946327	nan	nan	0.002866	6.861550e+18	1.966363e+16	3.118694e+14	0.246292	False	0.000000	241.978559	{'tp': 32, 'cp': 1, 'pp': 8, 'mb': 8, 'tp_sp': True, 'train': {'dp': 1, 'ep': 1, 'tp_ep': True}, 'inference': {'replica_count': 1, 'moe_dp': 1}}
1024	148.838749	nan	nan	0.006719	6.861550e+18	4.610056e+16	3.118694e+14	0.144356	False	0.000000	256.442331	{'tp': 32, 'cp': 1, 'pp': 32, 'mb': 32, 'tp_sp': True, 'train': {'dp': 1, 'ep': 1, 'tp_ep': True}, 'inference': {'replica_count': 1, 'moe_dp': 1}}
128	555.772863	nan	nan	0.001799	6.861550e+18	1.234596e+16	3.118694e+14	0.309273	False	0.000000	123.820635	{'tp': 8, 'cp': 1, 'pp': 8, 'mb': 8, 'tp_sp': True, 'train': {'dp': 2, 'ep': 1, 'tp_ep': True}, 'inference': {'replica_count': 1, 'moe_dp': 1}}
256	301.733836	nan	nan	0.003314	6.861550e+18	2.274041e+16	3.118694e+14	0.284830	False	0.000000	124.522708	{'tp': 16, 'cp': 1, 'pp': 8, 'mb': 8, 'tp_sp': True, 'train': {'dp': 2, 'ep': 1, 'tp_ep': True}, 'inference': {'replica_count': 1, 'moe_dp': 1}}
128	533.063447	nan	nan	0.001876	6.861550e+18	1.287192e+16	3.118694e+14	0.322449	False	0.000000	215.663673	{'tp': 16, 'cp': 1, 'pp': 4, 'mb': 4, 'tp_sp': True, 'train': {'dp': 2, 'ep': 1, 'tp_ep': True}, 'inference': {'replica_count': 1, 'moe_dp': 1}}
256	292.175503	nan	nan	0.003423	6.861550e+18	2.348434e+16	3.118694e+14	0.294148	False	0.000000	216.329991	{'tp': 32, 'cp': 1, 'pp': 4, 'mb': 4, 'tp_sp': True, 'train': {'dp': 2, 'ep': 1, 'tp_ep': True}, 'inference': {'replica_count': 1, 'moe_dp': 1}}
128	554.104999	nan	nan	0.001805	6.861550e+18	1.238312e+16	3.118694e+14	0.310204	False	0.000000	81.384561	{'tp': 4, 'cp': 1, 'pp': 16, 'mb': 16, 'tp_sp': True, 'train': {'dp': 2, 'ep': 1, 'tp_ep': True}, 'inference': {'replica_count': 1, 'moe_dp': 1}}
256	299.820566	nan	nan	0.003335	6.861550e+18	2.288552e+16	3.118694e+14	0.286647	False	0.000000	81.129570	{'tp': 8, 'cp': 1, 'pp': 16, 'mb': 16, 'tp_sp': True, 'train': {'dp': 2, 'ep': 1, 'tp_ep': True}, 'inference': {'replica_count': 1, 'moe_dp': 1}}
512	174.655416	nan	nan	0.005726	6.861550e+18	3.928621e+16	3.118694e+14	0.246035	False	0.000000	147.469539	{'tp': 32, 'cp': 1, 'pp': 8, 'mb': 8, 'tp_sp': True, 'train': {'dp': 2, 'ep': 1, 'tp_ep': True}, 'inference': {'replica_count': 1, 'moe_dp': 1}}
512	222.460659	nan	nan	0.004495	6.861550e+18	3.084388e+16	3.118694e+14	0.193164	False	0.000000	346.126873	{'tp': 64, 'cp': 1, 'pp': 8, 'mb': 8, 'tp_sp': True, 'train': {'dp': 1, 'ep': 1, 'tp_ep': True}, 'inference': {'replica_count': 1, 'moe_dp': 1}}
512	172.712446	nan	nan	0.005790	6.861550e+18	3.972817e+16	3.118694e+14	0.248803	False	0.000000	94.855217	{'tp': 16, 'cp': 1, 'pp': 16, 'mb': 16, 'tp_sp': True, 'train': {'dp': 2, 'ep': 1, 'tp_ep': True}, 'inference': {'replica_count': 1, 'moe_dp': 1}}
128	553.731418	nan	nan	0.001806	6.861550e+18	1.239148e+16	3.118694e+14	0.310413	False	0.000000	61.848188	{'tp': 2, 'cp': 1, 'pp': 32, 'mb': 32, 'tp_sp': True, 'train': {'dp': 2, 'ep': 1, 'tp_ep': True}, 'inference': {'replica_count': 1, 'moe_dp': 1}}
256	286.075521	nan	nan	0.003496	6.861550e+18	2.398510e+16	3.118694e+14	0.300420	False	0.000000	61.511845	{'tp': 4, 'cp': 1, 'pp': 32, 'mb': 32, 'tp_sp': True, 'train': {'dp': 2, 'ep': 1, 'tp_ep': True}, 'inference': {'replica_count': 1, 'moe_dp': 1}}
128	472.807728	nan	nan	0.002115	6.861550e+18	1.451235e+16	3.118694e+14	0.363542	False	0.000000	390.469469	{'tp': 32, 'cp': 1, 'pp': 2, 'mb': 2, 'tp_sp': True, 'train': {'dp': 2, 'ep': 1, 'tp_ep': True}, 'inference': {'replica_count': 1, 'moe_dp': 1}}
512	172.276076	nan	nan	0.005805	6.861550e+18	3.982880e+16	3.118694e+14	0.249433	False	0.000000	269.050219	{'tp': 64, 'cp': 1, 'pp': 4, 'mb': 4, 'tp_sp': True, 'train': {'dp': 2, 'ep': 1, 'tp_ep': True}, 'inference': {'replica_count': 1, 'moe_dp': 1}}
512	165.309546	nan	nan	0.006049	6.861550e+18	4.150728e+16	3.118694e+14	0.259945	False	0.000000	73.759412	{'tp': 8, 'cp': 1, 'pp': 32, 'mb': 32, 'tp_sp': True, 'train': {'dp': 2, 'ep': 1, 'tp_ep': True}, 'inference': {'replica_count': 1, 'moe_dp': 1}}
1024	109.124644	nan	nan	0.009164	6.861550e+18	6.287810e+16	3.118694e+14	0.196891	False	0.000000	146.025909	{'tp': 32, 'cp': 1, 'pp': 16, 'mb': 16, 'tp_sp': True, 'train': {'dp': 2, 'ep': 1, 'tp_ep': True}, 'inference': {'replica_count': 1, 'moe_dp': 1}}
256	265.897231	nan	nan	0.003761	6.861550e+18	2.580527e+16	3.118694e+14	0.323218	False	0.000000	422.746237	{'tp': 64, 'cp': 1, 'pp': 2, 'mb': 2, 'tp_sp': True, 'train': {'dp': 2, 'ep': 1, 'tp_ep': True}, 'inference': {'replica_count': 1, 'moe_dp': 1}}
1024	154.491338	nan	nan	0.006473	6.861550e+18	4.441382e+16	3.118694e+14	0.139074	False	0.000000	438.520226	{'tp': 64, 'cp': 1, 'pp': 16, 'mb': 16, 'tp_sp': True, 'train': {'dp': 1, 'ep': 1, 'tp_ep': True}, 'inference': {'replica_count': 1, 'moe_dp': 1}}
256	344.379375	nan	nan	0.002904	6.861550e+18	1.992439e+16	3.118694e+14	0.249558	False	0.000000	448.901829	{'tp': 64, 'cp': 1, 'pp': 4, 'mb': 4, 'tp_sp': True, 'train': {'dp': 1, 'ep': 1, 'tp_ep': True}, 'inference': {'replica_count': 1, 'moe_dp': 1}}
1024	104.941593	nan	nan	0.009529	6.861550e+18	6.538447e+16	3.118694e+14	0.204740	False	0.000000	108.707805	{'tp': 16, 'cp': 1, 'pp': 32, 'mb': 32, 'tp_sp': True, 'train': {'dp': 2, 'ep': 1, 'tp_ep': True}, 'inference': {'replica_count': 1, 'moe_dp': 1}}
1024	111.379195	nan	nan	0.008978	6.861550e+18	6.160531e+16	3.118694e+14	0.192906	False	0.000000	250.940001	{'tp': 64, 'cp': 1, 'pp': 8, 'mb': 8, 'tp_sp': True, 'train': {'dp': 2, 'ep': 1, 'tp_ep': True}, 'inference': {'replica_count': 1, 'moe_dp': 1}}
128	532.390632	nan	nan	0.001878	6.861550e+18	1.288819e+16	3.118694e+14	0.322856	False	0.000000	77.141071	{'tp': 4, 'cp': 1, 'pp': 8, 'mb': 8, 'tp_sp': True, 'train': {'dp': 4, 'ep': 1, 'tp_ep': True}, 'inference': {'replica_count': 1, 'moe_dp': 1}}
256	278.175828	nan	nan	0.003595	6.861550e+18	2.466623e+16	3.118694e+14	0.308951	False	0.000000	73.794197	{'tp': 8, 'cp': 1, 'pp': 8, 'mb': 8, 'tp_sp': True, 'train': {'dp': 4, 'ep': 1, 'tp_ep': True}, 'inference': {'replica_count': 1, 'moe_dp': 1}}
128	507.522323	nan	nan	0.001970	6.861550e+18	1.351970e+16	3.118694e+14	0.338676	False	0.000000	121.692246	{'tp': 8, 'cp': 1, 'pp': 4, 'mb': 4, 'tp_sp': True, 'train': {'dp': 4, 'ep': 1, 'tp_ep': True}, 'inference': {'replica_count': 1, 'moe_dp': 1}}
256	266.711314	nan	nan	0.003749	6.861550e+18	2.572651e+16	3.118694e+14	0.322232	False	0.000000	115.964915	{'tp': 16, 'cp': 1, 'pp': 4, 'mb': 4, 'tp_sp': True, 'train': {'dp': 4, 'ep': 1, 'tp_ep': True}, 'inference': {'replica_count': 1, 'moe_dp': 1}}
512	151.102511	nan	nan	0.006618	6.861550e+18	4.540990e+16	3.118694e+14	0.284386	False	0.000000	76.996531	{'tp': 16, 'cp': 1, 'pp': 8, 'mb': 8, 'tp_sp': True, 'train': {'dp': 4, 'ep': 1, 'tp_ep': True}, 'inference': {'replica_count': 1, 'moe_dp': 1}}
512	146.249965	nan	nan	0.006838	6.861550e+18	4.691659e+16	3.118694e+14	0.293822	False	0.000000	125.510752	{'tp': 32, 'cp': 1, 'pp': 4, 'mb': 4, 'tp_sp': True, 'train': {'dp': 4, 'ep': 1, 'tp_ep': True}, 'inference': {'replica_count': 1, 'moe_dp': 1}}
2048	74.733806	nan	nan	0.013381	6.861550e+18	9.181320e+16	3.118694e+14	0.143748	False	0.000000	228.113770	{'tp': 32, 'cp': 1, 'pp': 32, 'mb': 32, 'tp_sp': True, 'train': {'dp': 2, 'ep': 1, 'tp_ep': True}, 'inference': {'replica_count': 1, 'moe_dp': 1}}
256	277.606690	nan	nan	0.003602	6.861550e+18	2.471680e+16	3.118694e+14	0.309585	False	0.000000	51.526995	{'tp': 4, 'cp': 1, 'pp': 16, 'mb': 16, 'tp_sp': True, 'train': {'dp': 4, 'ep': 1, 'tp_ep': True}, 'inference': {'replica_count': 1, 'moe_dp': 1}}
128	544.803783	nan	nan	0.001836	6.861550e+18	1.259453e+16	3.118694e+14	0.315500	False	0.000000	58.174072	{'tp': 2, 'cp': 1, 'pp': 16, 'mb': 16, 'tp_sp': True, 'train': {'dp': 4, 'ep': 1, 'tp_ep': True}, 'inference': {'replica_count': 1, 'moe_dp': 1}}
128	444.373815	nan	nan	0.002250	6.861550e+18	1.544094e+16	3.118694e+14	0.386804	False	0.000000	209.957425	{'tp': 16, 'cp': 1, 'pp': 2, 'mb': 2, 'tp_sp': True, 'train': {'dp': 4, 'ep': 1, 'tp_ep': True}, 'inference': {'replica_count': 1, 'moe_dp': 1}}
512	150.300759	nan	nan	0.006653	6.861550e+18	4.565213e+16	3.118694e+14	0.285903	False	0.000000	55.433915	{'tp': 8, 'cp': 1, 'pp': 16, 'mb': 16, 'tp_sp': True, 'train': {'dp': 4, 'ep': 1, 'tp_ep': True}, 'inference': {'replica_count': 1, 'moe_dp': 1}}
256	236.496847	nan	nan	0.004228	6.861550e+18	2.901328e+16	3.118694e+14	0.363399	False	0.000000	211.066829	{'tp': 32, 'cp': 1, 'pp': 2, 'mb': 2, 'tp_sp': True, 'train': {'dp': 4, 'ep': 1, 'tp_ep': True}, 'inference': {'replica_count': 1, 'moe_dp': 1}}
1024	86.268619	nan	nan	0.011592	6.861550e+18	7.953703e+16	3.118694e+14	0.249056	False	0.000000	174.451296	{'tp': 64, 'cp': 1, 'pp': 4, 'mb': 4, 'tp_sp': True, 'train': {'dp': 4, 'ep': 1, 'tp_ep': True}, 'inference': {'replica_count': 1, 'moe_dp': 1}}
1024	87.532118	nan	nan	0.011424	6.861550e+18	7.838894e+16	3.118694e+14	0.245461	False	0.000000	101.862823	{'tp': 32, 'cp': 1, 'pp': 8, 'mb': 8, 'tp_sp': True, 'train': {'dp': 4, 'ep': 1, 'tp_ep': True}, 'inference': {'replica_count': 1, 'moe_dp': 1}}
1024	86.663633	nan	nan	0.011539	6.861550e+18	7.917450e+16	3.118694e+14	0.247921	False	0.000000	68.218841	{'tp': 16, 'cp': 1, 'pp': 16, 'mb': 16, 'tp_sp': True, 'train': {'dp': 4, 'ep': 1, 'tp_ep': True}, 'inference': {'replica_count': 1, 'moe_dp': 1}}
512	133.028312	nan	nan	0.007517	6.861550e+18	5.157962e+16	3.118694e+14	0.323024	False	0.000000	238.655064	{'tp': 64, 'cp': 1, 'pp': 2, 'mb': 2, 'tp_sp': True, 'train': {'dp': 4, 'ep': 1, 'tp_ep': True}, 'inference': {'replica_count': 1, 'moe_dp': 1}}
256	553.731646	nan	nan	0.001806	6.861550e+18	1.239147e+16	3.118694e+14	0.155207	False	0.000000	62.671657	{'tp': 2, 'cp': 1, 'pp': 32, 'mb': 32, 'tp_sp': True, 'train': {'dp': 4, 'ep': 1, 'tp_ep': True}, 'inference': {'replica_count': 1, 'moe_dp': 1}}
512	286.075783	nan	nan	0.003496	6.861550e+18	2.398508e+16	3.118694e+14	0.150210	False	0.000000	60.009351	{'tp': 4, 'cp': 1, 'pp': 32, 'mb': 32, 'tp_sp': True, 'train': {'dp': 4, 'ep': 1, 'tp_ep': True}, 'inference': {'replica_count': 1, 'moe_dp': 1}}
128	1101.445449	nan	nan	0.000908	6.861550e+18	6.229587e+15	3.118694e+14	0.156055	True	3.645752	72.477368	{'tp': 1, 'cp': 1, 'pp': 32, 'mb': 32, 'tp_sp': True, 'train': {'dp': 4, 'ep': 1, 'tp_ep': True}, 'inference': {'replica_count': 1, 'moe_dp': 1}}
1024	165.309817	nan	nan	0.006049	6.861550e+18	4.150721e+16	3.118694e+14	0.129972	False	0.000000	71.751908	{'tp': 8, 'cp': 1, 'pp': 32, 'mb': 32, 'tp_sp': True, 'train': {'dp': 4, 'ep': 1, 'tp_ep': True}, 'inference': {'replica_count': 1, 'moe_dp': 1}}
2048	77.440352	nan	nan	0.012913	6.861550e+18	8.860432e+16	3.118694e+14	0.138724	False	0.000000	388.611831	{'tp': 64, 'cp': 1, 'pp': 16, 'mb': 16, 'tp_sp': True, 'train': {'dp': 2, 'ep': 1, 'tp_ep': True}, 'inference': {'replica_count': 1, 'moe_dp': 1}}
2048	54.819982	nan	nan	0.018242	6.861550e+18	1.251651e+17	3.118694e+14	0.195966	False	0.000000	120.792134	{'tp': 32, 'cp': 1, 'pp': 16, 'mb': 16, 'tp_sp': True, 'train': {'dp': 4, 'ep': 1, 'tp_ep': True}, 'inference': {'replica_count': 1, 'moe_dp': 1}}
2048	104.941869	nan	nan	0.009529	6.861550e+18	6.538430e+16	3.118694e+14	0.102370	False	0.000000	105.726316	{'tp': 16, 'cp': 1, 'pp': 32, 'mb': 32, 'tp_sp': True, 'train': {'dp': 4, 'ep': 1, 'tp_ep': True}, 'inference': {'replica_count': 1, 'moe_dp': 1}}
2048	55.856531	nan	nan	0.017903	6.861550e+18	1.228424e+17	3.118694e+14	0.192329	False	0.000000	207.785991	{'tp': 64, 'cp': 1, 'pp': 8, 'mb': 8, 'tp_sp': True, 'train': {'dp': 4, 'ep': 1, 'tp_ep': True}, 'inference': {'replica_count': 1, 'moe_dp': 1}}
128	494.988738	nan	nan	0.002020	6.861550e+18	1.386203e+16	3.118694e+14	0.347252	True	38.921265	76.778391	{'tp': 4, 'cp': 1, 'pp': 4, 'mb': 4, 'tp_sp': True, 'train': {'dp': 8, 'ep': 1, 'tp_ep': True}, 'inference': {'replica_count': 1, 'moe_dp': 1}}
128	308.024862	nan	nan	0.003246	6.861550e+18	2.227596e+16	3.118694e+14	0.558025	True	0.776794	397.033800	{'tp': 32, 'cp': 1, 'pp': 1, 'mb': 1, 'tp_sp': True, 'train': {'dp': 4, 'ep': 1, 'tp_ep': True}, 'inference': {'replica_count': 1, 'moe_dp': 1}}
256	222.333642	nan	nan	0.004498	6.861550e+18	3.086150e+16	3.118694e+14	0.386549	False	0.000000	113.642018	{'tp': 16, 'cp': 1, 'pp': 2, 'mb': 2, 'tp_sp': True, 'train': {'dp': 8, 'ep': 1, 'tp_ep': True}, 'inference': {'replica_count': 1, 'moe_dp': 1}}
128	430.143987	nan	nan	0.002325	6.861550e+18	1.595175e+16	3.118694e+14	0.399600	True	36.248901	118.530749	{'tp': 8, 'cp': 1, 'pp': 2, 'mb': 2, 'tp_sp': True, 'train': {'dp': 8, 'ep': 1, 'tp_ep': True}, 'inference': {'replica_count': 1, 'moe_dp': 1}}
256	170.087488	nan	nan	0.005879	6.861550e+18	4.034130e+16	3.118694e+14	0.505286	False	0.000000	405.209834	{'tp': 64, 'cp': 1, 'pp': 1, 'mb': 1, 'tp_sp': True, 'train': {'dp': 4, 'ep': 1, 'tp_ep': True}, 'inference': {'replica_count': 1, 'moe_dp': 1}}
256	254.011508	nan	nan	0.003937	6.861550e+18	2.701275e+16	3.118694e+14	0.338342	False	0.000000	70.309997	{'tp': 8, 'cp': 1, 'pp': 4, 'mb': 4, 'tp_sp': True, 'train': {'dp': 8, 'ep': 1, 'tp_ep': True}, 'inference': {'replica_count': 1, 'moe_dp': 1}}
512	118.380275	nan	nan	0.008447	6.861550e+18	5.796194e+16	3.118694e+14	0.362995	False	0.000000	117.690333	{'tp': 32, 'cp': 1, 'pp': 2, 'mb': 2, 'tp_sp': True, 'train': {'dp': 8, 'ep': 1, 'tp_ep': True}, 'inference': {'replica_count': 1, 'moe_dp': 1}}
512	133.555201	nan	nan	0.007488	6.861550e+18	5.137614e+16	3.118694e+14	0.321750	False	0.000000	68.753632	{'tp': 16, 'cp': 1, 'pp': 4, 'mb': 4, 'tp_sp': True, 'train': {'dp': 8, 'ep': 1, 'tp_ep': True}, 'inference': {'replica_count': 1, 'moe_dp': 1}}
1024	66.618766	nan	nan	0.015011	6.861550e+18	1.029973e+17	3.118694e+14	0.322517	False	0.000000	140.051358	{'tp': 64, 'cp': 1, 'pp': 2, 'mb': 2, 'tp_sp': True, 'train': {'dp': 8, 'ep': 1, 'tp_ep': True}, 'inference': {'replica_count': 1, 'moe_dp': 1}}
256	266.691660	nan	nan	0.003750	6.861550e+18	2.572840e+16	3.118694e+14	0.322255	False	0.000000	48.844122	{'tp': 4, 'cp': 1, 'pp': 8, 'mb': 8, 'tp_sp': True, 'train': {'dp': 8, 'ep': 1, 'tp_ep': True}, 'inference': {'replica_count': 1, 'moe_dp': 1}}
128	527.046695	nan	nan	0.001897	6.861550e+18	1.301887e+16	3.118694e+14	0.326130	True	41.245239	56.233841	{'tp': 2, 'cp': 1, 'pp': 8, 'mb': 8, 'tp_sp': True, 'train': {'dp': 8, 'ep': 1, 'tp_ep': True}, 'inference': {'replica_count': 1, 'moe_dp': 1}}
512	139.421487	nan	nan	0.007172	6.861550e+18	4.921444e+16	3.118694e+14	0.308212	False	0.000000	47.226036	{'tp': 8, 'cp': 1, 'pp': 8, 'mb': 8, 'tp_sp': True, 'train': {'dp': 8, 'ep': 1, 'tp_ep': True}, 'inference': {'replica_count': 1, 'moe_dp': 1}}
128	292.659744	nan	nan	0.003417	6.861550e+18	2.344549e+16	3.118694e+14	0.587322	True	39.705017	208.182468	{'tp': 16, 'cp': 1, 'pp': 1, 'mb': 1, 'tp_sp': True, 'train': {'dp': 8, 'ep': 1, 'tp_ep': True}, 'inference': {'replica_count': 1, 'moe_dp': 1}}
1024	73.295070	nan	nan	0.013643	6.861550e+18	9.361544e+16	3.118694e+14	0.293140	False	0.000000	78.773887	{'tp': 32, 'cp': 1, 'pp': 4, 'mb': 4, 'tp_sp': True, 'train': {'dp': 8, 'ep': 1, 'tp_ep': True}, 'inference': {'replica_count': 1, 'moe_dp': 1}}
1024	75.802232	nan	nan	0.013192	6.861550e+18	9.051910e+16	3.118694e+14	0.283444	False	0.000000	53.066833	{'tp': 16, 'cp': 1, 'pp': 8, 'mb': 8, 'tp_sp': True, 'train': {'dp': 8, 'ep': 1, 'tp_ep': True}, 'inference': {'replica_count': 1, 'moe_dp': 1}}
4096	74.734084	nan	nan	0.013381	6.861550e+18	9.181286e+16	3.118694e+14	0.071874	False	0.000000	223.402392	{'tp': 32, 'cp': 1, 'pp': 32, 'mb': 32, 'tp_sp': True, 'train': {'dp': 4, 'ep': 1, 'tp_ep': True}, 'inference': {'replica_count': 1, 'moe_dp': 1}}
256	154.078060	nan	nan	0.006490	6.861550e+18	4.453295e+16	3.118694e+14	0.557787	False	0.000000	206.652530	{'tp': 32, 'cp': 1, 'pp': 1, 'mb': 1, 'tp_sp': True, 'train': {'dp': 8, 'ep': 1, 'tp_ep': True}, 'inference': {'replica_count': 1, 'moe_dp': 1}}
512	85.100518	nan	nan	0.011751	6.861550e+18	8.062877e+16	3.118694e+14	0.504949	False	0.000000	211.677833	{'tp': 64, 'cp': 1, 'pp': 1, 'mb': 1, 'tp_sp': True, 'train': {'dp': 8, 'ep': 1, 'tp_ep': True}, 'inference': {'replica_count': 1, 'moe_dp': 1}}
128	1083.762648	nan	nan	0.000923	6.861550e+18	6.331230e+15	3.118694e+14	0.158601	True	49.677979	72.100490	{'tp': 1, 'cp': 1, 'pp': 16, 'mb': 16, 'tp_sp': True, 'train': {'dp': 8, 'ep': 1, 'tp_ep': True}, 'inference': {'replica_count': 1, 'moe_dp': 1}}
2048	43.967528	nan	nan	0.022744	6.861550e+18	1.560595e+17	3.118694e+14	0.244336	False	0.000000	77.080425	{'tp': 32, 'cp': 1, 'pp': 8, 'mb': 8, 'tp_sp': True, 'train': {'dp': 8, 'ep': 1, 'tp_ep': True}, 'inference': {'replica_count': 1, 'moe_dp': 1}}
512	277.615124	nan	nan	0.003602	6.861550e+18	2.471605e+16	3.118694e+14	0.154788	False	0.000000	53.047730	{'tp': 4, 'cp': 1, 'pp': 16, 'mb': 16, 'tp_sp': True, 'train': {'dp': 8, 'ep': 1, 'tp_ep': True}, 'inference': {'replica_count': 1, 'moe_dp': 1}}
256	544.811463	nan	nan	0.001835	6.861550e+18	1.259436e+16	3.118694e+14	0.157748	False	0.000000	57.517966	{'tp': 2, 'cp': 1, 'pp': 16, 'mb': 16, 'tp_sp': True, 'train': {'dp': 8, 'ep': 1, 'tp_ep': True}, 'inference': {'replica_count': 1, 'moe_dp': 1}}
1024	150.308978	nan	nan	0.006653	6.861550e+18	4.564964e+16	3.118694e+14	0.142944	False	0.000000	56.426161	{'tp': 8, 'cp': 1, 'pp': 16, 'mb': 16, 'tp_sp': True, 'train': {'dp': 8, 'ep': 1, 'tp_ep': True}, 'inference': {'replica_count': 1, 'moe_dp': 1}}
2048	43.268919	nan	nan	0.023111	6.861550e+18	1.585792e+17	3.118694e+14	0.248281	False	0.000000	130.301310	{'tp': 64, 'cp': 1, 'pp': 4, 'mb': 4, 'tp_sp': True, 'train': {'dp': 8, 'ep': 1, 'tp_ep': True}, 'inference': {'replica_count': 1, 'moe_dp': 1}}
2048	86.671745	nan	nan	0.011538	6.861550e+18	7.916709e+16	3.118694e+14	0.123949	False	0.000000	69.483716	{'tp': 16, 'cp': 1, 'pp': 16, 'mb': 16, 'tp_sp': True, 'train': {'dp': 8, 'ep': 1, 'tp_ep': True}, 'inference': {'replica_count': 1, 'moe_dp': 1}}
1024	286.071398	nan	nan	0.003496	6.861550e+18	2.398545e+16	3.118694e+14	0.075106	False	0.000000	62.142260	{'tp': 4, 'cp': 1, 'pp': 32, 'mb': 32, 'tp_sp': True, 'train': {'dp': 8, 'ep': 1, 'tp_ep': True}, 'inference': {'replica_count': 1, 'moe_dp': 1}}
512	553.727272	nan	nan	0.001806	6.861550e+18	1.239157e+16	3.118694e+14	0.077604	False	0.000000	63.541274	{'tp': 2, 'cp': 1, 'pp': 32, 'mb': 32, 'tp_sp': True, 'train': {'dp': 8, 'ep': 1, 'tp_ep': True}, 'inference': {'replica_count': 1, 'moe_dp': 1}}
256	1101.440531	nan	nan	0.000908	6.861550e+18	6.229615e+15	3.118694e+14	0.078028	False	0.000000	74.810638	{'tp': 1, 'cp': 1, 'pp': 32, 'mb': 32, 'tp_sp': True, 'train': {'dp': 8, 'ep': 1, 'tp_ep': True}, 'inference': {'replica_count': 1, 'moe_dp': 1}}
2048	165.305578	nan	nan	0.006049	6.861550e+18	4.150828e+16	3.118694e+14	0.064988	False	0.000000	72.343401	{'tp': 8, 'cp': 1, 'pp': 32, 'mb': 32, 'tp_sp': True, 'train': {'dp': 8, 'ep': 1, 'tp_ep': True}, 'inference': {'replica_count': 1, 'moe_dp': 1}}
4096	38.947614	nan	nan	0.025676	6.861550e+18	1.761738e+17	3.118694e+14	0.137914	False	0.000000	353.755162	{'tp': 64, 'cp': 1, 'pp': 16, 'mb': 16, 'tp_sp': True, 'train': {'dp': 4, 'ep': 1, 'tp_ep': True}, 'inference': {'replica_count': 1, 'moe_dp': 1}}
4096	54.828041	nan	nan	0.018239	6.861550e+18	1.251467e+17	3.118694e+14	0.097969	False	0.000000	122.354316	{'tp': 32, 'cp': 1, 'pp': 16, 'mb': 16, 'tp_sp': True, 'train': {'dp': 8, 'ep': 1, 'tp_ep': True}, 'inference': {'replica_count': 1, 'moe_dp': 1}}
128	423.233082	nan	nan	0.002363	6.861550e+18	1.621223e+16	3.118694e+14	0.406125	True	130.490723	74.983088	{'tp': 4, 'cp': 1, 'pp': 2, 'mb': 2, 'tp_sp': True, 'train': {'dp': 16, 'ep': 1, 'tp_ep': True}, 'inference': {'replica_count': 1, 'moe_dp': 1}}
512	111.330742	nan	nan	0.008982	6.861550e+18	6.163212e+16	3.118694e+14	0.385980	False	0.000000	65.986287	{'tp': 16, 'cp': 1, 'pp': 2, 'mb': 2, 'tp_sp': True, 'train': {'dp': 16, 'ep': 1, 'tp_ep': True}, 'inference': {'replica_count': 1, 'moe_dp': 1}}
256	215.279602	nan	nan	0.004645	6.861550e+18	3.187274e+16	3.118694e+14	0.399215	True	25.371521	69.368330	{'tp': 8, 'cp': 1, 'pp': 2, 'mb': 2, 'tp_sp': True, 'train': {'dp': 16, 'ep': 1, 'tp_ep': True}, 'inference': {'replica_count': 1, 'moe_dp': 1}}
256	247.934054	nan	nan	0.004033	6.861550e+18	2.767490e+16	3.118694e+14	0.346636	True	27.939148	47.411503	{'tp': 4, 'cp': 1, 'pp': 4, 'mb': 4, 'tp_sp': True, 'train': {'dp': 16, 'ep': 1, 'tp_ep': True}, 'inference': {'replica_count': 1, 'moe_dp': 1}}
128	491.649608	nan	nan	0.002034	6.861550e+18	1.395618e+16	3.118694e+14	0.349610	True	135.878296	55.468619	{'tp': 2, 'cp': 1, 'pp': 4, 'mb': 4, 'tp_sp': True, 'train': {'dp': 16, 'ep': 1, 'tp_ep': True}, 'inference': {'replica_count': 1, 'moe_dp': 1}}
1024	59.328716	nan	nan	0.016855	6.861550e+18	1.156531e+17	3.118694e+14	0.362147	False	0.000000	68.923288	{'tp': 32, 'cp': 1, 'pp': 2, 'mb': 2, 'tp_sp': True, 'train': {'dp': 16, 'ep': 1, 'tp_ep': True}, 'inference': {'replica_count': 1, 'moe_dp': 1}}
4096	104.937702	nan	nan	0.009529	6.861550e+18	6.538689e+16	3.118694e+14	0.051187	False	0.000000	112.376860	{'tp': 16, 'cp': 1, 'pp': 32, 'mb': 32, 'tp_sp': True, 'train': {'dp': 8, 'ep': 1, 'tp_ep': True}, 'inference': {'replica_count': 1, 'moe_dp': 1}}
512	127.291955	nan	nan	0.007856	6.861550e+18	5.390404e+16	3.118694e+14	0.337581	False	0.000000	43.636040	{'tp': 8, 'cp': 1, 'pp': 4, 'mb': 4, 'tp_sp': True, 'train': {'dp': 16, 'ep': 1, 'tp_ep': True}, 'inference': {'replica_count': 1, 'moe_dp': 1}}
4096	28.099622	nan	nan	0.035588	6.861550e+18	2.441866e+17	3.118694e+14	0.191156	False	0.000000	187.058911	{'tp': 64, 'cp': 1, 'pp': 8, 'mb': 8, 'tp_sp': True, 'train': {'dp': 8, 'ep': 1, 'tp_ep': True}, 'inference': {'replica_count': 1, 'moe_dp': 1}}
256	146.430216	nan	nan	0.006829	6.861550e+18	4.685884e+16	3.118694e+14	0.586920	True	26.854950	115.399164	{'tp': 16, 'cp': 1, 'pp': 1, 'mb': 1, 'tp_sp': True, 'train': {'dp': 16, 'ep': 1, 'tp_ep': True}, 'inference': {'replica_count': 1, 'moe_dp': 1}}
128	284.967531	nan	nan	0.003509	6.861550e+18	2.407836e+16	3.118694e+14	0.603176	True	129.672791	119.320471	{'tp': 8, 'cp': 1, 'pp': 1, 'mb': 1, 'tp_sp': True, 'train': {'dp': 16, 'ep': 1, 'tp_ep': True}, 'inference': {'replica_count': 1, 'moe_dp': 1}}
512	77.129429	nan	nan	0.012965	6.861550e+18	8.896151e+16	3.118694e+14	0.557134	False	0.000000	114.020945	{'tp': 32, 'cp': 1, 'pp': 1, 'mb': 1, 'tp_sp': True, 'train': {'dp': 16, 'ep': 1, 'tp_ep': True}, 'inference': {'replica_count': 1, 'moe_dp': 1}}
1024	66.985911	nan	nan	0.014929	6.861550e+18	1.024327e+17	3.118694e+14	0.320750	False	0.000000	45.219304	{'tp': 16, 'cp': 1, 'pp': 4, 'mb': 4, 'tp_sp': True, 'train': {'dp': 16, 'ep': 1, 'tp_ep': True}, 'inference': {'replica_count': 1, 'moe_dp': 1}}
2048	33.417384	nan	nan	0.029925	6.861550e+18	2.053288e+17	3.118694e+14	0.321475	False	0.000000	93.860260	{'tp': 64, 'cp': 1, 'pp': 2, 'mb': 2, 'tp_sp': True, 'train': {'dp': 16, 'ep': 1, 'tp_ep': True}, 'inference': {'replica_count': 1, 'moe_dp': 1}}
1024	42.622486	nan	nan	0.023462	6.861550e+18	1.609843e+17	3.118694e+14	0.504093	False	0.000000	120.903970	{'tp': 64, 'cp': 1, 'pp': 1, 'mb': 1, 'tp_sp': True, 'train': {'dp': 16, 'ep': 1, 'tp_ep': True}, 'inference': {'replica_count': 1, 'moe_dp': 1}}
2048	36.809122	nan	nan	0.027167	6.861550e+18	1.864090e+17	3.118694e+14	0.291853	False	0.000000	54.473515	{'tp': 32, 'cp': 1, 'pp': 4, 'mb': 4, 'tp_sp': True, 'train': {'dp': 16, 'ep': 1, 'tp_ep': True}, 'inference': {'replica_count': 1, 'moe_dp': 1}}
512	266.692157	nan	nan	0.003750	6.861550e+18	2.572835e+16	3.118694e+14	0.161127	False	0.000000	48.981237	{'tp': 4, 'cp': 1, 'pp': 8, 'mb': 8, 'tp_sp': True, 'train': {'dp': 16, 'ep': 1, 'tp_ep': True}, 'inference': {'replica_count': 1, 'moe_dp': 1}}
1024	139.421977	nan	nan	0.007172	6.861550e+18	4.921426e+16	3.118694e+14	0.154106	False	0.000000	47.557592	{'tp': 8, 'cp': 1, 'pp': 8, 'mb': 8, 'tp_sp': True, 'train': {'dp': 16, 'ep': 1, 'tp_ep': True}, 'inference': {'replica_count': 1, 'moe_dp': 1}}
256	527.047057	nan	nan	0.001897	6.861550e+18	1.301886e+16	3.118694e+14	0.163065	True	31.972046	56.967085	{'tp': 2, 'cp': 1, 'pp': 8, 'mb': 8, 'tp_sp': True, 'train': {'dp': 16, 'ep': 1, 'tp_ep': True}, 'inference': {'replica_count': 1, 'moe_dp': 1}}
2048	75.802720	nan	nan	0.013192	6.861550e+18	9.051852e+16	3.118694e+14	0.141721	False	0.000000	54.433885	{'tp': 16, 'cp': 1, 'pp': 8, 'mb': 8, 'tp_sp': True, 'train': {'dp': 16, 'ep': 1, 'tp_ep': True}, 'inference': {'replica_count': 1, 'moe_dp': 1}}
128	1048.467139	nan	nan	0.000954	6.861550e+18	6.544364e+15	3.118694e+14	0.163940	True	143.944092	72.230580	{'tp': 1, 'cp': 1, 'pp': 8, 'mb': 8, 'tp_sp': True, 'train': {'dp': 16, 'ep': 1, 'tp_ep': True}, 'inference': {'replica_count': 1, 'moe_dp': 1}}
1024	277.615068	nan	nan	0.003602	6.861550e+18	2.471606e+16	3.118694e+14	0.077394	False	0.000000	54.115731	{'tp': 4, 'cp': 1, 'pp': 16, 'mb': 16, 'tp_sp': True, 'train': {'dp': 16, 'ep': 1, 'tp_ep': True}, 'inference': {'replica_count': 1, 'moe_dp': 1}}
512	544.811391	nan	nan	0.001835	6.861550e+18	1.259436e+16	3.118694e+14	0.078874	False	0.000000	59.372822	{'tp': 2, 'cp': 1, 'pp': 16, 'mb': 16, 'tp_sp': True, 'train': {'dp': 16, 'ep': 1, 'tp_ep': True}, 'inference': {'replica_count': 1, 'moe_dp': 1}}
2048	150.308935	nan	nan	0.006653	6.861550e+18	4.564965e+16	3.118694e+14	0.071472	False	0.000000	57.785361	{'tp': 8, 'cp': 1, 'pp': 16, 'mb': 16, 'tp_sp': True, 'train': {'dp': 16, 'ep': 1, 'tp_ep': True}, 'inference': {'replica_count': 1, 'moe_dp': 1}}
4096	43.968015	nan	nan	0.022744	6.861550e+18	1.560578e+17	3.118694e+14	0.122167	False	0.000000	75.231232	{'tp': 32, 'cp': 1, 'pp': 8, 'mb': 8, 'tp_sp': True, 'train': {'dp': 16, 'ep': 1, 'tp_ep': True}, 'inference': {'replica_count': 1, 'moe_dp': 1}}
256	1083.762532	nan	nan	0.000923	6.861550e+18	6.331230e+15	3.118694e+14	0.079300	True	40.037842	72.315855	{'tp': 1, 'cp': 1, 'pp': 16, 'mb': 16, 'tp_sp': True, 'train': {'dp': 16, 'ep': 1, 'tp_ep': True}, 'inference': {'replica_count': 1, 'moe_dp': 1}}
4096	21.767599	nan	nan	0.045940	6.861550e+18	3.152185e+17	3.118694e+14	0.246762	False	0.000000	105.245423	{'tp': 64, 'cp': 1, 'pp': 4, 'mb': 4, 'tp_sp': True, 'train': {'dp': 16, 'ep': 1, 'tp_ep': True}, 'inference': {'replica_count': 1, 'moe_dp': 1}}
4096	86.671709	nan	nan	0.011538	6.861550e+18	7.916713e+16	3.118694e+14	0.061974	False	0.000000	70.277193	{'tp': 16, 'cp': 1, 'pp': 16, 'mb': 16, 'tp_sp': True, 'train': {'dp': 16, 'ep': 1, 'tp_ep': True}, 'inference': {'replica_count': 1, 'moe_dp': 1}}
1024	553.717146	nan	nan	0.001806	6.861550e+18	1.239180e+16	3.118694e+14	0.038803	False	0.000000	66.756653	{'tp': 2, 'cp': 1, 'pp': 32, 'mb': 32, 'tp_sp': True, 'train': {'dp': 16, 'ep': 1, 'tp_ep': True}, 'inference': {'replica_count': 1, 'moe_dp': 1}}
2048	286.059322	nan	nan	0.003496	6.861550e+18	2.398646e+16	3.118694e+14	0.037555	False	0.000000	65.890522	{'tp': 4, 'cp': 1, 'pp': 32, 'mb': 32, 'tp_sp': True, 'train': {'dp': 16, 'ep': 1, 'tp_ep': True}, 'inference': {'replica_count': 1, 'moe_dp': 1}}
512	1101.429695	nan	nan	0.000908	6.861550e+18	6.229676e+15	3.118694e+14	0.039014	False	0.000000	80.085716	{'tp': 1, 'cp': 1, 'pp': 32, 'mb': 32, 'tp_sp': True, 'train': {'dp': 16, 'ep': 1, 'tp_ep': True}, 'inference': {'replica_count': 1, 'moe_dp': 1}}
256	142.621797	nan	nan	0.007012	6.861550e+18	4.811011e+16	3.118694e+14	0.602592	True	118.841278	67.998052	{'tp': 8, 'cp': 1, 'pp': 1, 'mb': 1, 'tp_sp': True, 'train': {'dp': 32, 'ep': 1, 'tp_ep': True}, 'inference': {'replica_count': 1, 'moe_dp': 1}}
4096	165.293846	nan	nan	0.006050	6.861550e+18	4.151123e+16	3.118694e+14	0.032496	False	0.000000	75.063755	{'tp': 8, 'cp': 1, 'pp': 32, 'mb': 32, 'tp_sp': True, 'train': {'dp': 16, 'ep': 1, 'tp_ep': True}, 'inference': {'replica_count': 1, 'moe_dp': 1}}
512	73.324048	nan	nan	0.013638	6.861550e+18	9.357844e+16	3.118694e+14	0.586048	True	20.429916	64.539517	{'tp': 16, 'cp': 1, 'pp': 1, 'mb': 1, 'tp_sp': True, 'train': {'dp': 32, 'ep': 1, 'tp_ep': True}, 'inference': {'replica_count': 1, 'moe_dp': 1}}
256	211.980443	nan	nan	0.004717	6.861550e+18	3.236879e+16	3.118694e+14	0.405428	True	119.739502	46.898217	{'tp': 4, 'cp': 1, 'pp': 2, 'mb': 2, 'tp_sp': True, 'train': {'dp': 32, 'ep': 1, 'tp_ep': True}, 'inference': {'replica_count': 1, 'moe_dp': 1}}
512	107.871456	nan	nan	0.009270	6.861550e+18	6.360858e+16	3.118694e+14	0.398357	True	19.932831	42.935885	{'tp': 8, 'cp': 1, 'pp': 2, 'mb': 2, 'tp_sp': True, 'train': {'dp': 32, 'ep': 1, 'tp_ep': True}, 'inference': {'replica_count': 1, 'moe_dp': 1}}
1024	55.829911	nan	nan	0.017912	6.861550e+18	1.229010e+17	3.118694e+14	0.384842	False	0.000000	41.599978	{'tp': 16, 'cp': 1, 'pp': 2, 'mb': 2, 'tp_sp': True, 'train': {'dp': 32, 'ep': 1, 'tp_ep': True}, 'inference': {'replica_count': 1, 'moe_dp': 1}}
128	281.254469	nan	nan	0.003555	6.861550e+18	2.439624e+16	3.118694e+14	0.611139	True	317.595821	74.751489	{'tp': 4, 'cp': 1, 'pp': 1, 'mb': 1, 'tp_sp': True, 'train': {'dp': 32, 'ep': 1, 'tp_ep': True}, 'inference': {'replica_count': 1, 'moe_dp': 1}}
1024	38.656776	nan	nan	0.025869	6.861550e+18	1.774993e+17	3.118694e+14	0.555807	False	0.000000	65.246473	{'tp': 32, 'cp': 1, 'pp': 1, 'mb': 1, 'tp_sp': True, 'train': {'dp': 32, 'ep': 1, 'tp_ep': True}, 'inference': {'replica_count': 1, 'moe_dp': 1}}
128	420.133772	nan	nan	0.002380	6.861550e+18	1.633182e+16	3.118694e+14	0.409121	True	319.479004	55.511376	{'tp': 2, 'cp': 1, 'pp': 2, 'mb': 2, 'tp_sp': True, 'train': {'dp': 32, 'ep': 1, 'tp_ep': True}, 'inference': {'replica_count': 1, 'moe_dp': 1}}
2048	29.788629	nan	nan	0.033570	6.861550e+18	2.303413e+17	3.118694e+14	0.360636	False	0.000000	45.398962	{'tp': 32, 'cp': 1, 'pp': 2, 'mb': 2, 'tp_sp': True, 'train': {'dp': 32, 'ep': 1, 'tp_ep': True}, 'inference': {'replica_count': 1, 'moe_dp': 1}}
2048	21.382927	nan	nan	0.046766	6.861550e+18	3.208892e+17	3.118694e+14	0.502403	False	0.000000	76.554589	{'tp': 64, 'cp': 1, 'pp': 1, 'mb': 1, 'tp_sp': True, 'train': {'dp': 32, 'ep': 1, 'tp_ep': True}, 'inference': {'replica_count': 1, 'moe_dp': 1}}
512	247.934054	nan	nan	0.004033	6.861550e+18	2.767490e+16	3.118694e+14	0.173318	True	23.394287	47.021169	{'tp': 4, 'cp': 1, 'pp': 4, 'mb': 4, 'tp_sp': True, 'train': {'dp': 32, 'ep': 1, 'tp_ep': True}, 'inference': {'replica_count': 1, 'moe_dp': 1}}
256	491.649608	nan	nan	0.002034	6.861550e+18	1.395618e+16	3.118694e+14	0.174805	True	126.788574	55.078058	{'tp': 2, 'cp': 1, 'pp': 4, 'mb': 4, 'tp_sp': True, 'train': {'dp': 32, 'ep': 1, 'tp_ep': True}, 'inference': {'replica_count': 1, 'moe_dp': 1}}
1024	127.291955	nan	nan	0.007856	6.861550e+18	5.390404e+16	3.118694e+14	0.168791	False	0.000000	45.341244	{'tp': 8, 'cp': 1, 'pp': 4, 'mb': 4, 'tp_sp': True, 'train': {'dp': 32, 'ep': 1, 'tp_ep': True}, 'inference': {'replica_count': 1, 'moe_dp': 1}}
4096	16.808437	nan	nan	0.059494	6.861550e+18	4.082206e+17	3.118694e+14	0.319567	False	0.000000	70.220762	{'tp': 64, 'cp': 1, 'pp': 2, 'mb': 2, 'tp_sp': True, 'train': {'dp': 32, 'ep': 1, 'tp_ep': True}, 'inference': {'replica_count': 1, 'moe_dp': 1}}
128	978.012664	nan	nan	0.001022	6.861550e+18	7.015809e+15	3.118694e+14	0.175750	True	333.577148	70.251030	{'tp': 1, 'cp': 1, 'pp': 4, 'mb': 4, 'tp_sp': True, 'train': {'dp': 32, 'ep': 1, 'tp_ep': True}, 'inference': {'replica_count': 1, 'moe_dp': 1}}
2048	66.985911	nan	nan	0.014929	6.861550e+18	1.024327e+17	3.118694e+14	0.160375	False	0.000000	44.754858	{'tp': 16, 'cp': 1, 'pp': 4, 'mb': 4, 'tp_sp': True, 'train': {'dp': 32, 'ep': 1, 'tp_ep': True}, 'inference': {'replica_count': 1, 'moe_dp': 1}}
2048	139.422072	nan	nan	0.007172	6.861550e+18	4.921423e+16	3.118694e+14	0.077053	False	0.000000	49.590920	{'tp': 8, 'cp': 1, 'pp': 8, 'mb': 8, 'tp_sp': True, 'train': {'dp': 32, 'ep': 1, 'tp_ep': True}, 'inference': {'replica_count': 1, 'moe_dp': 1}}
1024	266.692249	nan	nan	0.003750	6.861550e+18	2.572834e+16	3.118694e+14	0.080564	False	0.000000	50.855717	{'tp': 4, 'cp': 1, 'pp': 8, 'mb': 8, 'tp_sp': True, 'train': {'dp': 32, 'ep': 1, 'tp_ep': True}, 'inference': {'replica_count': 1, 'moe_dp': 1}}
4096	36.809122	nan	nan	0.027167	6.861550e+18	1.864090e+17	3.118694e+14	0.145926	False	0.000000	54.770486	{'tp': 32, 'cp': 1, 'pp': 4, 'mb': 4, 'tp_sp': True, 'train': {'dp': 32, 'ep': 1, 'tp_ep': True}, 'inference': {'replica_count': 1, 'moe_dp': 1}}
512	527.047118	nan	nan	0.001897	6.861550e+18	1.301886e+16	3.118694e+14	0.081532	True	27.335449	58.036343	{'tp': 2, 'cp': 1, 'pp': 8, 'mb': 8, 'tp_sp': True, 'train': {'dp': 32, 'ep': 1, 'tp_ep': True}, 'inference': {'replica_count': 1, 'moe_dp': 1}}
4096	75.802816	nan	nan	0.013192	6.861550e+18	9.051841e+16	3.118694e+14	0.070860	False	0.000000	55.380828	{'tp': 16, 'cp': 1, 'pp': 8, 'mb': 8, 'tp_sp': True, 'train': {'dp': 32, 'ep': 1, 'tp_ep': True}, 'inference': {'replica_count': 1, 'moe_dp': 1}}
256	1048.467191	nan	nan	0.000954	6.861550e+18	6.544363e+15	3.118694e+14	0.081970	True	134.670898	74.969950	{'tp': 1, 'cp': 1, 'pp': 8, 'mb': 8, 'tp_sp': True, 'train': {'dp': 32, 'ep': 1, 'tp_ep': True}, 'inference': {'replica_count': 1, 'moe_dp': 1}}
2048	277.615346	nan	nan	0.003602	6.861550e+18	2.471603e+16	3.118694e+14	0.038697	False	0.000000	56.962987	{'tp': 4, 'cp': 1, 'pp': 16, 'mb': 16, 'tp_sp': True, 'train': {'dp': 32, 'ep': 1, 'tp_ep': True}, 'inference': {'replica_count': 1, 'moe_dp': 1}}
1024	544.811632	nan	nan	0.001835	6.861550e+18	1.259435e+16	3.118694e+14	0.039437	False	0.000000	63.878270	{'tp': 2, 'cp': 1, 'pp': 16, 'mb': 16, 'tp_sp': True, 'train': {'dp': 32, 'ep': 1, 'tp_ep': True}, 'inference': {'replica_count': 1, 'moe_dp': 1}}
512	1083.762770	nan	nan	0.000923	6.861550e+18	6.331229e+15	3.118694e+14	0.039650	True	35.217773	77.800677	{'tp': 1, 'cp': 1, 'pp': 16, 'mb': 16, 'tp_sp': True, 'train': {'dp': 32, 'ep': 1, 'tp_ep': True}, 'inference': {'replica_count': 1, 'moe_dp': 1}}
4096	150.309214	nan	nan	0.006653	6.861550e+18	4.564956e+16	3.118694e+14	0.035736	False	0.000000	59.724936	{'tp': 8, 'cp': 1, 'pp': 16, 'mb': 16, 'tp_sp': True, 'train': {'dp': 32, 'ep': 1, 'tp_ep': True}, 'inference': {'replica_count': 1, 'moe_dp': 1}}
1024	36.772133	nan	nan	0.027195	6.861550e+18	1.865965e+17	3.118694e+14	0.584293	True	17.217400	40.338139	{'tp': 16, 'cp': 1, 'pp': 1, 'mb': 1, 'tp_sp': True, 'train': {'dp': 64, 'ep': 1, 'tp_ep': True}, 'inference': {'replica_count': 1, 'moe_dp': 1}}
256	140.870176	nan	nan	0.007099	6.861550e+18	4.870832e+16	3.118694e+14	0.610085	True	306.807676	47.189905	{'tp': 4, 'cp': 1, 'pp': 1, 'mb': 1, 'tp_sp': True, 'train': {'dp': 64, 'ep': 1, 'tp_ep': True}, 'inference': {'replica_count': 1, 'moe_dp': 1}}
512	71.465726	nan	nan	0.013993	6.861550e+18	9.601176e+16	3.118694e+14	0.601287	True	113.425522	42.301551	{'tp': 8, 'cp': 1, 'pp': 1, 'mb': 1, 'tp_sp': True, 'train': {'dp': 64, 'ep': 1, 'tp_ep': True}, 'inference': {'replica_count': 1, 'moe_dp': 1}}
2048	19.411664	nan	nan	0.051515	6.861550e+18	3.534756e+17	3.118694e+14	0.553422	False	0.000000	41.490197	{'tp': 32, 'cp': 1, 'pp': 1, 'mb': 1, 'tp_sp': True, 'train': {'dp': 64, 'ep': 1, 'tp_ep': True}, 'inference': {'replica_count': 1, 'moe_dp': 1}}
128	279.635981	nan	nan	0.003576	6.861550e+18	2.453744e+16	3.118694e+14	0.614676	True	693.615353	55.079915	{'tp': 2, 'cp': 1, 'pp': 1, 'mb': 1, 'tp_sp': True, 'train': {'dp': 64, 'ep': 1, 'tp_ep': True}, 'inference': {'replica_count': 1, 'moe_dp': 1}}
4096	10.758395	nan	nan	0.092951	6.861550e+18	6.377857e+17	3.118694e+14	0.499277	False	0.000000	53.089381	{'tp': 64, 'cp': 1, 'pp': 1, 'mb': 1, 'tp_sp': True, 'train': {'dp': 64, 'ep': 1, 'tp_ep': True}, 'inference': {'replica_count': 1, 'moe_dp': 1}}
4096	286.054462	nan	nan	0.003496	6.861550e+18	2.398687e+16	3.118694e+14	0.018778	False	0.000000	74.361878	{'tp': 4, 'cp': 1, 'pp': 32, 'mb': 32, 'tp_sp': True, 'train': {'dp': 32, 'ep': 1, 'tp_ep': True}, 'inference': {'replica_count': 1, 'moe_dp': 1}}
2048	553.717146	nan	nan	0.001806	6.861550e+18	1.239180e+16	3.118694e+14	0.019401	False	0.000000	76.732426	{'tp': 2, 'cp': 1, 'pp': 32, 'mb': 32, 'tp_sp': True, 'train': {'dp': 32, 'ep': 1, 'tp_ep': True}, 'inference': {'replica_count': 1, 'moe_dp': 1}}
1024	1101.422660	nan	nan	0.000908	6.861550e+18	6.229716e+15	3.118694e+14	0.019507	False	0.000000	86.781272	{'tp': 1, 'cp': 1, 'pp': 32, 'mb': 32, 'tp_sp': True, 'train': {'dp': 32, 'ep': 1, 'tp_ep': True}, 'inference': {'replica_count': 1, 'moe_dp': 1}}
1024	107.869230	nan	nan	0.009270	6.861550e+18	6.360989e+16	3.118694e+14	0.199183	True	17.718124	43.553307	{'tp': 8, 'cp': 1, 'pp': 2, 'mb': 2, 'tp_sp': True, 'train': {'dp': 64, 'ep': 1, 'tp_ep': True}, 'inference': {'replica_count': 1, 'moe_dp': 1}}
512	211.978176	nan	nan	0.004717	6.861550e+18	3.236913e+16	3.118694e+14	0.202716	True	115.310089	48.417978	{'tp': 4, 'cp': 1, 'pp': 2, 'mb': 2, 'tp_sp': True, 'train': {'dp': 64, 'ep': 1, 'tp_ep': True}, 'inference': {'replica_count': 1, 'moe_dp': 1}}
2048	55.827705	nan	nan	0.017912	6.861550e+18	1.229058e+17	3.118694e+14	0.192429	False	0.000000	43.523836	{'tp': 16, 'cp': 1, 'pp': 2, 'mb': 2, 'tp_sp': True, 'train': {'dp': 64, 'ep': 1, 'tp_ep': True}, 'inference': {'replica_count': 1, 'moe_dp': 1}}
256	420.131425	nan	nan	0.002380	6.861550e+18	1.633191e+16	3.118694e+14	0.204562	True	310.620178	56.297479	{'tp': 2, 'cp': 1, 'pp': 2, 'mb': 2, 'tp_sp': True, 'train': {'dp': 64, 'ep': 1, 'tp_ep': True}, 'inference': {'replica_count': 1, 'moe_dp': 1}}
128	834.217747	nan	nan	0.001199	6.861550e+18	8.225131e+15	3.118694e+14	0.206044	True	701.240356	72.912172	{'tp': 1, 'cp': 1, 'pp': 2, 'mb': 2, 'tp_sp': True, 'train': {'dp': 64, 'ep': 1, 'tp_ep': True}, 'inference': {'replica_count': 1, 'moe_dp': 1}}
4096	29.786433	nan	nan	0.033572	6.861550e+18	2.303582e+17	3.118694e+14	0.180331	False	0.000000	46.656352	{'tp': 32, 'cp': 1, 'pp': 2, 'mb': 2, 'tp_sp': True, 'train': {'dp': 64, 'ep': 1, 'tp_ep': True}, 'inference': {'replica_count': 1, 'moe_dp': 1}}
1024	247.934054	nan	nan	0.004033	6.861550e+18	2.767490e+16	3.118694e+14	0.086659	True	21.121857	49.715803	{'tp': 4, 'cp': 1, 'pp': 4, 'mb': 4, 'tp_sp': True, 'train': {'dp': 64, 'ep': 1, 'tp_ep': True}, 'inference': {'replica_count': 1, 'moe_dp': 1}}
2048	127.291955	nan	nan	0.007856	6.861550e+18	5.390404e+16	3.118694e+14	0.084395	False	0.000000	46.639511	{'tp': 8, 'cp': 1, 'pp': 4, 'mb': 4, 'tp_sp': True, 'train': {'dp': 64, 'ep': 1, 'tp_ep': True}, 'inference': {'replica_count': 1, 'moe_dp': 1}}
4096	66.985911	nan	nan	0.014929	6.861550e+18	1.024327e+17	3.118694e+14	0.080187	False	0.000000	48.067598	{'tp': 16, 'cp': 1, 'pp': 4, 'mb': 4, 'tp_sp': True, 'train': {'dp': 64, 'ep': 1, 'tp_ep': True}, 'inference': {'replica_count': 1, 'moe_dp': 1}}
512	491.649608	nan	nan	0.002034	6.861550e+18	1.395618e+16	3.118694e+14	0.087402	True	122.243713	58.105524	{'tp': 2, 'cp': 1, 'pp': 4, 'mb': 4, 'tp_sp': True, 'train': {'dp': 64, 'ep': 1, 'tp_ep': True}, 'inference': {'replica_count': 1, 'moe_dp': 1}}
256	978.012664	nan	nan	0.001022	6.861550e+18	7.015809e+15	3.118694e+14	0.087875	True	324.487427	74.524620	{'tp': 1, 'cp': 1, 'pp': 4, 'mb': 4, 'tp_sp': True, 'train': {'dp': 64, 'ep': 1, 'tp_ep': True}, 'inference': {'replica_count': 1, 'moe_dp': 1}}
2048	266.692384	nan	nan	0.003750	6.861550e+18	2.572833e+16	3.118694e+14	0.040282	False	0.000000	53.822395	{'tp': 4, 'cp': 1, 'pp': 8, 'mb': 8, 'tp_sp': True, 'train': {'dp': 64, 'ep': 1, 'tp_ep': True}, 'inference': {'replica_count': 1, 'moe_dp': 1}}
4096	139.422208	nan	nan	0.007172	6.861550e+18	4.921418e+16	3.118694e+14	0.038526	False	0.000000	53.095958	{'tp': 8, 'cp': 1, 'pp': 8, 'mb': 8, 'tp_sp': True, 'train': {'dp': 64, 'ep': 1, 'tp_ep': True}, 'inference': {'replica_count': 1, 'moe_dp': 1}}
1024	527.047215	nan	nan	0.001897	6.861550e+18	1.301885e+16	3.118694e+14	0.040766	True	25.017151	61.207049	{'tp': 2, 'cp': 1, 'pp': 8, 'mb': 8, 'tp_sp': True, 'train': {'dp': 64, 'ep': 1, 'tp_ep': True}, 'inference': {'replica_count': 1, 'moe_dp': 1}}
512	1048.467287	nan	nan	0.000954	6.861550e+18	6.544363e+15	3.118694e+14	0.040985	True	130.034302	76.513138	{'tp': 1, 'cp': 1, 'pp': 8, 'mb': 8, 'tp_sp': True, 'train': {'dp': 64, 'ep': 1, 'tp_ep': True}, 'inference': {'replica_count': 1, 'moe_dp': 1}}
1024	71.466001	nan	nan	0.013993	6.861550e+18	9.601139e+16	3.118694e+14	0.300642	True	111.222282	44.290551	{'tp': 8, 'cp': 1, 'pp': 1, 'mb': 1, 'tp_sp': True, 'train': {'dp': 128, 'ep': 1, 'tp_ep': True}, 'inference': {'replica_count': 1, 'moe_dp': 1}}
4096	277.615494	nan	nan	0.003602	6.861550e+18	2.471602e+16	3.118694e+14	0.019348	False	0.000000	64.997885	{'tp': 4, 'cp': 1, 'pp': 16, 'mb': 16, 'tp_sp': True, 'train': {'dp': 64, 'ep': 1, 'tp_ep': True}, 'inference': {'replica_count': 1, 'moe_dp': 1}}
512	140.870456	nan	nan	0.007099	6.861550e+18	4.870823e+16	3.118694e+14	0.305042	True	302.401197	49.228830	{'tp': 4, 'cp': 1, 'pp': 1, 'mb': 1, 'tp_sp': True, 'train': {'dp': 128, 'ep': 1, 'tp_ep': True}, 'inference': {'replica_count': 1, 'moe_dp': 1}}
2048	36.772406	nan	nan	0.027194	6.861550e+18	1.865951e+17	3.118694e+14	0.292144	True	16.115780	42.669492	{'tp': 16, 'cp': 1, 'pp': 1, 'mb': 1, 'tp_sp': True, 'train': {'dp': 128, 'ep': 1, 'tp_ep': True}, 'inference': {'replica_count': 1, 'moe_dp': 1}}
2048	544.811753	nan	nan	0.001835	6.861550e+18	1.259435e+16	3.118694e+14	0.019718	False	0.000000	70.982776	{'tp': 2, 'cp': 1, 'pp': 16, 'mb': 16, 'tp_sp': True, 'train': {'dp': 64, 'ep': 1, 'tp_ep': True}, 'inference': {'replica_count': 1, 'moe_dp': 1}}
256	279.636270	nan	nan	0.003576	6.861550e+18	2.453741e+16	3.118694e+14	0.307338	True	684.802395	57.306421	{'tp': 2, 'cp': 1, 'pp': 1, 'mb': 1, 'tp_sp': True, 'train': {'dp': 128, 'ep': 1, 'tp_ep': True}, 'inference': {'replica_count': 1, 'moe_dp': 1}}
1024	1083.762878	nan	nan	0.000923	6.861550e+18	6.331228e+15	3.118694e+14	0.019825	True	32.807739	84.144163	{'tp': 1, 'cp': 1, 'pp': 16, 'mb': 16, 'tp_sp': True, 'train': {'dp': 64, 'ep': 1, 'tp_ep': True}, 'inference': {'replica_count': 1, 'moe_dp': 1}}
4096	19.411936	nan	nan	0.051515	6.861550e+18	3.534707e+17	3.118694e+14	0.276707	False	0.000000	44.100556	{'tp': 32, 'cp': 1, 'pp': 1, 'mb': 1, 'tp_sp': True, 'train': {'dp': 128, 'ep': 1, 'tp_ep': True}, 'inference': {'replica_count': 1, 'moe_dp': 1}}
128	555.687781	nan	nan	0.001800	6.861550e+18	1.234785e+16	3.118694e+14	0.309320	True	1449.604790	74.996471	{'tp': 1, 'cp': 1, 'pp': 1, 'mb': 1, 'tp_sp': True, 'train': {'dp': 128, 'ep': 1, 'tp_ep': True}, 'inference': {'replica_count': 1, 'moe_dp': 1}}
4096	553.717146	nan	nan	0.001806	6.861550e+18	1.239180e+16	3.118694e+14	0.009701	False	0.000000	93.835607	{'tp': 2, 'cp': 1, 'pp': 32, 'mb': 32, 'tp_sp': True, 'train': {'dp': 64, 'ep': 1, 'tp_ep': True}, 'inference': {'replica_count': 1, 'moe_dp': 1}}
1024	211.978263	nan	nan	0.004717	6.861550e+18	3.236912e+16	3.118694e+14	0.101358	True	113.095383	52.860804	{'tp': 4, 'cp': 1, 'pp': 2, 'mb': 2, 'tp_sp': True, 'train': {'dp': 128, 'ep': 1, 'tp_ep': True}, 'inference': {'replica_count': 1, 'moe_dp': 1}}
2048	107.869316	nan	nan	0.009270	6.861550e+18	6.360984e+16	3.118694e+14	0.099591	True	16.610771	47.742444	{'tp': 8, 'cp': 1, 'pp': 2, 'mb': 2, 'tp_sp': True, 'train': {'dp': 128, 'ep': 1, 'tp_ep': True}, 'inference': {'replica_count': 1, 'moe_dp': 1}}
2048	1101.420151	nan	nan	0.000908	6.861550e+18	6.229730e+15	3.118694e+14	0.009754	False	0.000000	105.043047	{'tp': 1, 'cp': 1, 'pp': 32, 'mb': 32, 'tp_sp': True, 'train': {'dp': 64, 'ep': 1, 'tp_ep': True}, 'inference': {'replica_count': 1, 'moe_dp': 1}}
512	420.131512	nan	nan	0.002380	6.861550e+18	1.633191e+16	3.118694e+14	0.102281	True	306.190765	59.802233	{'tp': 2, 'cp': 1, 'pp': 2, 'mb': 2, 'tp_sp': True, 'train': {'dp': 128, 'ep': 1, 'tp_ep': True}, 'inference': {'replica_count': 1, 'moe_dp': 1}}
4096	55.827791	nan	nan	0.017912	6.861550e+18	1.229056e+17	3.118694e+14	0.096214	False	0.000000	46.591552	{'tp': 16, 'cp': 1, 'pp': 2, 'mb': 2, 'tp_sp': True, 'train': {'dp': 128, 'ep': 1, 'tp_ep': True}, 'inference': {'replica_count': 1, 'moe_dp': 1}}
2048	247.934054	nan	nan	0.004033	6.861550e+18	2.767490e+16	3.118694e+14	0.043329	True	19.985641	54.664936	{'tp': 4, 'cp': 1, 'pp': 4, 'mb': 4, 'tp_sp': True, 'train': {'dp': 128, 'ep': 1, 'tp_ep': True}, 'inference': {'replica_count': 1, 'moe_dp': 1}}
256	834.217837	nan	nan	0.001199	6.861550e+18	8.225130e+15	3.118694e+14	0.103022	True	692.381531	77.088928	{'tp': 1, 'cp': 1, 'pp': 2, 'mb': 2, 'tp_sp': True, 'train': {'dp': 128, 'ep': 1, 'tp_ep': True}, 'inference': {'replica_count': 1, 'moe_dp': 1}}
4096	127.291955	nan	nan	0.007856	6.861550e+18	5.390404e+16	3.118694e+14	0.042198	False	0.000000	51.866584	{'tp': 8, 'cp': 1, 'pp': 4, 'mb': 4, 'tp_sp': True, 'train': {'dp': 128, 'ep': 1, 'tp_ep': True}, 'inference': {'replica_count': 1, 'moe_dp': 1}}
1024	491.649608	nan	nan	0.002034	6.861550e+18	1.395618e+16	3.118694e+14	0.043701	True	119.971283	62.533293	{'tp': 2, 'cp': 1, 'pp': 4, 'mb': 4, 'tp_sp': True, 'train': {'dp': 128, 'ep': 1, 'tp_ep': True}, 'inference': {'replica_count': 1, 'moe_dp': 1}}
512	978.012664	nan	nan	0.001022	6.861550e+18	7.015809e+15	3.118694e+14	0.043937	True	319.942566	78.276416	{'tp': 1, 'cp': 1, 'pp': 4, 'mb': 4, 'tp_sp': True, 'train': {'dp': 128, 'ep': 1, 'tp_ep': True}, 'inference': {'replica_count': 1, 'moe_dp': 1}}
4096	266.692488	nan	nan	0.003750	6.861550e+18	2.572832e+16	3.118694e+14	0.020141	False	0.000000	62.059892	{'tp': 4, 'cp': 1, 'pp': 8, 'mb': 8, 'tp_sp': True, 'train': {'dp': 128, 'ep': 1, 'tp_ep': True}, 'inference': {'replica_count': 1, 'moe_dp': 1}}
2048	527.047288	nan	nan	0.001897	6.861550e+18	1.301885e+16	3.118694e+14	0.020383	True	23.858002	69.233445	{'tp': 2, 'cp': 1, 'pp': 8, 'mb': 8, 'tp_sp': True, 'train': {'dp': 128, 'ep': 1, 'tp_ep': True}, 'inference': {'replica_count': 1, 'moe_dp': 1}}
1024	1048.467358	nan	nan	0.000954	6.861550e+18	6.544362e+15	3.118694e+14	0.020492	True	127.716003	83.957971	{'tp': 1, 'cp': 1, 'pp': 8, 'mb': 8, 'tp_sp': True, 'train': {'dp': 128, 'ep': 1, 'tp_ep': True}, 'inference': {'replica_count': 1, 'moe_dp': 1}}
2048	71.464409	nan	nan	0.013993	6.861550e+18	9.601353e+16	3.118694e+14	0.150324	True	110.120663	51.146221	{'tp': 8, 'cp': 1, 'pp': 1, 'mb': 1, 'tp_sp': True, 'train': {'dp': 256, 'ep': 1, 'tp_ep': True}, 'inference': {'replica_count': 1, 'moe_dp': 1}}
1024	140.868843	nan	nan	0.007099	6.861550e+18	4.870878e+16	3.118694e+14	0.152523	True	300.197958	55.067202	{'tp': 4, 'cp': 1, 'pp': 1, 'mb': 1, 'tp_sp': True, 'train': {'dp': 256, 'ep': 1, 'tp_ep': True}, 'inference': {'replica_count': 1, 'moe_dp': 1}}
4096	36.770824	nan	nan	0.027195	6.861550e+18	1.866031e+17	3.118694e+14	0.146078	True	15.564970	49.138190	{'tp': 16, 'cp': 1, 'pp': 1, 'mb': 1, 'tp_sp': True, 'train': {'dp': 256, 'ep': 1, 'tp_ep': True}, 'inference': {'replica_count': 1, 'moe_dp': 1}}
512	279.634616	nan	nan	0.003576	6.861550e+18	2.453756e+16	3.118694e+14	0.153670	True	680.395916	64.238805	{'tp': 2, 'cp': 1, 'pp': 1, 'mb': 1, 'tp_sp': True, 'train': {'dp': 256, 'ep': 1, 'tp_ep': True}, 'inference': {'replica_count': 1, 'moe_dp': 1}}
4096	544.811912	nan	nan	0.001835	6.861550e+18	1.259435e+16	3.118694e+14	0.009859	False	0.000000	86.678175	{'tp': 2, 'cp': 1, 'pp': 16, 'mb': 16, 'tp_sp': True, 'train': {'dp': 128, 'ep': 1, 'tp_ep': True}, 'inference': {'replica_count': 1, 'moe_dp': 1}}
2048	1083.763027	nan	nan	0.000923	6.861550e+18	6.331227e+15	3.118694e+14	0.009913	True	31.602722	101.296687	{'tp': 1, 'cp': 1, 'pp': 16, 'mb': 16, 'tp_sp': True, 'train': {'dp': 128, 'ep': 1, 'tp_ep': True}, 'inference': {'replica_count': 1, 'moe_dp': 1}}
256	555.686044	nan	nan	0.001800	6.861550e+18	1.234789e+16	3.118694e+14	0.154661	True	1440.791832	79.753933	{'tp': 1, 'cp': 1, 'pp': 1, 'mb': 1, 'tp_sp': True, 'train': {'dp': 256, 'ep': 1, 'tp_ep': True}, 'inference': {'replica_count': 1, 'moe_dp': 1}}
2048	211.978322	nan	nan	0.004717	6.861550e+18	3.236911e+16	3.118694e+14	0.050679	True	111.988029	62.726613	{'tp': 4, 'cp': 1, 'pp': 2, 'mb': 2, 'tp_sp': True, 'train': {'dp': 256, 'ep': 1, 'tp_ep': True}, 'inference': {'replica_count': 1, 'moe_dp': 1}}
1024	420.131572	nan	nan	0.002380	6.861550e+18	1.633191e+16	3.118694e+14	0.051140	True	303.976059	71.649585	{'tp': 2, 'cp': 1, 'pp': 2, 'mb': 2, 'tp_sp': True, 'train': {'dp': 256, 'ep': 1, 'tp_ep': True}, 'inference': {'replica_count': 1, 'moe_dp': 1}}
4096	107.869376	nan	nan	0.009270	6.861550e+18	6.360981e+16	3.118694e+14	0.049796	True	16.057095	59.096444	{'tp': 8, 'cp': 1, 'pp': 2, 'mb': 2, 'tp_sp': True, 'train': {'dp': 256, 'ep': 1, 'tp_ep': True}, 'inference': {'replica_count': 1, 'moe_dp': 1}}
512	834.217896	nan	nan	0.001199	6.861550e+18	8.225129e+15	3.118694e+14	0.051511	True	687.952118	88.397303	{'tp': 1, 'cp': 1, 'pp': 2, 'mb': 2, 'tp_sp': True, 'train': {'dp': 256, 'ep': 1, 'tp_ep': True}, 'inference': {'replica_count': 1, 'moe_dp': 1}}
2048	491.649608	nan	nan	0.002034	6.861550e+18	1.395618e+16	3.118694e+14	0.021851	True	118.835068	75.755324	{'tp': 2, 'cp': 1, 'pp': 4, 'mb': 4, 'tp_sp': True, 'train': {'dp': 256, 'ep': 1, 'tp_ep': True}, 'inference': {'replica_count': 1, 'moe_dp': 1}}
4096	247.934054	nan	nan	0.004033	6.861550e+18	2.767490e+16	3.118694e+14	0.021665	True	19.417534	71.203198	{'tp': 4, 'cp': 1, 'pp': 4, 'mb': 4, 'tp_sp': True, 'train': {'dp': 256, 'ep': 1, 'tp_ep': True}, 'inference': {'replica_count': 1, 'moe_dp': 1}}
1024	978.012664	nan	nan	0.001022	6.861550e+18	7.015809e+15	3.118694e+14	0.021969	True	317.670135	93.828838	{'tp': 1, 'cp': 1, 'pp': 4, 'mb': 4, 'tp_sp': True, 'train': {'dp': 256, 'ep': 1, 'tp_ep': True}, 'inference': {'replica_count': 1, 'moe_dp': 1}}
4096	71.466001	nan	nan	0.013993	6.861550e+18	9.601139e+16	3.118694e+14	0.075161	True	109.569853	65.118970	{'tp': 8, 'cp': 1, 'pp': 1, 'mb': 1, 'tp_sp': True, 'train': {'dp': 512, 'ep': 1, 'tp_ep': True}, 'inference': {'replica_count': 1, 'moe_dp': 1}}
4096	1101.420151	nan	nan	0.000908	6.861550e+18	6.229730e+15	3.118694e+14	0.004877	False	0.000000	149.065668	{'tp': 1, 'cp': 1, 'pp': 32, 'mb': 32, 'tp_sp': True, 'train': {'dp': 128, 'ep': 1, 'tp_ep': True}, 'inference': {'replica_count': 1, 'moe_dp': 1}}
2048	140.870456	nan	nan	0.007099	6.861550e+18	4.870823e+16	3.118694e+14	0.076260	True	299.096338	69.560425	{'tp': 4, 'cp': 1, 'pp': 1, 'mb': 1, 'tp_sp': True, 'train': {'dp': 512, 'ep': 1, 'tp_ep': True}, 'inference': {'replica_count': 1, 'moe_dp': 1}}
4096	527.047369	nan	nan	0.001897	6.861550e+18	1.301885e+16	3.118694e+14	0.010192	True	23.278427	93.897364	{'tp': 2, 'cp': 1, 'pp': 8, 'mb': 8, 'tp_sp': True, 'train': {'dp': 256, 'ep': 1, 'tp_ep': True}, 'inference': {'replica_count': 1, 'moe_dp': 1}}
1024	279.636270	nan	nan	0.003576	6.861550e+18	2.453741e+16	3.118694e+14	0.076834	True	678.192677	78.666636	{'tp': 2, 'cp': 1, 'pp': 1, 'mb': 1, 'tp_sp': True, 'train': {'dp': 512, 'ep': 1, 'tp_ep': True}, 'inference': {'replica_count': 1, 'moe_dp': 1}}
2048	1048.467443	nan	nan	0.000954	6.861550e+18	6.544362e+15	3.118694e+14	0.010246	True	126.556854	107.209582	{'tp': 1, 'cp': 1, 'pp': 8, 'mb': 8, 'tp_sp': True, 'train': {'dp': 256, 'ep': 1, 'tp_ep': True}, 'inference': {'replica_count': 1, 'moe_dp': 1}}
512	555.687781	nan	nan	0.001800	6.861550e+18	1.234785e+16	3.118694e+14	0.077330	True	1436.385353	96.205648	{'tp': 1, 'cp': 1, 'pp': 1, 'mb': 1, 'tp_sp': True, 'train': {'dp': 512, 'ep': 1, 'tp_ep': True}, 'inference': {'replica_count': 1, 'moe_dp': 1}}
4096	211.979647	nan	nan	0.004717	6.861550e+18	3.236891e+16	3.118694e+14	0.025339	True	111.434353	97.513175	{'tp': 4, 'cp': 1, 'pp': 2, 'mb': 2, 'tp_sp': True, 'train': {'dp': 512, 'ep': 1, 'tp_ep': True}, 'inference': {'replica_count': 1, 'moe_dp': 1}}
2048	420.132037	nan	nan	0.002380	6.861550e+18	1.633189e+16	3.118694e+14	0.025570	True	302.868706	112.203976	{'tp': 2, 'cp': 1, 'pp': 2, 'mb': 2, 'tp_sp': True, 'train': {'dp': 512, 'ep': 1, 'tp_ep': True}, 'inference': {'replica_count': 1, 'moe_dp': 1}}
1024	834.218361	nan	nan	0.001199	6.861550e+18	8.225125e+15	3.118694e+14	0.025755	True	685.737411	120.437922	{'tp': 1, 'cp': 1, 'pp': 2, 'mb': 2, 'tp_sp': True, 'train': {'dp': 512, 'ep': 1, 'tp_ep': True}, 'inference': {'replica_count': 1, 'moe_dp': 1}}
4096	1083.763223	nan	nan	0.000923	6.861550e+18	6.331226e+15	3.118694e+14	0.004956	True	31.000214	146.168304	{'tp': 1, 'cp': 1, 'pp': 16, 'mb': 16, 'tp_sp': True, 'train': {'dp': 256, 'ep': 1, 'tp_ep': True}, 'inference': {'replica_count': 1, 'moe_dp': 1}}
4096	491.649608	nan	nan	0.002034	6.861550e+18	1.395618e+16	3.118694e+14	0.010925	True	118.266960	120.256762	{'tp': 2, 'cp': 1, 'pp': 4, 'mb': 4, 'tp_sp': True, 'train': {'dp': 512, 'ep': 1, 'tp_ep': True}, 'inference': {'replica_count': 1, 'moe_dp': 1}}
2048	978.012664	nan	nan	0.001022	6.861550e+18	7.015809e+15	3.118694e+14	0.010984	True	316.533920	139.634548	{'tp': 1, 'cp': 1, 'pp': 4, 'mb': 4, 'tp_sp': True, 'train': {'dp': 512, 'ep': 1, 'tp_ep': True}, 'inference': {'replica_count': 1, 'moe_dp': 1}}
4096	140.870456	nan	nan	0.007099	6.861550e+18	4.870823e+16	3.118694e+14	0.038130	True	298.545528	103.714882	{'tp': 4, 'cp': 1, 'pp': 1, 'mb': 1, 'tp_sp': True, 'train': {'dp': 1024, 'ep': 1, 'tp_ep': True}, 'inference': {'replica_count': 1, 'moe_dp': 1}}
2048	279.636270	nan	nan	0.003576	6.861550e+18	2.453741e+16	3.118694e+14	0.038417	True	677.091057	112.577380	{'tp': 2, 'cp': 1, 'pp': 1, 'mb': 1, 'tp_sp': True, 'train': {'dp': 1024, 'ep': 1, 'tp_ep': True}, 'inference': {'replica_count': 1, 'moe_dp': 1}}
1024	555.687781	nan	nan	0.001800	6.861550e+18	1.234785e+16	3.118694e+14	0.038665	True	1434.182114	131.102900	{'tp': 1, 'cp': 1, 'pp': 1, 'mb': 1, 'tp_sp': True, 'train': {'dp': 1024, 'ep': 1, 'tp_ep': True}, 'inference': {'replica_count': 1, 'moe_dp': 1}}
4096	1048.467524	nan	nan	0.000954	6.861550e+18	6.544361e+15	3.118694e+14	0.005123	True	125.977280	183.181827	{'tp': 1, 'cp': 1, 'pp': 8, 'mb': 8, 'tp_sp': True, 'train': {'dp': 512, 'ep': 1, 'tp_ep': True}, 'inference': {'replica_count': 1, 'moe_dp': 1}}
128	513.649350	nan	nan	0.001947	6.861550e+18	1.335843e+16	3.118694e+14	0.334636	False	0.000000	122.643325	{'tp': 4, 'cp': 2, 'pp': 16, 'mb': 16, 'tp_sp': True, 'train': {'dp': 1, 'ep': 1, 'tp_ep': True}, 'inference': {'replica_count': 1, 'moe_dp': 1}}
4096	420.132948	nan	nan	0.002380	6.861550e+18	1.633185e+16	3.118694e+14	0.012785	True	302.315029	227.602989	{'tp': 2, 'cp': 1, 'pp': 2, 'mb': 2, 'tp_sp': True, 'train': {'dp': 1024, 'ep': 1, 'tp_ep': True}, 'inference': {'replica_count': 1, 'moe_dp': 1}}
256	305.334179	nan	nan	0.003275	6.861550e+18	2.247226e+16	3.118694e+14	0.281471	False	0.000000	132.089833	{'tp': 8, 'cp': 2, 'pp': 16, 'mb': 16, 'tp_sp': True, 'train': {'dp': 1, 'ep': 1, 'tp_ep': True}, 'inference': {'replica_count': 1, 'moe_dp': 1}}
2048	834.219376	nan	nan	0.001199	6.861550e+18	8.225115e+15	3.118694e+14	0.012878	True	684.630058	240.462149	{'tp': 1, 'cp': 1, 'pp': 2, 'mb': 2, 'tp_sp': True, 'train': {'dp': 1024, 'ep': 1, 'tp_ep': True}, 'inference': {'replica_count': 1, 'moe_dp': 1}}
128	523.772511	nan	nan	0.001909	6.861550e+18	1.310025e+16	3.118694e+14	0.328168	False	0.000000	199.693979	{'tp': 8, 'cp': 2, 'pp': 8, 'mb': 8, 'tp_sp': True, 'train': {'dp': 1, 'ep': 1, 'tp_ep': True}, 'inference': {'replica_count': 1, 'moe_dp': 1}}
256	315.701185	nan	nan	0.003168	6.861550e+18	2.173432e+16	3.118694e+14	0.272228	False	0.000000	212.682534	{'tp': 16, 'cp': 2, 'pp': 8, 'mb': 8, 'tp_sp': True, 'train': {'dp': 1, 'ep': 1, 'tp_ep': True}, 'inference': {'replica_count': 1, 'moe_dp': 1}}
4096	978.012665	nan	nan	0.001022	6.861550e+18	7.015809e+15	3.118694e+14	0.005492	True	315.965813	281.170184	{'tp': 1, 'cp': 1, 'pp': 4, 'mb': 4, 'tp_sp': True, 'train': {'dp': 1024, 'ep': 1, 'tp_ep': True}, 'inference': {'replica_count': 1, 'moe_dp': 1}}
512	201.208934	nan	nan	0.004970	6.861550e+18	3.410162e+16	3.118694e+14	0.213566	False	0.000000	182.849151	{'tp': 16, 'cp': 2, 'pp': 16, 'mb': 16, 'tp_sp': True, 'train': {'dp': 1, 'ep': 1, 'tp_ep': True}, 'inference': {'replica_count': 1, 'moe_dp': 1}}
128	487.838769	nan	nan	0.002050	6.861550e+18	1.406520e+16	3.118694e+14	0.352341	False	0.000000	84.222295	{'tp': 2, 'cp': 2, 'pp': 32, 'mb': 32, 'tp_sp': True, 'train': {'dp': 1, 'ep': 1, 'tp_ep': True}, 'inference': {'replica_count': 1, 'moe_dp': 1}}
256	289.469437	nan	nan	0.003455	6.861550e+18	2.370388e+16	3.118694e+14	0.296898	False	0.000000	92.058420	{'tp': 4, 'cp': 2, 'pp': 32, 'mb': 32, 'tp_sp': True, 'train': {'dp': 1, 'ep': 1, 'tp_ep': True}, 'inference': {'replica_count': 1, 'moe_dp': 1}}
512	190.494293	nan	nan	0.005250	6.861550e+18	3.601971e+16	3.118694e+14	0.225578	False	0.000000	125.472768	{'tp': 8, 'cp': 2, 'pp': 32, 'mb': 32, 'tp_sp': True, 'train': {'dp': 1, 'ep': 1, 'tp_ep': True}, 'inference': {'replica_count': 1, 'moe_dp': 1}}
128	520.978993	nan	nan	0.001919	6.861550e+18	1.317049e+16	3.118694e+14	0.329928	False	0.000000	354.259998	{'tp': 16, 'cp': 2, 'pp': 4, 'mb': 4, 'tp_sp': True, 'train': {'dp': 1, 'ep': 1, 'tp_ep': True}, 'inference': {'replica_count': 1, 'moe_dp': 1}}
512	211.604426	nan	nan	0.004726	6.861550e+18	3.242631e+16	3.118694e+14	0.203074	False	0.000000	323.203599	{'tp': 32, 'cp': 2, 'pp': 8, 'mb': 8, 'tp_sp': True, 'train': {'dp': 1, 'ep': 1, 'tp_ep': True}, 'inference': {'replica_count': 1, 'moe_dp': 1}}
256	323.668838	nan	nan	0.003090	6.861550e+18	2.119929e+16	3.118694e+14	0.265527	False	0.000000	396.932514	{'tp': 32, 'cp': 2, 'pp': 4, 'mb': 4, 'tp_sp': True, 'train': {'dp': 1, 'ep': 1, 'tp_ep': True}, 'inference': {'replica_count': 1, 'moe_dp': 1}}
1024	141.021910	nan	nan	0.007091	6.861550e+18	4.865592e+16	3.118694e+14	0.152357	False	0.000000	246.158204	{'tp': 16, 'cp': 2, 'pp': 32, 'mb': 32, 'tp_sp': True, 'train': {'dp': 1, 'ep': 1, 'tp_ep': True}, 'inference': {'replica_count': 1, 'moe_dp': 1}}
128	457.888845	nan	nan	0.002184	6.861550e+18	1.498519e+16	3.118694e+14	0.375387	True	12.154663	190.275679	{'tp': 8, 'cp': 2, 'pp': 4, 'mb': 4, 'tp_sp': True, 'train': {'dp': 2, 'ep': 1, 'tp_ep': True}, 'inference': {'replica_count': 1, 'moe_dp': 1}}
128	470.416601	nan	nan	0.002126	6.861550e+18	1.458611e+16	3.118694e+14	0.365390	True	11.848511	112.179005	{'tp': 4, 'cp': 2, 'pp': 8, 'mb': 8, 'tp_sp': True, 'train': {'dp': 2, 'ep': 1, 'tp_ep': True}, 'inference': {'replica_count': 1, 'moe_dp': 1}}
1024	149.112577	nan	nan	0.006706	6.861550e+18	4.601590e+16	3.118694e+14	0.144090	False	0.000000	412.453766	{'tp': 32, 'cp': 2, 'pp': 16, 'mb': 16, 'tp_sp': True, 'train': {'dp': 1, 'ep': 1, 'tp_ep': True}, 'inference': {'replica_count': 1, 'moe_dp': 1}}
256	260.657459	nan	nan	0.003836	6.861550e+18	2.632401e+16	3.118694e+14	0.329715	False	0.000000	189.496156	{'tp': 16, 'cp': 2, 'pp': 4, 'mb': 4, 'tp_sp': True, 'train': {'dp': 2, 'ep': 1, 'tp_ep': True}, 'inference': {'replica_count': 1, 'moe_dp': 1}}
256	262.170392	nan	nan	0.003814	6.861550e+18	2.617210e+16	3.118694e+14	0.327813	False	0.000000	111.483405	{'tp': 8, 'cp': 2, 'pp': 8, 'mb': 8, 'tp_sp': True, 'train': {'dp': 2, 'ep': 1, 'tp_ep': True}, 'inference': {'replica_count': 1, 'moe_dp': 1}}
128	466.434773	nan	nan	0.002144	6.861550e+18	1.471063e+16	3.118694e+14	0.368509	True	14.264038	76.758758	{'tp': 2, 'cp': 2, 'pp': 16, 'mb': 16, 'tp_sp': True, 'train': {'dp': 2, 'ep': 1, 'tp_ep': True}, 'inference': {'replica_count': 1, 'moe_dp': 1}}
512	161.983842	nan	nan	0.006173	6.861550e+18	4.235947e+16	3.118694e+14	0.265282	False	0.000000	237.537365	{'tp': 32, 'cp': 2, 'pp': 4, 'mb': 4, 'tp_sp': True, 'train': {'dp': 2, 'ep': 1, 'tp_ep': True}, 'inference': {'replica_count': 1, 'moe_dp': 1}}
256	257.347660	nan	nan	0.003886	6.861550e+18	2.666257e+16	3.118694e+14	0.333956	False	0.000000	77.491623	{'tp': 4, 'cp': 2, 'pp': 16, 'mb': 16, 'tp_sp': True, 'train': {'dp': 2, 'ep': 1, 'tp_ep': True}, 'inference': {'replica_count': 1, 'moe_dp': 1}}
512	158.079629	nan	nan	0.006326	6.861550e+18	4.340566e+16	3.118694e+14	0.271834	False	0.000000	136.573911	{'tp': 16, 'cp': 2, 'pp': 8, 'mb': 8, 'tp_sp': True, 'train': {'dp': 2, 'ep': 1, 'tp_ep': True}, 'inference': {'replica_count': 1, 'moe_dp': 1}}
512	153.025079	nan	nan	0.006535	6.861550e+18	4.483938e+16	3.118694e+14	0.280813	False	0.000000	87.587956	{'tp': 8, 'cp': 2, 'pp': 16, 'mb': 16, 'tp_sp': True, 'train': {'dp': 2, 'ep': 1, 'tp_ep': True}, 'inference': {'replica_count': 1, 'moe_dp': 1}}
128	418.292550	nan	nan	0.002391	6.861550e+18	1.640371e+16	3.118694e+14	0.410922	True	14.036743	348.627421	{'tp': 16, 'cp': 2, 'pp': 2, 'mb': 2, 'tp_sp': True, 'train': {'dp': 2, 'ep': 1, 'tp_ep': True}, 'inference': {'replica_count': 1, 'moe_dp': 1}}
256	248.023775	nan	nan	0.004032	6.861550e+18	2.766489e+16	3.118694e+14	0.346510	False	0.000000	352.237785	{'tp': 32, 'cp': 2, 'pp': 2, 'mb': 2, 'tp_sp': True, 'train': {'dp': 2, 'ep': 1, 'tp_ep': True}, 'inference': {'replica_count': 1, 'moe_dp': 1}}
128	456.881850	nan	nan	0.002189	6.861550e+18	1.501822e+16	3.118694e+14	0.376215	True	20.609009	58.029131	{'tp': 1, 'cp': 2, 'pp': 32, 'mb': 32, 'tp_sp': True, 'train': {'dp': 2, 'ep': 1, 'tp_ep': True}, 'inference': {'replica_count': 1, 'moe_dp': 1}}
256	244.660388	nan	nan	0.004087	6.861550e+18	2.804520e+16	3.118694e+14	0.351274	False	0.000000	59.825423	{'tp': 2, 'cp': 2, 'pp': 32, 'mb': 32, 'tp_sp': True, 'train': {'dp': 2, 'ep': 1, 'tp_ep': True}, 'inference': {'replica_count': 1, 'moe_dp': 1}}
512	145.292924	nan	nan	0.006883	6.861550e+18	4.722563e+16	3.118694e+14	0.295757	False	0.000000	71.449673	{'tp': 4, 'cp': 2, 'pp': 32, 'mb': 32, 'tp_sp': True, 'train': {'dp': 2, 'ep': 1, 'tp_ep': True}, 'inference': {'replica_count': 1, 'moe_dp': 1}}
1024	100.879827	nan	nan	0.009913	6.861550e+18	6.801707e+16	3.118694e+14	0.212983	False	0.000000	139.144572	{'tp': 16, 'cp': 2, 'pp': 16, 'mb': 16, 'tp_sp': True, 'train': {'dp': 2, 'ep': 1, 'tp_ep': True}, 'inference': {'replica_count': 1, 'moe_dp': 1}}
1024	95.705475	nan	nan	0.010449	6.861550e+18	7.169444e+16	3.118694e+14	0.224498	False	0.000000	109.940278	{'tp': 8, 'cp': 2, 'pp': 32, 'mb': 32, 'tp_sp': True, 'train': {'dp': 2, 'ep': 1, 'tp_ep': True}, 'inference': {'replica_count': 1, 'moe_dp': 1}}
1024	106.000516	nan	nan	0.009434	6.861550e+18	6.473129e+16	3.118694e+14	0.202694	False	0.000000	253.268688	{'tp': 32, 'cp': 2, 'pp': 8, 'mb': 8, 'tp_sp': True, 'train': {'dp': 2, 'ep': 1, 'tp_ep': True}, 'inference': {'replica_count': 1, 'moe_dp': 1}}
128	426.600161	nan	nan	0.002344	6.861550e+18	1.608427e+16	3.118694e+14	0.402920	True	58.614624	108.727343	{'tp': 4, 'cp': 2, 'pp': 4, 'mb': 4, 'tp_sp': True, 'train': {'dp': 4, 'ep': 1, 'tp_ep': True}, 'inference': {'replica_count': 1, 'moe_dp': 1}}
2048	70.879401	nan	nan	0.014108	6.861550e+18	9.680598e+16	3.118694e+14	0.151565	False	0.000000	230.901626	{'tp': 16, 'cp': 2, 'pp': 32, 'mb': 32, 'tp_sp': True, 'train': {'dp': 2, 'ep': 1, 'tp_ep': True}, 'inference': {'replica_count': 1, 'moe_dp': 1}}
256	229.203120	nan	nan	0.004363	6.861550e+18	2.993655e+16	3.118694e+14	0.374963	False	0.000000	105.727305	{'tp': 8, 'cp': 2, 'pp': 4, 'mb': 4, 'tp_sp': True, 'train': {'dp': 4, 'ep': 1, 'tp_ep': True}, 'inference': {'replica_count': 1, 'moe_dp': 1}}
128	379.497123	nan	nan	0.002635	6.861550e+18	1.808064e+16	3.118694e+14	0.452930	True	57.246704	182.163410	{'tp': 8, 'cp': 2, 'pp': 2, 'mb': 2, 'tp_sp': True, 'train': {'dp': 4, 'ep': 1, 'tp_ep': True}, 'inference': {'replica_count': 1, 'moe_dp': 1}}
256	209.296353	nan	nan	0.004778	6.861550e+18	3.278390e+16	3.118694e+14	0.410627	False	0.000000	183.956439	{'tp': 16, 'cp': 2, 'pp': 2, 'mb': 2, 'tp_sp': True, 'train': {'dp': 4, 'ep': 1, 'tp_ep': True}, 'inference': {'replica_count': 1, 'moe_dp': 1}}
512	124.145978	nan	nan	0.008055	6.861550e+18	5.527002e+16	3.118694e+14	0.346136	False	0.000000	202.024523	{'tp': 32, 'cp': 2, 'pp': 2, 'mb': 2, 'tp_sp': True, 'train': {'dp': 4, 'ep': 1, 'tp_ep': True}, 'inference': {'replica_count': 1, 'moe_dp': 1}}
512	130.535259	nan	nan	0.007661	6.861550e+18	5.256473e+16	3.118694e+14	0.329194	False	0.000000	111.252546	{'tp': 16, 'cp': 2, 'pp': 4, 'mb': 4, 'tp_sp': True, 'train': {'dp': 4, 'ep': 1, 'tp_ep': True}, 'inference': {'replica_count': 1, 'moe_dp': 1}}
128	444.720397	nan	nan	0.002249	6.861550e+18	1.542891e+16	3.118694e+14	0.386503	True	60.296265	73.874584	{'tp': 2, 'cp': 2, 'pp': 8, 'mb': 8, 'tp_sp': True, 'train': {'dp': 4, 'ep': 1, 'tp_ep': True}, 'inference': {'replica_count': 1, 'moe_dp': 1}}
256	235.702917	nan	nan	0.004243	6.861550e+18	2.911101e+16	3.118694e+14	0.364623	False	0.000000	67.339193	{'tp': 4, 'cp': 2, 'pp': 8, 'mb': 8, 'tp_sp': True, 'train': {'dp': 4, 'ep': 1, 'tp_ep': True}, 'inference': {'replica_count': 1, 'moe_dp': 1}}
512	131.415141	nan	nan	0.007609	6.861550e+18	5.221278e+16	3.118694e+14	0.326990	False	0.000000	71.715428	{'tp': 8, 'cp': 2, 'pp': 8, 'mb': 8, 'tp_sp': True, 'train': {'dp': 4, 'ep': 1, 'tp_ep': True}, 'inference': {'replica_count': 1, 'moe_dp': 1}}
2048	74.783408	nan	nan	0.013372	6.861550e+18	9.175231e+16	3.118694e+14	0.143653	False	0.000000	379.922051	{'tp': 32, 'cp': 2, 'pp': 16, 'mb': 16, 'tp_sp': True, 'train': {'dp': 2, 'ep': 1, 'tp_ep': True}, 'inference': {'replica_count': 1, 'moe_dp': 1}}
128	271.681296	nan	nan	0.003681	6.861550e+18	2.525588e+16	3.118694e+14	0.632674	True	60.611084	337.232851	{'tp': 16, 'cp': 2, 'pp': 1, 'mb': 1, 'tp_sp': True, 'train': {'dp': 4, 'ep': 1, 'tp_ep': True}, 'inference': {'replica_count': 1, 'moe_dp': 1}}
128	449.503557	nan	nan	0.002225	6.861550e+18	1.526473e+16	3.118694e+14	0.382390	True	65.173462	57.135355	{'tp': 1, 'cp': 2, 'pp': 16, 'mb': 16, 'tp_sp': True, 'train': {'dp': 4, 'ep': 1, 'tp_ep': True}, 'inference': {'replica_count': 1, 'moe_dp': 1}}
256	158.171794	nan	nan	0.006322	6.861550e+18	4.338036e+16	3.118694e+14	0.543351	False	0.000000	341.033275	{'tp': 32, 'cp': 2, 'pp': 1, 'mb': 1, 'tp_sp': True, 'train': {'dp': 4, 'ep': 1, 'tp_ep': True}, 'inference': {'replica_count': 1, 'moe_dp': 1}}
256	233.922047	nan	nan	0.004275	6.861550e+18	2.933264e+16	3.118694e+14	0.367399	False	0.000000	51.087364	{'tp': 2, 'cp': 2, 'pp': 16, 'mb': 16, 'tp_sp': True, 'train': {'dp': 4, 'ep': 1, 'tp_ep': True}, 'inference': {'replica_count': 1, 'moe_dp': 1}}
1024	81.169353	nan	nan	0.012320	6.861550e+18	8.453375e+16	3.118694e+14	0.264702	False	0.000000	165.596166	{'tp': 32, 'cp': 2, 'pp': 4, 'mb': 4, 'tp_sp': True, 'train': {'dp': 4, 'ep': 1, 'tp_ep': True}, 'inference': {'replica_count': 1, 'moe_dp': 1}}
512	129.187241	nan	nan	0.007741	6.861550e+18	5.311322e+16	3.118694e+14	0.332629	False	0.000000	53.285663	{'tp': 4, 'cp': 2, 'pp': 16, 'mb': 16, 'tp_sp': True, 'train': {'dp': 4, 'ep': 1, 'tp_ep': True}, 'inference': {'replica_count': 1, 'moe_dp': 1}}
1024	79.287300	nan	nan	0.012612	6.861550e+18	8.654034e+16	3.118694e+14	0.270985	False	0.000000	94.909525	{'tp': 16, 'cp': 2, 'pp': 8, 'mb': 8, 'tp_sp': True, 'train': {'dp': 4, 'ep': 1, 'tp_ep': True}, 'inference': {'replica_count': 1, 'moe_dp': 1}}
1024	76.921380	nan	nan	0.013000	6.861550e+18	8.920212e+16	3.118694e+14	0.279320	False	0.000000	69.830012	{'tp': 8, 'cp': 2, 'pp': 16, 'mb': 16, 'tp_sp': True, 'train': {'dp': 4, 'ep': 1, 'tp_ep': True}, 'inference': {'replica_count': 1, 'moe_dp': 1}}
256	456.882043	nan	nan	0.002189	6.861550e+18	1.501821e+16	3.118694e+14	0.188107	False	0.000000	60.458411	{'tp': 1, 'cp': 2, 'pp': 32, 'mb': 32, 'tp_sp': True, 'train': {'dp': 4, 'ep': 1, 'tp_ep': True}, 'inference': {'replica_count': 1, 'moe_dp': 1}}
512	244.660631	nan	nan	0.004087	6.861550e+18	2.804517e+16	3.118694e+14	0.175637	False	0.000000	60.135777	{'tp': 2, 'cp': 2, 'pp': 32, 'mb': 32, 'tp_sp': True, 'train': {'dp': 4, 'ep': 1, 'tp_ep': True}, 'inference': {'replica_count': 1, 'moe_dp': 1}}
1024	81.787952	nan	nan	0.012227	6.861550e+18	8.389439e+16	3.118694e+14	0.262700	False	0.000000	341.842847	{'tp': 64, 'cp': 2, 'pp': 2, 'mb': 2, 'tp_sp': True, 'train': {'dp': 4, 'ep': 1, 'tp_ep': True}, 'inference': {'replica_count': 1, 'moe_dp': 1}}
1024	145.293186	nan	nan	0.006883	6.861550e+18	4.722555e+16	3.118694e+14	0.147878	False	0.000000	71.047813	{'tp': 4, 'cp': 2, 'pp': 32, 'mb': 32, 'tp_sp': True, 'train': {'dp': 4, 'ep': 1, 'tp_ep': True}, 'inference': {'replica_count': 1, 'moe_dp': 1}}
2048	50.754353	nan	nan	0.019703	6.861550e+18	1.351914e+17	3.118694e+14	0.211664	False	0.000000	118.568502	{'tp': 16, 'cp': 2, 'pp': 16, 'mb': 16, 'tp_sp': True, 'train': {'dp': 4, 'ep': 1, 'tp_ep': True}, 'inference': {'replica_count': 1, 'moe_dp': 1}}
512	101.730657	nan	nan	0.009830	6.861550e+18	6.744820e+16	3.118694e+14	0.422404	False	0.000000	427.214449	{'tp': 64, 'cp': 2, 'pp': 1, 'mb': 1, 'tp_sp': True, 'train': {'dp': 4, 'ep': 1, 'tp_ep': True}, 'inference': {'replica_count': 1, 'moe_dp': 1}}
2048	95.705746	nan	nan	0.010449	6.861550e+18	7.169423e+16	3.118694e+14	0.112249	False	0.000000	105.897537	{'tp': 8, 'cp': 2, 'pp': 32, 'mb': 32, 'tp_sp': True, 'train': {'dp': 4, 'ep': 1, 'tp_ep': True}, 'inference': {'replica_count': 1, 'moe_dp': 1}}
2048	53.199586	nan	nan	0.018797	6.861550e+18	1.289775e+17	3.118694e+14	0.201935	False	0.000000	205.379883	{'tp': 32, 'cp': 2, 'pp': 8, 'mb': 8, 'tp_sp': True, 'train': {'dp': 4, 'ep': 1, 'tp_ep': True}, 'inference': {'replica_count': 1, 'moe_dp': 1}}
128	360.306615	nan	nan	0.002775	6.861550e+18	1.904364e+16	3.118694e+14	0.477054	True	149.722290	107.304932	{'tp': 4, 'cp': 2, 'pp': 2, 'mb': 2, 'tp_sp': True, 'train': {'dp': 8, 'ep': 1, 'tp_ep': True}, 'inference': {'replica_count': 1, 'moe_dp': 1}}
256	189.963338	nan	nan	0.005264	6.861550e+18	3.612039e+16	3.118694e+14	0.452418	True	35.870422	100.478795	{'tp': 8, 'cp': 2, 'pp': 2, 'mb': 2, 'tp_sp': True, 'train': {'dp': 8, 'ep': 1, 'tp_ep': True}, 'inference': {'replica_count': 1, 'moe_dp': 1}}
512	104.818159	nan	nan	0.009540	6.861550e+18	6.546146e+16	3.118694e+14	0.409961	False	0.000000	104.109774	{'tp': 16, 'cp': 2, 'pp': 2, 'mb': 2, 'tp_sp': True, 'train': {'dp': 8, 'ep': 1, 'tp_ep': True}, 'inference': {'replica_count': 1, 'moe_dp': 1}}
128	411.871972	nan	nan	0.002428	6.861550e+18	1.665942e+16	3.118694e+14	0.417328	True	154.562378	71.283943	{'tp': 2, 'cp': 2, 'pp': 4, 'mb': 4, 'tp_sp': True, 'train': {'dp': 8, 'ep': 1, 'tp_ep': True}, 'inference': {'replica_count': 1, 'moe_dp': 1}}
256	213.744567	nan	nan	0.004678	6.861550e+18	3.210164e+16	3.118694e+14	0.402082	True	37.785828	63.732603	{'tp': 4, 'cp': 2, 'pp': 4, 'mb': 4, 'tp_sp': True, 'train': {'dp': 8, 'ep': 1, 'tp_ep': True}, 'inference': {'replica_count': 1, 'moe_dp': 1}}
128	249.408495	nan	nan	0.004009	6.861550e+18	2.751129e+16	3.118694e+14	0.689173	True	150.578857	179.441599	{'tp': 8, 'cp': 2, 'pp': 1, 'mb': 1, 'tp_sp': True, 'train': {'dp': 8, 'ep': 1, 'tp_ep': True}, 'inference': {'replica_count': 1, 'moe_dp': 1}}
256	135.944337	nan	nan	0.007356	6.861550e+18	5.047323e+16	3.118694e+14	0.632191	True	37.307983	180.338645	{'tp': 16, 'cp': 2, 'pp': 1, 'mb': 1, 'tp_sp': True, 'train': {'dp': 8, 'ep': 1, 'tp_ep': True}, 'inference': {'replica_count': 1, 'moe_dp': 1}}
1024	62.217975	nan	nan	0.016073	6.861550e+18	1.102824e+17	3.118694e+14	0.345329	False	0.000000	128.301549	{'tp': 32, 'cp': 2, 'pp': 2, 'mb': 2, 'tp_sp': True, 'train': {'dp': 8, 'ep': 1, 'tp_ep': True}, 'inference': {'replica_count': 1, 'moe_dp': 1}}
4096	70.879677	nan	nan	0.014108	6.861550e+18	9.680561e+16	3.118694e+14	0.075782	False	0.000000	222.213533	{'tp': 16, 'cp': 2, 'pp': 32, 'mb': 32, 'tp_sp': True, 'train': {'dp': 4, 'ep': 1, 'tp_ep': True}, 'inference': {'replica_count': 1, 'moe_dp': 1}}
512	114.890345	nan	nan	0.008704	6.861550e+18	5.972260e+16	3.118694e+14	0.374021	False	0.000000	63.837261	{'tp': 8, 'cp': 2, 'pp': 4, 'mb': 4, 'tp_sp': True, 'train': {'dp': 8, 'ep': 1, 'tp_ep': True}, 'inference': {'replica_count': 1, 'moe_dp': 1}}
512	79.178931	nan	nan	0.012630	6.861550e+18	8.665879e+16	3.118694e+14	0.542713	False	0.000000	184.458764	{'tp': 32, 'cp': 2, 'pp': 1, 'mb': 1, 'tp_sp': True, 'train': {'dp': 8, 'ep': 1, 'tp_ep': True}, 'inference': {'replica_count': 1, 'moe_dp': 1}}
1024	65.478450	nan	nan	0.015272	6.861550e+18	1.047910e+17	3.118694e+14	0.328134	False	0.000000	72.535257	{'tp': 16, 'cp': 2, 'pp': 4, 'mb': 4, 'tp_sp': True, 'train': {'dp': 8, 'ep': 1, 'tp_ep': True}, 'inference': {'replica_count': 1, 'moe_dp': 1}}
128	434.841562	nan	nan	0.002300	6.861550e+18	1.577943e+16	3.118694e+14	0.395283	True	158.705688	56.848692	{'tp': 1, 'cp': 2, 'pp': 8, 'mb': 8, 'tp_sp': True, 'train': {'dp': 8, 'ep': 1, 'tp_ep': True}, 'inference': {'replica_count': 1, 'moe_dp': 1}}
256	223.005133	nan	nan	0.004484	6.861550e+18	3.076857e+16	3.118694e+14	0.385385	True	39.605164	47.945615	{'tp': 2, 'cp': 2, 'pp': 8, 'mb': 8, 'tp_sp': True, 'train': {'dp': 8, 'ep': 1, 'tp_ep': True}, 'inference': {'replica_count': 1, 'moe_dp': 1}}
512	118.307027	nan	nan	0.008453	6.861550e+18	5.799782e+16	3.118694e+14	0.363219	False	0.000000	45.883385	{'tp': 4, 'cp': 2, 'pp': 8, 'mb': 8, 'tp_sp': True, 'train': {'dp': 8, 'ep': 1, 'tp_ep': True}, 'inference': {'replica_count': 1, 'moe_dp': 1}}
1024	66.059508	nan	nan	0.015138	6.861550e+18	1.038692e+17	3.118694e+14	0.325248	False	0.000000	49.300758	{'tp': 8, 'cp': 2, 'pp': 8, 'mb': 8, 'tp_sp': True, 'train': {'dp': 8, 'ep': 1, 'tp_ep': True}, 'inference': {'replica_count': 1, 'moe_dp': 1}}
512	233.930908	nan	nan	0.004275	6.861550e+18	2.933152e+16	3.118694e+14	0.183693	False	0.000000	51.840719	{'tp': 2, 'cp': 2, 'pp': 16, 'mb': 16, 'tp_sp': True, 'train': {'dp': 8, 'ep': 1, 'tp_ep': True}, 'inference': {'replica_count': 1, 'moe_dp': 1}}
256	449.511978	nan	nan	0.002225	6.861550e+18	1.526444e+16	3.118694e+14	0.191191	True	45.893188	57.983428	{'tp': 1, 'cp': 2, 'pp': 16, 'mb': 16, 'tp_sp': True, 'train': {'dp': 8, 'ep': 1, 'tp_ep': True}, 'inference': {'replica_count': 1, 'moe_dp': 1}}
1024	129.195675	nan	nan	0.007740	6.861550e+18	5.310975e+16	3.118694e+14	0.166304	False	0.000000	53.577625	{'tp': 4, 'cp': 2, 'pp': 16, 'mb': 16, 'tp_sp': True, 'train': {'dp': 8, 'ep': 1, 'tp_ep': True}, 'inference': {'replica_count': 1, 'moe_dp': 1}}
2048	40.749946	nan	nan	0.024540	6.861550e+18	1.683818e+17	3.118694e+14	0.263629	False	0.000000	124.674466	{'tp': 32, 'cp': 2, 'pp': 4, 'mb': 4, 'tp_sp': True, 'train': {'dp': 8, 'ep': 1, 'tp_ep': True}, 'inference': {'replica_count': 1, 'moe_dp': 1}}
2048	39.901664	nan	nan	0.025062	6.861550e+18	1.719615e+17	3.118694e+14	0.269233	False	0.000000	74.131417	{'tp': 16, 'cp': 2, 'pp': 8, 'mb': 8, 'tp_sp': True, 'train': {'dp': 8, 'ep': 1, 'tp_ep': True}, 'inference': {'replica_count': 1, 'moe_dp': 1}}
1024	50.941003	nan	nan	0.019631	6.861550e+18	1.346960e+17	3.118694e+14	0.421776	False	0.000000	255.940627	{'tp': 64, 'cp': 2, 'pp': 1, 'mb': 1, 'tp_sp': True, 'train': {'dp': 8, 'ep': 1, 'tp_ep': True}, 'inference': {'replica_count': 1, 'moe_dp': 1}}
2048	76.929599	nan	nan	0.012999	6.861550e+18	8.919259e+16	3.118694e+14	0.139645	False	0.000000	70.134947	{'tp': 8, 'cp': 2, 'pp': 16, 'mb': 16, 'tp_sp': True, 'train': {'dp': 8, 'ep': 1, 'tp_ep': True}, 'inference': {'replica_count': 1, 'moe_dp': 1}}
512	456.877125	nan	nan	0.002189	6.861550e+18	1.501837e+16	3.118694e+14	0.094055	False	0.000000	61.954501	{'tp': 1, 'cp': 2, 'pp': 32, 'mb': 32, 'tp_sp': True, 'train': {'dp': 8, 'ep': 1, 'tp_ep': True}, 'inference': {'replica_count': 1, 'moe_dp': 1}}
4096	37.661854	nan	nan	0.026552	6.861550e+18	1.821883e+17	3.118694e+14	0.142622	False	0.000000	362.195375	{'tp': 32, 'cp': 2, 'pp': 16, 'mb': 16, 'tp_sp': True, 'train': {'dp': 4, 'ep': 1, 'tp_ep': True}, 'inference': {'replica_count': 1, 'moe_dp': 1}}
1024	244.655956	nan	nan	0.004087	6.861550e+18	2.804571e+16	3.118694e+14	0.087820	False	0.000000	62.305344	{'tp': 2, 'cp': 2, 'pp': 32, 'mb': 32, 'tp_sp': True, 'train': {'dp': 8, 'ep': 1, 'tp_ep': True}, 'inference': {'replica_count': 1, 'moe_dp': 1}}
2048	145.288801	nan	nan	0.006883	6.861550e+18	4.722697e+16	3.118694e+14	0.073941	False	0.000000	72.837555	{'tp': 4, 'cp': 2, 'pp': 32, 'mb': 32, 'tp_sp': True, 'train': {'dp': 8, 'ep': 1, 'tp_ep': True}, 'inference': {'replica_count': 1, 'moe_dp': 1}}
4096	50.762465	nan	nan	0.019700	6.861550e+18	1.351698e+17	3.118694e+14	0.105815	False	0.000000	117.386110	{'tp': 16, 'cp': 2, 'pp': 16, 'mb': 16, 'tp_sp': True, 'train': {'dp': 8, 'ep': 1, 'tp_ep': True}, 'inference': {'replica_count': 1, 'moe_dp': 1}}
2048	41.007846	nan	nan	0.024386	6.861550e+18	1.673229e+17	3.118694e+14	0.261971	False	0.000000	273.762075	{'tp': 64, 'cp': 2, 'pp': 2, 'mb': 2, 'tp_sp': True, 'train': {'dp': 8, 'ep': 1, 'tp_ep': True}, 'inference': {'replica_count': 1, 'moe_dp': 1}}
256	124.849999	nan	nan	0.008010	6.861550e+18	5.495835e+16	3.118694e+14	0.688368	True	129.294312	103.320153	{'tp': 8, 'cp': 2, 'pp': 1, 'mb': 1, 'tp_sp': True, 'train': {'dp': 16, 'ep': 1, 'tp_ep': True}, 'inference': {'replica_count': 1, 'moe_dp': 1}}
128	238.409253	nan	nan	0.004194	6.861550e+18	2.878055e+16	3.118694e+14	0.720969	True	336.570068	106.478999	{'tp': 4, 'cp': 2, 'pp': 1, 'mb': 1, 'tp_sp': True, 'train': {'dp': 16, 'ep': 1, 'tp_ep': True}, 'inference': {'replica_count': 1, 'moe_dp': 1}}
512	68.088011	nan	nan	0.014687	6.861550e+18	1.007747e+17	3.118694e+14	0.631115	True	25.656433	98.832467	{'tp': 16, 'cp': 2, 'pp': 1, 'mb': 1, 'tp_sp': True, 'train': {'dp': 16, 'ep': 1, 'tp_ep': True}, 'inference': {'replica_count': 1, 'moe_dp': 1}}
128	351.501105	nan	nan	0.002845	6.861550e+18	1.952071e+16	3.118694e+14	0.489004	True	337.701294	71.847608	{'tp': 2, 'cp': 2, 'pp': 2, 'mb': 2, 'tp_sp': True, 'train': {'dp': 16, 'ep': 1, 'tp_ep': True}, 'inference': {'replica_count': 1, 'moe_dp': 1}}
4096	95.701507	nan	nan	0.010449	6.861550e+18	7.169741e+16	3.118694e+14	0.056127	False	0.000000	109.351119	{'tp': 8, 'cp': 2, 'pp': 32, 'mb': 32, 'tp_sp': True, 'train': {'dp': 8, 'ep': 1, 'tp_ep': True}, 'inference': {'replica_count': 1, 'moe_dp': 1}}
256	180.528147	nan	nan	0.005539	6.861550e+18	3.800820e+16	3.118694e+14	0.476063	True	129.355286	62.555729	{'tp': 4, 'cp': 2, 'pp': 2, 'mb': 2, 'tp_sp': True, 'train': {'dp': 16, 'ep': 1, 'tp_ep': True}, 'inference': {'replica_count': 1, 'moe_dp': 1}}
4096	26.813744	nan	nan	0.037294	6.861550e+18	2.558968e+17	3.118694e+14	0.200324	False	0.000000	180.818438	{'tp': 32, 'cp': 2, 'pp': 8, 'mb': 8, 'tp_sp': True, 'train': {'dp': 8, 'ep': 1, 'tp_ep': True}, 'inference': {'replica_count': 1, 'moe_dp': 1}}
512	95.222449	nan	nan	0.010502	6.861550e+18	7.205811e+16	3.118694e+14	0.451274	True	25.182281	60.169572	{'tp': 8, 'cp': 2, 'pp': 2, 'mb': 2, 'tp_sp': True, 'train': {'dp': 16, 'ep': 1, 'tp_ep': True}, 'inference': {'replica_count': 1, 'moe_dp': 1}}
1024	39.688621	nan	nan	0.025196	6.861550e+18	1.728846e+17	3.118694e+14	0.541357	False	0.000000	107.738149	{'tp': 32, 'cp': 2, 'pp': 1, 'mb': 1, 'tp_sp': True, 'train': {'dp': 16, 'ep': 1, 'tp_ep': True}, 'inference': {'replica_count': 1, 'moe_dp': 1}}
1024	52.582733	nan	nan	0.019018	6.861550e+18	1.304906e+17	3.118694e+14	0.408607	False	0.000000	63.594803	{'tp': 16, 'cp': 2, 'pp': 2, 'mb': 2, 'tp_sp': True, 'train': {'dp': 16, 'ep': 1, 'tp_ep': True}, 'inference': {'replica_count': 1, 'moe_dp': 1}}
128	405.638410	nan	nan	0.002465	6.861550e+18	1.691543e+16	3.118694e+14	0.423741	True	347.971802	55.531126	{'tp': 1, 'cp': 2, 'pp': 4, 'mb': 4, 'tp_sp': True, 'train': {'dp': 16, 'ep': 1, 'tp_ep': True}, 'inference': {'replica_count': 1, 'moe_dp': 1}}
512	107.273313	nan	nan	0.009322	6.861550e+18	6.396325e+16	3.118694e+14	0.400579	True	27.371429	41.443407	{'tp': 4, 'cp': 2, 'pp': 4, 'mb': 4, 'tp_sp': True, 'train': {'dp': 16, 'ep': 1, 'tp_ep': True}, 'inference': {'replica_count': 1, 'moe_dp': 1}}
1024	57.748784	nan	nan	0.017316	6.861550e+18	1.188172e+17	3.118694e+14	0.372055	False	0.000000	42.946411	{'tp': 8, 'cp': 2, 'pp': 4, 'mb': 4, 'tp_sp': True, 'train': {'dp': 16, 'ep': 1, 'tp_ep': True}, 'inference': {'replica_count': 1, 'moe_dp': 1}}
256	206.514880	nan	nan	0.004842	6.861550e+18	3.322545e+16	3.118694e+14	0.416158	True	134.238220	46.248043	{'tp': 2, 'cp': 2, 'pp': 4, 'mb': 4, 'tp_sp': True, 'train': {'dp': 16, 'ep': 1, 'tp_ep': True}, 'inference': {'replica_count': 1, 'moe_dp': 1}}
2048	31.243408	nan	nan	0.032007	6.861550e+18	2.196159e+17	3.118694e+14	0.343844	False	0.000000	85.717028	{'tp': 32, 'cp': 2, 'pp': 2, 'mb': 2, 'tp_sp': True, 'train': {'dp': 16, 'ep': 1, 'tp_ep': True}, 'inference': {'replica_count': 1, 'moe_dp': 1}}
2048	32.954211	nan	nan	0.030345	6.861550e+18	2.082147e+17	3.118694e+14	0.325993	False	0.000000	51.823490	{'tp': 16, 'cp': 2, 'pp': 4, 'mb': 4, 'tp_sp': True, 'train': {'dp': 16, 'ep': 1, 'tp_ep': True}, 'inference': {'replica_count': 1, 'moe_dp': 1}}
1024	118.307524	nan	nan	0.008453	6.861550e+18	5.799758e+16	3.118694e+14	0.181609	False	0.000000	46.179948	{'tp': 4, 'cp': 2, 'pp': 8, 'mb': 8, 'tp_sp': True, 'train': {'dp': 16, 'ep': 1, 'tp_ep': True}, 'inference': {'replica_count': 1, 'moe_dp': 1}}
512	223.005640	nan	nan	0.004484	6.861550e+18	3.076850e+16	3.118694e+14	0.192692	True	30.331970	48.624036	{'tp': 2, 'cp': 2, 'pp': 8, 'mb': 8, 'tp_sp': True, 'train': {'dp': 16, 'ep': 1, 'tp_ep': True}, 'inference': {'replica_count': 1, 'moe_dp': 1}}
256	434.841941	nan	nan	0.002300	6.861550e+18	1.577941e+16	3.118694e+14	0.197641	True	140.159302	57.466943	{'tp': 1, 'cp': 2, 'pp': 8, 'mb': 8, 'tp_sp': True, 'train': {'dp': 16, 'ep': 1, 'tp_ep': True}, 'inference': {'replica_count': 1, 'moe_dp': 1}}
2048	66.059998	nan	nan	0.015138	6.861550e+18	1.038685e+17	3.118694e+14	0.162623	False	0.000000	51.671382	{'tp': 8, 'cp': 2, 'pp': 8, 'mb': 8, 'tp_sp': True, 'train': {'dp': 16, 'ep': 1, 'tp_ep': True}, 'inference': {'replica_count': 1, 'moe_dp': 1}}
512	449.511862	nan	nan	0.002225	6.861550e+18	1.526445e+16	3.118694e+14	0.095596	True	36.253052	58.629295	{'tp': 1, 'cp': 2, 'pp': 16, 'mb': 16, 'tp_sp': True, 'train': {'dp': 16, 'ep': 1, 'tp_ep': True}, 'inference': {'replica_count': 1, 'moe_dp': 1}}
1024	233.930826	nan	nan	0.004275	6.861550e+18	2.933153e+16	3.118694e+14	0.091846	False	0.000000	54.213274	{'tp': 2, 'cp': 2, 'pp': 16, 'mb': 16, 'tp_sp': True, 'train': {'dp': 16, 'ep': 1, 'tp_ep': True}, 'inference': {'replica_count': 1, 'moe_dp': 1}}
2048	129.195619	nan	nan	0.007740	6.861550e+18	5.310977e+16	3.118694e+14	0.083152	False	0.000000	55.382332	{'tp': 4, 'cp': 2, 'pp': 16, 'mb': 16, 'tp_sp': True, 'train': {'dp': 16, 'ep': 1, 'tp_ep': True}, 'inference': {'replica_count': 1, 'moe_dp': 1}}
4096	39.902152	nan	nan	0.025061	6.861550e+18	1.719594e+17	3.118694e+14	0.134615	False	0.000000	74.134571	{'tp': 16, 'cp': 2, 'pp': 8, 'mb': 8, 'tp_sp': True, 'train': {'dp': 16, 'ep': 1, 'tp_ep': True}, 'inference': {'replica_count': 1, 'moe_dp': 1}}
2048	25.548902	nan	nan	0.039141	6.861550e+18	2.685654e+17	3.118694e+14	0.420482	False	0.000000	183.410930	{'tp': 64, 'cp': 2, 'pp': 1, 'mb': 1, 'tp_sp': True, 'train': {'dp': 16, 'ep': 1, 'tp_ep': True}, 'inference': {'replica_count': 1, 'moe_dp': 1}}
4096	20.548390	nan	nan	0.048666	6.861550e+18	3.339215e+17	3.118694e+14	0.261404	False	0.000000	104.151100	{'tp': 32, 'cp': 2, 'pp': 4, 'mb': 4, 'tp_sp': True, 'train': {'dp': 16, 'ep': 1, 'tp_ep': True}, 'inference': {'replica_count': 1, 'moe_dp': 1}}
4096	76.929556	nan	nan	0.012999	6.861550e+18	8.919264e+16	3.118694e+14	0.069823	False	0.000000	71.319189	{'tp': 8, 'cp': 2, 'pp': 16, 'mb': 16, 'tp_sp': True, 'train': {'dp': 16, 'ep': 1, 'tp_ep': True}, 'inference': {'replica_count': 1, 'moe_dp': 1}}
1024	456.866289	nan	nan	0.002189	6.861550e+18	1.501873e+16	3.118694e+14	0.047028	False	0.000000	65.417660	{'tp': 1, 'cp': 2, 'pp': 32, 'mb': 32, 'tp_sp': True, 'train': {'dp': 16, 'ep': 1, 'tp_ep': True}, 'inference': {'replica_count': 1, 'moe_dp': 1}}
2048	244.643191	nan	nan	0.004088	6.861550e+18	2.804717e+16	3.118694e+14	0.043912	False	0.000000	65.468921	{'tp': 2, 'cp': 2, 'pp': 32, 'mb': 32, 'tp_sp': True, 'train': {'dp': 16, 'ep': 1, 'tp_ep': True}, 'inference': {'replica_count': 1, 'moe_dp': 1}}
256	119.454080	nan	nan	0.008371	6.861550e+18	5.744090e+16	3.118694e+14	0.719463	True	316.294800	62.419253	{'tp': 4, 'cp': 2, 'pp': 1, 'mb': 1, 'tp_sp': True, 'train': {'dp': 32, 'ep': 1, 'tp_ep': True}, 'inference': {'replica_count': 1, 'moe_dp': 1}}
512	62.585145	nan	nan	0.015978	6.861550e+18	1.096354e+17	3.118694e+14	0.686607	True	118.652039	58.120052	{'tp': 8, 'cp': 2, 'pp': 1, 'mb': 1, 'tp_sp': True, 'train': {'dp': 32, 'ep': 1, 'tp_ep': True}, 'inference': {'replica_count': 1, 'moe_dp': 1}}
128	233.432991	nan	nan	0.004284	6.861550e+18	2.939409e+16	3.118694e+14	0.736338	True	711.580322	69.136269	{'tp': 2, 'cp': 2, 'pp': 1, 'mb': 1, 'tp_sp': True, 'train': {'dp': 32, 'ep': 1, 'tp_ep': True}, 'inference': {'replica_count': 1, 'moe_dp': 1}}
4096	145.276725	nan	nan	0.006883	6.861550e+18	4.723090e+16	3.118694e+14	0.036974	False	0.000000	74.757848	{'tp': 4, 'cp': 2, 'pp': 32, 'mb': 32, 'tp_sp': True, 'train': {'dp': 16, 'ep': 1, 'tp_ep': True}, 'inference': {'replica_count': 1, 'moe_dp': 1}}
1024	34.159434	nan	nan	0.029274	6.861550e+18	2.008684e+17	3.118694e+14	0.628983	True	19.830658	57.437849	{'tp': 16, 'cp': 2, 'pp': 1, 'mb': 1, 'tp_sp': True, 'train': {'dp': 32, 'ep': 1, 'tp_ep': True}, 'inference': {'replica_count': 1, 'moe_dp': 1}}
512	90.594616	nan	nan	0.011038	6.861550e+18	7.573905e+16	3.118694e+14	0.474326	True	119.171783	39.952907	{'tp': 4, 'cp': 2, 'pp': 2, 'mb': 2, 'tp_sp': True, 'train': {'dp': 32, 'ep': 1, 'tp_ep': True}, 'inference': {'replica_count': 1, 'moe_dp': 1}}
256	176.234172	nan	nan	0.005674	6.861550e+18	3.893428e+16	3.118694e+14	0.487662	True	317.838928	45.462791	{'tp': 2, 'cp': 2, 'pp': 2, 'mb': 2, 'tp_sp': True, 'train': {'dp': 32, 'ep': 1, 'tp_ep': True}, 'inference': {'replica_count': 1, 'moe_dp': 1}}
1024	47.857905	nan	nan	0.020895	6.861550e+18	1.433734e+17	3.118694e+14	0.448948	True	19.838211	38.926941	{'tp': 8, 'cp': 2, 'pp': 2, 'mb': 2, 'tp_sp': True, 'train': {'dp': 32, 'ep': 1, 'tp_ep': True}, 'inference': {'replica_count': 1, 'moe_dp': 1}}
128	346.908669	nan	nan	0.002883	6.861550e+18	1.977913e+16	3.118694e+14	0.495478	True	715.173218	55.850908	{'tp': 1, 'cp': 2, 'pp': 2, 'mb': 2, 'tp_sp': True, 'train': {'dp': 32, 'ep': 1, 'tp_ep': True}, 'inference': {'replica_count': 1, 'moe_dp': 1}}
2048	26.461669	nan	nan	0.037791	6.861550e+18	2.593015e+17	3.118694e+14	0.405978	False	0.000000	42.624258	{'tp': 16, 'cp': 2, 'pp': 2, 'mb': 2, 'tp_sp': True, 'train': {'dp': 32, 'ep': 1, 'tp_ep': True}, 'inference': {'replica_count': 1, 'moe_dp': 1}}
2048	19.933600	nan	nan	0.050167	6.861550e+18	3.442203e+17	3.118694e+14	0.538932	False	0.000000	69.975754	{'tp': 32, 'cp': 2, 'pp': 1, 'mb': 1, 'tp_sp': True, 'train': {'dp': 32, 'ep': 1, 'tp_ep': True}, 'inference': {'replica_count': 1, 'moe_dp': 1}}
1024	107.273313	nan	nan	0.009322	6.861550e+18	6.396325e+16	3.118694e+14	0.200289	True	22.826569	42.664065	{'tp': 4, 'cp': 2, 'pp': 4, 'mb': 4, 'tp_sp': True, 'train': {'dp': 32, 'ep': 1, 'tp_ep': True}, 'inference': {'replica_count': 1, 'moe_dp': 1}}
512	206.514880	nan	nan	0.004842	6.861550e+18	3.322545e+16	3.118694e+14	0.208079	True	125.148499	46.567372	{'tp': 2, 'cp': 2, 'pp': 4, 'mb': 4, 'tp_sp': True, 'train': {'dp': 32, 'ep': 1, 'tp_ep': True}, 'inference': {'replica_count': 1, 'moe_dp': 1}}
2048	57.748784	nan	nan	0.017316	6.861550e+18	1.188172e+17	3.118694e+14	0.186027	False	0.000000	43.376193	{'tp': 8, 'cp': 2, 'pp': 4, 'mb': 4, 'tp_sp': True, 'train': {'dp': 32, 'ep': 1, 'tp_ep': True}, 'inference': {'replica_count': 1, 'moe_dp': 1}}
256	405.638410	nan	nan	0.002465	6.861550e+18	1.691543e+16	3.118694e+14	0.211870	True	329.792358	56.237954	{'tp': 1, 'cp': 2, 'pp': 4, 'mb': 4, 'tp_sp': True, 'train': {'dp': 32, 'ep': 1, 'tp_ep': True}, 'inference': {'replica_count': 1, 'moe_dp': 1}}
4096	28.430807	nan	nan	0.035173	6.861550e+18	2.413421e+17	3.118694e+14	0.188930	False	0.000000	407.938197	{'tp': 64, 'cp': 2, 'pp': 4, 'mb': 4, 'tp_sp': True, 'train': {'dp': 8, 'ep': 1, 'tp_ep': True}, 'inference': {'replica_count': 1, 'moe_dp': 1}}
4096	15.756183	nan	nan	0.063467	6.861550e+18	4.354830e+17	3.118694e+14	0.340909	False	0.000000	65.400597	{'tp': 32, 'cp': 2, 'pp': 2, 'mb': 2, 'tp_sp': True, 'train': {'dp': 32, 'ep': 1, 'tp_ep': True}, 'inference': {'replica_count': 1, 'moe_dp': 1}}
4096	32.954211	nan	nan	0.030345	6.861550e+18	2.082147e+17	3.118694e+14	0.162997	False	0.000000	52.456792	{'tp': 16, 'cp': 2, 'pp': 4, 'mb': 4, 'tp_sp': True, 'train': {'dp': 32, 'ep': 1, 'tp_ep': True}, 'inference': {'replica_count': 1, 'moe_dp': 1}}
4096	20.612680	nan	nan	0.048514	6.861550e+18	3.328801e+17	3.118694e+14	0.260588	False	0.000000	229.912745	{'tp': 64, 'cp': 2, 'pp': 2, 'mb': 2, 'tp_sp': True, 'train': {'dp': 16, 'ep': 1, 'tp_ep': True}, 'inference': {'replica_count': 1, 'moe_dp': 1}}
1024	223.005726	nan	nan	0.004484	6.861550e+18	3.076849e+16	3.118694e+14	0.096346	True	25.695374	50.037469	{'tp': 2, 'cp': 2, 'pp': 8, 'mb': 8, 'tp_sp': True, 'train': {'dp': 32, 'ep': 1, 'tp_ep': True}, 'inference': {'replica_count': 1, 'moe_dp': 1}}
2048	118.307616	nan	nan	0.008453	6.861550e+18	5.799754e+16	3.118694e+14	0.090804	False	0.000000	48.769499	{'tp': 4, 'cp': 2, 'pp': 8, 'mb': 8, 'tp_sp': True, 'train': {'dp': 32, 'ep': 1, 'tp_ep': True}, 'inference': {'replica_count': 1, 'moe_dp': 1}}
512	434.841993	nan	nan	0.002300	6.861550e+18	1.577941e+16	3.118694e+14	0.098821	True	130.886108	57.969453	{'tp': 1, 'cp': 2, 'pp': 8, 'mb': 8, 'tp_sp': True, 'train': {'dp': 32, 'ep': 1, 'tp_ep': True}, 'inference': {'replica_count': 1, 'moe_dp': 1}}
4096	66.060093	nan	nan	0.015138	6.861550e+18	1.038683e+17	3.118694e+14	0.081311	False	0.000000	52.354627	{'tp': 8, 'cp': 2, 'pp': 8, 'mb': 8, 'tp_sp': True, 'train': {'dp': 32, 'ep': 1, 'tp_ep': True}, 'inference': {'replica_count': 1, 'moe_dp': 1}}
1024	449.512100	nan	nan	0.002225	6.861550e+18	1.526444e+16	3.118694e+14	0.047798	True	31.432983	61.754046	{'tp': 1, 'cp': 2, 'pp': 16, 'mb': 16, 'tp_sp': True, 'train': {'dp': 32, 'ep': 1, 'tp_ep': True}, 'inference': {'replica_count': 1, 'moe_dp': 1}}
2048	233.931103	nan	nan	0.004275	6.861550e+18	2.933150e+16	3.118694e+14	0.045923	False	0.000000	57.770005	{'tp': 2, 'cp': 2, 'pp': 16, 'mb': 16, 'tp_sp': True, 'train': {'dp': 32, 'ep': 1, 'tp_ep': True}, 'inference': {'replica_count': 1, 'moe_dp': 1}}
512	59.947742	nan	nan	0.016681	6.861550e+18	1.144589e+17	3.118694e+14	0.716814	True	306.157166	39.964870	{'tp': 4, 'cp': 2, 'pp': 1, 'mb': 1, 'tp_sp': True, 'train': {'dp': 64, 'ep': 1, 'tp_ep': True}, 'inference': {'replica_count': 1, 'moe_dp': 1}}
4096	129.195897	nan	nan	0.007740	6.861550e+18	5.310966e+16	3.118694e+14	0.041576	False	0.000000	59.169451	{'tp': 4, 'cp': 2, 'pp': 16, 'mb': 16, 'tp_sp': True, 'train': {'dp': 32, 'ep': 1, 'tp_ep': True}, 'inference': {'replica_count': 1, 'moe_dp': 1}}
256	117.039148	nan	nan	0.008544	6.861550e+18	5.862611e+16	3.118694e+14	0.734308	True	691.809692	45.952522	{'tp': 2, 'cp': 2, 'pp': 1, 'mb': 1, 'tp_sp': True, 'train': {'dp': 64, 'ep': 1, 'tp_ep': True}, 'inference': {'replica_count': 1, 'moe_dp': 1}}
1024	31.457417	nan	nan	0.031789	6.861550e+18	2.181219e+17	3.118694e+14	0.683009	True	113.330902	37.278775	{'tp': 8, 'cp': 2, 'pp': 1, 'mb': 1, 'tp_sp': True, 'train': {'dp': 64, 'ep': 1, 'tp_ep': True}, 'inference': {'replica_count': 1, 'moe_dp': 1}}
128	230.818882	nan	nan	0.004332	6.861550e+18	2.972699e+16	3.118694e+14	0.744677	True	1463.280331	56.300106	{'tp': 1, 'cp': 2, 'pp': 1, 'mb': 1, 'tp_sp': True, 'train': {'dp': 64, 'ep': 1, 'tp_ep': True}, 'inference': {'replica_count': 1, 'moe_dp': 1}}
2048	17.193668	nan	nan	0.058161	6.861550e+18	3.990742e+17	3.118694e+14	0.624814	True	16.917770	37.840913	{'tp': 16, 'cp': 2, 'pp': 1, 'mb': 1, 'tp_sp': True, 'train': {'dp': 64, 'ep': 1, 'tp_ep': True}, 'inference': {'replica_count': 1, 'moe_dp': 1}}
4096	12.846639	nan	nan	0.077841	6.861550e+18	5.341125e+17	3.118694e+14	0.418119	False	0.000000	141.708509	{'tp': 64, 'cp': 2, 'pp': 1, 'mb': 1, 'tp_sp': True, 'train': {'dp': 32, 'ep': 1, 'tp_ep': True}, 'inference': {'replica_count': 1, 'moe_dp': 1}}
2048	456.859254	nan	nan	0.002189	6.861550e+18	1.501896e+16	3.118694e+14	0.023515	False	0.000000	72.930227	{'tp': 1, 'cp': 2, 'pp': 32, 'mb': 32, 'tp_sp': True, 'train': {'dp': 32, 'ep': 1, 'tp_ep': True}, 'inference': {'replica_count': 1, 'moe_dp': 1}}
4096	244.638081	nan	nan	0.004088	6.861550e+18	2.804776e+16	3.118694e+14	0.021957	False	0.000000	72.806008	{'tp': 2, 'cp': 2, 'pp': 32, 'mb': 32, 'tp_sp': True, 'train': {'dp': 32, 'ep': 1, 'tp_ep': True}, 'inference': {'replica_count': 1, 'moe_dp': 1}}
4096	10.056881	nan	nan	0.099434	6.861550e+18	6.822742e+17	3.118694e+14	0.534104	False	0.000000	49.680495	{'tp': 32, 'cp': 2, 'pp': 1, 'mb': 1, 'tp_sp': True, 'train': {'dp': 64, 'ep': 1, 'tp_ep': True}, 'inference': {'replica_count': 1, 'moe_dp': 1}}
512	176.231825	nan	nan	0.005674	6.861550e+18	3.893480e+16	3.118694e+14	0.243834	True	308.980103	46.406196	{'tp': 2, 'cp': 2, 'pp': 2, 'mb': 2, 'tp_sp': True, 'train': {'dp': 64, 'ep': 1, 'tp_ep': True}, 'inference': {'replica_count': 1, 'moe_dp': 1}}
1024	90.592349	nan	nan	0.011038	6.861550e+18	7.574094e+16	3.118694e+14	0.237169	True	114.742371	42.355229	{'tp': 4, 'cp': 2, 'pp': 2, 'mb': 2, 'tp_sp': True, 'train': {'dp': 64, 'ep': 1, 'tp_ep': True}, 'inference': {'replica_count': 1, 'moe_dp': 1}}
256	346.906159	nan	nan	0.002883	6.861550e+18	1.977927e+16	3.118694e+14	0.247741	True	697.455566	58.709918	{'tp': 1, 'cp': 2, 'pp': 2, 'mb': 2, 'tp_sp': True, 'train': {'dp': 64, 'ep': 1, 'tp_ep': True}, 'inference': {'replica_count': 1, 'moe_dp': 1}}
2048	47.855679	nan	nan	0.020896	6.861550e+18	1.433801e+17	3.118694e+14	0.224484	True	17.623505	40.099871	{'tp': 8, 'cp': 2, 'pp': 2, 'mb': 2, 'tp_sp': True, 'train': {'dp': 64, 'ep': 1, 'tp_ep': True}, 'inference': {'replica_count': 1, 'moe_dp': 1}}
4096	26.459463	nan	nan	0.037794	6.861550e+18	2.593231e+17	3.118694e+14	0.203006	False	0.000000	43.271379	{'tp': 16, 'cp': 2, 'pp': 2, 'mb': 2, 'tp_sp': True, 'train': {'dp': 64, 'ep': 1, 'tp_ep': True}, 'inference': {'replica_count': 1, 'moe_dp': 1}}
2048	107.273313	nan	nan	0.009322	6.861550e+18	6.396325e+16	3.118694e+14	0.100145	True	20.554138	45.108205	{'tp': 4, 'cp': 2, 'pp': 4, 'mb': 4, 'tp_sp': True, 'train': {'dp': 64, 'ep': 1, 'tp_ep': True}, 'inference': {'replica_count': 1, 'moe_dp': 1}}
4096	57.748784	nan	nan	0.017316	6.861550e+18	1.188172e+17	3.118694e+14	0.093014	False	0.000000	45.058932	{'tp': 8, 'cp': 2, 'pp': 4, 'mb': 4, 'tp_sp': True, 'train': {'dp': 64, 'ep': 1, 'tp_ep': True}, 'inference': {'replica_count': 1, 'moe_dp': 1}}
1024	206.514880	nan	nan	0.004842	6.861550e+18	3.322545e+16	3.118694e+14	0.104039	True	120.603638	49.068780	{'tp': 2, 'cp': 2, 'pp': 4, 'mb': 4, 'tp_sp': True, 'train': {'dp': 64, 'ep': 1, 'tp_ep': True}, 'inference': {'replica_count': 1, 'moe_dp': 1}}
512	405.638410	nan	nan	0.002465	6.861550e+18	1.691543e+16	3.118694e+14	0.105935	True	320.702637	58.522459	{'tp': 1, 'cp': 2, 'pp': 4, 'mb': 4, 'tp_sp': True, 'train': {'dp': 64, 'ep': 1, 'tp_ep': True}, 'inference': {'replica_count': 1, 'moe_dp': 1}}
2048	223.005861	nan	nan	0.004484	6.861550e+18	3.076847e+16	3.118694e+14	0.048173	True	23.377075	52.761080	{'tp': 2, 'cp': 2, 'pp': 8, 'mb': 8, 'tp_sp': True, 'train': {'dp': 64, 'ep': 1, 'tp_ep': True}, 'inference': {'replica_count': 1, 'moe_dp': 1}}
4096	118.307751	nan	nan	0.008453	6.861550e+18	5.799747e+16	3.118694e+14	0.045402	False	0.000000	51.325724	{'tp': 4, 'cp': 2, 'pp': 8, 'mb': 8, 'tp_sp': True, 'train': {'dp': 64, 'ep': 1, 'tp_ep': True}, 'inference': {'replica_count': 1, 'moe_dp': 1}}
1024	434.842089	nan	nan	0.002300	6.861550e+18	1.577941e+16	3.118694e+14	0.049410	True	126.249512	61.685087	{'tp': 1, 'cp': 2, 'pp': 8, 'mb': 8, 'tp_sp': True, 'train': {'dp': 64, 'ep': 1, 'tp_ep': True}, 'inference': {'replica_count': 1, 'moe_dp': 1}}
512	117.039437	nan	nan	0.008544	6.861550e+18	5.862597e+16	3.118694e+14	0.367153	True	682.996735	48.260815	{'tp': 2, 'cp': 2, 'pp': 1, 'mb': 1, 'tp_sp': True, 'train': {'dp': 128, 'ep': 1, 'tp_ep': True}, 'inference': {'replica_count': 1, 'moe_dp': 1}}
2048	31.457692	nan	nan	0.031789	6.861550e+18	2.181199e+17	3.118694e+14	0.341501	True	111.127663	39.980624	{'tp': 8, 'cp': 2, 'pp': 1, 'mb': 1, 'tp_sp': True, 'train': {'dp': 128, 'ep': 1, 'tp_ep': True}, 'inference': {'replica_count': 1, 'moe_dp': 1}}
1024	59.948022	nan	nan	0.016681	6.861550e+18	1.144583e+17	3.118694e+14	0.358405	True	301.750687	42.861242	{'tp': 4, 'cp': 2, 'pp': 1, 'mb': 1, 'tp_sp': True, 'train': {'dp': 128, 'ep': 1, 'tp_ep': True}, 'inference': {'replica_count': 1, 'moe_dp': 1}}
4096	17.193941	nan	nan	0.058160	6.861550e+18	3.990679e+17	3.118694e+14	0.312402	True	15.816151	40.455195	{'tp': 16, 'cp': 2, 'pp': 1, 'mb': 1, 'tp_sp': True, 'train': {'dp': 128, 'ep': 1, 'tp_ep': True}, 'inference': {'replica_count': 1, 'moe_dp': 1}}
256	230.819191	nan	nan	0.004332	6.861550e+18	2.972695e+16	3.118694e+14	0.372338	True	1445.654415	59.306092	{'tp': 1, 'cp': 2, 'pp': 1, 'mb': 1, 'tp_sp': True, 'train': {'dp': 128, 'ep': 1, 'tp_ep': True}, 'inference': {'replica_count': 1, 'moe_dp': 1}}
4096	233.931243	nan	nan	0.004275	6.861550e+18	2.933148e+16	3.118694e+14	0.022962	False	0.000000	64.775087	{'tp': 2, 'cp': 2, 'pp': 16, 'mb': 16, 'tp_sp': True, 'train': {'dp': 64, 'ep': 1, 'tp_ep': True}, 'inference': {'replica_count': 1, 'moe_dp': 1}}
2048	449.512208	nan	nan	0.002225	6.861550e+18	1.526444e+16	3.118694e+14	0.023899	True	29.022949	70.490411	{'tp': 1, 'cp': 2, 'pp': 16, 'mb': 16, 'tp_sp': True, 'train': {'dp': 64, 'ep': 1, 'tp_ep': True}, 'inference': {'replica_count': 1, 'moe_dp': 1}}
2048	90.592436	nan	nan	0.011038	6.861550e+18	7.574087e+16	3.118694e+14	0.118584	True	112.527664	45.561331	{'tp': 4, 'cp': 2, 'pp': 2, 'mb': 2, 'tp_sp': True, 'train': {'dp': 128, 'ep': 1, 'tp_ep': True}, 'inference': {'replica_count': 1, 'moe_dp': 1}}
4096	47.855765	nan	nan	0.020896	6.861550e+18	1.433798e+17	3.118694e+14	0.112242	True	16.516151	44.545874	{'tp': 8, 'cp': 2, 'pp': 2, 'mb': 2, 'tp_sp': True, 'train': {'dp': 128, 'ep': 1, 'tp_ep': True}, 'inference': {'replica_count': 1, 'moe_dp': 1}}
1024	176.231912	nan	nan	0.005674	6.861550e+18	3.893478e+16	3.118694e+14	0.121917	True	304.550690	50.570428	{'tp': 2, 'cp': 2, 'pp': 2, 'mb': 2, 'tp_sp': True, 'train': {'dp': 128, 'ep': 1, 'tp_ep': True}, 'inference': {'replica_count': 1, 'moe_dp': 1}}
512	346.906249	nan	nan	0.002883	6.861550e+18	1.977926e+16	3.118694e+14	0.123870	True	688.596741	60.732338	{'tp': 1, 'cp': 2, 'pp': 2, 'mb': 2, 'tp_sp': True, 'train': {'dp': 128, 'ep': 1, 'tp_ep': True}, 'inference': {'replica_count': 1, 'moe_dp': 1}}
4096	456.856745	nan	nan	0.002189	6.861550e+18	1.501904e+16	3.118694e+14	0.011757	False	0.000000	91.455915	{'tp': 1, 'cp': 2, 'pp': 32, 'mb': 32, 'tp_sp': True, 'train': {'dp': 64, 'ep': 1, 'tp_ep': True}, 'inference': {'replica_count': 1, 'moe_dp': 1}}
2048	206.514880	nan	nan	0.004842	6.861550e+18	3.322545e+16	3.118694e+14	0.052020	True	118.331207	55.022071	{'tp': 2, 'cp': 2, 'pp': 4, 'mb': 4, 'tp_sp': True, 'train': {'dp': 128, 'ep': 1, 'tp_ep': True}, 'inference': {'replica_count': 1, 'moe_dp': 1}}
4096	107.273313	nan	nan	0.009322	6.861550e+18	6.396325e+16	3.118694e+14	0.050072	True	19.417923	49.852824	{'tp': 4, 'cp': 2, 'pp': 4, 'mb': 4, 'tp_sp': True, 'train': {'dp': 128, 'ep': 1, 'tp_ep': True}, 'inference': {'replica_count': 1, 'moe_dp': 1}}
1024	405.638410	nan	nan	0.002465	6.861550e+18	1.691543e+16	3.118694e+14	0.052968	True	316.157776	64.353602	{'tp': 1, 'cp': 2, 'pp': 4, 'mb': 4, 'tp_sp': True, 'train': {'dp': 128, 'ep': 1, 'tp_ep': True}, 'inference': {'replica_count': 1, 'moe_dp': 1}}
2048	59.946409	nan	nan	0.016682	6.861550e+18	1.144614e+17	3.118694e+14	0.179208	True	299.547447	48.777345	{'tp': 4, 'cp': 2, 'pp': 1, 'mb': 1, 'tp_sp': True, 'train': {'dp': 256, 'ep': 1, 'tp_ep': True}, 'inference': {'replica_count': 1, 'moe_dp': 1}}
4096	31.456100	nan	nan	0.031790	6.861550e+18	2.181310e+17	3.118694e+14	0.170759	True	110.026043	46.269625	{'tp': 8, 'cp': 2, 'pp': 1, 'mb': 1, 'tp_sp': True, 'train': {'dp': 256, 'ep': 1, 'tp_ep': True}, 'inference': {'replica_count': 1, 'moe_dp': 1}}
4096	223.005964	nan	nan	0.004484	6.861550e+18	3.076846e+16	3.118694e+14	0.024086	True	22.217926	62.115092	{'tp': 2, 'cp': 2, 'pp': 8, 'mb': 8, 'tp_sp': True, 'train': {'dp': 128, 'ep': 1, 'tp_ep': True}, 'inference': {'replica_count': 1, 'moe_dp': 1}}
1024	117.037783	nan	nan	0.008544	6.861550e+18	5.862680e+16	3.118694e+14	0.183579	True	678.590256	54.597750	{'tp': 2, 'cp': 2, 'pp': 1, 'mb': 1, 'tp_sp': True, 'train': {'dp': 256, 'ep': 1, 'tp_ep': True}, 'inference': {'replica_count': 1, 'moe_dp': 1}}
2048	434.842160	nan	nan	0.002300	6.861550e+18	1.577940e+16	3.118694e+14	0.024705	True	123.931213	69.804978	{'tp': 1, 'cp': 2, 'pp': 8, 'mb': 8, 'tp_sp': True, 'train': {'dp': 128, 'ep': 1, 'tp_ep': True}, 'inference': {'replica_count': 1, 'moe_dp': 1}}
512	230.817454	nan	nan	0.004332	6.861550e+18	2.972717e+16	3.118694e+14	0.186170	True	1436.841457	65.109011	{'tp': 1, 'cp': 2, 'pp': 1, 'mb': 1, 'tp_sp': True, 'train': {'dp': 256, 'ep': 1, 'tp_ep': True}, 'inference': {'replica_count': 1, 'moe_dp': 1}}
4096	90.592495	nan	nan	0.011038	6.861550e+18	7.574082e+16	3.118694e+14	0.059292	True	111.420311	55.285710	{'tp': 4, 'cp': 2, 'pp': 2, 'mb': 2, 'tp_sp': True, 'train': {'dp': 256, 'ep': 1, 'tp_ep': True}, 'inference': {'replica_count': 1, 'moe_dp': 1}}
2048	176.231972	nan	nan	0.005674	6.861550e+18	3.893476e+16	3.118694e+14	0.060959	True	302.335983	61.717620	{'tp': 2, 'cp': 2, 'pp': 2, 'mb': 2, 'tp_sp': True, 'train': {'dp': 256, 'ep': 1, 'tp_ep': True}, 'inference': {'replica_count': 1, 'moe_dp': 1}}
4096	449.512357	nan	nan	0.002225	6.861550e+18	1.526443e+16	3.118694e+14	0.011949	True	27.817932	86.839279	{'tp': 1, 'cp': 2, 'pp': 16, 'mb': 16, 'tp_sp': True, 'train': {'dp': 128, 'ep': 1, 'tp_ep': True}, 'inference': {'replica_count': 1, 'moe_dp': 1}}
1024	346.906308	nan	nan	0.002883	6.861550e+18	1.977926e+16	3.118694e+14	0.061935	True	684.167328	71.706649	{'tp': 1, 'cp': 2, 'pp': 2, 'mb': 2, 'tp_sp': True, 'train': {'dp': 256, 'ep': 1, 'tp_ep': True}, 'inference': {'replica_count': 1, 'moe_dp': 1}}
4096	206.514880	nan	nan	0.004842	6.861550e+18	3.322545e+16	3.118694e+14	0.026010	True	117.194992	68.587717	{'tp': 2, 'cp': 2, 'pp': 4, 'mb': 4, 'tp_sp': True, 'train': {'dp': 256, 'ep': 1, 'tp_ep': True}, 'inference': {'replica_count': 1, 'moe_dp': 1}}
2048	405.638410	nan	nan	0.002465	6.861550e+18	1.691543e+16	3.118694e+14	0.026484	True	313.885345	77.997357	{'tp': 1, 'cp': 2, 'pp': 4, 'mb': 4, 'tp_sp': True, 'train': {'dp': 256, 'ep': 1, 'tp_ep': True}, 'inference': {'replica_count': 1, 'moe_dp': 1}}
2048	117.039437	nan	nan	0.008544	6.861550e+18	5.862597e+16	3.118694e+14	0.091788	True	676.387016	69.975907	{'tp': 2, 'cp': 2, 'pp': 1, 'mb': 1, 'tp_sp': True, 'train': {'dp': 512, 'ep': 1, 'tp_ep': True}, 'inference': {'replica_count': 1, 'moe_dp': 1}}
4096	59.948022	nan	nan	0.016681	6.861550e+18	1.144583e+17	3.118694e+14	0.089601	True	298.445827	61.558740	{'tp': 4, 'cp': 2, 'pp': 1, 'mb': 1, 'tp_sp': True, 'train': {'dp': 512, 'ep': 1, 'tp_ep': True}, 'inference': {'replica_count': 1, 'moe_dp': 1}}
1024	230.819191	nan	nan	0.004332	6.861550e+18	2.972695e+16	3.118694e+14	0.093085	True	1432.434978	78.835596	{'tp': 1, 'cp': 2, 'pp': 1, 'mb': 1, 'tp_sp': True, 'train': {'dp': 512, 'ep': 1, 'tp_ep': True}, 'inference': {'replica_count': 1, 'moe_dp': 1}}
4096	434.842245	nan	nan	0.002300	6.861550e+18	1.577940e+16	3.118694e+14	0.012353	True	122.772064	91.263299	{'tp': 1, 'cp': 2, 'pp': 8, 'mb': 8, 'tp_sp': True, 'train': {'dp': 256, 'ep': 1, 'tp_ep': True}, 'inference': {'replica_count': 1, 'moe_dp': 1}}
2048	346.906773	nan	nan	0.002883	6.861550e+18	1.977923e+16	3.118694e+14	0.030968	True	681.952621	103.686051	{'tp': 1, 'cp': 2, 'pp': 2, 'mb': 2, 'tp_sp': True, 'train': {'dp': 512, 'ep': 1, 'tp_ep': True}, 'inference': {'replica_count': 1, 'moe_dp': 1}}
4096	176.232437	nan	nan	0.005674	6.861550e+18	3.893466e+16	3.118694e+14	0.030479	True	301.228630	104.328361	{'tp': 2, 'cp': 2, 'pp': 2, 'mb': 2, 'tp_sp': True, 'train': {'dp': 512, 'ep': 1, 'tp_ep': True}, 'inference': {'replica_count': 1, 'moe_dp': 1}}
4096	117.039437	nan	nan	0.008544	6.861550e+18	5.862597e+16	3.118694e+14	0.045894	True	675.285397	101.057800	{'tp': 2, 'cp': 2, 'pp': 1, 'mb': 1, 'tp_sp': True, 'train': {'dp': 1024, 'ep': 1, 'tp_ep': True}, 'inference': {'replica_count': 1, 'moe_dp': 1}}
2048	230.819191	nan	nan	0.004332	6.861550e+18	2.972695e+16	3.118694e+14	0.046542	True	1430.231739	112.766732	{'tp': 1, 'cp': 2, 'pp': 1, 'mb': 1, 'tp_sp': True, 'train': {'dp': 1024, 'ep': 1, 'tp_ep': True}, 'inference': {'replica_count': 1, 'moe_dp': 1}}
4096	405.638410	nan	nan	0.002465	6.861550e+18	1.691543e+16	3.118694e+14	0.013242	True	312.749130	125.962830	{'tp': 1, 'cp': 2, 'pp': 4, 'mb': 4, 'tp_sp': True, 'train': {'dp': 512, 'ep': 1, 'tp_ep': True}, 'inference': {'replica_count': 1, 'moe_dp': 1}}
128	461.784095	nan	nan	0.002166	6.861550e+18	1.485878e+16	3.118694e+14	0.372221	True	52.824585	114.830278	{'tp': 2, 'cp': 4, 'pp': 16, 'mb': 16, 'tp_sp': True, 'train': {'dp': 1, 'ep': 1, 'tp_ep': True}, 'inference': {'replica_count': 1, 'moe_dp': 1}}
256	276.142603	nan	nan	0.003621	6.861550e+18	2.484785e+16	3.118694e+14	0.311226	False	0.000000	127.353398	{'tp': 4, 'cp': 4, 'pp': 16, 'mb': 16, 'tp_sp': True, 'train': {'dp': 1, 'ep': 1, 'tp_ep': True}, 'inference': {'replica_count': 1, 'moe_dp': 1}}
4096	346.907788	nan	nan	0.002883	6.861550e+18	1.977918e+16	3.118694e+14	0.015484	True	680.845268	217.888841	{'tp': 1, 'cp': 2, 'pp': 2, 'mb': 2, 'tp_sp': True, 'train': {'dp': 1024, 'ep': 1, 'tp_ep': True}, 'inference': {'replica_count': 1, 'moe_dp': 1}}
128	465.004157	nan	nan	0.002151	6.861550e+18	1.475589e+16	3.118694e+14	0.369643	True	48.941284	189.335906	{'tp': 4, 'cp': 4, 'pp': 8, 'mb': 8, 'tp_sp': True, 'train': {'dp': 1, 'ep': 1, 'tp_ep': True}, 'inference': {'replica_count': 1, 'moe_dp': 1}}
256	280.201398	nan	nan	0.003569	6.861550e+18	2.448792e+16	3.118694e+14	0.306718	False	0.000000	198.372803	{'tp': 8, 'cp': 4, 'pp': 8, 'mb': 8, 'tp_sp': True, 'train': {'dp': 1, 'ep': 1, 'tp_ep': True}, 'inference': {'replica_count': 1, 'moe_dp': 1}}
512	183.543502	nan	nan	0.005448	6.861550e+18	3.738378e+16	3.118694e+14	0.234121	False	0.000000	175.876025	{'tp': 8, 'cp': 4, 'pp': 16, 'mb': 16, 'tp_sp': True, 'train': {'dp': 1, 'ep': 1, 'tp_ep': True}, 'inference': {'replica_count': 1, 'moe_dp': 1}}
128	442.467165	nan	nan	0.002260	6.861550e+18	1.550748e+16	3.118694e+14	0.388471	True	62.105103	77.391544	{'tp': 1, 'cp': 4, 'pp': 32, 'mb': 32, 'tp_sp': True, 'train': {'dp': 1, 'ep': 1, 'tp_ep': True}, 'inference': {'replica_count': 1, 'moe_dp': 1}}
256	265.010721	nan	nan	0.003773	6.861550e+18	2.589159e+16	3.118694e+14	0.324299	False	0.000000	90.622760	{'tp': 2, 'cp': 4, 'pp': 32, 'mb': 32, 'tp_sp': True, 'train': {'dp': 1, 'ep': 1, 'tp_ep': True}, 'inference': {'replica_count': 1, 'moe_dp': 1}}
128	453.531885	nan	nan	0.002205	6.861550e+18	1.512915e+16	3.118694e+14	0.378993	True	48.513550	323.084623	{'tp': 8, 'cp': 4, 'pp': 4, 'mb': 4, 'tp_sp': True, 'train': {'dp': 1, 'ep': 1, 'tp_ep': True}, 'inference': {'replica_count': 1, 'moe_dp': 1}}
512	176.762266	nan	nan	0.005657	6.861550e+18	3.881796e+16	3.118694e+14	0.243103	False	0.000000	124.673667	{'tp': 4, 'cp': 4, 'pp': 32, 'mb': 32, 'tp_sp': True, 'train': {'dp': 1, 'ep': 1, 'tp_ep': True}, 'inference': {'replica_count': 1, 'moe_dp': 1}}
512	187.833056	nan	nan	0.005324	6.861550e+18	3.653005e+16	3.118694e+14	0.228774	False	0.000000	304.421836	{'tp': 16, 'cp': 4, 'pp': 8, 'mb': 8, 'tp_sp': True, 'train': {'dp': 1, 'ep': 1, 'tp_ep': True}, 'inference': {'replica_count': 1, 'moe_dp': 1}}
256	278.525639	nan	nan	0.003590	6.861550e+18	2.463525e+16	3.118694e+14	0.308563	False	0.000000	370.196088	{'tp': 16, 'cp': 4, 'pp': 4, 'mb': 4, 'tp_sp': True, 'train': {'dp': 1, 'ep': 1, 'tp_ep': True}, 'inference': {'replica_count': 1, 'moe_dp': 1}}
1024	132.734367	nan	nan	0.007534	6.861550e+18	5.169385e+16	3.118694e+14	0.161870	False	0.000000	243.286669	{'tp': 8, 'cp': 4, 'pp': 32, 'mb': 32, 'tp_sp': True, 'train': {'dp': 1, 'ep': 1, 'tp_ep': True}, 'inference': {'replica_count': 1, 'moe_dp': 1}}
1024	137.260114	nan	nan	0.007285	6.861550e+18	4.998940e+16	3.118694e+14	0.156533	False	0.000000	410.372137	{'tp': 16, 'cp': 4, 'pp': 16, 'mb': 16, 'tp_sp': True, 'train': {'dp': 1, 'ep': 1, 'tp_ep': True}, 'inference': {'replica_count': 1, 'moe_dp': 1}}
128	402.173703	nan	nan	0.002486	6.861550e+18	1.706116e+16	3.118694e+14	0.427391	True	94.973511	176.077716	{'tp': 4, 'cp': 4, 'pp': 4, 'mb': 4, 'tp_sp': True, 'train': {'dp': 2, 'ep': 1, 'tp_ep': True}, 'inference': {'replica_count': 1, 'moe_dp': 1}}
128	418.552653	nan	nan	0.002389	6.861550e+18	1.639352e+16	3.118694e+14	0.410667	True	97.389038	108.418699	{'tp': 2, 'cp': 4, 'pp': 8, 'mb': 8, 'tp_sp': True, 'train': {'dp': 2, 'ep': 1, 'tp_ep': True}, 'inference': {'replica_count': 1, 'moe_dp': 1}}
256	232.979470	nan	nan	0.004292	6.861550e+18	2.945131e+16	3.118694e+14	0.368886	True	9.199158	107.109676	{'tp': 4, 'cp': 4, 'pp': 8, 'mb': 8, 'tp_sp': True, 'train': {'dp': 2, 'ep': 1, 'tp_ep': True}, 'inference': {'replica_count': 1, 'moe_dp': 1}}
128	360.084858	nan	nan	0.002777	6.861550e+18	1.905537e+16	3.118694e+14	0.477347	True	92.682007	309.252176	{'tp': 8, 'cp': 4, 'pp': 2, 'mb': 2, 'tp_sp': True, 'train': {'dp': 2, 'ep': 1, 'tp_ep': True}, 'inference': {'replica_count': 1, 'moe_dp': 1}}
256	227.001972	nan	nan	0.004405	6.861550e+18	3.022683e+16	3.118694e+14	0.378599	True	8.496033	179.671873	{'tp': 8, 'cp': 4, 'pp': 4, 'mb': 4, 'tp_sp': True, 'train': {'dp': 2, 'ep': 1, 'tp_ep': True}, 'inference': {'replica_count': 1, 'moe_dp': 1}}
256	209.064620	nan	nan	0.004783	6.861550e+18	3.282024e+16	3.118694e+14	0.411082	True	8.359558	335.004766	{'tp': 16, 'cp': 4, 'pp': 2, 'mb': 2, 'tp_sp': True, 'train': {'dp': 2, 'ep': 1, 'tp_ep': True}, 'inference': {'replica_count': 1, 'moe_dp': 1}}
512	140.414523	nan	nan	0.007122	6.861550e+18	4.886638e+16	3.118694e+14	0.306032	False	0.000000	130.361900	{'tp': 8, 'cp': 4, 'pp': 8, 'mb': 8, 'tp_sp': True, 'train': {'dp': 2, 'ep': 1, 'tp_ep': True}, 'inference': {'replica_count': 1, 'moe_dp': 1}}
128	418.582528	nan	nan	0.002389	6.861550e+18	1.639235e+16	3.118694e+14	0.410637	True	103.734009	74.948735	{'tp': 1, 'cp': 4, 'pp': 16, 'mb': 16, 'tp_sp': True, 'train': {'dp': 2, 'ep': 1, 'tp_ep': True}, 'inference': {'replica_count': 1, 'moe_dp': 1}}
512	139.447426	nan	nan	0.007171	6.861550e+18	4.920528e+16	3.118694e+14	0.308155	False	0.000000	222.381952	{'tp': 16, 'cp': 4, 'pp': 4, 'mb': 4, 'tp_sp': True, 'train': {'dp': 2, 'ep': 1, 'tp_ep': True}, 'inference': {'replica_count': 1, 'moe_dp': 1}}
256	231.551477	nan	nan	0.004319	6.861550e+18	2.963294e+16	3.118694e+14	0.371161	True	12.119324	74.211826	{'tp': 2, 'cp': 4, 'pp': 16, 'mb': 16, 'tp_sp': True, 'train': {'dp': 2, 'ep': 1, 'tp_ep': True}, 'inference': {'replica_count': 1, 'moe_dp': 1}}
512	138.541981	nan	nan	0.007218	6.861550e+18	4.952687e+16	3.118694e+14	0.310169	False	0.000000	85.370725	{'tp': 4, 'cp': 4, 'pp': 16, 'mb': 16, 'tp_sp': True, 'train': {'dp': 2, 'ep': 1, 'tp_ep': True}, 'inference': {'replica_count': 1, 'moe_dp': 1}}
256	222.783514	nan	nan	0.004489	6.861550e+18	3.079918e+16	3.118694e+14	0.385768	True	18.716614	54.431732	{'tp': 1, 'cp': 4, 'pp': 32, 'mb': 32, 'tp_sp': True, 'train': {'dp': 2, 'ep': 1, 'tp_ep': True}, 'inference': {'replica_count': 1, 'moe_dp': 1}}
512	133.456588	nan	nan	0.007493	6.861550e+18	5.141410e+16	3.118694e+14	0.321988	False	0.000000	72.235040	{'tp': 2, 'cp': 4, 'pp': 32, 'mb': 32, 'tp_sp': True, 'train': {'dp': 2, 'ep': 1, 'tp_ep': True}, 'inference': {'replica_count': 1, 'moe_dp': 1}}
1024	94.148217	nan	nan	0.010622	6.861550e+18	7.288030e+16	3.118694e+14	0.228211	False	0.000000	235.957825	{'tp': 16, 'cp': 4, 'pp': 8, 'mb': 8, 'tp_sp': True, 'train': {'dp': 2, 'ep': 1, 'tp_ep': True}, 'inference': {'replica_count': 1, 'moe_dp': 1}}
1024	92.138857	nan	nan	0.010853	6.861550e+18	7.446967e+16	3.118694e+14	0.233188	False	0.000000	140.081948	{'tp': 8, 'cp': 4, 'pp': 16, 'mb': 16, 'tp_sp': True, 'train': {'dp': 2, 'ep': 1, 'tp_ep': True}, 'inference': {'replica_count': 1, 'moe_dp': 1}}
1024	88.994636	nan	nan	0.011237	6.861550e+18	7.710072e+16	3.118694e+14	0.241427	False	0.000000	105.373753	{'tp': 4, 'cp': 4, 'pp': 32, 'mb': 32, 'tp_sp': True, 'train': {'dp': 2, 'ep': 1, 'tp_ep': True}, 'inference': {'replica_count': 1, 'moe_dp': 1}}
2048	66.790440	nan	nan	0.014972	6.861550e+18	1.027325e+17	3.118694e+14	0.160844	False	0.000000	227.915248	{'tp': 8, 'cp': 4, 'pp': 32, 'mb': 32, 'tp_sp': True, 'train': {'dp': 2, 'ep': 1, 'tp_ep': True}, 'inference': {'replica_count': 1, 'moe_dp': 1}}
128	331.414230	nan	nan	0.003017	6.861550e+18	2.070385e+16	3.118694e+14	0.518643	True	185.157593	172.665397	{'tp': 4, 'cp': 4, 'pp': 2, 'mb': 2, 'tp_sp': True, 'train': {'dp': 4, 'ep': 1, 'tp_ep': True}, 'inference': {'replica_count': 1, 'moe_dp': 1}}
256	180.251226	nan	nan	0.005548	6.861550e+18	3.806659e+16	3.118694e+14	0.476794	True	53.588074	170.860933	{'tp': 8, 'cp': 4, 'pp': 2, 'mb': 2, 'tp_sp': True, 'train': {'dp': 4, 'ep': 1, 'tp_ep': True}, 'inference': {'replica_count': 1, 'moe_dp': 1}}
512	104.696752	nan	nan	0.009551	6.861550e+18	6.553737e+16	3.118694e+14	0.410437	False	0.000000	193.223633	{'tp': 16, 'cp': 4, 'pp': 2, 'mb': 2, 'tp_sp': True, 'train': {'dp': 4, 'ep': 1, 'tp_ep': True}, 'inference': {'replica_count': 1, 'moe_dp': 1}}
256	201.528618	nan	nan	0.004962	6.861550e+18	3.404752e+16	3.118694e+14	0.426455	True	55.965271	99.138655	{'tp': 4, 'cp': 4, 'pp': 4, 'mb': 4, 'tp_sp': True, 'train': {'dp': 4, 'ep': 1, 'tp_ep': True}, 'inference': {'replica_count': 1, 'moe_dp': 1}}
128	377.430462	nan	nan	0.002649	6.861550e+18	1.817964e+16	3.118694e+14	0.455410	True	190.921265	103.329117	{'tp': 2, 'cp': 4, 'pp': 4, 'mb': 4, 'tp_sp': True, 'train': {'dp': 4, 'ep': 1, 'tp_ep': True}, 'inference': {'replica_count': 1, 'moe_dp': 1}}
2048	68.902414	nan	nan	0.014513	6.861550e+18	9.958359e+16	3.118694e+14	0.155914	False	0.000000	385.773217	{'tp': 16, 'cp': 4, 'pp': 16, 'mb': 16, 'tp_sp': True, 'train': {'dp': 2, 'ep': 1, 'tp_ep': True}, 'inference': {'replica_count': 1, 'moe_dp': 1}}
512	113.787827	nan	nan	0.008788	6.861550e+18	6.030127e+16	3.118694e+14	0.377645	False	0.000000	107.272145	{'tp': 8, 'cp': 4, 'pp': 4, 'mb': 4, 'tp_sp': True, 'train': {'dp': 4, 'ep': 1, 'tp_ep': True}, 'inference': {'replica_count': 1, 'moe_dp': 1}}
128	232.875942	nan	nan	0.004294	6.861550e+18	2.946440e+16	3.118694e+14	0.738099	True	185.830688	311.336610	{'tp': 8, 'cp': 4, 'pp': 1, 'mb': 1, 'tp_sp': True, 'train': {'dp': 4, 'ep': 1, 'tp_ep': True}, 'inference': {'replica_count': 1, 'moe_dp': 1}}
256	132.198910	nan	nan	0.007564	6.861550e+18	5.190323e+16	3.118694e+14	0.650102	True	54.933899	311.711749	{'tp': 16, 'cp': 4, 'pp': 1, 'mb': 1, 'tp_sp': True, 'train': {'dp': 4, 'ep': 1, 'tp_ep': True}, 'inference': {'replica_count': 1, 'moe_dp': 1}}
256	209.906725	nan	nan	0.004764	6.861550e+18	3.268857e+16	3.118694e+14	0.409433	True	58.151550	66.328079	{'tp': 2, 'cp': 4, 'pp': 8, 'mb': 8, 'tp_sp': True, 'train': {'dp': 4, 'ep': 1, 'tp_ep': True}, 'inference': {'replica_count': 1, 'moe_dp': 1}}
512	116.932038	nan	nan	0.008552	6.861550e+18	5.867981e+16	3.118694e+14	0.367490	False	0.000000	69.937120	{'tp': 4, 'cp': 4, 'pp': 8, 'mb': 8, 'tp_sp': True, 'train': {'dp': 4, 'ep': 1, 'tp_ep': True}, 'inference': {'replica_count': 1, 'moe_dp': 1}}
128	396.868134	nan	nan	0.002520	6.861550e+18	1.728924e+16	3.118694e+14	0.433105	True	195.798462	73.254297	{'tp': 1, 'cp': 4, 'pp': 8, 'mb': 8, 'tp_sp': True, 'train': {'dp': 4, 'ep': 1, 'tp_ep': True}, 'inference': {'replica_count': 1, 'moe_dp': 1}}
1024	69.932759	nan	nan	0.014299	6.861550e+18	9.811639e+16	3.118694e+14	0.307234	False	0.000000	153.648275	{'tp': 16, 'cp': 4, 'pp': 4, 'mb': 4, 'tp_sp': True, 'train': {'dp': 4, 'ep': 1, 'tp_ep': True}, 'inference': {'replica_count': 1, 'moe_dp': 1}}
1024	70.546327	nan	nan	0.014175	6.861550e+18	9.726304e+16	3.118694e+14	0.304562	False	0.000000	92.003138	{'tp': 8, 'cp': 4, 'pp': 8, 'mb': 8, 'tp_sp': True, 'train': {'dp': 4, 'ep': 1, 'tp_ep': True}, 'inference': {'replica_count': 1, 'moe_dp': 1}}
256	210.846064	nan	nan	0.004743	6.861550e+18	3.254294e+16	3.118694e+14	0.407609	True	63.281067	51.873748	{'tp': 1, 'cp': 4, 'pp': 16, 'mb': 16, 'tp_sp': True, 'train': {'dp': 4, 'ep': 1, 'tp_ep': True}, 'inference': {'replica_count': 1, 'moe_dp': 1}}
512	81.827445	nan	nan	0.012221	6.861550e+18	8.385390e+16	3.118694e+14	0.525146	False	0.000000	395.770258	{'tp': 32, 'cp': 4, 'pp': 1, 'mb': 1, 'tp_sp': True, 'train': {'dp': 4, 'ep': 1, 'tp_ep': True}, 'inference': {'replica_count': 1, 'moe_dp': 1}}
512	116.702151	nan	nan	0.008569	6.861550e+18	5.879540e+16	3.118694e+14	0.368214	False	0.000000	55.232354	{'tp': 2, 'cp': 4, 'pp': 16, 'mb': 16, 'tp_sp': True, 'train': {'dp': 4, 'ep': 1, 'tp_ep': True}, 'inference': {'replica_count': 1, 'moe_dp': 1}}
1024	69.842729	nan	nan	0.014318	6.861550e+18	9.824287e+16	3.118694e+14	0.307630	False	0.000000	69.952597	{'tp': 4, 'cp': 4, 'pp': 16, 'mb': 16, 'tp_sp': True, 'train': {'dp': 4, 'ep': 1, 'tp_ep': True}, 'inference': {'replica_count': 1, 'moe_dp': 1}}
512	222.783721	nan	nan	0.004489	6.861550e+18	3.079915e+16	3.118694e+14	0.192884	False	0.000000	55.456984	{'tp': 1, 'cp': 4, 'pp': 32, 'mb': 32, 'tp_sp': True, 'train': {'dp': 4, 'ep': 1, 'tp_ep': True}, 'inference': {'replica_count': 1, 'moe_dp': 1}}
1024	133.456831	nan	nan	0.007493	6.861550e+18	5.141400e+16	3.118694e+14	0.160994	False	0.000000	70.672718	{'tp': 2, 'cp': 4, 'pp': 32, 'mb': 32, 'tp_sp': True, 'train': {'dp': 4, 'ep': 1, 'tp_ep': True}, 'inference': {'replica_count': 1, 'moe_dp': 1}}
1024	66.892016	nan	nan	0.014949	6.861550e+18	1.025765e+17	3.118694e+14	0.321200	False	0.000000	326.527788	{'tp': 32, 'cp': 4, 'pp': 2, 'mb': 2, 'tp_sp': True, 'train': {'dp': 4, 'ep': 1, 'tp_ep': True}, 'inference': {'replica_count': 1, 'moe_dp': 1}}
2048	46.441293	nan	nan	0.021533	6.861550e+18	1.477468e+17	3.118694e+14	0.231321	False	0.000000	123.272356	{'tp': 8, 'cp': 4, 'pp': 16, 'mb': 16, 'tp_sp': True, 'train': {'dp': 4, 'ep': 1, 'tp_ep': True}, 'inference': {'replica_count': 1, 'moe_dp': 1}}
2048	88.994898	nan	nan	0.011237	6.861550e+18	7.710049e+16	3.118694e+14	0.120713	False	0.000000	105.846684	{'tp': 4, 'cp': 4, 'pp': 32, 'mb': 32, 'tp_sp': True, 'train': {'dp': 4, 'ep': 1, 'tp_ep': True}, 'inference': {'replica_count': 1, 'moe_dp': 1}}
2048	47.318591	nan	nan	0.021133	6.861550e+18	1.450075e+17	3.118694e+14	0.227032	False	0.000000	202.042552	{'tp': 16, 'cp': 4, 'pp': 8, 'mb': 8, 'tp_sp': True, 'train': {'dp': 4, 'ep': 1, 'tp_ep': True}, 'inference': {'replica_count': 1, 'moe_dp': 1}}
128	317.871617	nan	nan	0.003146	6.861550e+18	2.158592e+16	3.118694e+14	0.540739	True	373.136597	101.804847	{'tp': 2, 'cp': 4, 'pp': 2, 'mb': 2, 'tp_sp': True, 'train': {'dp': 8, 'ep': 1, 'tp_ep': True}, 'inference': {'replica_count': 1, 'moe_dp': 1}}
256	166.079426	nan	nan	0.006021	6.861550e+18	4.131487e+16	3.118694e+14	0.517480	True	147.072937	95.149777	{'tp': 4, 'cp': 4, 'pp': 2, 'mb': 2, 'tp_sp': True, 'train': {'dp': 8, 'ep': 1, 'tp_ep': True}, 'inference': {'replica_count': 1, 'moe_dp': 1}}
128	217.352991	nan	nan	0.004601	6.861550e+18	3.156869e+16	3.118694e+14	0.790813	True	371.821899	168.938429	{'tp': 4, 'cp': 4, 'pp': 1, 'mb': 1, 'tp_sp': True, 'train': {'dp': 8, 'ep': 1, 'tp_ep': True}, 'inference': {'replica_count': 1, 'moe_dp': 1}}
256	116.580798	nan	nan	0.008578	6.861550e+18	5.885661e+16	3.118694e+14	0.737195	True	146.920227	166.126856	{'tp': 8, 'cp': 4, 'pp': 1, 'mb': 1, 'tp_sp': True, 'train': {'dp': 8, 'ep': 1, 'tp_ep': True}, 'inference': {'replica_count': 1, 'moe_dp': 1}}
512	90.364677	nan	nan	0.011066	6.861550e+18	7.593177e+16	3.118694e+14	0.475533	True	34.041107	96.362292	{'tp': 8, 'cp': 4, 'pp': 2, 'mb': 2, 'tp_sp': True, 'train': {'dp': 8, 'ep': 1, 'tp_ep': True}, 'inference': {'replica_count': 1, 'moe_dp': 1}}
512	66.212720	nan	nan	0.015103	6.861550e+18	1.036289e+17	3.118694e+14	0.648990	True	34.469391	174.284251	{'tp': 16, 'cp': 4, 'pp': 1, 'mb': 1, 'tp_sp': True, 'train': {'dp': 8, 'ep': 1, 'tp_ep': True}, 'inference': {'replica_count': 1, 'moe_dp': 1}}
1024	52.520531	nan	nan	0.019040	6.861550e+18	1.306451e+17	3.118694e+14	0.409091	False	0.000000	118.614430	{'tp': 16, 'cp': 4, 'pp': 2, 'mb': 2, 'tp_sp': True, 'train': {'dp': 8, 'ep': 1, 'tp_ep': True}, 'inference': {'replica_count': 1, 'moe_dp': 1}}
4096	66.790711	nan	nan	0.014972	6.861550e+18	1.027321e+17	3.118694e+14	0.080422	False	0.000000	235.415956	{'tp': 8, 'cp': 4, 'pp': 32, 'mb': 32, 'tp_sp': True, 'train': {'dp': 4, 'ep': 1, 'tp_ep': True}, 'inference': {'replica_count': 1, 'moe_dp': 1}}
256	189.287608	nan	nan	0.005283	6.861550e+18	3.624934e+16	3.118694e+14	0.454033	True	152.417664	64.159593	{'tp': 2, 'cp': 4, 'pp': 4, 'mb': 4, 'tp_sp': True, 'train': {'dp': 8, 'ep': 1, 'tp_ep': True}, 'inference': {'replica_count': 1, 'moe_dp': 1}}
128	366.503882	nan	nan	0.002728	6.861550e+18	1.872163e+16	3.118694e+14	0.468987	True	384.330688	70.341469	{'tp': 1, 'cp': 4, 'pp': 4, 'mb': 4, 'tp_sp': True, 'train': {'dp': 8, 'ep': 1, 'tp_ep': True}, 'inference': {'replica_count': 1, 'moe_dp': 1}}
512	101.159196	nan	nan	0.009885	6.861550e+18	6.782923e+16	3.118694e+14	0.424790	True	36.461151	61.482325	{'tp': 4, 'cp': 4, 'pp': 4, 'mb': 4, 'tp_sp': True, 'train': {'dp': 8, 'ep': 1, 'tp_ep': True}, 'inference': {'replica_count': 1, 'moe_dp': 1}}
1024	57.191347	nan	nan	0.017485	6.861550e+18	1.199753e+17	3.118694e+14	0.375681	False	0.000000	69.661136	{'tp': 8, 'cp': 4, 'pp': 4, 'mb': 4, 'tp_sp': True, 'train': {'dp': 8, 'ep': 1, 'tp_ep': True}, 'inference': {'replica_count': 1, 'moe_dp': 1}}
256	199.925383	nan	nan	0.005002	6.861550e+18	3.432056e+16	3.118694e+14	0.429874	True	156.813293	49.616194	{'tp': 1, 'cp': 4, 'pp': 8, 'mb': 8, 'tp_sp': True, 'train': {'dp': 8, 'ep': 1, 'tp_ep': True}, 'inference': {'replica_count': 1, 'moe_dp': 1}}
1024	41.010348	nan	nan	0.024384	6.861550e+18	1.673127e+17	3.118694e+14	0.523909	False	0.000000	242.077327	{'tp': 32, 'cp': 4, 'pp': 1, 'mb': 1, 'tp_sp': True, 'train': {'dp': 8, 'ep': 1, 'tp_ep': True}, 'inference': {'replica_count': 1, 'moe_dp': 1}}
512	105.820053	nan	nan	0.009450	6.861550e+18	6.484168e+16	3.118694e+14	0.406080	True	38.532806	45.923719	{'tp': 2, 'cp': 4, 'pp': 8, 'mb': 8, 'tp_sp': True, 'train': {'dp': 8, 'ep': 1, 'tp_ep': True}, 'inference': {'replica_count': 1, 'moe_dp': 1}}
1024	58.979915	nan	nan	0.016955	6.861550e+18	1.163371e+17	3.118694e+14	0.364288	False	0.000000	50.935673	{'tp': 4, 'cp': 4, 'pp': 8, 'mb': 8, 'tp_sp': True, 'train': {'dp': 8, 'ep': 1, 'tp_ep': True}, 'inference': {'replica_count': 1, 'moe_dp': 1}}
2048	35.174353	nan	nan	0.028430	6.861550e+18	1.950725e+17	3.118694e+14	0.305417	False	0.000000	119.427336	{'tp': 16, 'cp': 4, 'pp': 4, 'mb': 4, 'tp_sp': True, 'train': {'dp': 8, 'ep': 1, 'tp_ep': True}, 'inference': {'replica_count': 1, 'moe_dp': 1}}
2048	35.588133	nan	nan	0.028099	6.861550e+18	1.928044e+17	3.118694e+14	0.301866	False	0.000000	72.460999	{'tp': 8, 'cp': 4, 'pp': 8, 'mb': 8, 'tp_sp': True, 'train': {'dp': 8, 'ep': 1, 'tp_ep': True}, 'inference': {'replica_count': 1, 'moe_dp': 1}}
4096	34.721657	nan	nan	0.028800	6.861550e+18	1.976159e+17	3.118694e+14	0.154700	False	0.000000	363.262139	{'tp': 16, 'cp': 4, 'pp': 16, 'mb': 16, 'tp_sp': True, 'train': {'dp': 4, 'ep': 1, 'tp_ep': True}, 'inference': {'replica_count': 1, 'moe_dp': 1}}
512	210.855781	nan	nan	0.004743	6.861550e+18	3.254144e+16	3.118694e+14	0.203795	True	44.000793	52.910453	{'tp': 1, 'cp': 4, 'pp': 16, 'mb': 16, 'tp_sp': True, 'train': {'dp': 8, 'ep': 1, 'tp_ep': True}, 'inference': {'replica_count': 1, 'moe_dp': 1}}
1024	116.711012	nan	nan	0.008568	6.861550e+18	5.879094e+16	3.118694e+14	0.184093	False	0.000000	55.468947	{'tp': 2, 'cp': 4, 'pp': 16, 'mb': 16, 'tp_sp': True, 'train': {'dp': 8, 'ep': 1, 'tp_ep': True}, 'inference': {'replica_count': 1, 'moe_dp': 1}}
2048	69.851163	nan	nan	0.014316	6.861550e+18	9.823101e+16	3.118694e+14	0.153796	False	0.000000	69.815510	{'tp': 4, 'cp': 4, 'pp': 16, 'mb': 16, 'tp_sp': True, 'train': {'dp': 8, 'ep': 1, 'tp_ep': True}, 'inference': {'replica_count': 1, 'moe_dp': 1}}
1024	222.778464	nan	nan	0.004489	6.861550e+18	3.079988e+16	3.118694e+14	0.096444	False	0.000000	57.218008	{'tp': 1, 'cp': 4, 'pp': 32, 'mb': 32, 'tp_sp': True, 'train': {'dp': 8, 'ep': 1, 'tp_ep': True}, 'inference': {'replica_count': 1, 'moe_dp': 1}}
2048	133.452156	nan	nan	0.007493	6.861550e+18	5.141581e+16	3.118694e+14	0.080500	False	0.000000	71.505533	{'tp': 2, 'cp': 4, 'pp': 32, 'mb': 32, 'tp_sp': True, 'train': {'dp': 8, 'ep': 1, 'tp_ep': True}, 'inference': {'replica_count': 1, 'moe_dp': 1}}
4096	46.449512	nan	nan	0.021529	6.861550e+18	1.477206e+17	3.118694e+14	0.115640	False	0.000000	117.833676	{'tp': 8, 'cp': 4, 'pp': 16, 'mb': 16, 'tp_sp': True, 'train': {'dp': 8, 'ep': 1, 'tp_ep': True}, 'inference': {'replica_count': 1, 'moe_dp': 1}}
2048	33.578330	nan	nan	0.029781	6.861550e+18	2.043446e+17	3.118694e+14	0.319934	False	0.000000	260.458070	{'tp': 32, 'cp': 4, 'pp': 2, 'mb': 2, 'tp_sp': True, 'train': {'dp': 8, 'ep': 1, 'tp_ep': True}, 'inference': {'replica_count': 1, 'moe_dp': 1}}
128	210.119193	nan	nan	0.004759	6.861550e+18	3.265551e+16	3.118694e+14	0.818038	True	746.832153	101.143710	{'tp': 2, 'cp': 4, 'pp': 1, 'mb': 1, 'tp_sp': True, 'train': {'dp': 16, 'ep': 1, 'tp_ep': True}, 'inference': {'replica_count': 1, 'moe_dp': 1}}
256	108.927361	nan	nan	0.009180	6.861550e+18	6.299198e+16	3.118694e+14	0.788992	True	333.920715	94.977896	{'tp': 4, 'cp': 4, 'pp': 1, 'mb': 1, 'tp_sp': True, 'train': {'dp': 16, 'ep': 1, 'tp_ep': True}, 'inference': {'replica_count': 1, 'moe_dp': 1}}
4096	88.990513	nan	nan	0.011237	6.861550e+18	7.710429e+16	3.118694e+14	0.060360	False	0.000000	104.466377	{'tp': 4, 'cp': 4, 'pp': 32, 'mb': 32, 'tp_sp': True, 'train': {'dp': 8, 'ep': 1, 'tp_ep': True}, 'inference': {'replica_count': 1, 'moe_dp': 1}}
512	58.452342	nan	nan	0.017108	6.861550e+18	1.173871e+17	3.118694e+14	0.735153	True	127.464996	94.325445	{'tp': 8, 'cp': 4, 'pp': 1, 'mb': 1, 'tp_sp': True, 'train': {'dp': 16, 'ep': 1, 'tp_ep': True}, 'inference': {'replica_count': 1, 'moe_dp': 1}}
128	312.345686	nan	nan	0.003202	6.861550e+18	2.196781e+16	3.118694e+14	0.550306	True	750.608521	71.703312	{'tp': 1, 'cp': 4, 'pp': 2, 'mb': 2, 'tp_sp': True, 'train': {'dp': 16, 'ep': 1, 'tp_ep': True}, 'inference': {'replica_count': 1, 'moe_dp': 1}}
1024	33.223651	nan	nan	0.030099	6.861550e+18	2.065261e+17	3.118694e+14	0.646699	True	24.237137	102.250862	{'tp': 16, 'cp': 4, 'pp': 1, 'mb': 1, 'tp_sp': True, 'train': {'dp': 16, 'ep': 1, 'tp_ep': True}, 'inference': {'replica_count': 1, 'moe_dp': 1}}
4096	23.873312	nan	nan	0.041888	6.861550e+18	2.874151e+17	3.118694e+14	0.224997	False	0.000000	181.798595	{'tp': 16, 'cp': 4, 'pp': 8, 'mb': 8, 'tp_sp': True, 'train': {'dp': 8, 'ep': 1, 'tp_ep': True}, 'inference': {'replica_count': 1, 'moe_dp': 1}}
256	159.420387	nan	nan	0.006273	6.861550e+18	4.304061e+16	3.118694e+14	0.539095	True	335.556580	62.360084	{'tp': 2, 'cp': 4, 'pp': 2, 'mb': 2, 'tp_sp': True, 'train': {'dp': 16, 'ep': 1, 'tp_ep': True}, 'inference': {'replica_count': 1, 'moe_dp': 1}}
512	83.371746	nan	nan	0.011994	6.861550e+18	8.230067e+16	3.118694e+14	0.515419	True	128.030609	57.406327	{'tp': 4, 'cp': 4, 'pp': 2, 'mb': 2, 'tp_sp': True, 'train': {'dp': 16, 'ep': 1, 'tp_ep': True}, 'inference': {'replica_count': 1, 'moe_dp': 1}}
512	95.432936	nan	nan	0.010479	6.861550e+18	7.189918e+16	3.118694e+14	0.450278	True	133.165863	42.716987	{'tp': 2, 'cp': 4, 'pp': 4, 'mb': 4, 'tp_sp': True, 'train': {'dp': 16, 'ep': 1, 'tp_ep': True}, 'inference': {'replica_count': 1, 'moe_dp': 1}}
256	184.629925	nan	nan	0.005416	6.861550e+18	3.716380e+16	3.118694e+14	0.465487	True	346.079407	48.117514	{'tp': 1, 'cp': 4, 'pp': 4, 'mb': 4, 'tp_sp': True, 'train': {'dp': 16, 'ep': 1, 'tp_ep': True}, 'inference': {'replica_count': 1, 'moe_dp': 1}}
1024	45.430583	nan	nan	0.022012	6.861550e+18	1.510337e+17	3.118694e+14	0.472935	True	24.267624	61.124212	{'tp': 8, 'cp': 4, 'pp': 2, 'mb': 2, 'tp_sp': True, 'train': {'dp': 16, 'ep': 1, 'tp_ep': True}, 'inference': {'replica_count': 1, 'moe_dp': 1}}
1024	51.035925	nan	nan	0.019594	6.861550e+18	1.344455e+17	3.118694e+14	0.420992	True	26.709091	41.724695	{'tp': 4, 'cp': 4, 'pp': 4, 'mb': 4, 'tp_sp': True, 'train': {'dp': 16, 'ep': 1, 'tp_ep': True}, 'inference': {'replica_count': 1, 'moe_dp': 1}}
2048	28.864241	nan	nan	0.034645	6.861550e+18	2.377180e+17	3.118694e+14	0.372185	False	0.000000	52.617885	{'tp': 8, 'cp': 4, 'pp': 4, 'mb': 4, 'tp_sp': True, 'train': {'dp': 16, 'ep': 1, 'tp_ep': True}, 'inference': {'replica_count': 1, 'moe_dp': 1}}
512	199.925913	nan	nan	0.005002	6.861550e+18	3.432046e+16	3.118694e+14	0.214937	True	138.266907	50.200895	{'tp': 1, 'cp': 4, 'pp': 8, 'mb': 8, 'tp_sp': True, 'train': {'dp': 16, 'ep': 1, 'tp_ep': True}, 'inference': {'replica_count': 1, 'moe_dp': 1}}
2048	26.431462	nan	nan	0.037834	6.861550e+18	2.595978e+17	3.118694e+14	0.406442	False	0.000000	82.886366	{'tp': 16, 'cp': 4, 'pp': 2, 'mb': 2, 'tp_sp': True, 'train': {'dp': 16, 'ep': 1, 'tp_ep': True}, 'inference': {'replica_count': 1, 'moe_dp': 1}}
1024	105.820560	nan	nan	0.009450	6.861550e+18	6.484137e+16	3.118694e+14	0.203039	True	29.259613	47.297072	{'tp': 2, 'cp': 4, 'pp': 8, 'mb': 8, 'tp_sp': True, 'train': {'dp': 16, 'ep': 1, 'tp_ep': True}, 'inference': {'replica_count': 1, 'moe_dp': 1}}
2048	20.595887	nan	nan	0.048553	6.861550e+18	3.331515e+17	3.118694e+14	0.521602	False	0.000000	171.658160	{'tp': 32, 'cp': 4, 'pp': 1, 'mb': 1, 'tp_sp': True, 'train': {'dp': 16, 'ep': 1, 'tp_ep': True}, 'inference': {'replica_count': 1, 'moe_dp': 1}}
2048	58.980412	nan	nan	0.016955	6.861550e+18	1.163361e+17	3.118694e+14	0.182143	False	0.000000	51.572518	{'tp': 4, 'cp': 4, 'pp': 8, 'mb': 8, 'tp_sp': True, 'train': {'dp': 16, 'ep': 1, 'tp_ep': True}, 'inference': {'replica_count': 1, 'moe_dp': 1}}
1024	210.855647	nan	nan	0.004743	6.861550e+18	3.254146e+16	3.118694e+14	0.101898	True	34.360657	52.790914	{'tp': 1, 'cp': 4, 'pp': 16, 'mb': 16, 'tp_sp': True, 'train': {'dp': 16, 'ep': 1, 'tp_ep': True}, 'inference': {'replica_count': 1, 'moe_dp': 1}}
2048	116.710930	nan	nan	0.008568	6.861550e+18	5.879098e+16	3.118694e+14	0.092047	False	0.000000	56.772634	{'tp': 2, 'cp': 4, 'pp': 16, 'mb': 16, 'tp_sp': True, 'train': {'dp': 16, 'ep': 1, 'tp_ep': True}, 'inference': {'replica_count': 1, 'moe_dp': 1}}
4096	17.760447	nan	nan	0.056305	6.861550e+18	3.863388e+17	3.118694e+14	0.302437	False	0.000000	101.837782	{'tp': 16, 'cp': 4, 'pp': 4, 'mb': 4, 'tp_sp': True, 'train': {'dp': 16, 'ep': 1, 'tp_ep': True}, 'inference': {'replica_count': 1, 'moe_dp': 1}}
4096	35.588623	nan	nan	0.028099	6.861550e+18	1.928018e+17	3.118694e+14	0.150931	False	0.000000	74.315726	{'tp': 8, 'cp': 4, 'pp': 8, 'mb': 8, 'tp_sp': True, 'train': {'dp': 16, 'ep': 1, 'tp_ep': True}, 'inference': {'replica_count': 1, 'moe_dp': 1}}
2048	222.766880	nan	nan	0.004489	6.861550e+18	3.080148e+16	3.118694e+14	0.048225	False	0.000000	61.779637	{'tp': 1, 'cp': 4, 'pp': 32, 'mb': 32, 'tp_sp': True, 'train': {'dp': 16, 'ep': 1, 'tp_ep': True}, 'inference': {'replica_count': 1, 'moe_dp': 1}}
4096	69.851107	nan	nan	0.014316	6.861550e+18	9.823109e+16	3.118694e+14	0.076898	False	0.000000	67.681006	{'tp': 4, 'cp': 4, 'pp': 16, 'mb': 16, 'tp_sp': True, 'train': {'dp': 16, 'ep': 1, 'tp_ep': True}, 'inference': {'replica_count': 1, 'moe_dp': 1}}
512	54.684596	nan	nan	0.018287	6.861550e+18	1.254750e+17	3.118694e+14	0.785804	True	314.970123	56.167900	{'tp': 4, 'cp': 4, 'pp': 1, 'mb': 1, 'tp_sp': True, 'train': {'dp': 32, 'ep': 1, 'tp_ep': True}, 'inference': {'replica_count': 1, 'moe_dp': 1}}
1024	29.391293	nan	nan	0.034024	6.861550e+18	2.334552e+17	3.118694e+14	0.731023	True	117.737381	55.543631	{'tp': 8, 'cp': 4, 'pp': 1, 'mb': 1, 'tp_sp': True, 'train': {'dp': 32, 'ep': 1, 'tp_ep': True}, 'inference': {'replica_count': 1, 'moe_dp': 1}}
256	105.382080	nan	nan	0.009489	6.861550e+18	6.511117e+16	3.118694e+14	0.815535	True	709.435608	63.503402	{'tp': 2, 'cp': 4, 'pp': 1, 'mb': 1, 'tp_sp': True, 'train': {'dp': 32, 'ep': 1, 'tp_ep': True}, 'inference': {'replica_count': 1, 'moe_dp': 1}}
128	207.329057	nan	nan	0.004823	6.861550e+18	3.309498e+16	3.118694e+14	0.829047	True	1498.532162	71.776800	{'tp': 1, 'cp': 4, 'pp': 1, 'mb': 1, 'tp_sp': True, 'train': {'dp': 32, 'ep': 1, 'tp_ep': True}, 'inference': {'replica_count': 1, 'moe_dp': 1}}
4096	133.439391	nan	nan	0.007494	6.861550e+18	5.142072e+16	3.118694e+14	0.040254	False	0.000000	75.766295	{'tp': 2, 'cp': 4, 'pp': 32, 'mb': 32, 'tp_sp': True, 'train': {'dp': 16, 'ep': 1, 'tp_ep': True}, 'inference': {'replica_count': 1, 'moe_dp': 1}}
512	80.375252	nan	nan	0.012442	6.861550e+18	8.536894e+16	3.118694e+14	0.534635	True	316.766571	40.906863	{'tp': 2, 'cp': 4, 'pp': 2, 'mb': 2, 'tp_sp': True, 'train': {'dp': 32, 'ep': 1, 'tp_ep': True}, 'inference': {'replica_count': 1, 'moe_dp': 1}}
256	157.345246	nan	nan	0.006355	6.861550e+18	4.360825e+16	3.118694e+14	0.546205	True	713.280823	48.264722	{'tp': 1, 'cp': 4, 'pp': 2, 'mb': 2, 'tp_sp': True, 'train': {'dp': 32, 'ep': 1, 'tp_ep': True}, 'inference': {'replica_count': 1, 'moe_dp': 1}}
2048	16.725616	nan	nan	0.059789	6.861550e+18	4.102420e+17	3.118694e+14	0.642299	True	19.121010	65.299569	{'tp': 16, 'cp': 4, 'pp': 1, 'mb': 1, 'tp_sp': True, 'train': {'dp': 32, 'ep': 1, 'tp_ep': True}, 'inference': {'replica_count': 1, 'moe_dp': 1}}
1024	42.064138	nan	nan	0.023773	6.861550e+18	1.631211e+17	3.118694e+14	0.510784	True	118.509445	38.475799	{'tp': 4, 'cp': 4, 'pp': 2, 'mb': 2, 'tp_sp': True, 'train': {'dp': 32, 'ep': 1, 'tp_ep': True}, 'inference': {'replica_count': 1, 'moe_dp': 1}}
2048	22.931730	nan	nan	0.043608	6.861550e+18	2.992164e+17	3.118694e+14	0.468471	True	19.380882	42.133036	{'tp': 8, 'cp': 4, 'pp': 2, 'mb': 2, 'tp_sp': True, 'train': {'dp': 32, 'ep': 1, 'tp_ep': True}, 'inference': {'replica_count': 1, 'moe_dp': 1}}
4096	24.157863	nan	nan	0.041394	6.861550e+18	2.840297e+17	3.118694e+14	0.222347	False	0.000000	408.460105	{'tp': 32, 'cp': 4, 'pp': 4, 'mb': 4, 'tp_sp': True, 'train': {'dp': 8, 'ep': 1, 'tp_ep': True}, 'inference': {'replica_count': 1, 'moe_dp': 1}}
1024	95.432936	nan	nan	0.010479	6.861550e+18	7.189918e+16	3.118694e+14	0.225139	True	124.076141	43.586220	{'tp': 2, 'cp': 4, 'pp': 4, 'mb': 4, 'tp_sp': True, 'train': {'dp': 32, 'ep': 1, 'tp_ep': True}, 'inference': {'replica_count': 1, 'moe_dp': 1}}
2048	51.035925	nan	nan	0.019594	6.861550e+18	1.344455e+17	3.118694e+14	0.210496	True	22.164230	42.942763	{'tp': 4, 'cp': 4, 'pp': 4, 'mb': 4, 'tp_sp': True, 'train': {'dp': 32, 'ep': 1, 'tp_ep': True}, 'inference': {'replica_count': 1, 'moe_dp': 1}}
512	184.629925	nan	nan	0.005416	6.861550e+18	3.716380e+16	3.118694e+14	0.232743	True	327.899963	49.909864	{'tp': 1, 'cp': 4, 'pp': 4, 'mb': 4, 'tp_sp': True, 'train': {'dp': 32, 'ep': 1, 'tp_ep': True}, 'inference': {'replica_count': 1, 'moe_dp': 1}}
4096	28.864241	nan	nan	0.034645	6.861550e+18	2.377180e+17	3.118694e+14	0.186093	False	0.000000	50.823335	{'tp': 8, 'cp': 4, 'pp': 4, 'mb': 4, 'tp_sp': True, 'train': {'dp': 32, 'ep': 1, 'tp_ep': True}, 'inference': {'replica_count': 1, 'moe_dp': 1}}
1024	199.925986	nan	nan	0.005002	6.861550e+18	3.432045e+16	3.118694e+14	0.107468	True	128.993713	50.495300	{'tp': 1, 'cp': 4, 'pp': 8, 'mb': 8, 'tp_sp': True, 'train': {'dp': 32, 'ep': 1, 'tp_ep': True}, 'inference': {'replica_count': 1, 'moe_dp': 1}}
4096	13.350031	nan	nan	0.074906	6.861550e+18	5.139726e+17	3.118694e+14	0.402353	False	0.000000	63.835838	{'tp': 16, 'cp': 4, 'pp': 2, 'mb': 2, 'tp_sp': True, 'train': {'dp': 32, 'ep': 1, 'tp_ep': True}, 'inference': {'replica_count': 1, 'moe_dp': 1}}
2048	105.820646	nan	nan	0.009450	6.861550e+18	6.484132e+16	3.118694e+14	0.101519	True	24.623016	48.915049	{'tp': 2, 'cp': 4, 'pp': 8, 'mb': 8, 'tp_sp': True, 'train': {'dp': 32, 'ep': 1, 'tp_ep': True}, 'inference': {'replica_count': 1, 'moe_dp': 1}}
4096	16.925003	nan	nan	0.059084	6.861550e+18	4.054091e+17	3.118694e+14	0.317366	False	0.000000	222.431363	{'tp': 32, 'cp': 4, 'pp': 2, 'mb': 2, 'tp_sp': True, 'train': {'dp': 16, 'ep': 1, 'tp_ep': True}, 'inference': {'replica_count': 1, 'moe_dp': 1}}
4096	58.980504	nan	nan	0.016955	6.861550e+18	1.163359e+17	3.118694e+14	0.091071	False	0.000000	51.744649	{'tp': 4, 'cp': 4, 'pp': 8, 'mb': 8, 'tp_sp': True, 'train': {'dp': 32, 'ep': 1, 'tp_ep': True}, 'inference': {'replica_count': 1, 'moe_dp': 1}}
2048	210.855922	nan	nan	0.004743	6.861550e+18	3.254142e+16	3.118694e+14	0.050949	True	29.540588	56.494057	{'tp': 1, 'cp': 4, 'pp': 16, 'mb': 16, 'tp_sp': True, 'train': {'dp': 32, 'ep': 1, 'tp_ep': True}, 'inference': {'replica_count': 1, 'moe_dp': 1}}
1024	27.594815	nan	nan	0.036239	6.861550e+18	2.486536e+17	3.118694e+14	0.778614	True	305.494827	37.337597	{'tp': 4, 'cp': 4, 'pp': 1, 'mb': 1, 'tp_sp': True, 'train': {'dp': 64, 'ep': 1, 'tp_ep': True}, 'inference': {'replica_count': 1, 'moe_dp': 1}}
512	53.134652	nan	nan	0.018820	6.861550e+18	1.291351e+17	3.118694e+14	0.808726	True	690.737335	41.071929	{'tp': 2, 'cp': 4, 'pp': 1, 'mb': 1, 'tp_sp': True, 'train': {'dp': 64, 'ep': 1, 'tp_ep': True}, 'inference': {'replica_count': 1, 'moe_dp': 1}}
4096	116.711207	nan	nan	0.008568	6.861550e+18	5.879084e+16	3.118694e+14	0.046023	False	0.000000	58.688356	{'tp': 2, 'cp': 4, 'pp': 16, 'mb': 16, 'tp_sp': True, 'train': {'dp': 32, 'ep': 1, 'tp_ep': True}, 'inference': {'replica_count': 1, 'moe_dp': 1}}
2048	14.840330	nan	nan	0.067384	6.861550e+18	4.623583e+17	3.118694e+14	0.723896	True	112.873573	37.933338	{'tp': 8, 'cp': 4, 'pp': 1, 'mb': 1, 'tp_sp': True, 'train': {'dp': 64, 'ep': 1, 'tp_ep': True}, 'inference': {'replica_count': 1, 'moe_dp': 1}}
256	104.446167	nan	nan	0.009574	6.861550e+18	6.569461e+16	3.118694e+14	0.822843	True	1461.305143	49.436610	{'tp': 1, 'cp': 4, 'pp': 1, 'mb': 1, 'tp_sp': True, 'train': {'dp': 64, 'ep': 1, 'tp_ep': True}, 'inference': {'replica_count': 1, 'moe_dp': 1}}
4096	10.388178	nan	nan	0.096263	6.861550e+18	6.605153e+17	3.118694e+14	0.517071	False	0.000000	136.183009	{'tp': 32, 'cp': 4, 'pp': 1, 'mb': 1, 'tp_sp': True, 'train': {'dp': 32, 'ep': 1, 'tp_ep': True}, 'inference': {'replica_count': 1, 'moe_dp': 1}}
4096	222.759360	nan	nan	0.004489	6.861550e+18	3.080252e+16	3.118694e+14	0.024113	False	0.000000	68.085616	{'tp': 1, 'cp': 4, 'pp': 32, 'mb': 32, 'tp_sp': True, 'train': {'dp': 32, 'ep': 1, 'tp_ep': True}, 'inference': {'replica_count': 1, 'moe_dp': 1}}
4096	8.452757	nan	nan	0.118305	6.861550e+18	8.117529e+17	3.118694e+14	0.635464	True	16.562946	48.365198	{'tp': 16, 'cp': 4, 'pp': 1, 'mb': 1, 'tp_sp': True, 'train': {'dp': 64, 'ep': 1, 'tp_ep': True}, 'inference': {'replica_count': 1, 'moe_dp': 1}}
2048	42.061871	nan	nan	0.023775	6.861550e+18	1.631299e+17	3.118694e+14	0.255406	True	114.080032	39.332027	{'tp': 4, 'cp': 4, 'pp': 2, 'mb': 2, 'tp_sp': True, 'train': {'dp': 64, 'ep': 1, 'tp_ep': True}, 'inference': {'replica_count': 1, 'moe_dp': 1}}
1024	80.372905	nan	nan	0.012442	6.861550e+18	8.537143e+16	3.118694e+14	0.267325	True	307.907745	42.066546	{'tp': 2, 'cp': 4, 'pp': 2, 'mb': 2, 'tp_sp': True, 'train': {'dp': 64, 'ep': 1, 'tp_ep': True}, 'inference': {'replica_count': 1, 'moe_dp': 1}}
512	157.342736	nan	nan	0.006356	6.861550e+18	4.360894e+16	3.118694e+14	0.273107	True	695.563171	50.168695	{'tp': 1, 'cp': 4, 'pp': 2, 'mb': 2, 'tp_sp': True, 'train': {'dp': 64, 'ep': 1, 'tp_ep': True}, 'inference': {'replica_count': 1, 'moe_dp': 1}}
4096	22.929504	nan	nan	0.043612	6.861550e+18	2.992455e+17	3.118694e+14	0.234258	True	17.166176	42.439167	{'tp': 8, 'cp': 4, 'pp': 2, 'mb': 2, 'tp_sp': True, 'train': {'dp': 64, 'ep': 1, 'tp_ep': True}, 'inference': {'replica_count': 1, 'moe_dp': 1}}
1024	184.629925	nan	nan	0.005416	6.861550e+18	3.716380e+16	3.118694e+14	0.116372	True	318.810242	51.798844	{'tp': 1, 'cp': 4, 'pp': 4, 'mb': 4, 'tp_sp': True, 'train': {'dp': 64, 'ep': 1, 'tp_ep': True}, 'inference': {'replica_count': 1, 'moe_dp': 1}}
2048	95.432936	nan	nan	0.010479	6.861550e+18	7.189918e+16	3.118694e+14	0.112570	True	119.531281	46.896516	{'tp': 2, 'cp': 4, 'pp': 4, 'mb': 4, 'tp_sp': True, 'train': {'dp': 64, 'ep': 1, 'tp_ep': True}, 'inference': {'replica_count': 1, 'moe_dp': 1}}
4096	51.035925	nan	nan	0.019594	6.861550e+18	1.344455e+17	3.118694e+14	0.105248	True	19.891800	45.176536	{'tp': 4, 'cp': 4, 'pp': 4, 'mb': 4, 'tp_sp': True, 'train': {'dp': 64, 'ep': 1, 'tp_ep': True}, 'inference': {'replica_count': 1, 'moe_dp': 1}}
4096	105.820781	nan	nan	0.009450	6.861550e+18	6.484123e+16	3.118694e+14	0.050760	True	22.304718	52.747997	{'tp': 2, 'cp': 4, 'pp': 8, 'mb': 8, 'tp_sp': True, 'train': {'dp': 64, 'ep': 1, 'tp_ep': True}, 'inference': {'replica_count': 1, 'moe_dp': 1}}
2048	27.595095	nan	nan	0.036238	6.861550e+18	2.486511e+17	3.118694e+14	0.389303	True	301.088348	39.218079	{'tp': 4, 'cp': 4, 'pp': 1, 'mb': 1, 'tp_sp': True, 'train': {'dp': 128, 'ep': 1, 'tp_ep': True}, 'inference': {'replica_count': 1, 'moe_dp': 1}}
2048	199.926121	nan	nan	0.005002	6.861550e+18	3.432043e+16	3.118694e+14	0.053734	True	124.357117	55.696526	{'tp': 1, 'cp': 4, 'pp': 8, 'mb': 8, 'tp_sp': True, 'train': {'dp': 64, 'ep': 1, 'tp_ep': True}, 'inference': {'replica_count': 1, 'moe_dp': 1}}
4096	14.840605	nan	nan	0.067383	6.861550e+18	4.623498e+17	3.118694e+14	0.361941	True	110.670334	39.174901	{'tp': 8, 'cp': 4, 'pp': 1, 'mb': 1, 'tp_sp': True, 'train': {'dp': 128, 'ep': 1, 'tp_ep': True}, 'inference': {'replica_count': 1, 'moe_dp': 1}}
1024	53.134941	nan	nan	0.018820	6.861550e+18	1.291344e+17	3.118694e+14	0.404361	True	681.924377	43.911510	{'tp': 2, 'cp': 4, 'pp': 1, 'mb': 1, 'tp_sp': True, 'train': {'dp': 128, 'ep': 1, 'tp_ep': True}, 'inference': {'replica_count': 1, 'moe_dp': 1}}
512	104.446476	nan	nan	0.009574	6.861550e+18	6.569442e+16	3.118694e+14	0.411420	True	1443.679228	51.292154	{'tp': 1, 'cp': 4, 'pp': 1, 'mb': 1, 'tp_sp': True, 'train': {'dp': 128, 'ep': 1, 'tp_ep': True}, 'inference': {'replica_count': 1, 'moe_dp': 1}}
2048	80.372992	nan	nan	0.012442	6.861550e+18	8.537134e+16	3.118694e+14	0.133662	True	303.478333	45.914975	{'tp': 2, 'cp': 4, 'pp': 2, 'mb': 2, 'tp_sp': True, 'train': {'dp': 128, 'ep': 1, 'tp_ep': True}, 'inference': {'replica_count': 1, 'moe_dp': 1}}
4096	210.856046	nan	nan	0.004743	6.861550e+18	3.254140e+16	3.118694e+14	0.025474	True	27.130554	64.210992	{'tp': 1, 'cp': 4, 'pp': 16, 'mb': 16, 'tp_sp': True, 'train': {'dp': 64, 'ep': 1, 'tp_ep': True}, 'inference': {'replica_count': 1, 'moe_dp': 1}}
4096	42.061958	nan	nan	0.023774	6.861550e+18	1.631296e+17	3.118694e+14	0.127703	True	111.865326	43.608150	{'tp': 4, 'cp': 4, 'pp': 2, 'mb': 2, 'tp_sp': True, 'train': {'dp': 128, 'ep': 1, 'tp_ep': True}, 'inference': {'replica_count': 1, 'moe_dp': 1}}
1024	157.342826	nan	nan	0.006356	6.861550e+18	4.360892e+16	3.118694e+14	0.136553	True	686.704346	53.157671	{'tp': 1, 'cp': 4, 'pp': 2, 'mb': 2, 'tp_sp': True, 'train': {'dp': 128, 'ep': 1, 'tp_ep': True}, 'inference': {'replica_count': 1, 'moe_dp': 1}}
2048	184.629925	nan	nan	0.005416	6.861550e+18	3.716380e+16	3.118694e+14	0.058186	True	314.265381	56.552632	{'tp': 1, 'cp': 4, 'pp': 4, 'mb': 4, 'tp_sp': True, 'train': {'dp': 128, 'ep': 1, 'tp_ep': True}, 'inference': {'replica_count': 1, 'moe_dp': 1}}
4096	95.432936	nan	nan	0.010479	6.861550e+18	7.189918e+16	3.118694e+14	0.056285	True	117.258850	50.199573	{'tp': 2, 'cp': 4, 'pp': 4, 'mb': 4, 'tp_sp': True, 'train': {'dp': 128, 'ep': 1, 'tp_ep': True}, 'inference': {'replica_count': 1, 'moe_dp': 1}}
1024	104.444739	nan	nan	0.009574	6.861550e+18	6.569551e+16	3.118694e+14	0.205714	True	1434.866270	57.810433	{'tp': 1, 'cp': 4, 'pp': 1, 'mb': 1, 'tp_sp': True, 'train': {'dp': 256, 'ep': 1, 'tp_ep': True}, 'inference': {'replica_count': 1, 'moe_dp': 1}}
4096	27.593482	nan	nan	0.036240	6.861550e+18	2.486656e+17	3.118694e+14	0.194663	True	298.885109	45.732153	{'tp': 4, 'cp': 4, 'pp': 1, 'mb': 1, 'tp_sp': True, 'train': {'dp': 256, 'ep': 1, 'tp_ep': True}, 'inference': {'replica_count': 1, 'moe_dp': 1}}
2048	53.133287	nan	nan	0.018821	6.861550e+18	1.291384e+17	3.118694e+14	0.202187	True	677.517899	49.594581	{'tp': 2, 'cp': 4, 'pp': 1, 'mb': 1, 'tp_sp': True, 'train': {'dp': 256, 'ep': 1, 'tp_ep': True}, 'inference': {'replica_count': 1, 'moe_dp': 1}}
4096	199.926220	nan	nan	0.005002	6.861550e+18	3.432041e+16	3.118694e+14	0.026867	True	122.038818	63.737514	{'tp': 1, 'cp': 4, 'pp': 8, 'mb': 8, 'tp_sp': True, 'train': {'dp': 128, 'ep': 1, 'tp_ep': True}, 'inference': {'replica_count': 1, 'moe_dp': 1}}
4096	80.373052	nan	nan	0.012442	6.861550e+18	8.537128e+16	3.118694e+14	0.066831	True	301.263626	56.750927	{'tp': 2, 'cp': 4, 'pp': 2, 'mb': 2, 'tp_sp': True, 'train': {'dp': 256, 'ep': 1, 'tp_ep': True}, 'inference': {'replica_count': 1, 'moe_dp': 1}}
2048	157.342885	nan	nan	0.006356	6.861550e+18	4.360890e+16	3.118694e+14	0.068277	True	682.274933	64.198285	{'tp': 1, 'cp': 4, 'pp': 2, 'mb': 2, 'tp_sp': True, 'train': {'dp': 256, 'ep': 1, 'tp_ep': True}, 'inference': {'replica_count': 1, 'moe_dp': 1}}
4096	184.629925	nan	nan	0.005416	6.861550e+18	3.716380e+16	3.118694e+14	0.029093	True	311.992950	70.814149	{'tp': 1, 'cp': 4, 'pp': 4, 'mb': 4, 'tp_sp': True, 'train': {'dp': 256, 'ep': 1, 'tp_ep': True}, 'inference': {'replica_count': 1, 'moe_dp': 1}}
4096	53.134941	nan	nan	0.018820	6.861550e+18	1.291344e+17	3.118694e+14	0.101090	True	675.314659	63.212280	{'tp': 2, 'cp': 4, 'pp': 1, 'mb': 1, 'tp_sp': True, 'train': {'dp': 512, 'ep': 1, 'tp_ep': True}, 'inference': {'replica_count': 1, 'moe_dp': 1}}
2048	104.446476	nan	nan	0.009574	6.861550e+18	6.569442e+16	3.118694e+14	0.102855	True	1430.459791	72.330807	{'tp': 1, 'cp': 4, 'pp': 1, 'mb': 1, 'tp_sp': True, 'train': {'dp': 512, 'ep': 1, 'tp_ep': True}, 'inference': {'replica_count': 1, 'moe_dp': 1}}
4096	157.343350	nan	nan	0.006356	6.861550e+18	4.360877e+16	3.118694e+14	0.034138	True	680.060226	101.359380	{'tp': 1, 'cp': 4, 'pp': 2, 'mb': 2, 'tp_sp': True, 'train': {'dp': 512, 'ep': 1, 'tp_ep': True}, 'inference': {'replica_count': 1, 'moe_dp': 1}}
4096	104.446476	nan	nan	0.009574	6.861550e+18	6.569442e+16	3.118694e+14	0.051428	True	1428.256552	105.574165	{'tp': 1, 'cp': 4, 'pp': 1, 'mb': 1, 'tp_sp': True, 'train': {'dp': 1024, 'ep': 1, 'tp_ep': True}, 'inference': {'replica_count': 1, 'moe_dp': 1}}
128	441.744884	nan	nan	0.002264	6.861550e+18	1.553283e+16	3.118694e+14	0.389106	True	180.855103	112.531840	{'tp': 1, 'cp': 8, 'pp': 16, 'mb': 16, 'tp_sp': True, 'train': {'dp': 1, 'ep': 1, 'tp_ep': True}, 'inference': {'replica_count': 1, 'moe_dp': 1}}
256	263.094588	nan	nan	0.003801	6.861550e+18	2.608016e+16	3.118694e+14	0.326661	True	50.679871	122.158422	{'tp': 2, 'cp': 8, 'pp': 16, 'mb': 16, 'tp_sp': True, 'train': {'dp': 1, 'ep': 1, 'tp_ep': True}, 'inference': {'replica_count': 1, 'moe_dp': 1}}
128	438.639223	nan	nan	0.002280	6.861550e+18	1.564281e+16	3.118694e+14	0.391861	True	171.574585	179.642051	{'tp': 2, 'cp': 8, 'pp': 8, 'mb': 8, 'tp_sp': True, 'train': {'dp': 1, 'ep': 1, 'tp_ep': True}, 'inference': {'replica_count': 1, 'moe_dp': 1}}
256	264.351227	nan	nan	0.003783	6.861550e+18	2.595619e+16	3.118694e+14	0.325108	True	46.291931	197.017068	{'tp': 4, 'cp': 8, 'pp': 8, 'mb': 8, 'tp_sp': True, 'train': {'dp': 1, 'ep': 1, 'tp_ep': True}, 'inference': {'replica_count': 1, 'moe_dp': 1}}
512	175.728897	nan	nan	0.005691	6.861550e+18	3.904623e+16	3.118694e+14	0.244532	False	0.000000	176.954822	{'tp': 4, 'cp': 8, 'pp': 16, 'mb': 16, 'tp_sp': True, 'train': {'dp': 1, 'ep': 1, 'tp_ep': True}, 'inference': {'replica_count': 1, 'moe_dp': 1}}
256	256.310448	nan	nan	0.003902	6.861550e+18	2.677047e+16	3.118694e+14	0.335307	True	60.212708	78.952621	{'tp': 1, 'cp': 8, 'pp': 32, 'mb': 32, 'tp_sp': True, 'train': {'dp': 1, 'ep': 1, 'tp_ep': True}, 'inference': {'replica_count': 1, 'moe_dp': 1}}
128	423.111620	nan	nan	0.002363	6.861550e+18	1.621688e+16	3.118694e+14	0.406242	True	167.691284	308.192654	{'tp': 4, 'cp': 8, 'pp': 4, 'mb': 4, 'tp_sp': True, 'train': {'dp': 1, 'ep': 1, 'tp_ep': True}, 'inference': {'replica_count': 1, 'moe_dp': 1}}
512	177.427954	nan	nan	0.005636	6.861550e+18	3.867232e+16	3.118694e+14	0.242191	False	0.000000	305.020412	{'tp': 8, 'cp': 8, 'pp': 8, 'mb': 8, 'tp_sp': True, 'train': {'dp': 1, 'ep': 1, 'tp_ep': True}, 'inference': {'replica_count': 1, 'moe_dp': 1}}
512	170.963664	nan	nan	0.005849	6.861550e+18	4.013455e+16	3.118694e+14	0.251348	False	0.000000	125.382361	{'tp': 2, 'cp': 8, 'pp': 32, 'mb': 32, 'tp_sp': True, 'train': {'dp': 1, 'ep': 1, 'tp_ep': True}, 'inference': {'replica_count': 1, 'moe_dp': 1}}
256	258.637885	nan	nan	0.003866	6.861550e+18	2.652956e+16	3.118694e+14	0.332290	True	44.854919	354.504698	{'tp': 8, 'cp': 8, 'pp': 4, 'mb': 4, 'tp_sp': True, 'train': {'dp': 1, 'ep': 1, 'tp_ep': True}, 'inference': {'replica_count': 1, 'moe_dp': 1}}
1024	132.147915	nan	nan	0.007567	6.861550e+18	5.192326e+16	3.118694e+14	0.162588	False	0.000000	415.198500	{'tp': 8, 'cp': 8, 'pp': 16, 'mb': 16, 'tp_sp': True, 'train': {'dp': 1, 'ep': 1, 'tp_ep': True}, 'inference': {'replica_count': 1, 'moe_dp': 1}}
1024	129.181679	nan	nan	0.007741	6.861550e+18	5.311551e+16	3.118694e+14	0.166322	False	0.000000	252.728524	{'tp': 4, 'cp': 8, 'pp': 32, 'mb': 32, 'tp_sp': True, 'train': {'dp': 1, 'ep': 1, 'tp_ep': True}, 'inference': {'replica_count': 1, 'moe_dp': 1}}
128	333.831927	nan	nan	0.002996	6.861550e+18	2.055391e+16	3.118694e+14	0.514887	True	256.028198	300.618516	{'tp': 4, 'cp': 8, 'pp': 2, 'mb': 2, 'tp_sp': True, 'train': {'dp': 2, 'ep': 1, 'tp_ep': True}, 'inference': {'replica_count': 1, 'moe_dp': 1}}
128	377.178997	nan	nan	0.002651	6.861550e+18	1.819176e+16	3.118694e+14	0.455714	True	263.639038	171.940117	{'tp': 2, 'cp': 8, 'pp': 4, 'mb': 4, 'tp_sp': True, 'train': {'dp': 2, 'ep': 1, 'tp_ep': True}, 'inference': {'replica_count': 1, 'moe_dp': 1}}
256	211.975497	nan	nan	0.004718	6.861550e+18	3.236954e+16	3.118694e+14	0.405437	True	92.324158	174.409849	{'tp': 4, 'cp': 8, 'pp': 4, 'mb': 4, 'tp_sp': True, 'train': {'dp': 2, 'ep': 1, 'tp_ep': True}, 'inference': {'replica_count': 1, 'moe_dp': 1}}
256	191.901302	nan	nan	0.005211	6.861550e+18	3.575562e+16	3.118694e+14	0.447849	True	89.023376	317.962931	{'tp': 8, 'cp': 8, 'pp': 2, 'mb': 2, 'tp_sp': True, 'train': {'dp': 2, 'ep': 1, 'tp_ep': True}, 'inference': {'replica_count': 1, 'moe_dp': 1}}
512	129.583004	nan	nan	0.007717	6.861550e+18	5.295100e+16	3.118694e+14	0.331613	True	6.666718	222.981754	{'tp': 8, 'cp': 8, 'pp': 4, 'mb': 4, 'tp_sp': True, 'train': {'dp': 2, 'ep': 1, 'tp_ep': True}, 'inference': {'replica_count': 1, 'moe_dp': 1}}
128	398.516057	nan	nan	0.002509	6.861550e+18	1.721775e+16	3.118694e+14	0.431314	True	269.984009	108.495712	{'tp': 1, 'cp': 8, 'pp': 8, 'mb': 8, 'tp_sp': True, 'train': {'dp': 2, 'ep': 1, 'tp_ep': True}, 'inference': {'replica_count': 1, 'moe_dp': 1}}
256	219.932762	nan	nan	0.004547	6.861550e+18	3.119840e+16	3.118694e+14	0.390768	True	95.244324	106.380058	{'tp': 2, 'cp': 8, 'pp': 8, 'mb': 8, 'tp_sp': True, 'train': {'dp': 2, 'ep': 1, 'tp_ep': True}, 'inference': {'replica_count': 1, 'moe_dp': 1}}
512	132.600572	nan	nan	0.007541	6.861550e+18	5.174601e+16	3.118694e+14	0.324066	True	7.874481	126.767562	{'tp': 4, 'cp': 8, 'pp': 8, 'mb': 8, 'tp_sp': True, 'train': {'dp': 2, 'ep': 1, 'tp_ep': True}, 'inference': {'replica_count': 1, 'moe_dp': 1}}
256	222.379951	nan	nan	0.004497	6.861550e+18	3.085508e+16	3.118694e+14	0.386468	True	101.841614	71.570895	{'tp': 1, 'cp': 8, 'pp': 16, 'mb': 16, 'tp_sp': True, 'train': {'dp': 2, 'ep': 1, 'tp_ep': True}, 'inference': {'replica_count': 1, 'moe_dp': 1}}
512	132.428384	nan	nan	0.007551	6.861550e+18	5.181329e+16	3.118694e+14	0.324488	True	11.046967	86.695513	{'tp': 2, 'cp': 8, 'pp': 16, 'mb': 16, 'tp_sp': True, 'train': {'dp': 2, 'ep': 1, 'tp_ep': True}, 'inference': {'replica_count': 1, 'moe_dp': 1}}
512	129.188409	nan	nan	0.007741	6.861550e+18	5.311274e+16	3.118694e+14	0.332626	True	17.770416	57.095645	{'tp': 1, 'cp': 8, 'pp': 32, 'mb': 32, 'tp_sp': True, 'train': {'dp': 2, 'ep': 1, 'tp_ep': True}, 'inference': {'replica_count': 1, 'moe_dp': 1}}
1024	88.392870	nan	nan	0.011313	6.861550e+18	7.762561e+16	3.118694e+14	0.243070	False	0.000000	135.736202	{'tp': 4, 'cp': 8, 'pp': 16, 'mb': 16, 'tp_sp': True, 'train': {'dp': 2, 'ep': 1, 'tp_ep': True}, 'inference': {'replica_count': 1, 'moe_dp': 1}}
1024	89.036344	nan	nan	0.011231	6.861550e+18	7.706460e+16	3.118694e+14	0.241314	False	0.000000	235.272544	{'tp': 8, 'cp': 8, 'pp': 8, 'mb': 8, 'tp_sp': True, 'train': {'dp': 2, 'ep': 1, 'tp_ep': True}, 'inference': {'replica_count': 1, 'moe_dp': 1}}
1024	86.129197	nan	nan	0.011610	6.861550e+18	7.966579e+16	3.118694e+14	0.249459	False	0.000000	111.869410	{'tp': 2, 'cp': 8, 'pp': 32, 'mb': 32, 'tp_sp': True, 'train': {'dp': 2, 'ep': 1, 'tp_ep': True}, 'inference': {'replica_count': 1, 'moe_dp': 1}}
2048	65.047397	nan	nan	0.015373	6.861550e+18	1.054854e+17	3.118694e+14	0.165154	False	0.000000	229.322092	{'tp': 4, 'cp': 8, 'pp': 32, 'mb': 32, 'tp_sp': True, 'train': {'dp': 2, 'ep': 1, 'tp_ep': True}, 'inference': {'replica_count': 1, 'moe_dp': 1}}
128	309.843533	nan	nan	0.003227	6.861550e+18	2.214521e+16	3.118694e+14	0.554750	True	444.007202	174.458401	{'tp': 2, 'cp': 8, 'pp': 2, 'mb': 2, 'tp_sp': True, 'train': {'dp': 4, 'ep': 1, 'tp_ep': True}, 'inference': {'replica_count': 1, 'moe_dp': 1}}
256	167.283210	nan	nan	0.005978	6.861550e+18	4.101757e+16	3.118694e+14	0.513756	True	182.508240	163.385098	{'tp': 4, 'cp': 8, 'pp': 2, 'mb': 2, 'tp_sp': True, 'train': {'dp': 4, 'ep': 1, 'tp_ep': True}, 'inference': {'replica_count': 1, 'moe_dp': 1}}
2048	66.403988	nan	nan	0.015059	6.861550e+18	1.033304e+17	3.118694e+14	0.161780	False	0.000000	374.812474	{'tp': 8, 'cp': 8, 'pp': 16, 'mb': 16, 'tp_sp': True, 'train': {'dp': 2, 'ep': 1, 'tp_ep': True}, 'inference': {'replica_count': 1, 'moe_dp': 1}}
128	215.373534	nan	nan	0.004643	6.861550e+18	3.185884e+16	3.118694e+14	0.798081	True	442.325562	306.110497	{'tp': 4, 'cp': 8, 'pp': 1, 'mb': 1, 'tp_sp': True, 'train': {'dp': 4, 'ep': 1, 'tp_ep': True}, 'inference': {'replica_count': 1, 'moe_dp': 1}}
512	96.183640	nan	nan	0.010397	6.861550e+18	7.133802e+16	3.118694e+14	0.446764	True	51.758759	183.874070	{'tp': 8, 'cp': 8, 'pp': 2, 'mb': 2, 'tp_sp': True, 'train': {'dp': 4, 'ep': 1, 'tp_ep': True}, 'inference': {'replica_count': 1, 'moe_dp': 1}}
256	120.756472	nan	nan	0.008281	6.861550e+18	5.682139e+16	3.118694e+14	0.711703	True	182.172058	307.706864	{'tp': 8, 'cp': 8, 'pp': 1, 'mb': 1, 'tp_sp': True, 'train': {'dp': 4, 'ep': 1, 'tp_ep': True}, 'inference': {'replica_count': 1, 'moe_dp': 1}}
128	358.434765	nan	nan	0.002790	6.861550e+18	1.914309e+16	3.118694e+14	0.479545	True	457.048462	104.566531	{'tp': 1, 'cp': 8, 'pp': 4, 'mb': 4, 'tp_sp': True, 'train': {'dp': 4, 'ep': 1, 'tp_ep': True}, 'inference': {'replica_count': 1, 'moe_dp': 1}}
256	189.159679	nan	nan	0.005287	6.861550e+18	3.627385e+16	3.118694e+14	0.454340	True	188.776550	100.955090	{'tp': 2, 'cp': 8, 'pp': 4, 'mb': 4, 'tp_sp': True, 'train': {'dp': 4, 'ep': 1, 'tp_ep': True}, 'inference': {'replica_count': 1, 'moe_dp': 1}}
512	106.379804	nan	nan	0.009400	6.861550e+18	6.450050e+16	3.118694e+14	0.403943	True	54.640594	103.882473	{'tp': 4, 'cp': 8, 'pp': 4, 'mb': 4, 'tp_sp': True, 'train': {'dp': 4, 'ep': 1, 'tp_ep': True}, 'inference': {'replica_count': 1, 'moe_dp': 1}}
512	73.465455	nan	nan	0.013612	6.861550e+18	9.339832e+16	3.118694e+14	0.584920	True	52.095306	360.884396	{'tp': 16, 'cp': 8, 'pp': 1, 'mb': 1, 'tp_sp': True, 'train': {'dp': 4, 'ep': 1, 'tp_ep': True}, 'inference': {'replica_count': 1, 'moe_dp': 1}}
256	200.735181	nan	nan	0.004982	6.861550e+18	3.418210e+16	3.118694e+14	0.428140	True	193.906067	67.479160	{'tp': 1, 'cp': 8, 'pp': 8, 'mb': 8, 'tp_sp': True, 'train': {'dp': 4, 'ep': 1, 'tp_ep': True}, 'inference': {'replica_count': 1, 'moe_dp': 1}}
1024	65.086444	nan	nan	0.015364	6.861550e+18	1.054221e+17	3.118694e+14	0.330110	False	0.000000	151.397003	{'tp': 8, 'cp': 8, 'pp': 4, 'mb': 4, 'tp_sp': True, 'train': {'dp': 4, 'ep': 1, 'tp_ep': True}, 'inference': {'replica_count': 1, 'moe_dp': 1}}
512	110.818432	nan	nan	0.009024	6.861550e+18	6.191705e+16	3.118694e+14	0.387764	True	57.079193	69.997611	{'tp': 2, 'cp': 8, 'pp': 8, 'mb': 8, 'tp_sp': True, 'train': {'dp': 4, 'ep': 1, 'tp_ep': True}, 'inference': {'replica_count': 1, 'moe_dp': 1}}
512	112.199723	nan	nan	0.008913	6.861550e+18	6.115479e+16	3.118694e+14	0.382990	True	62.334869	50.397490	{'tp': 1, 'cp': 8, 'pp': 16, 'mb': 16, 'tp_sp': True, 'train': {'dp': 4, 'ep': 1, 'tp_ep': True}, 'inference': {'replica_count': 1, 'moe_dp': 1}}
1024	66.800335	nan	nan	0.014970	6.861550e+18	1.027173e+17	3.118694e+14	0.321641	False	0.000000	90.632318	{'tp': 4, 'cp': 8, 'pp': 8, 'mb': 8, 'tp_sp': True, 'train': {'dp': 4, 'ep': 1, 'tp_ep': True}, 'inference': {'replica_count': 1, 'moe_dp': 1}}
1024	60.647275	nan	nan	0.016489	6.861550e+18	1.131386e+17	3.118694e+14	0.354273	False	0.000000	328.866618	{'tp': 16, 'cp': 8, 'pp': 2, 'mb': 2, 'tp_sp': True, 'train': {'dp': 4, 'ep': 1, 'tp_ep': True}, 'inference': {'replica_count': 1, 'moe_dp': 1}}
1024	66.820092	nan	nan	0.014966	6.861550e+18	1.026869e+17	3.118694e+14	0.321545	False	0.000000	69.815657	{'tp': 2, 'cp': 8, 'pp': 16, 'mb': 16, 'tp_sp': True, 'train': {'dp': 4, 'ep': 1, 'tp_ep': True}, 'inference': {'replica_count': 1, 'moe_dp': 1}}
1024	129.188616	nan	nan	0.007741	6.861550e+18	5.311265e+16	3.118694e+14	0.166313	False	0.000000	57.059937	{'tp': 1, 'cp': 8, 'pp': 32, 'mb': 32, 'tp_sp': True, 'train': {'dp': 4, 'ep': 1, 'tp_ep': True}, 'inference': {'replica_count': 1, 'moe_dp': 1}}
2048	44.602646	nan	nan	0.022420	6.861550e+18	1.538373e+17	3.118694e+14	0.240857	False	0.000000	117.753680	{'tp': 4, 'cp': 8, 'pp': 16, 'mb': 16, 'tp_sp': True, 'train': {'dp': 4, 'ep': 1, 'tp_ep': True}, 'inference': {'replica_count': 1, 'moe_dp': 1}}
2048	86.129440	nan	nan	0.011610	6.861550e+18	7.966556e+16	3.118694e+14	0.124729	False	0.000000	107.132174	{'tp': 2, 'cp': 8, 'pp': 32, 'mb': 32, 'tp_sp': True, 'train': {'dp': 4, 'ep': 1, 'tp_ep': True}, 'inference': {'replica_count': 1, 'moe_dp': 1}}
2048	44.820162	nan	nan	0.022311	6.861550e+18	1.530907e+17	3.118694e+14	0.239688	False	0.000000	199.508887	{'tp': 8, 'cp': 8, 'pp': 8, 'mb': 8, 'tp_sp': True, 'train': {'dp': 4, 'ep': 1, 'tp_ep': True}, 'inference': {'replica_count': 1, 'moe_dp': 1}}
128	202.972042	nan	nan	0.004927	6.861550e+18	3.380540e+16	3.118694e+14	0.846844	True	817.335815	168.560537	{'tp': 2, 'cp': 8, 'pp': 1, 'mb': 1, 'tp_sp': True, 'train': {'dp': 8, 'ep': 1, 'tp_ep': True}, 'inference': {'replica_count': 1, 'moe_dp': 1}}
256	107.935212	nan	nan	0.009265	6.861550e+18	6.357101e+16	3.118694e+14	0.796244	True	369.172546	163.128294	{'tp': 4, 'cp': 8, 'pp': 1, 'mb': 1, 'tp_sp': True, 'train': {'dp': 8, 'ep': 1, 'tp_ep': True}, 'inference': {'replica_count': 1, 'moe_dp': 1}}
512	60.537191	nan	nan	0.016519	6.861550e+18	1.133444e+17	3.118694e+14	0.709835	True	145.090912	163.999334	{'tp': 8, 'cp': 8, 'pp': 1, 'mb': 1, 'tp_sp': True, 'train': {'dp': 8, 'ep': 1, 'tp_ep': True}, 'inference': {'replica_count': 1, 'moe_dp': 1}}
128	301.476904	nan	nan	0.003317	6.861550e+18	2.275979e+16	3.118694e+14	0.570145	True	821.479126	101.625339	{'tp': 1, 'cp': 8, 'pp': 2, 'mb': 2, 'tp_sp': True, 'train': {'dp': 8, 'ep': 1, 'tp_ep': True}, 'inference': {'replica_count': 1, 'moe_dp': 1}}
256	155.403988	nan	nan	0.006435	6.861550e+18	4.415299e+16	3.118694e+14	0.553028	True	370.991882	92.168780	{'tp': 2, 'cp': 8, 'pp': 2, 'mb': 2, 'tp_sp': True, 'train': {'dp': 8, 'ep': 1, 'tp_ep': True}, 'inference': {'replica_count': 1, 'moe_dp': 1}}
4096	65.047659	nan	nan	0.015373	6.861550e+18	1.054850e+17	3.118694e+14	0.082577	False	0.000000	229.285429	{'tp': 4, 'cp': 8, 'pp': 32, 'mb': 32, 'tp_sp': True, 'train': {'dp': 4, 'ep': 1, 'tp_ep': True}, 'inference': {'replica_count': 1, 'moe_dp': 1}}
256	180.590849	nan	nan	0.005537	6.861550e+18	3.799500e+16	3.118694e+14	0.475898	True	382.438293	65.158739	{'tp': 1, 'cp': 8, 'pp': 4, 'mb': 4, 'tp_sp': True, 'train': {'dp': 8, 'ep': 1, 'tp_ep': True}, 'inference': {'replica_count': 1, 'moe_dp': 1}}
512	83.971014	nan	nan	0.011909	6.861550e+18	8.171332e+16	3.118694e+14	0.511741	True	145.748260	96.514771	{'tp': 4, 'cp': 8, 'pp': 2, 'mb': 2, 'tp_sp': True, 'train': {'dp': 8, 'ep': 1, 'tp_ep': True}, 'inference': {'replica_count': 1, 'moe_dp': 1}}
1024	36.847127	nan	nan	0.027139	6.861550e+18	1.862167e+17	3.118694e+14	0.583104	True	33.050095	234.471124	{'tp': 16, 'cp': 8, 'pp': 1, 'mb': 1, 'tp_sp': True, 'train': {'dp': 8, 'ep': 1, 'tp_ep': True}, 'inference': {'replica_count': 1, 'moe_dp': 1}}
512	95.362351	nan	nan	0.010486	6.861550e+18	7.195240e+16	3.118694e+14	0.450612	True	151.345306	62.155729	{'tp': 2, 'cp': 8, 'pp': 4, 'mb': 4, 'tp_sp': True, 'train': {'dp': 8, 'ep': 1, 'tp_ep': True}, 'inference': {'replica_count': 1, 'moe_dp': 1}}
2048	44.407242	nan	nan	0.022519	6.861550e+18	1.545142e+17	3.118694e+14	0.241917	False	0.000000	443.012238	{'tp': 16, 'cp': 8, 'pp': 4, 'mb': 4, 'tp_sp': True, 'train': {'dp': 4, 'ep': 1, 'tp_ep': True}, 'inference': {'replica_count': 1, 'moe_dp': 1}}
1024	48.337876	nan	nan	0.020688	6.861550e+18	1.419498e+17	3.118694e+14	0.444490	True	33.126450	116.357506	{'tp': 8, 'cp': 8, 'pp': 2, 'mb': 2, 'tp_sp': True, 'train': {'dp': 8, 'ep': 1, 'tp_ep': True}, 'inference': {'replica_count': 1, 'moe_dp': 1}}
1024	53.639537	nan	nan	0.018643	6.861550e+18	1.279196e+17	3.118694e+14	0.400557	True	35.798813	69.173134	{'tp': 4, 'cp': 8, 'pp': 4, 'mb': 4, 'tp_sp': True, 'train': {'dp': 8, 'ep': 1, 'tp_ep': True}, 'inference': {'replica_count': 1, 'moe_dp': 1}}
512	101.313858	nan	nan	0.009870	6.861550e+18	6.772568e+16	3.118694e+14	0.424141	True	155.867096	48.099567	{'tp': 1, 'cp': 8, 'pp': 8, 'mb': 8, 'tp_sp': True, 'train': {'dp': 8, 'ep': 1, 'tp_ep': True}, 'inference': {'replica_count': 1, 'moe_dp': 1}}
1024	55.955394	nan	nan	0.017871	6.861550e+18	1.226254e+17	3.118694e+14	0.383979	True	37.996628	52.203823	{'tp': 2, 'cp': 8, 'pp': 8, 'mb': 8, 'tp_sp': True, 'train': {'dp': 8, 'ep': 1, 'tp_ep': True}, 'inference': {'replica_count': 1, 'moe_dp': 1}}
4096	33.498453	nan	nan	0.029852	6.861550e+18	2.048319e+17	3.118694e+14	0.160348	False	0.000000	365.299693	{'tp': 8, 'cp': 8, 'pp': 16, 'mb': 16, 'tp_sp': True, 'train': {'dp': 4, 'ep': 1, 'tp_ep': True}, 'inference': {'replica_count': 1, 'moe_dp': 1}}
2048	33.748544	nan	nan	0.029631	6.861550e+18	2.033140e+17	3.118694e+14	0.318320	False	0.000000	73.842083	{'tp': 4, 'cp': 8, 'pp': 8, 'mb': 8, 'tp_sp': True, 'train': {'dp': 8, 'ep': 1, 'tp_ep': True}, 'inference': {'replica_count': 1, 'moe_dp': 1}}
1024	112.209440	nan	nan	0.008912	6.861550e+18	6.114949e+16	3.118694e+14	0.191479	True	43.054596	51.102897	{'tp': 1, 'cp': 8, 'pp': 16, 'mb': 16, 'tp_sp': True, 'train': {'dp': 8, 'ep': 1, 'tp_ep': True}, 'inference': {'replica_count': 1, 'moe_dp': 1}}
2048	32.805506	nan	nan	0.030483	6.861550e+18	2.091585e+17	3.118694e+14	0.327471	False	0.000000	118.399394	{'tp': 8, 'cp': 8, 'pp': 4, 'mb': 4, 'tp_sp': True, 'train': {'dp': 8, 'ep': 1, 'tp_ep': True}, 'inference': {'replica_count': 1, 'moe_dp': 1}}
2048	66.828953	nan	nan	0.014964	6.861550e+18	1.026733e+17	3.118694e+14	0.160751	False	0.000000	71.810310	{'tp': 2, 'cp': 8, 'pp': 16, 'mb': 16, 'tp_sp': True, 'train': {'dp': 8, 'ep': 1, 'tp_ep': True}, 'inference': {'replica_count': 1, 'moe_dp': 1}}
2048	129.183359	nan	nan	0.007741	6.861550e+18	5.311481e+16	3.118694e+14	0.083160	False	0.000000	62.302021	{'tp': 1, 'cp': 8, 'pp': 32, 'mb': 32, 'tp_sp': True, 'train': {'dp': 8, 'ep': 1, 'tp_ep': True}, 'inference': {'replica_count': 1, 'moe_dp': 1}}
4096	44.611080	nan	nan	0.022416	6.861550e+18	1.538082e+17	3.118694e+14	0.120406	False	0.000000	118.015365	{'tp': 4, 'cp': 8, 'pp': 16, 'mb': 16, 'tp_sp': True, 'train': {'dp': 8, 'ep': 1, 'tp_ep': True}, 'inference': {'replica_count': 1, 'moe_dp': 1}}
4096	86.124765	nan	nan	0.011611	6.861550e+18	7.966989e+16	3.118694e+14	0.062368	False	0.000000	108.007403	{'tp': 2, 'cp': 8, 'pp': 32, 'mb': 32, 'tp_sp': True, 'train': {'dp': 8, 'ep': 1, 'tp_ep': True}, 'inference': {'replica_count': 1, 'moe_dp': 1}}
512	54.189870	nan	nan	0.018454	6.861550e+18	1.266205e+17	3.118694e+14	0.792978	True	332.596039	89.853791	{'tp': 4, 'cp': 8, 'pp': 1, 'mb': 1, 'tp_sp': True, 'train': {'dp': 16, 'ep': 1, 'tp_ep': True}, 'inference': {'replica_count': 1, 'moe_dp': 1}}
256	101.810341	nan	nan	0.009822	6.861550e+18	6.739541e+16	3.118694e+14	0.844146	True	744.687439	93.878064	{'tp': 2, 'cp': 8, 'pp': 1, 'mb': 1, 'tp_sp': True, 'train': {'dp': 16, 'ep': 1, 'tp_ep': True}, 'inference': {'replica_count': 1, 'moe_dp': 1}}
128	199.188874	nan	nan	0.005020	6.861550e+18	3.444746e+16	3.118694e+14	0.862928	True	1569.035824	101.635647	{'tp': 1, 'cp': 8, 'pp': 1, 'mb': 1, 'tp_sp': True, 'train': {'dp': 16, 'ep': 1, 'tp_ep': True}, 'inference': {'replica_count': 1, 'moe_dp': 1}}
256	151.912829	nan	nan	0.006583	6.861550e+18	4.516768e+16	3.118694e+14	0.565738	True	748.716125	65.133201	{'tp': 1, 'cp': 8, 'pp': 2, 'mb': 2, 'tp_sp': True, 'train': {'dp': 16, 'ep': 1, 'tp_ep': True}, 'inference': {'replica_count': 1, 'moe_dp': 1}}
2048	30.493240	nan	nan	0.032794	6.861550e+18	2.250187e+17	3.118694e+14	0.352303	False	0.000000	254.386876	{'tp': 16, 'cp': 8, 'pp': 2, 'mb': 2, 'tp_sp': True, 'train': {'dp': 8, 'ep': 1, 'tp_ep': True}, 'inference': {'replica_count': 1, 'moe_dp': 1}}
1024	30.435200	nan	nan	0.032857	6.861550e+18	2.254478e+17	3.118694e+14	0.705949	True	126.550339	98.814127	{'tp': 8, 'cp': 8, 'pp': 1, 'mb': 1, 'tp_sp': True, 'train': {'dp': 16, 'ep': 1, 'tp_ep': True}, 'inference': {'replica_count': 1, 'moe_dp': 1}}
4096	22.649637	nan	nan	0.044151	6.861550e+18	3.029431e+17	3.118694e+14	0.237153	False	0.000000	179.709296	{'tp': 8, 'cp': 8, 'pp': 8, 'mb': 8, 'tp_sp': True, 'train': {'dp': 8, 'ep': 1, 'tp_ep': True}, 'inference': {'replica_count': 1, 'moe_dp': 1}}
512	78.367920	nan	nan	0.012760	6.861550e+18	8.755560e+16	3.118694e+14	0.548329	True	334.484222	58.142495	{'tp': 2, 'cp': 8, 'pp': 2, 'mb': 2, 'tp_sp': True, 'train': {'dp': 16, 'ep': 1, 'tp_ep': True}, 'inference': {'replica_count': 1, 'moe_dp': 1}}
1024	48.166445	nan	nan	0.020761	6.861550e+18	1.424550e+17	3.118694e+14	0.446072	True	132.629684	43.745750	{'tp': 2, 'cp': 8, 'pp': 4, 'mb': 4, 'tp_sp': True, 'train': {'dp': 16, 'ep': 1, 'tp_ep': True}, 'inference': {'replica_count': 1, 'moe_dp': 1}}
512	91.156676	nan	nan	0.010970	6.861550e+18	7.527205e+16	3.118694e+14	0.471402	True	345.133209	44.603224	{'tp': 1, 'cp': 8, 'pp': 4, 'mb': 4, 'tp_sp': True, 'train': {'dp': 16, 'ep': 1, 'tp_ep': True}, 'inference': {'replica_count': 1, 'moe_dp': 1}}
1024	42.364789	nan	nan	0.023605	6.861550e+18	1.619635e+17	3.118694e+14	0.507159	True	127.368271	59.887311	{'tp': 4, 'cp': 8, 'pp': 2, 'mb': 2, 'tp_sp': True, 'train': {'dp': 16, 'ep': 1, 'tp_ep': True}, 'inference': {'replica_count': 1, 'moe_dp': 1}}
2048	27.119178	nan	nan	0.036874	6.861550e+18	2.530147e+17	3.118694e+14	0.396135	True	26.377922	51.590238	{'tp': 4, 'cp': 8, 'pp': 4, 'mb': 4, 'tp_sp': True, 'train': {'dp': 16, 'ep': 1, 'tp_ep': True}, 'inference': {'replica_count': 1, 'moe_dp': 1}}
1024	101.314388	nan	nan	0.009870	6.861550e+18	6.772533e+16	3.118694e+14	0.212070	True	137.320709	47.345813	{'tp': 1, 'cp': 8, 'pp': 8, 'mb': 8, 'tp_sp': True, 'train': {'dp': 16, 'ep': 1, 'tp_ep': True}, 'inference': {'replica_count': 1, 'moe_dp': 1}}
2048	24.386848	nan	nan	0.041006	6.861550e+18	2.813627e+17	3.118694e+14	0.440518	True	23.810295	82.294760	{'tp': 8, 'cp': 8, 'pp': 2, 'mb': 2, 'tp_sp': True, 'train': {'dp': 16, 'ep': 1, 'tp_ep': True}, 'inference': {'replica_count': 1, 'moe_dp': 1}}
2048	55.955901	nan	nan	0.017871	6.861550e+18	1.226242e+17	3.118694e+14	0.191988	True	28.723434	52.321054	{'tp': 2, 'cp': 8, 'pp': 8, 'mb': 8, 'tp_sp': True, 'train': {'dp': 16, 'ep': 1, 'tp_ep': True}, 'inference': {'replica_count': 1, 'moe_dp': 1}}
2048	18.539153	nan	nan	0.053940	6.861550e+18	3.701113e+17	3.118694e+14	0.579468	True	23.527489	168.125717	{'tp': 16, 'cp': 8, 'pp': 1, 'mb': 1, 'tp_sp': True, 'train': {'dp': 16, 'ep': 1, 'tp_ep': True}, 'inference': {'replica_count': 1, 'moe_dp': 1}}
2048	112.209306	nan	nan	0.008912	6.861550e+18	6.114956e+16	3.118694e+14	0.095739	True	33.414459	52.857947	{'tp': 1, 'cp': 8, 'pp': 16, 'mb': 16, 'tp_sp': True, 'train': {'dp': 16, 'ep': 1, 'tp_ep': True}, 'inference': {'replica_count': 1, 'moe_dp': 1}}
4096	16.599821	nan	nan	0.060242	6.861550e+18	4.133508e+17	3.118694e+14	0.323583	False	0.000000	103.056169	{'tp': 8, 'cp': 8, 'pp': 4, 'mb': 4, 'tp_sp': True, 'train': {'dp': 16, 'ep': 1, 'tp_ep': True}, 'inference': {'replica_count': 1, 'moe_dp': 1}}
4096	66.828871	nan	nan	0.014964	6.861550e+18	1.026734e+17	3.118694e+14	0.080376	False	0.000000	72.499401	{'tp': 2, 'cp': 8, 'pp': 16, 'mb': 16, 'tp_sp': True, 'train': {'dp': 16, 'ep': 1, 'tp_ep': True}, 'inference': {'replica_count': 1, 'moe_dp': 1}}
4096	33.749041	nan	nan	0.029630	6.861550e+18	2.033110e+17	3.118694e+14	0.159158	False	0.000000	74.702166	{'tp': 4, 'cp': 8, 'pp': 8, 'mb': 8, 'tp_sp': True, 'train': {'dp': 16, 'ep': 1, 'tp_ep': True}, 'inference': {'replica_count': 1, 'moe_dp': 1}}
512	51.348552	nan	nan	0.019475	6.861550e+18	1.336269e+17	3.118694e+14	0.836857	True	708.363251	57.490143	{'tp': 2, 'cp': 8, 'pp': 1, 'mb': 1, 'tp_sp': True, 'train': {'dp': 32, 'ep': 1, 'tp_ep': True}, 'inference': {'replica_count': 1, 'moe_dp': 1}}
4096	129.171775	nan	nan	0.007742	6.861550e+18	5.311958e+16	3.118694e+14	0.041584	False	0.000000	64.608009	{'tp': 1, 'cp': 8, 'pp': 32, 'mb': 32, 'tp_sp': True, 'train': {'dp': 16, 'ep': 1, 'tp_ep': True}, 'inference': {'replica_count': 1, 'moe_dp': 1}}
256	100.376720	nan	nan	0.009962	6.861550e+18	6.835798e+16	3.118694e+14	0.856202	True	1496.556974	64.771716	{'tp': 1, 'cp': 8, 'pp': 1, 'mb': 1, 'tp_sp': True, 'train': {'dp': 32, 'ep': 1, 'tp_ep': True}, 'inference': {'replica_count': 1, 'moe_dp': 1}}
1024	27.347350	nan	nan	0.036567	6.861550e+18	2.509037e+17	3.118694e+14	0.785659	True	314.307785	55.407567	{'tp': 4, 'cp': 8, 'pp': 1, 'mb': 1, 'tp_sp': True, 'train': {'dp': 32, 'ep': 1, 'tp_ep': True}, 'inference': {'replica_count': 1, 'moe_dp': 1}}
1024	39.586781	nan	nan	0.025261	6.861550e+18	1.733293e+17	3.118694e+14	0.542749	True	316.230392	40.595600	{'tp': 2, 'cp': 8, 'pp': 2, 'mb': 2, 'tp_sp': True, 'train': {'dp': 32, 'ep': 1, 'tp_ep': True}, 'inference': {'replica_count': 1, 'moe_dp': 1}}
512	76.682871	nan	nan	0.013041	6.861550e+18	8.947957e+16	3.118694e+14	0.560378	True	712.334625	44.746471	{'tp': 1, 'cp': 8, 'pp': 2, 'mb': 2, 'tp_sp': True, 'train': {'dp': 32, 'ep': 1, 'tp_ep': True}, 'inference': {'replica_count': 1, 'moe_dp': 1}}
2048	15.362499	nan	nan	0.065094	6.861550e+18	4.466428e+17	3.118694e+14	0.699290	True	117.280052	63.336395	{'tp': 8, 'cp': 8, 'pp': 1, 'mb': 1, 'tp_sp': True, 'train': {'dp': 32, 'ep': 1, 'tp_ep': True}, 'inference': {'replica_count': 1, 'moe_dp': 1}}
2048	21.425239	nan	nan	0.046674	6.861550e+18	3.202555e+17	3.118694e+14	0.501411	True	118.178276	41.604850	{'tp': 4, 'cp': 8, 'pp': 2, 'mb': 2, 'tp_sp': True, 'train': {'dp': 32, 'ep': 1, 'tp_ep': True}, 'inference': {'replica_count': 1, 'moe_dp': 1}}
2048	48.166445	nan	nan	0.020761	6.861550e+18	1.424550e+17	3.118694e+14	0.223036	True	123.539963	45.056479	{'tp': 2, 'cp': 8, 'pp': 4, 'mb': 4, 'tp_sp': True, 'train': {'dp': 32, 'ep': 1, 'tp_ep': True}, 'inference': {'replica_count': 1, 'moe_dp': 1}}
1024	91.156676	nan	nan	0.010970	6.861550e+18	7.527205e+16	3.118694e+14	0.235701	True	326.953766	45.578639	{'tp': 1, 'cp': 8, 'pp': 4, 'mb': 4, 'tp_sp': True, 'train': {'dp': 32, 'ep': 1, 'tp_ep': True}, 'inference': {'replica_count': 1, 'moe_dp': 1}}
2048	101.314461	nan	nan	0.009870	6.861550e+18	6.772528e+16	3.118694e+14	0.106035	True	128.047516	47.922272	{'tp': 1, 'cp': 8, 'pp': 8, 'mb': 8, 'tp_sp': True, 'train': {'dp': 32, 'ep': 1, 'tp_ep': True}, 'inference': {'replica_count': 1, 'moe_dp': 1}}
4096	27.119178	nan	nan	0.036874	6.861550e+18	2.530147e+17	3.118694e+14	0.198067	True	21.833061	52.500069	{'tp': 4, 'cp': 8, 'pp': 4, 'mb': 4, 'tp_sp': True, 'train': {'dp': 32, 'ep': 1, 'tp_ep': True}, 'inference': {'replica_count': 1, 'moe_dp': 1}}
4096	12.348156	nan	nan	0.080984	6.861550e+18	5.556741e+17	3.118694e+14	0.434998	True	19.152218	63.714864	{'tp': 8, 'cp': 8, 'pp': 2, 'mb': 2, 'tp_sp': True, 'train': {'dp': 32, 'ep': 1, 'tp_ep': True}, 'inference': {'replica_count': 1, 'moe_dp': 1}}
512	50.672701	nan	nan	0.019734	6.861550e+18	1.354092e+17	3.118694e+14	0.848019	True	1460.317550	45.425820	{'tp': 1, 'cp': 8, 'pp': 1, 'mb': 1, 'tp_sp': True, 'train': {'dp': 64, 'ep': 1, 'tp_ep': True}, 'inference': {'replica_count': 1, 'moe_dp': 1}}
4096	55.955987	nan	nan	0.017871	6.861550e+18	1.226241e+17	3.118694e+14	0.095994	True	24.086838	54.178525	{'tp': 2, 'cp': 8, 'pp': 8, 'mb': 8, 'tp_sp': True, 'train': {'dp': 32, 'ep': 1, 'tp_ep': True}, 'inference': {'replica_count': 1, 'moe_dp': 1}}
1024	25.943063	nan	nan	0.038546	6.861550e+18	2.644850e+17	3.118694e+14	0.828187	True	690.201157	39.175377	{'tp': 2, 'cp': 8, 'pp': 1, 'mb': 1, 'tp_sp': True, 'train': {'dp': 64, 'ep': 1, 'tp_ep': True}, 'inference': {'replica_count': 1, 'moe_dp': 1}}
4096	112.209581	nan	nan	0.008912	6.861550e+18	6.114941e+16	3.118694e+14	0.047870	True	28.594391	54.547399	{'tp': 1, 'cp': 8, 'pp': 16, 'mb': 16, 'tp_sp': True, 'train': {'dp': 32, 'ep': 1, 'tp_ep': True}, 'inference': {'replica_count': 1, 'moe_dp': 1}}
2048	13.835912	nan	nan	0.072276	6.861550e+18	4.959232e+17	3.118694e+14	0.776447	True	305.163658	38.179239	{'tp': 4, 'cp': 8, 'pp': 1, 'mb': 1, 'tp_sp': True, 'train': {'dp': 64, 'ep': 1, 'tp_ep': True}, 'inference': {'replica_count': 1, 'moe_dp': 1}}
1024	76.680361	nan	nan	0.013041	6.861550e+18	8.948250e+16	3.118694e+14	0.280198	True	694.616974	45.119542	{'tp': 1, 'cp': 8, 'pp': 2, 'mb': 2, 'tp_sp': True, 'train': {'dp': 64, 'ep': 1, 'tp_ep': True}, 'inference': {'replica_count': 1, 'moe_dp': 1}}
4096	7.784795	nan	nan	0.128456	6.861550e+18	8.814041e+17	3.118694e+14	0.689989	True	112.644909	47.882158	{'tp': 8, 'cp': 8, 'pp': 1, 'mb': 1, 'tp_sp': True, 'train': {'dp': 64, 'ep': 1, 'tp_ep': True}, 'inference': {'replica_count': 1, 'moe_dp': 1}}
2048	39.584434	nan	nan	0.025262	6.861550e+18	1.733396e+17	3.118694e+14	0.271391	True	307.371567	41.473455	{'tp': 2, 'cp': 8, 'pp': 2, 'mb': 2, 'tp_sp': True, 'train': {'dp': 64, 'ep': 1, 'tp_ep': True}, 'inference': {'replica_count': 1, 'moe_dp': 1}}
4096	21.422972	nan	nan	0.046679	6.861550e+18	3.202894e+17	3.118694e+14	0.250732	True	113.748863	43.655433	{'tp': 4, 'cp': 8, 'pp': 2, 'mb': 2, 'tp_sp': True, 'train': {'dp': 64, 'ep': 1, 'tp_ep': True}, 'inference': {'replica_count': 1, 'moe_dp': 1}}
4096	15.382001	nan	nan	0.065011	6.861550e+18	4.460766e+17	3.118694e+14	0.349202	False	0.000000	222.628404	{'tp': 16, 'cp': 8, 'pp': 2, 'mb': 2, 'tp_sp': True, 'train': {'dp': 16, 'ep': 1, 'tp_ep': True}, 'inference': {'replica_count': 1, 'moe_dp': 1}}
4096	9.359490	nan	nan	0.106843	6.861550e+18	7.331116e+17	3.118694e+14	0.573901	True	18.766186	134.814996	{'tp': 16, 'cp': 8, 'pp': 1, 'mb': 1, 'tp_sp': True, 'train': {'dp': 32, 'ep': 1, 'tp_ep': True}, 'inference': {'replica_count': 1, 'moe_dp': 1}}
4096	22.370094	nan	nan	0.044703	6.861550e+18	3.067287e+17	3.118694e+14	0.240116	False	0.000000	407.553889	{'tp': 16, 'cp': 8, 'pp': 4, 'mb': 4, 'tp_sp': True, 'train': {'dp': 8, 'ep': 1, 'tp_ep': True}, 'inference': {'replica_count': 1, 'moe_dp': 1}}
2048	91.156676	nan	nan	0.010970	6.861550e+18	7.527205e+16	3.118694e+14	0.117850	True	317.864044	48.343654	{'tp': 1, 'cp': 8, 'pp': 4, 'mb': 4, 'tp_sp': True, 'train': {'dp': 64, 'ep': 1, 'tp_ep': True}, 'inference': {'replica_count': 1, 'moe_dp': 1}}
4096	48.166445	nan	nan	0.020761	6.861550e+18	1.424550e+17	3.118694e+14	0.111518	True	118.995102	45.830035	{'tp': 2, 'cp': 8, 'pp': 4, 'mb': 4, 'tp_sp': True, 'train': {'dp': 64, 'ep': 1, 'tp_ep': True}, 'inference': {'replica_count': 1, 'moe_dp': 1}}
2048	25.943352	nan	nan	0.038546	6.861550e+18	2.644820e+17	3.118694e+14	0.414089	True	681.388199	41.761756	{'tp': 2, 'cp': 8, 'pp': 1, 'mb': 1, 'tp_sp': True, 'train': {'dp': 128, 'ep': 1, 'tp_ep': True}, 'inference': {'replica_count': 1, 'moe_dp': 1}}
1024	50.673010	nan	nan	0.019734	6.861550e+18	1.354084e+17	3.118694e+14	0.424007	True	1442.691634	47.931671	{'tp': 1, 'cp': 8, 'pp': 1, 'mb': 1, 'tp_sp': True, 'train': {'dp': 128, 'ep': 1, 'tp_ep': True}, 'inference': {'replica_count': 1, 'moe_dp': 1}}
4096	13.836192	nan	nan	0.072274	6.861550e+18	4.959132e+17	3.118694e+14	0.388216	True	300.757179	40.765421	{'tp': 4, 'cp': 8, 'pp': 1, 'mb': 1, 'tp_sp': True, 'train': {'dp': 128, 'ep': 1, 'tp_ep': True}, 'inference': {'replica_count': 1, 'moe_dp': 1}}
4096	101.314596	nan	nan	0.009870	6.861550e+18	6.772519e+16	3.118694e+14	0.053017	True	123.410919	52.684778	{'tp': 1, 'cp': 8, 'pp': 8, 'mb': 8, 'tp_sp': True, 'train': {'dp': 64, 'ep': 1, 'tp_ep': True}, 'inference': {'replica_count': 1, 'moe_dp': 1}}
2048	76.680451	nan	nan	0.013041	6.861550e+18	8.948239e+16	3.118694e+14	0.140099	True	685.758148	50.554498	{'tp': 1, 'cp': 8, 'pp': 2, 'mb': 2, 'tp_sp': True, 'train': {'dp': 128, 'ep': 1, 'tp_ep': True}, 'inference': {'replica_count': 1, 'moe_dp': 1}}
4096	39.584521	nan	nan	0.025262	6.861550e+18	1.733392e+17	3.118694e+14	0.135695	True	302.942154	45.677863	{'tp': 2, 'cp': 8, 'pp': 2, 'mb': 2, 'tp_sp': True, 'train': {'dp': 128, 'ep': 1, 'tp_ep': True}, 'inference': {'replica_count': 1, 'moe_dp': 1}}
4096	25.941698	nan	nan	0.038548	6.861550e+18	2.644989e+17	3.118694e+14	0.207058	True	676.981720	47.061785	{'tp': 2, 'cp': 8, 'pp': 1, 'mb': 1, 'tp_sp': True, 'train': {'dp': 256, 'ep': 1, 'tp_ep': True}, 'inference': {'replica_count': 1, 'moe_dp': 1}}
4096	91.156676	nan	nan	0.010970	6.861550e+18	7.527205e+16	3.118694e+14	0.058925	True	313.319183	53.549740	{'tp': 1, 'cp': 8, 'pp': 4, 'mb': 4, 'tp_sp': True, 'train': {'dp': 128, 'ep': 1, 'tp_ep': True}, 'inference': {'replica_count': 1, 'moe_dp': 1}}
2048	50.671273	nan	nan	0.019735	6.861550e+18	1.354130e+17	3.118694e+14	0.212011	True	1433.878676	52.702995	{'tp': 1, 'cp': 8, 'pp': 1, 'mb': 1, 'tp_sp': True, 'train': {'dp': 256, 'ep': 1, 'tp_ep': True}, 'inference': {'replica_count': 1, 'moe_dp': 1}}
4096	76.680510	nan	nan	0.013041	6.861550e+18	8.948232e+16	3.118694e+14	0.070049	True	681.328735	59.185730	{'tp': 1, 'cp': 8, 'pp': 2, 'mb': 2, 'tp_sp': True, 'train': {'dp': 256, 'ep': 1, 'tp_ep': True}, 'inference': {'replica_count': 1, 'moe_dp': 1}}
4096	50.673010	nan	nan	0.019734	6.861550e+18	1.354084e+17	3.118694e+14	0.106002	True	1429.472198	66.395686	{'tp': 1, 'cp': 8, 'pp': 1, 'mb': 1, 'tp_sp': True, 'train': {'dp': 512, 'ep': 1, 'tp_ep': True}, 'inference': {'replica_count': 1, 'moe_dp': 1}}
256	262.620384	nan	nan	0.003808	6.861550e+18	2.612726e+16	3.118694e+14	0.327251	True	178.962708	111.146355	{'tp': 1, 'cp': 16, 'pp': 16, 'mb': 16, 'tp_sp': True, 'train': {'dp': 1, 'ep': 1, 'tp_ep': True}, 'inference': {'replica_count': 1, 'moe_dp': 1}}
128	436.007941	nan	nan	0.002294	6.861550e+18	1.573721e+16	3.118694e+14	0.394226	True	418.355103	174.590742	{'tp': 1, 'cp': 16, 'pp': 8, 'mb': 8, 'tp_sp': True, 'train': {'dp': 1, 'ep': 1, 'tp_ep': True}, 'inference': {'replica_count': 1, 'moe_dp': 1}}
256	257.392372	nan	nan	0.003885	6.861550e+18	2.665794e+16	3.118694e+14	0.333898	True	169.429871	192.194161	{'tp': 2, 'cp': 16, 'pp': 8, 'mb': 8, 'tp_sp': True, 'train': {'dp': 1, 'ep': 1, 'tp_ep': True}, 'inference': {'replica_count': 1, 'moe_dp': 1}}
512	172.658234	nan	nan	0.005792	6.861550e+18	3.974065e+16	3.118694e+14	0.248881	True	49.607513	176.551963	{'tp': 2, 'cp': 16, 'pp': 16, 'mb': 16, 'tp_sp': True, 'train': {'dp': 1, 'ep': 1, 'tp_ep': True}, 'inference': {'replica_count': 1, 'moe_dp': 1}}
512	170.809866	nan	nan	0.005854	6.861550e+18	4.017069e+16	3.118694e+14	0.251574	True	59.266510	88.395794	{'tp': 1, 'cp': 16, 'pp': 32, 'mb': 32, 'tp_sp': True, 'train': {'dp': 1, 'ep': 1, 'tp_ep': True}, 'inference': {'replica_count': 1, 'moe_dp': 1}}
128	409.664005	nan	nan	0.002441	6.861550e+18	1.674921e+16	3.118694e+14	0.419577	True	409.074585	300.382790	{'tp': 2, 'cp': 16, 'pp': 4, 'mb': 4, 'tp_sp': True, 'train': {'dp': 1, 'ep': 1, 'tp_ep': True}, 'inference': {'replica_count': 1, 'moe_dp': 1}}
512	172.806462	nan	nan	0.005787	6.861550e+18	3.970656e+16	3.118694e+14	0.248668	True	44.967255	305.361293	{'tp': 4, 'cp': 16, 'pp': 8, 'mb': 8, 'tp_sp': True, 'train': {'dp': 1, 'ep': 1, 'tp_ep': True}, 'inference': {'replica_count': 1, 'moe_dp': 1}}
256	249.663852	nan	nan	0.004005	6.861550e+18	2.748315e+16	3.118694e+14	0.344234	True	165.041931	354.978965	{'tp': 4, 'cp': 16, 'pp': 4, 'mb': 4, 'tp_sp': True, 'train': {'dp': 1, 'ep': 1, 'tp_ep': True}, 'inference': {'replica_count': 1, 'moe_dp': 1}}
1024	127.753879	nan	nan	0.007828	6.861550e+18	5.370913e+16	3.118694e+14	0.168180	False	0.000000	247.893874	{'tp': 2, 'cp': 16, 'pp': 32, 'mb': 32, 'tp_sp': True, 'train': {'dp': 1, 'ep': 1, 'tp_ep': True}, 'inference': {'replica_count': 1, 'moe_dp': 1}}
1024	129.997430	nan	nan	0.007692	6.861550e+18	5.278220e+16	3.118694e+14	0.165278	False	0.000000	408.394275	{'tp': 4, 'cp': 16, 'pp': 16, 'mb': 16, 'tp_sp': True, 'train': {'dp': 1, 'ep': 1, 'tp_ep': True}, 'inference': {'replica_count': 1, 'moe_dp': 1}}
128	322.226798	nan	nan	0.003103	6.861550e+18	2.129416e+16	3.118694e+14	0.533430	True	585.748413	292.397385	{'tp': 2, 'cp': 16, 'pp': 2, 'mb': 2, 'tp_sp': True, 'train': {'dp': 2, 'ep': 1, 'tp_ep': True}, 'inference': {'replica_count': 1, 'moe_dp': 1}}
128	374.685648	nan	nan	0.002669	6.861550e+18	1.831282e+16	3.118694e+14	0.458746	True	602.484009	167.876709	{'tp': 1, 'cp': 16, 'pp': 4, 'mb': 4, 'tp_sp': True, 'train': {'dp': 2, 'ep': 1, 'tp_ep': True}, 'inference': {'replica_count': 1, 'moe_dp': 1}}
256	205.378762	nan	nan	0.004869	6.861550e+18	3.340925e+16	3.118694e+14	0.418460	True	261.494324	171.110965	{'tp': 2, 'cp': 16, 'pp': 4, 'mb': 4, 'tp_sp': True, 'train': {'dp': 2, 'ep': 1, 'tp_ep': True}, 'inference': {'replica_count': 1, 'moe_dp': 1}}
256	184.156763	nan	nan	0.005430	6.861550e+18	3.725929e+16	3.118694e+14	0.466683	True	253.378845	310.583753	{'tp': 4, 'cp': 16, 'pp': 2, 'mb': 2, 'tp_sp': True, 'train': {'dp': 2, 'ep': 1, 'tp_ep': True}, 'inference': {'replica_count': 1, 'moe_dp': 1}}
512	125.201900	nan	nan	0.007987	6.861550e+18	5.480388e+16	3.118694e+14	0.343217	True	90.999481	217.978705	{'tp': 4, 'cp': 16, 'pp': 4, 'mb': 4, 'tp_sp': True, 'train': {'dp': 2, 'ep': 1, 'tp_ep': True}, 'inference': {'replica_count': 1, 'moe_dp': 1}}
256	219.461173	nan	nan	0.004557	6.861550e+18	3.126544e+16	3.118694e+14	0.391608	True	268.091614	103.459751	{'tp': 1, 'cp': 16, 'pp': 8, 'mb': 8, 'tp_sp': True, 'train': {'dp': 2, 'ep': 1, 'tp_ep': True}, 'inference': {'replica_count': 1, 'moe_dp': 1}}
512	132.271633	nan	nan	0.007560	6.861550e+18	5.187469e+16	3.118694e+14	0.324872	True	100.895416	73.343334	{'tp': 1, 'cp': 16, 'pp': 16, 'mb': 16, 'tp_sp': True, 'train': {'dp': 2, 'ep': 1, 'tp_ep': True}, 'inference': {'replica_count': 1, 'moe_dp': 1}}
512	129.531216	nan	nan	0.007720	6.861550e+18	5.297217e+16	3.118694e+14	0.331745	True	94.171967	131.018038	{'tp': 2, 'cp': 16, 'pp': 8, 'mb': 8, 'tp_sp': True, 'train': {'dp': 2, 'ep': 1, 'tp_ep': True}, 'inference': {'replica_count': 1, 'moe_dp': 1}}
1024	86.748003	nan	nan	0.011528	6.861550e+18	7.909750e+16	3.118694e+14	0.247679	True	17.297318	70.750376	{'tp': 1, 'cp': 16, 'pp': 32, 'mb': 32, 'tp_sp': True, 'train': {'dp': 2, 'ep': 1, 'tp_ep': True}, 'inference': {'replica_count': 1, 'moe_dp': 1}}
1024	86.889571	nan	nan	0.011509	6.861550e+18	7.896863e+16	3.118694e+14	0.247276	True	10.510788	139.553467	{'tp': 2, 'cp': 16, 'pp': 16, 'mb': 16, 'tp_sp': True, 'train': {'dp': 2, 'ep': 1, 'tp_ep': True}, 'inference': {'replica_count': 1, 'moe_dp': 1}}
1024	86.886513	nan	nan	0.011509	6.861550e+18	7.897141e+16	3.118694e+14	0.247285	True	7.212143	234.391024	{'tp': 4, 'cp': 16, 'pp': 8, 'mb': 8, 'tp_sp': True, 'train': {'dp': 2, 'ep': 1, 'tp_ep': True}, 'inference': {'replica_count': 1, 'moe_dp': 1}}
2048	64.660600	nan	nan	0.015465	6.861550e+18	1.061164e+17	3.118694e+14	0.166142	False	0.000000	231.114417	{'tp': 2, 'cp': 16, 'pp': 32, 'mb': 32, 'tp_sp': True, 'train': {'dp': 2, 'ep': 1, 'tp_ep': True}, 'inference': {'replica_count': 1, 'moe_dp': 1}}
2048	65.360932	nan	nan	0.015300	6.861550e+18	1.049794e+17	3.118694e+14	0.164362	False	0.000000	374.389116	{'tp': 4, 'cp': 16, 'pp': 16, 'mb': 16, 'tp_sp': True, 'train': {'dp': 2, 'ep': 1, 'tp_ep': True}, 'inference': {'replica_count': 1, 'moe_dp': 1}}
128	307.691891	nan	nan	0.003250	6.861550e+18	2.230007e+16	3.118694e+14	0.558629	True	963.220337	165.304431	{'tp': 1, 'cp': 16, 'pp': 2, 'mb': 2, 'tp_sp': True, 'train': {'dp': 4, 'ep': 1, 'tp_ep': True}, 'inference': {'replica_count': 1, 'moe_dp': 1}}
128	207.635874	nan	nan	0.004816	6.861550e+18	3.304607e+16	3.118694e+14	0.827822	True	958.343140	288.051145	{'tp': 2, 'cp': 16, 'pp': 1, 'mb': 1, 'tp_sp': True, 'train': {'dp': 4, 'ep': 1, 'tp_ep': True}, 'inference': {'replica_count': 1, 'moe_dp': 1}}
256	161.590214	nan	nan	0.006188	6.861550e+18	4.246266e+16	3.118694e+14	0.531856	True	441.862488	162.004482	{'tp': 2, 'cp': 16, 'pp': 2, 'mb': 2, 'tp_sp': True, 'train': {'dp': 4, 'ep': 1, 'tp_ep': True}, 'inference': {'replica_count': 1, 'moe_dp': 1}}
256	115.592992	nan	nan	0.008651	6.861550e+18	5.935957e+16	3.118694e+14	0.743495	True	439.676208	293.162042	{'tp': 4, 'cp': 16, 'pp': 1, 'mb': 1, 'tp_sp': True, 'train': {'dp': 4, 'ep': 1, 'tp_ep': True}, 'inference': {'replica_count': 1, 'moe_dp': 1}}
512	92.402725	nan	nan	0.010822	6.861550e+18	7.425701e+16	3.118694e+14	0.465045	True	181.183563	181.186341	{'tp': 4, 'cp': 16, 'pp': 2, 'mb': 2, 'tp_sp': True, 'train': {'dp': 4, 'ep': 1, 'tp_ep': True}, 'inference': {'replica_count': 1, 'moe_dp': 1}}
512	110.661663	nan	nan	0.009037	6.861550e+18	6.200476e+16	3.118694e+14	0.388313	True	192.959869	66.251532	{'tp': 1, 'cp': 16, 'pp': 8, 'mb': 8, 'tp_sp': True, 'train': {'dp': 4, 'ep': 1, 'tp_ep': True}, 'inference': {'replica_count': 1, 'moe_dp': 1}}
256	188.712625	nan	nan	0.005299	6.861550e+18	3.635978e+16	3.118694e+14	0.455416	True	455.156067	98.019606	{'tp': 1, 'cp': 16, 'pp': 4, 'mb': 4, 'tp_sp': True, 'train': {'dp': 4, 'ep': 1, 'tp_ep': True}, 'inference': {'replica_count': 1, 'moe_dp': 1}}
512	103.469913	nan	nan	0.009665	6.861550e+18	6.631445e+16	3.118694e+14	0.415303	True	187.704193	103.885633	{'tp': 2, 'cp': 16, 'pp': 4, 'mb': 4, 'tp_sp': True, 'train': {'dp': 4, 'ep': 1, 'tp_ep': True}, 'inference': {'replica_count': 1, 'moe_dp': 1}}
512	69.692511	nan	nan	0.014349	6.861550e+18	9.845463e+16	3.118694e+14	0.616586	True	180.342743	362.223602	{'tp': 8, 'cp': 16, 'pp': 1, 'mb': 1, 'tp_sp': True, 'train': {'dp': 4, 'ep': 1, 'tp_ep': True}, 'inference': {'replica_count': 1, 'moe_dp': 1}}
1024	65.297027	nan	nan	0.015315	6.861550e+18	1.050821e+17	3.118694e+14	0.329046	True	56.543015	94.766325	{'tp': 2, 'cp': 16, 'pp': 8, 'mb': 8, 'tp_sp': True, 'train': {'dp': 4, 'ep': 1, 'tp_ep': True}, 'inference': {'replica_count': 1, 'moe_dp': 1}}
1024	67.472429	nan	nan	0.014821	6.861550e+18	1.016941e+17	3.118694e+14	0.318437	True	61.861771	54.968897	{'tp': 1, 'cp': 16, 'pp': 16, 'mb': 16, 'tp_sp': True, 'train': {'dp': 4, 'ep': 1, 'tp_ep': True}, 'inference': {'replica_count': 1, 'moe_dp': 1}}
1024	63.048301	nan	nan	0.015861	6.861550e+18	1.088301e+17	3.118694e+14	0.340782	True	53.978256	151.740193	{'tp': 4, 'cp': 16, 'pp': 4, 'mb': 4, 'tp_sp': True, 'train': {'dp': 4, 'ep': 1, 'tp_ep': True}, 'inference': {'replica_count': 1, 'moe_dp': 1}}
2048	86.748210	nan	nan	0.011528	6.861550e+18	7.909731e+16	3.118694e+14	0.123839	False	0.000000	73.155793	{'tp': 1, 'cp': 16, 'pp': 32, 'mb': 32, 'tp_sp': True, 'train': {'dp': 4, 'ep': 1, 'tp_ep': True}, 'inference': {'replica_count': 1, 'moe_dp': 1}}
1024	57.891859	nan	nan	0.017274	6.861550e+18	1.185236e+17	3.118694e+14	0.371135	True	50.844101	326.352800	{'tp': 8, 'cp': 16, 'pp': 2, 'mb': 2, 'tp_sp': True, 'train': {'dp': 4, 'ep': 1, 'tp_ep': True}, 'inference': {'replica_count': 1, 'moe_dp': 1}}
2048	44.194467	nan	nan	0.022627	6.861550e+18	1.552581e+17	3.118694e+14	0.243081	False	0.000000	118.883097	{'tp': 2, 'cp': 16, 'pp': 16, 'mb': 16, 'tp_sp': True, 'train': {'dp': 4, 'ep': 1, 'tp_ep': True}, 'inference': {'replica_count': 1, 'moe_dp': 1}}
2048	43.777101	nan	nan	0.022843	6.861550e+18	1.567383e+17	3.118694e+14	0.245399	False	0.000000	199.484760	{'tp': 4, 'cp': 16, 'pp': 8, 'mb': 8, 'tp_sp': True, 'train': {'dp': 4, 'ep': 1, 'tp_ep': True}, 'inference': {'replica_count': 1, 'moe_dp': 1}}
256	104.139397	nan	nan	0.009603	6.861550e+18	6.588813e+16	3.118694e+14	0.825267	True	815.191101	155.738319	{'tp': 2, 'cp': 16, 'pp': 1, 'mb': 1, 'tp_sp': True, 'train': {'dp': 8, 'ep': 1, 'tp_ep': True}, 'inference': {'replica_count': 1, 'moe_dp': 1}}
128	201.536646	nan	nan	0.004962	6.861550e+18	3.404617e+16	3.118694e+14	0.852875	True	1710.043148	163.998299	{'tp': 1, 'cp': 16, 'pp': 1, 'mb': 1, 'tp_sp': True, 'train': {'dp': 8, 'ep': 1, 'tp_ep': True}, 'inference': {'replica_count': 1, 'moe_dp': 1}}
256	155.017008	nan	nan	0.006451	6.861550e+18	4.426321e+16	3.118694e+14	0.554409	True	819.586731	97.110503	{'tp': 1, 'cp': 16, 'pp': 2, 'mb': 2, 'tp_sp': True, 'train': {'dp': 8, 'ep': 1, 'tp_ep': True}, 'inference': {'replica_count': 1, 'moe_dp': 1}}
512	58.016339	nan	nan	0.017237	6.861550e+18	1.182693e+17	3.118694e+14	0.740677	True	367.847870	169.420892	{'tp': 4, 'cp': 16, 'pp': 1, 'mb': 1, 'tp_sp': True, 'train': {'dp': 8, 'ep': 1, 'tp_ep': True}, 'inference': {'replica_count': 1, 'moe_dp': 1}}
512	81.458864	nan	nan	0.012276	6.861550e+18	8.423332e+16	3.118694e+14	0.527523	True	369.919525	96.328412	{'tp': 2, 'cp': 16, 'pp': 2, 'mb': 2, 'tp_sp': True, 'train': {'dp': 8, 'ep': 1, 'tp_ep': True}, 'inference': {'replica_count': 1, 'moe_dp': 1}}
4096	64.660843	nan	nan	0.015465	6.861550e+18	1.061160e+17	3.118694e+14	0.083071	False	0.000000	239.797122	{'tp': 2, 'cp': 16, 'pp': 32, 'mb': 32, 'tp_sp': True, 'train': {'dp': 4, 'ep': 1, 'tp_ep': True}, 'inference': {'replica_count': 1, 'moe_dp': 1}}
512	95.212067	nan	nan	0.010503	6.861550e+18	7.206597e+16	3.118694e+14	0.451323	True	381.492096	62.496850	{'tp': 1, 'cp': 16, 'pp': 4, 'mb': 4, 'tp_sp': True, 'train': {'dp': 8, 'ep': 1, 'tp_ep': True}, 'inference': {'replica_count': 1, 'moe_dp': 1}}
1024	52.213494	nan	nan	0.019152	6.861550e+18	1.314133e+17	3.118694e+14	0.411497	True	150.809128	70.578302	{'tp': 2, 'cp': 16, 'pp': 4, 'mb': 4, 'tp_sp': True, 'train': {'dp': 8, 'ep': 1, 'tp_ep': True}, 'inference': {'replica_count': 1, 'moe_dp': 1}}
1024	46.578493	nan	nan	0.021469	6.861550e+18	1.473116e+17	3.118694e+14	0.461279	True	145.085922	115.861505	{'tp': 4, 'cp': 16, 'pp': 2, 'mb': 2, 'tp_sp': True, 'train': {'dp': 8, 'ep': 1, 'tp_ep': True}, 'inference': {'replica_count': 1, 'moe_dp': 1}}
1024	35.010062	nan	nan	0.028563	6.861550e+18	1.959879e+17	3.118694e+14	0.613701	True	144.176254	233.240895	{'tp': 8, 'cp': 16, 'pp': 1, 'mb': 1, 'tp_sp': True, 'train': {'dp': 8, 'ep': 1, 'tp_ep': True}, 'inference': {'replica_count': 1, 'moe_dp': 1}}
1024	56.603964	nan	nan	0.017667	6.861550e+18	1.212203e+17	3.118694e+14	0.379579	True	155.393997	47.404851	{'tp': 1, 'cp': 16, 'pp': 8, 'mb': 8, 'tp_sp': True, 'train': {'dp': 8, 'ep': 1, 'tp_ep': True}, 'inference': {'replica_count': 1, 'moe_dp': 1}}
2048	42.864542	nan	nan	0.023329	6.861550e+18	1.600752e+17	3.118694e+14	0.250623	False	0.000000	442.207523	{'tp': 8, 'cp': 16, 'pp': 4, 'mb': 4, 'tp_sp': True, 'train': {'dp': 4, 'ep': 1, 'tp_ep': True}, 'inference': {'replica_count': 1, 'moe_dp': 1}}
4096	33.135896	nan	nan	0.030179	6.861550e+18	2.070730e+17	3.118694e+14	0.162103	False	0.000000	363.741531	{'tp': 4, 'cp': 16, 'pp': 16, 'mb': 16, 'tp_sp': True, 'train': {'dp': 4, 'ep': 1, 'tp_ep': True}, 'inference': {'replica_count': 1, 'moe_dp': 1}}
2048	67.482146	nan	nan	0.014819	6.861550e+18	1.016795e+17	3.118694e+14	0.159195	True	42.581497	54.758963	{'tp': 1, 'cp': 16, 'pp': 16, 'mb': 16, 'tp_sp': True, 'train': {'dp': 8, 'ep': 1, 'tp_ep': True}, 'inference': {'replica_count': 1, 'moe_dp': 1}}
2048	31.816215	nan	nan	0.031431	6.861550e+18	2.156620e+17	3.118694e+14	0.337653	True	35.467644	118.106096	{'tp': 4, 'cp': 16, 'pp': 4, 'mb': 4, 'tp_sp': True, 'train': {'dp': 8, 'ep': 1, 'tp_ep': True}, 'inference': {'replica_count': 1, 'moe_dp': 1}}
2048	33.338481	nan	nan	0.029995	6.861550e+18	2.058147e+17	3.118694e+14	0.322236	True	37.728539	75.628836	{'tp': 2, 'cp': 16, 'pp': 8, 'mb': 8, 'tp_sp': True, 'train': {'dp': 8, 'ep': 1, 'tp_ep': True}, 'inference': {'replica_count': 1, 'moe_dp': 1}}
4096	86.742953	nan	nan	0.011528	6.861550e+18	7.910210e+16	3.118694e+14	0.061923	False	0.000000	73.543410	{'tp': 1, 'cp': 16, 'pp': 32, 'mb': 32, 'tp_sp': True, 'train': {'dp': 8, 'ep': 1, 'tp_ep': True}, 'inference': {'replica_count': 1, 'moe_dp': 1}}
256	101.551844	nan	nan	0.009847	6.861550e+18	6.756697e+16	3.118694e+14	0.846295	True	1567.060637	95.598191	{'tp': 1, 'cp': 16, 'pp': 1, 'mb': 1, 'tp_sp': True, 'train': {'dp': 16, 'ep': 1, 'tp_ep': True}, 'inference': {'replica_count': 1, 'moe_dp': 1}}
4096	44.203328	nan	nan	0.022623	6.861550e+18	1.552270e+17	3.118694e+14	0.121516	False	0.000000	120.489222	{'tp': 2, 'cp': 16, 'pp': 16, 'mb': 16, 'tp_sp': True, 'train': {'dp': 8, 'ep': 1, 'tp_ep': True}, 'inference': {'replica_count': 1, 'moe_dp': 1}}
512	52.515042	nan	nan	0.019042	6.861550e+18	1.306588e+17	3.118694e+14	0.818268	True	743.615082	90.500275	{'tp': 2, 'cp': 16, 'pp': 1, 'mb': 1, 'tp_sp': True, 'train': {'dp': 16, 'ep': 1, 'tp_ep': True}, 'inference': {'replica_count': 1, 'moe_dp': 1}}
512	78.236087	nan	nan	0.012782	6.861550e+18	8.770314e+16	3.118694e+14	0.549253	True	747.769928	61.492676	{'tp': 1, 'cp': 16, 'pp': 2, 'mb': 2, 'tp_sp': True, 'train': {'dp': 16, 'ep': 1, 'tp_ep': True}, 'inference': {'replica_count': 1, 'moe_dp': 1}}
2048	29.161650	nan	nan	0.034292	6.861550e+18	2.352936e+17	3.118694e+14	0.368390	True	32.669121	256.244138	{'tp': 8, 'cp': 16, 'pp': 2, 'mb': 2, 'tp_sp': True, 'train': {'dp': 8, 'ep': 1, 'tp_ep': True}, 'inference': {'replica_count': 1, 'moe_dp': 1}}
1024	29.262248	nan	nan	0.034174	6.861550e+18	2.344847e+17	3.118694e+14	0.734246	True	331.933701	99.966223	{'tp': 4, 'cp': 16, 'pp': 1, 'mb': 1, 'tp_sp': True, 'train': {'dp': 16, 'ep': 1, 'tp_ep': True}, 'inference': {'replica_count': 1, 'moe_dp': 1}}
1024	41.133025	nan	nan	0.024311	6.861550e+18	1.668137e+17	3.118694e+14	0.522347	True	333.948044	60.295225	{'tp': 2, 'cp': 16, 'pp': 2, 'mb': 2, 'tp_sp': True, 'train': {'dp': 16, 'ep': 1, 'tp_ep': True}, 'inference': {'replica_count': 1, 'moe_dp': 1}}
1024	48.777170	nan	nan	0.020501	6.861550e+18	1.406713e+17	3.118694e+14	0.440487	True	344.660110	43.909235	{'tp': 1, 'cp': 16, 'pp': 4, 'mb': 4, 'tp_sp': True, 'train': {'dp': 16, 'ep': 1, 'tp_ep': True}, 'inference': {'replica_count': 1, 'moe_dp': 1}}
2048	26.728340	nan	nan	0.037413	6.861550e+18	2.567144e+17	3.118694e+14	0.401927	True	132.361595	53.110884	{'tp': 2, 'cp': 16, 'pp': 4, 'mb': 4, 'tp_sp': True, 'train': {'dp': 16, 'ep': 1, 'tp_ep': True}, 'inference': {'replica_count': 1, 'moe_dp': 1}}
4096	22.286138	nan	nan	0.044871	6.861550e+18	3.078842e+17	3.118694e+14	0.241021	False	0.000000	181.590144	{'tp': 4, 'cp': 16, 'pp': 8, 'mb': 8, 'tp_sp': True, 'train': {'dp': 8, 'ep': 1, 'tp_ep': True}, 'inference': {'replica_count': 1, 'moe_dp': 1}}
2048	56.604494	nan	nan	0.017666	6.861550e+18	1.212192e+17	3.118694e+14	0.189788	True	136.847610	48.339071	{'tp': 1, 'cp': 16, 'pp': 8, 'mb': 8, 'tp_sp': True, 'train': {'dp': 16, 'ep': 1, 'tp_ep': True}, 'inference': {'replica_count': 1, 'moe_dp': 1}}
2048	23.532543	nan	nan	0.042494	6.861550e+18	2.915771e+17	3.118694e+14	0.456510	True	127.037102	82.313679	{'tp': 4, 'cp': 16, 'pp': 2, 'mb': 2, 'tp_sp': True, 'train': {'dp': 16, 'ep': 1, 'tp_ep': True}, 'inference': {'replica_count': 1, 'moe_dp': 1}}
4096	67.482012	nan	nan	0.014819	6.861550e+18	1.016797e+17	3.118694e+14	0.079598	True	32.941360	56.452348	{'tp': 1, 'cp': 16, 'pp': 16, 'mb': 16, 'tp_sp': True, 'train': {'dp': 16, 'ep': 1, 'tp_ep': True}, 'inference': {'replica_count': 1, 'moe_dp': 1}}
4096	33.338988	nan	nan	0.029995	6.861550e+18	2.058116e+17	3.118694e+14	0.161115	True	28.455345	76.453739	{'tp': 2, 'cp': 16, 'pp': 8, 'mb': 8, 'tp_sp': True, 'train': {'dp': 16, 'ep': 1, 'tp_ep': True}, 'inference': {'replica_count': 1, 'moe_dp': 1}}
2048	17.651412	nan	nan	0.056653	6.861550e+18	3.887253e+17	3.118694e+14	0.608611	True	126.093010	168.678119	{'tp': 8, 'cp': 16, 'pp': 1, 'mb': 1, 'tp_sp': True, 'train': {'dp': 16, 'ep': 1, 'tp_ep': True}, 'inference': {'replica_count': 1, 'moe_dp': 1}}
512	51.260342	nan	nan	0.019508	6.861550e+18	1.338569e+17	3.118694e+14	0.838297	True	1495.569381	60.602944	{'tp': 1, 'cp': 16, 'pp': 1, 'mb': 1, 'tp_sp': True, 'train': {'dp': 32, 'ep': 1, 'tp_ep': True}, 'inference': {'replica_count': 1, 'moe_dp': 1}}
1024	26.526014	nan	nan	0.037699	6.861550e+18	2.586725e+17	3.118694e+14	0.809986	True	707.827072	56.883043	{'tp': 2, 'cp': 16, 'pp': 1, 'mb': 1, 'tp_sp': True, 'train': {'dp': 32, 'ep': 1, 'tp_ep': True}, 'inference': {'replica_count': 1, 'moe_dp': 1}}
4096	16.254168	nan	nan	0.061523	6.861550e+18	4.221410e+17	3.118694e+14	0.330464	True	26.212337	103.115746	{'tp': 4, 'cp': 16, 'pp': 4, 'mb': 4, 'tp_sp': True, 'train': {'dp': 16, 'ep': 1, 'tp_ep': True}, 'inference': {'replica_count': 1, 'moe_dp': 1}}
1024	40.111935	nan	nan	0.024930	6.861550e+18	1.710601e+17	3.118694e+14	0.535644	True	711.861526	42.615701	{'tp': 1, 'cp': 16, 'pp': 2, 'mb': 2, 'tp_sp': True, 'train': {'dp': 32, 'ep': 1, 'tp_ep': True}, 'inference': {'replica_count': 1, 'moe_dp': 1}}
2048	14.792882	nan	nan	0.067600	6.861550e+18	4.638413e+17	3.118694e+14	0.726217	True	313.976616	65.199002	{'tp': 4, 'cp': 16, 'pp': 1, 'mb': 1, 'tp_sp': True, 'train': {'dp': 32, 'ep': 1, 'tp_ep': True}, 'inference': {'replica_count': 1, 'moe_dp': 1}}
2048	21.086984	nan	nan	0.047423	6.861550e+18	3.253927e+17	3.118694e+14	0.509454	True	315.962303	43.850151	{'tp': 2, 'cp': 16, 'pp': 2, 'mb': 2, 'tp_sp': True, 'train': {'dp': 32, 'ep': 1, 'tp_ep': True}, 'inference': {'replica_count': 1, 'moe_dp': 1}}
2048	48.777170	nan	nan	0.020501	6.861550e+18	1.406713e+17	3.118694e+14	0.220243	True	326.480667	45.509071	{'tp': 1, 'cp': 16, 'pp': 4, 'mb': 4, 'tp_sp': True, 'train': {'dp': 32, 'ep': 1, 'tp_ep': True}, 'inference': {'replica_count': 1, 'moe_dp': 1}}
1024	26.292802	nan	nan	0.038033	6.861550e+18	2.609669e+17	3.118694e+14	0.817170	True	1459.823753	42.510945	{'tp': 1, 'cp': 16, 'pp': 1, 'mb': 1, 'tp_sp': True, 'train': {'dp': 64, 'ep': 1, 'tp_ep': True}, 'inference': {'replica_count': 1, 'moe_dp': 1}}
2048	13.610228	nan	nan	0.073474	6.861550e+18	5.041466e+17	3.118694e+14	0.789322	True	689.933067	39.826487	{'tp': 2, 'cp': 16, 'pp': 1, 'mb': 1, 'tp_sp': True, 'train': {'dp': 64, 'ep': 1, 'tp_ep': True}, 'inference': {'replica_count': 1, 'moe_dp': 1}}
4096	26.728340	nan	nan	0.037413	6.861550e+18	2.567144e+17	3.118694e+14	0.200964	True	123.271873	54.612725	{'tp': 2, 'cp': 16, 'pp': 4, 'mb': 4, 'tp_sp': True, 'train': {'dp': 32, 'ep': 1, 'tp_ep': True}, 'inference': {'replica_count': 1, 'moe_dp': 1}}
4096	56.604567	nan	nan	0.017666	6.861550e+18	1.212190e+17	3.118694e+14	0.094894	True	127.574417	49.178796	{'tp': 1, 'cp': 16, 'pp': 8, 'mb': 8, 'tp_sp': True, 'train': {'dp': 32, 'ep': 1, 'tp_ep': True}, 'inference': {'replica_count': 1, 'moe_dp': 1}}
4096	12.049375	nan	nan	0.082992	6.861550e+18	5.694528e+17	3.118694e+14	0.445785	True	118.012691	64.546544	{'tp': 4, 'cp': 16, 'pp': 2, 'mb': 2, 'tp_sp': True, 'train': {'dp': 32, 'ep': 1, 'tp_ep': True}, 'inference': {'replica_count': 1, 'moe_dp': 1}}
2048	40.109425	nan	nan	0.024932	6.861550e+18	1.710708e+17	3.118694e+14	0.267839	True	694.143875	44.619652	{'tp': 1, 'cp': 16, 'pp': 2, 'mb': 2, 'tp_sp': True, 'train': {'dp': 64, 'ep': 1, 'tp_ep': True}, 'inference': {'replica_count': 1, 'moe_dp': 1}}
4096	21.084637	nan	nan	0.047428	6.861550e+18	3.254289e+17	3.118694e+14	0.254755	True	307.103477	45.117120	{'tp': 2, 'cp': 16, 'pp': 2, 'mb': 2, 'tp_sp': True, 'train': {'dp': 64, 'ep': 1, 'tp_ep': True}, 'inference': {'replica_count': 1, 'moe_dp': 1}}
4096	7.585517	nan	nan	0.131830	6.861550e+18	9.045593e+17	3.118694e+14	0.708116	True	304.998074	50.603540	{'tp': 4, 'cp': 16, 'pp': 1, 'mb': 1, 'tp_sp': True, 'train': {'dp': 64, 'ep': 1, 'tp_ep': True}, 'inference': {'replica_count': 1, 'moe_dp': 1}}
4096	48.777170	nan	nan	0.020501	6.861550e+18	1.406713e+17	3.118694e+14	0.110122	True	317.390945	46.392668	{'tp': 1, 'cp': 16, 'pp': 4, 'mb': 4, 'tp_sp': True, 'train': {'dp': 64, 'ep': 1, 'tp_ep': True}, 'inference': {'replica_count': 1, 'moe_dp': 1}}
2048	26.293111	nan	nan	0.038033	6.861550e+18	2.609638e+17	3.118694e+14	0.408580	True	1442.197837	44.338069	{'tp': 1, 'cp': 16, 'pp': 1, 'mb': 1, 'tp_sp': True, 'train': {'dp': 128, 'ep': 1, 'tp_ep': True}, 'inference': {'replica_count': 1, 'moe_dp': 1}}
4096	13.610517	nan	nan	0.073473	6.861550e+18	5.041359e+17	3.118694e+14	0.394652	True	681.120110	42.558506	{'tp': 2, 'cp': 16, 'pp': 1, 'mb': 1, 'tp_sp': True, 'train': {'dp': 128, 'ep': 1, 'tp_ep': True}, 'inference': {'replica_count': 1, 'moe_dp': 1}}
4096	8.929151	nan	nan	0.111993	6.861550e+18	7.684437e+17	3.118694e+14	0.601560	True	117.051388	135.571474	{'tp': 8, 'cp': 16, 'pp': 1, 'mb': 1, 'tp_sp': True, 'train': {'dp': 32, 'ep': 1, 'tp_ep': True}, 'inference': {'replica_count': 1, 'moe_dp': 1}}
4096	40.109515	nan	nan	0.024932	6.861550e+18	1.710704e+17	3.118694e+14	0.133919	True	685.285049	47.776630	{'tp': 1, 'cp': 16, 'pp': 2, 'mb': 2, 'tp_sp': True, 'train': {'dp': 128, 'ep': 1, 'tp_ep': True}, 'inference': {'replica_count': 1, 'moe_dp': 1}}
4096	26.291374	nan	nan	0.038035	6.861550e+18	2.609810e+17	3.118694e+14	0.204304	True	1433.384880	51.874485	{'tp': 1, 'cp': 16, 'pp': 1, 'mb': 1, 'tp_sp': True, 'train': {'dp': 256, 'ep': 1, 'tp_ep': True}, 'inference': {'replica_count': 1, 'moe_dp': 1}}
4096	14.736554	nan	nan	0.067858	6.861550e+18	4.656143e+17	3.118694e+14	0.364497	True	23.581631	225.012695	{'tp': 8, 'cp': 16, 'pp': 2, 'mb': 2, 'tp_sp': True, 'train': {'dp': 16, 'ep': 1, 'tp_ep': True}, 'inference': {'replica_count': 1, 'moe_dp': 1}}
4096	21.622504	nan	nan	0.046248	6.861550e+18	3.173337e+17	3.118694e+14	0.248418	False	0.000000	424.068578	{'tp': 8, 'cp': 16, 'pp': 4, 'mb': 4, 'tp_sp': True, 'train': {'dp': 8, 'ep': 1, 'tp_ep': True}, 'inference': {'replica_count': 1, 'moe_dp': 1}}
512	176.782316	nan	nan	0.005657	6.861550e+18	3.881355e+16	3.118694e+14	0.243075	True	178.016510	125.399672	{'tp': 1, 'cp': 32, 'pp': 16, 'mb': 16, 'tp_sp': True, 'train': {'dp': 1, 'ep': 1, 'tp_ep': True}, 'inference': {'replica_count': 1, 'moe_dp': 1}}
256	265.492657	nan	nan	0.003767	6.861550e+18	2.584459e+16	3.118694e+14	0.323711	True	416.462708	175.656413	{'tp': 1, 'cp': 32, 'pp': 8, 'mb': 8, 'tp_sp': True, 'train': {'dp': 1, 'ep': 1, 'tp_ep': True}, 'inference': {'replica_count': 1, 'moe_dp': 1}}
128	423.425686	nan	nan	0.002362	6.861550e+18	1.620485e+16	3.118694e+14	0.405940	True	893.355103	288.911019	{'tp': 1, 'cp': 32, 'pp': 4, 'mb': 4, 'tp_sp': True, 'train': {'dp': 1, 'ep': 1, 'tp_ep': True}, 'inference': {'replica_count': 1, 'moe_dp': 1}}
1024	130.393645	nan	nan	0.007669	6.861550e+18	5.262181e+16	3.118694e+14	0.164776	True	58.793411	133.827197	{'tp': 1, 'cp': 32, 'pp': 32, 'mb': 32, 'tp_sp': True, 'train': {'dp': 1, 'ep': 1, 'tp_ep': True}, 'inference': {'replica_count': 1, 'moe_dp': 1}}
512	171.334781	nan	nan	0.005837	6.861550e+18	4.004762e+16	3.118694e+14	0.250804	True	168.357513	305.288558	{'tp': 2, 'cp': 32, 'pp': 8, 'mb': 8, 'tp_sp': True, 'train': {'dp': 1, 'ep': 1, 'tp_ep': True}, 'inference': {'replica_count': 1, 'moe_dp': 1}}
256	246.100364	nan	nan	0.004063	6.861550e+18	2.788111e+16	3.118694e+14	0.349218	True	406.929871	349.213915	{'tp': 2, 'cp': 32, 'pp': 4, 'mb': 4, 'tp_sp': True, 'train': {'dp': 1, 'ep': 1, 'tp_ep': True}, 'inference': {'replica_count': 1, 'moe_dp': 1}}
1024	89.679456	nan	nan	0.011151	6.861550e+18	7.651195e+16	3.118694e+14	0.239583	True	100.422318	88.710989	{'tp': 1, 'cp': 32, 'pp': 16, 'mb': 16, 'tp_sp': True, 'train': {'dp': 2, 'ep': 1, 'tp_ep': True}, 'inference': {'replica_count': 1, 'moe_dp': 1}}
512	133.657913	nan	nan	0.007482	6.861550e+18	5.133665e+16	3.118694e+14	0.321503	True	267.145416	108.119867	{'tp': 1, 'cp': 32, 'pp': 8, 'mb': 8, 'tp_sp': True, 'train': {'dp': 2, 'ep': 1, 'tp_ep': True}, 'inference': {'replica_count': 1, 'moe_dp': 1}}
2048	66.583551	nan	nan	0.015019	6.861550e+18	1.030517e+17	3.118694e+14	0.161344	True	17.060883	116.249701	{'tp': 1, 'cp': 32, 'pp': 32, 'mb': 32, 'tp_sp': True, 'train': {'dp': 2, 'ep': 1, 'tp_ep': True}, 'inference': {'replica_count': 1, 'moe_dp': 1}}
512	123.807291	nan	nan	0.008077	6.861550e+18	5.542121e+16	3.118694e+14	0.347083	True	260.421967	225.772203	{'tp': 2, 'cp': 32, 'pp': 4, 'mb': 4, 'tp_sp': True, 'train': {'dp': 2, 'ep': 1, 'tp_ep': True}, 'inference': {'replica_count': 1, 'moe_dp': 1}}
1024	86.181442	nan	nan	0.011603	6.861550e+18	7.961749e+16	3.118694e+14	0.249308	True	93.635788	240.467864	{'tp': 2, 'cp': 32, 'pp': 8, 'mb': 8, 'tp_sp': True, 'train': {'dp': 2, 'ep': 1, 'tp_ep': True}, 'inference': {'replica_count': 1, 'moe_dp': 1}}
128	215.552202	nan	nan	0.004639	6.861550e+18	3.183243e+16	3.118694e+14	0.797420	True	1992.057796	289.233564	{'tp': 1, 'cp': 32, 'pp': 1, 'mb': 1, 'tp_sp': True, 'train': {'dp': 4, 'ep': 1, 'tp_ep': True}, 'inference': {'replica_count': 1, 'moe_dp': 1}}
256	113.542090	nan	nan	0.008807	6.861550e+18	6.043178e+16	3.118694e+14	0.756925	True	956.198425	291.218626	{'tp': 2, 'cp': 32, 'pp': 1, 'mb': 1, 'tp_sp': True, 'train': {'dp': 4, 'ep': 1, 'tp_ep': True}, 'inference': {'replica_count': 1, 'moe_dp': 1}}
2048	65.350355	nan	nan	0.015302	6.861550e+18	1.049964e+17	3.118694e+14	0.164389	True	10.242699	378.691885	{'tp': 2, 'cp': 32, 'pp': 16, 'mb': 16, 'tp_sp': True, 'train': {'dp': 2, 'ep': 1, 'tp_ep': True}, 'inference': {'replica_count': 1, 'moe_dp': 1}}
256	168.218945	nan	nan	0.005945	6.861550e+18	4.078940e+16	3.118694e+14	0.510898	True	961.327942	163.917103	{'tp': 1, 'cp': 32, 'pp': 2, 'mb': 2, 'tp_sp': True, 'train': {'dp': 4, 'ep': 1, 'tp_ep': True}, 'inference': {'replica_count': 1, 'moe_dp': 1}}
512	68.084247	nan	nan	0.014688	6.861550e+18	1.007803e+17	3.118694e+14	0.631150	True	438.351532	364.332906	{'tp': 4, 'cp': 32, 'pp': 1, 'mb': 1, 'tp_sp': True, 'train': {'dp': 4, 'ep': 1, 'tp_ep': True}, 'inference': {'replica_count': 1, 'moe_dp': 1}}
512	91.199235	nan	nan	0.010965	6.861550e+18	7.523693e+16	3.118694e+14	0.471182	True	440.790131	186.990268	{'tp': 2, 'cp': 32, 'pp': 2, 'mb': 2, 'tp_sp': True, 'train': {'dp': 4, 'ep': 1, 'tp_ep': True}, 'inference': {'replica_count': 1, 'moe_dp': 1}}
1024	68.086894	nan	nan	0.014687	6.861550e+18	1.007764e+17	3.118694e+14	0.315563	True	192.486771	73.302192	{'tp': 1, 'cp': 32, 'pp': 8, 'mb': 8, 'tp_sp': True, 'train': {'dp': 4, 'ep': 1, 'tp_ep': True}, 'inference': {'replica_count': 1, 'moe_dp': 1}}
2048	46.222409	nan	nan	0.021635	6.861550e+18	1.484464e+17	3.118694e+14	0.232416	True	61.625336	72.655284	{'tp': 1, 'cp': 32, 'pp': 16, 'mb': 16, 'tp_sp': True, 'train': {'dp': 4, 'ep': 1, 'tp_ep': True}, 'inference': {'replica_count': 1, 'moe_dp': 1}}
512	107.382273	nan	nan	0.009313	6.861550e+18	6.389835e+16	3.118694e+14	0.400172	True	454.209869	98.150610	{'tp': 1, 'cp': 32, 'pp': 4, 'mb': 4, 'tp_sp': True, 'train': {'dp': 4, 'ep': 1, 'tp_ep': True}, 'inference': {'replica_count': 1, 'moe_dp': 1}}
1024	62.379875	nan	nan	0.016031	6.861550e+18	1.099962e+17	3.118694e+14	0.344433	True	187.168015	153.669734	{'tp': 2, 'cp': 32, 'pp': 4, 'mb': 4, 'tp_sp': True, 'train': {'dp': 4, 'ep': 1, 'tp_ep': True}, 'inference': {'replica_count': 1, 'moe_dp': 1}}
4096	66.583758	nan	nan	0.015019	6.861550e+18	1.030514e+17	3.118694e+14	0.080672	False	0.000000	117.923783	{'tp': 1, 'cp': 32, 'pp': 32, 'mb': 32, 'tp_sp': True, 'train': {'dp': 4, 'ep': 1, 'tp_ep': True}, 'inference': {'replica_count': 1, 'moe_dp': 1}}
2048	43.766515	nan	nan	0.022849	6.861550e+18	1.567762e+17	3.118694e+14	0.245458	True	56.274925	202.816959	{'tp': 2, 'cp': 32, 'pp': 8, 'mb': 8, 'tp_sp': True, 'train': {'dp': 4, 'ep': 1, 'tp_ep': True}, 'inference': {'replica_count': 1, 'moe_dp': 1}}
256	108.557583	nan	nan	0.009212	6.861550e+18	6.320655e+16	3.118694e+14	0.791679	True	1708.067961	157.595088	{'tp': 1, 'cp': 32, 'pp': 1, 'mb': 1, 'tp_sp': True, 'train': {'dp': 8, 'ep': 1, 'tp_ep': True}, 'inference': {'replica_count': 1, 'moe_dp': 1}}
1024	56.817046	nan	nan	0.017600	6.861550e+18	1.207657e+17	3.118694e+14	0.378156	True	180.521225	324.076560	{'tp': 4, 'cp': 32, 'pp': 2, 'mb': 2, 'tp_sp': True, 'train': {'dp': 4, 'ep': 1, 'tp_ep': True}, 'inference': {'replica_count': 1, 'moe_dp': 1}}
512	57.213528	nan	nan	0.017478	6.861550e+18	1.199288e+17	3.118694e+14	0.751071	True	814.118744	168.860418	{'tp': 2, 'cp': 32, 'pp': 1, 'mb': 1, 'tp_sp': True, 'train': {'dp': 8, 'ep': 1, 'tp_ep': True}, 'inference': {'replica_count': 1, 'moe_dp': 1}}
512	84.834118	nan	nan	0.011788	6.861550e+18	8.088196e+16	3.118694e+14	0.506534	True	818.640533	93.645644	{'tp': 1, 'cp': 32, 'pp': 2, 'mb': 2, 'tp_sp': True, 'train': {'dp': 8, 'ep': 1, 'tp_ep': True}, 'inference': {'replica_count': 1, 'moe_dp': 1}}
1024	54.856774	nan	nan	0.018229	6.861550e+18	1.250812e+17	3.118694e+14	0.391669	True	381.018997	64.663174	{'tp': 1, 'cp': 32, 'pp': 4, 'mb': 4, 'tp_sp': True, 'train': {'dp': 8, 'ep': 1, 'tp_ep': True}, 'inference': {'replica_count': 1, 'moe_dp': 1}}
1024	46.000758	nan	nan	0.021739	6.861550e+18	1.491617e+17	3.118694e+14	0.467073	True	369.383347	120.409574	{'tp': 2, 'cp': 32, 'pp': 2, 'mb': 2, 'tp_sp': True, 'train': {'dp': 8, 'ep': 1, 'tp_ep': True}, 'inference': {'replica_count': 1, 'moe_dp': 1}}
1024	34.293278	nan	nan	0.029160	6.861550e+18	2.000844e+17	3.118694e+14	0.626528	True	367.185532	235.282756	{'tp': 4, 'cp': 32, 'pp': 1, 'mb': 1, 'tp_sp': True, 'train': {'dp': 8, 'ep': 1, 'tp_ep': True}, 'inference': {'replica_count': 1, 'moe_dp': 1}}
4096	33.498333	nan	nan	0.029852	6.861550e+18	2.048326e+17	3.118694e+14	0.160349	False	0.000000	363.456854	{'tp': 2, 'cp': 32, 'pp': 16, 'mb': 16, 'tp_sp': True, 'train': {'dp': 4, 'ep': 1, 'tp_ep': True}, 'inference': {'replica_count': 1, 'moe_dp': 1}}
2048	35.362656	nan	nan	0.028278	6.861550e+18	1.940338e+17	3.118694e+14	0.303791	True	155.157562	55.667161	{'tp': 1, 'cp': 32, 'pp': 8, 'mb': 8, 'tp_sp': True, 'train': {'dp': 8, 'ep': 1, 'tp_ep': True}, 'inference': {'replica_count': 1, 'moe_dp': 1}}
2048	31.805350	nan	nan	0.031441	6.861550e+18	2.157357e+17	3.118694e+14	0.337769	True	150.541039	118.604222	{'tp': 2, 'cp': 32, 'pp': 4, 'mb': 4, 'tp_sp': True, 'train': {'dp': 8, 'ep': 1, 'tp_ep': True}, 'inference': {'replica_count': 1, 'moe_dp': 1}}
2048	42.272237	nan	nan	0.023656	6.861550e+18	1.623181e+17	3.118694e+14	0.254135	True	53.647087	443.664411	{'tp': 4, 'cp': 32, 'pp': 4, 'mb': 4, 'tp_sp': True, 'train': {'dp': 4, 'ep': 1, 'tp_ep': True}, 'inference': {'replica_count': 1, 'moe_dp': 1}}
4096	46.232126	nan	nan	0.021630	6.861550e+18	1.484152e+17	3.118694e+14	0.116184	True	42.345062	72.341603	{'tp': 1, 'cp': 32, 'pp': 16, 'mb': 16, 'tp_sp': True, 'train': {'dp': 8, 'ep': 1, 'tp_ep': True}, 'inference': {'replica_count': 1, 'moe_dp': 1}}
512	54.764701	nan	nan	0.018260	6.861550e+18	1.252915e+17	3.118694e+14	0.784655	True	1566.073043	91.004857	{'tp': 1, 'cp': 32, 'pp': 1, 'mb': 1, 'tp_sp': True, 'train': {'dp': 16, 'ep': 1, 'tp_ep': True}, 'inference': {'replica_count': 1, 'moe_dp': 1}}
2048	28.643210	nan	nan	0.034912	6.861550e+18	2.395524e+17	3.118694e+14	0.375057	True	344.423676	47.105548	{'tp': 1, 'cp': 32, 'pp': 4, 'mb': 4, 'tp_sp': True, 'train': {'dp': 16, 'ep': 1, 'tp_ep': True}, 'inference': {'replica_count': 1, 'moe_dp': 1}}
1024	28.877030	nan	nan	0.034630	6.861550e+18	2.376127e+17	3.118694e+14	0.744041	True	743.078903	101.404382	{'tp': 2, 'cp': 32, 'pp': 1, 'mb': 1, 'tp_sp': True, 'train': {'dp': 16, 'ep': 1, 'tp_ep': True}, 'inference': {'replica_count': 1, 'moe_dp': 1}}
1024	43.412076	nan	nan	0.023035	6.861550e+18	1.580563e+17	3.118694e+14	0.494924	True	747.296829	58.807816	{'tp': 1, 'cp': 32, 'pp': 2, 'mb': 2, 'tp_sp': True, 'train': {'dp': 16, 'ep': 1, 'tp_ep': True}, 'inference': {'replica_count': 1, 'moe_dp': 1}}
2048	28.650045	nan	nan	0.034904	6.861550e+18	2.394953e+17	3.118694e+14	0.374968	True	144.754753	255.546499	{'tp': 4, 'cp': 32, 'pp': 2, 'mb': 2, 'tp_sp': True, 'train': {'dp': 8, 'ep': 1, 'tp_ep': True}, 'inference': {'replica_count': 1, 'moe_dp': 1}}
2048	23.522097	nan	nan	0.042513	6.861550e+18	2.917066e+17	3.118694e+14	0.456713	True	333.679955	83.178109	{'tp': 2, 'cp': 32, 'pp': 2, 'mb': 2, 'tp_sp': True, 'train': {'dp': 16, 'ep': 1, 'tp_ep': True}, 'inference': {'replica_count': 1, 'moe_dp': 1}}
4096	22.646691	nan	nan	0.044157	6.861550e+18	3.029825e+17	3.118694e+14	0.237184	True	37.594559	184.645843	{'tp': 2, 'cp': 32, 'pp': 8, 'mb': 8, 'tp_sp': True, 'train': {'dp': 8, 'ep': 1, 'tp_ep': True}, 'inference': {'replica_count': 1, 'moe_dp': 1}}
4096	35.363186	nan	nan	0.028278	6.861550e+18	1.940309e+17	3.118694e+14	0.151893	True	136.611176	55.432843	{'tp': 1, 'cp': 32, 'pp': 8, 'mb': 8, 'tp_sp': True, 'train': {'dp': 16, 'ep': 1, 'tp_ep': True}, 'inference': {'replica_count': 1, 'moe_dp': 1}}
1024	28.045060	nan	nan	0.035657	6.861550e+18	2.446616e+17	3.118694e+14	0.766113	True	1495.075584	58.815600	{'tp': 1, 'cp': 32, 'pp': 1, 'mb': 1, 'tp_sp': True, 'train': {'dp': 32, 'ep': 1, 'tp_ep': True}, 'inference': {'replica_count': 1, 'moe_dp': 1}}
2048	14.785758	nan	nan	0.067633	6.861550e+18	4.640648e+17	3.118694e+14	0.726567	True	707.558983	68.711457	{'tp': 2, 'cp': 32, 'pp': 1, 'mb': 1, 'tp_sp': True, 'train': {'dp': 32, 'ep': 1, 'tp_ep': True}, 'inference': {'replica_count': 1, 'moe_dp': 1}}
2048	17.310312	nan	nan	0.057769	6.861550e+18	3.963851e+17	3.118694e+14	0.620604	True	331.602531	169.981266	{'tp': 4, 'cp': 32, 'pp': 1, 'mb': 1, 'tp_sp': True, 'train': {'dp': 16, 'ep': 1, 'tp_ep': True}, 'inference': {'replica_count': 1, 'moe_dp': 1}}
2048	22.737633	nan	nan	0.043980	6.861550e+18	3.017706e+17	3.118694e+14	0.472470	True	711.625092	42.860960	{'tp': 1, 'cp': 32, 'pp': 2, 'mb': 2, 'tp_sp': True, 'train': {'dp': 32, 'ep': 1, 'tp_ep': True}, 'inference': {'replica_count': 1, 'moe_dp': 1}}
4096	16.593914	nan	nan	0.060263	6.861550e+18	4.134980e+17	3.118694e+14	0.323698	True	132.227615	105.741593	{'tp': 2, 'cp': 32, 'pp': 4, 'mb': 4, 'tp_sp': True, 'train': {'dp': 16, 'ep': 1, 'tp_ep': True}, 'inference': {'replica_count': 1, 'moe_dp': 1}}
4096	28.643210	nan	nan	0.034912	6.861550e+18	2.395524e+17	3.118694e+14	0.187529	True	326.244232	47.391126	{'tp': 1, 'cp': 32, 'pp': 4, 'mb': 4, 'tp_sp': True, 'train': {'dp': 32, 'ep': 1, 'tp_ep': True}, 'inference': {'replica_count': 1, 'moe_dp': 1}}
2048	14.710297	nan	nan	0.067980	6.861550e+18	4.664454e+17	3.118694e+14	0.730294	True	1459.576974	43.410820	{'tp': 1, 'cp': 32, 'pp': 1, 'mb': 1, 'tp_sp': True, 'train': {'dp': 64, 'ep': 1, 'tp_ep': True}, 'inference': {'replica_count': 1, 'moe_dp': 1}}
4096	12.341624	nan	nan	0.081027	6.861550e+18	5.559682e+17	3.118694e+14	0.435228	True	315.828323	66.122162	{'tp': 2, 'cp': 32, 'pp': 2, 'mb': 2, 'tp_sp': True, 'train': {'dp': 32, 'ep': 1, 'tp_ep': True}, 'inference': {'replica_count': 1, 'moe_dp': 1}}
4096	22.735123	nan	nan	0.043985	6.861550e+18	3.018040e+17	3.118694e+14	0.236261	True	693.907440	44.954242	{'tp': 1, 'cp': 32, 'pp': 2, 'mb': 2, 'tp_sp': True, 'train': {'dp': 64, 'ep': 1, 'tp_ep': True}, 'inference': {'replica_count': 1, 'moe_dp': 1}}
4096	14.710606	nan	nan	0.067978	6.861550e+18	4.664356e+17	3.118694e+14	0.365140	True	1441.951058	44.195863	{'tp': 1, 'cp': 32, 'pp': 1, 'mb': 1, 'tp_sp': True, 'train': {'dp': 128, 'ep': 1, 'tp_ep': True}, 'inference': {'replica_count': 1, 'moe_dp': 1}}
4096	7.780169	nan	nan	0.128532	6.861550e+18	8.819282e+17	3.118694e+14	0.690399	True	689.799088	51.522664	{'tp': 2, 'cp': 32, 'pp': 1, 'mb': 1, 'tp_sp': True, 'train': {'dp': 64, 'ep': 1, 'tp_ep': True}, 'inference': {'replica_count': 1, 'moe_dp': 1}}
4096	8.843878	nan	nan	0.113073	6.861550e+18	7.758531e+17	3.118694e+14	0.607361	True	313.811031	133.419626	{'tp': 4, 'cp': 32, 'pp': 1, 'mb': 1, 'tp_sp': True, 'train': {'dp': 32, 'ep': 1, 'tp_ep': True}, 'inference': {'replica_count': 1, 'moe_dp': 1}}
4096	14.608765	nan	nan	0.068452	6.861550e+18	4.696872e+17	3.118694e+14	0.367685	True	126.871517	224.350728	{'tp': 4, 'cp': 32, 'pp': 2, 'mb': 2, 'tp_sp': True, 'train': {'dp': 16, 'ep': 1, 'tp_ep': True}, 'inference': {'replica_count': 1, 'moe_dp': 1}}
4096	21.475049	nan	nan	0.046566	6.861550e+18	3.195127e+17	3.118694e+14	0.250124	True	35.302059	406.562721	{'tp': 4, 'cp': 32, 'pp': 4, 'mb': 4, 'tp_sp': True, 'train': {'dp': 8, 'ep': 1, 'tp_ep': True}, 'inference': {'replica_count': 1, 'moe_dp': 1}}
512	181.823837	nan	nan	0.005500	6.861550e+18	3.773735e+16	3.118694e+14	0.236335	True	415.516510	205.784300	{'tp': 1, 'cp': 64, 'pp': 8, 'mb': 8, 'tp_sp': True, 'train': {'dp': 1, 'ep': 1, 'tp_ep': True}, 'inference': {'replica_count': 1, 'moe_dp': 1}}
1024	135.256897	nan	nan	0.007393	6.861550e+18	5.072976e+16	3.118694e+14	0.158851	True	177.543411	191.692526	{'tp': 1, 'cp': 64, 'pp': 16, 'mb': 16, 'tp_sp': True, 'train': {'dp': 1, 'ep': 1, 'tp_ep': True}, 'inference': {'replica_count': 1, 'moe_dp': 1}}
256	265.846439	nan	nan	0.003762	6.861550e+18	2.581020e+16	3.118694e+14	0.323280	True	891.462708	303.821035	{'tp': 1, 'cp': 64, 'pp': 4, 'mb': 4, 'tp_sp': True, 'train': {'dp': 1, 'ep': 1, 'tp_ep': True}, 'inference': {'replica_count': 1, 'moe_dp': 1}}
1024	92.149902	nan	nan	0.010852	6.861550e+18	7.446074e+16	3.118694e+14	0.233160	True	266.672318	139.487351	{'tp': 1, 'cp': 64, 'pp': 8, 'mb': 8, 'tp_sp': True, 'train': {'dp': 2, 'ep': 1, 'tp_ep': True}, 'inference': {'replica_count': 1, 'moe_dp': 1}}
2048	68.963755	nan	nan	0.014500	6.861550e+18	9.949502e+16	3.118694e+14	0.155775	True	100.185883	158.796057	{'tp': 1, 'cp': 64, 'pp': 16, 'mb': 16, 'tp_sp': True, 'train': {'dp': 2, 'ep': 1, 'tp_ep': True}, 'inference': {'replica_count': 1, 'moe_dp': 1}}
4096	56.589411	nan	nan	0.017671	6.861550e+18	1.212515e+17	3.118694e+14	0.094919	True	16.942551	272.854930	{'tp': 1, 'cp': 64, 'pp': 32, 'mb': 32, 'tp_sp': True, 'train': {'dp': 2, 'ep': 1, 'tp_ep': True}, 'inference': {'replica_count': 1, 'moe_dp': 1}}
256	124.901494	nan	nan	0.008006	6.861550e+18	5.493569e+16	3.118694e+14	0.688085	True	1990.082609	295.467470	{'tp': 1, 'cp': 64, 'pp': 1, 'mb': 1, 'tp_sp': True, 'train': {'dp': 4, 'ep': 1, 'tp_ep': True}, 'inference': {'replica_count': 1, 'moe_dp': 1}}
512	99.782415	nan	nan	0.010022	6.861550e+18	6.876512e+16	3.118694e+14	0.430651	True	960.381744	163.118058	{'tp': 1, 'cp': 64, 'pp': 2, 'mb': 2, 'tp_sp': True, 'train': {'dp': 4, 'ep': 1, 'tp_ep': True}, 'inference': {'replica_count': 1, 'moe_dp': 1}}
512	67.800369	nan	nan	0.014749	6.861550e+18	1.012023e+17	3.118694e+14	0.633793	True	955.126068	368.857467	{'tp': 2, 'cp': 64, 'pp': 1, 'mb': 1, 'tp_sp': True, 'train': {'dp': 4, 'ep': 1, 'tp_ep': True}, 'inference': {'replica_count': 1, 'moe_dp': 1}}
1024	68.038322	nan	nan	0.014698	6.861550e+18	1.008483e+17	3.118694e+14	0.315788	True	453.736771	111.962520	{'tp': 1, 'cp': 64, 'pp': 4, 'mb': 4, 'tp_sp': True, 'train': {'dp': 4, 'ep': 1, 'tp_ep': True}, 'inference': {'replica_count': 1, 'moe_dp': 1}}
1024	56.629242	nan	nan	0.017659	6.861550e+18	1.211662e+17	3.118694e+14	0.379410	True	440.253952	326.332137	{'tp': 2, 'cp': 64, 'pp': 2, 'mb': 2, 'tp_sp': True, 'train': {'dp': 4, 'ep': 1, 'tp_ep': True}, 'inference': {'replica_count': 1, 'moe_dp': 1}}
2048	47.379897	nan	nan	0.021106	6.861550e+18	1.448199e+17	3.118694e+14	0.226739	True	192.250336	101.193355	{'tp': 1, 'cp': 64, 'pp': 8, 'mb': 8, 'tp_sp': True, 'train': {'dp': 4, 'ep': 1, 'tp_ep': True}, 'inference': {'replica_count': 1, 'moe_dp': 1}}
1024	50.882909	nan	nan	0.019653	6.861550e+18	1.348498e+17	3.118694e+14	0.422258	True	818.167435	100.414907	{'tp': 1, 'cp': 64, 'pp': 2, 'mb': 2, 'tp_sp': True, 'train': {'dp': 8, 'ep': 1, 'tp_ep': True}, 'inference': {'replica_count': 1, 'moe_dp': 1}}
4096	35.690285	nan	nan	0.028019	6.861550e+18	1.922526e+17	3.118694e+14	0.150501	True	61.507004	137.953603	{'tp': 1, 'cp': 64, 'pp': 16, 'mb': 16, 'tp_sp': True, 'train': {'dp': 4, 'ep': 1, 'tp_ep': True}, 'inference': {'replica_count': 1, 'moe_dp': 1}}
512	62.934680	nan	nan	0.015889	6.861550e+18	1.090265e+17	3.118694e+14	0.682794	True	1707.080367	157.719295	{'tp': 1, 'cp': 64, 'pp': 1, 'mb': 1, 'tp_sp': True, 'train': {'dp': 8, 'ep': 1, 'tp_ep': True}, 'inference': {'replica_count': 1, 'moe_dp': 1}}
2048	35.229365	nan	nan	0.028385	6.861550e+18	1.947679e+17	3.118694e+14	0.304940	True	380.782562	78.392095	{'tp': 1, 'cp': 64, 'pp': 4, 'mb': 4, 'tp_sp': True, 'train': {'dp': 8, 'ep': 1, 'tp_ep': True}, 'inference': {'replica_count': 1, 'moe_dp': 1}}
1024	34.167591	nan	nan	0.029268	6.861550e+18	2.008204e+17	3.118694e+14	0.628833	True	813.582565	236.407288	{'tp': 2, 'cp': 64, 'pp': 1, 'mb': 1, 'tp_sp': True, 'train': {'dp': 8, 'ep': 1, 'tp_ep': True}, 'inference': {'replica_count': 1, 'moe_dp': 1}}
4096	24.834876	nan	nan	0.040266	6.861550e+18	2.762869e+17	3.118694e+14	0.216286	True	155.039230	87.147051	{'tp': 1, 'cp': 64, 'pp': 8, 'mb': 8, 'tp_sp': True, 'train': {'dp': 8, 'ep': 1, 'tp_ep': True}, 'inference': {'replica_count': 1, 'moe_dp': 1}}
2048	28.833791	nan	nan	0.034682	6.861550e+18	2.379691e+17	3.118694e+14	0.372578	True	369.115257	264.180492	{'tp': 2, 'cp': 64, 'pp': 2, 'mb': 2, 'tp_sp': True, 'train': {'dp': 8, 'ep': 1, 'tp_ep': True}, 'inference': {'replica_count': 1, 'moe_dp': 1}}
1024	32.131287	nan	nan	0.031122	6.861550e+18	2.135473e+17	3.118694e+14	0.668685	True	1565.579246	93.708159	{'tp': 1, 'cp': 64, 'pp': 1, 'mb': 1, 'tp_sp': True, 'train': {'dp': 16, 'ep': 1, 'tp_ep': True}, 'inference': {'replica_count': 1, 'moe_dp': 1}}
2048	26.474933	nan	nan	0.037772	6.861550e+18	2.591716e+17	3.118694e+14	0.405774	True	747.060394	66.441694	{'tp': 1, 'cp': 64, 'pp': 2, 'mb': 2, 'tp_sp': True, 'train': {'dp': 16, 'ep': 1, 'tp_ep': True}, 'inference': {'replica_count': 1, 'moe_dp': 1}}
4096	18.664274	nan	nan	0.053578	6.861550e+18	3.676302e+17	3.118694e+14	0.287792	True	344.305344	59.921884	{'tp': 1, 'cp': 64, 'pp': 4, 'mb': 4, 'tp_sp': True, 'train': {'dp': 16, 'ep': 1, 'tp_ep': True}, 'inference': {'replica_count': 1, 'moe_dp': 1}}
2048	16.753994	nan	nan	0.059687	6.861550e+18	4.095471e+17	3.118694e+14	0.641211	True	1494.828805	61.237803	{'tp': 1, 'cp': 64, 'pp': 1, 'mb': 1, 'tp_sp': True, 'train': {'dp': 32, 'ep': 1, 'tp_ep': True}, 'inference': {'replica_count': 1, 'moe_dp': 1}}
2048	17.432748	nan	nan	0.057363	6.861550e+18	3.936012e+17	3.118694e+14	0.616245	True	742.810814	167.998894	{'tp': 2, 'cp': 64, 'pp': 1, 'mb': 1, 'tp_sp': True, 'train': {'dp': 16, 'ep': 1, 'tp_ep': True}, 'inference': {'replica_count': 1, 'moe_dp': 1}}
4096	8.969698	nan	nan	0.111486	6.861550e+18	7.649700e+17	3.118694e+14	0.598841	True	1459.453465	44.872846	{'tp': 1, 'cp': 64, 'pp': 1, 'mb': 1, 'tp_sp': True, 'train': {'dp': 64, 'ep': 1, 'tp_ep': True}, 'inference': {'replica_count': 1, 'moe_dp': 1}}
4096	14.126463	nan	nan	0.070789	6.861550e+18	4.857231e+17	3.118694e+14	0.380238	True	711.506760	48.786559	{'tp': 1, 'cp': 64, 'pp': 2, 'mb': 2, 'tp_sp': True, 'train': {'dp': 32, 'ep': 1, 'tp_ep': True}, 'inference': {'replica_count': 1, 'moe_dp': 1}}
4096	9.103622	nan	nan	0.109846	6.861550e+18	7.537165e+17	3.118694e+14	0.590032	True	707.425003	137.628030	{'tp': 2, 'cp': 64, 'pp': 1, 'mb': 1, 'tp_sp': True, 'train': {'dp': 32, 'ep': 1, 'tp_ep': True}, 'inference': {'replica_count': 1, 'moe_dp': 1}}
4096	14.998621	nan	nan	0.066673	6.861550e+18	4.574787e+17	3.118694e+14	0.358128	True	333.545975	228.438815	{'tp': 2, 'cp': 64, 'pp': 2, 'mb': 2, 'tp_sp': True, 'train': {'dp': 16, 'ep': 1, 'tp_ep': True}, 'inference': {'replica_count': 1, 'moe_dp': 1}}
4096	21.928026	nan	nan	0.045604	6.861550e+18	3.129123e+17	3.118694e+14	0.244957	True	150.407059	414.492914	{'tp': 2, 'cp': 64, 'pp': 4, 'mb': 4, 'tp_sp': True, 'train': {'dp': 8, 'ep': 1, 'tp_ep': True}, 'inference': {'replica_count': 1, 'moe_dp': 1}}
256	213.059496	nan	nan	0.004694	6.861550e+18	3.220485e+16	3.118694e+14	0.403375	True	600.591614	164.863033	{'tp': 1, 'cp': 32, 'pp': 4, 'mb': 4, 'tp_sp': True, 'train': {'dp': 2, 'ep': 1, 'tp_ep': True}, 'inference': {'replica_count': 1, 'moe_dp': 1}}
512	133.752704	nan	nan	0.007476	6.861550e+18	5.130027e+16	3.118694e+14	0.321275	True	599.645416	175.754895	{'tp': 1, 'cp': 64, 'pp': 4, 'mb': 4, 'tp_sp': True, 'train': {'dp': 2, 'ep': 1, 'tp_ep': True}, 'inference': {'replica_count': 1, 'moe_dp': 1}}
128	584.147425	nan	nan	0.001712	6.861550e+18	1.174626e+16	3.118694e+14	0.294250	False	0.000000	404.776482	{'tp': 32, 'cp': 1, 'pp': 4, 'mb': 4, 'tp_sp': True, 'train': {'dp': 1, 'ep': 1, 'tp_ep': True}, 'inference': {'replica_count': 1, 'moe_dp': 1}}
